dataset,source_label,wav,frames_before_pad
Mono_Continuous,808,C:\TCC\Reproduzir_artigo\data\GUITAR-FX\Mono_Continuous\Audio\808\G61-42102-808-O7.4T0.8-20595.wav,998
Mono_Continuous,808,C:\TCC\Reproduzir_artigo\data\GUITAR-FX\Mono_Continuous\Audio\808\G61-43103-808-O8.9T3.9-20596.wav,998
Mono_Continuous,808,C:\TCC\Reproduzir_artigo\data\GUITAR-FX\Mono_Continuous\Audio\808\G61-45105-808-O9.5T1.9-20598.wav,998
Mono_Continuous,808,C:\TCC\Reproduzir_artigo\data\GUITAR-FX\Mono_Continuous\Audio\808\G61-47107-808-O5.6T8.9-20600.wav,998
Mono_Continuous,808,C:\TCC\Reproduzir_artigo\data\GUITAR-FX\Mono_Continuous\Audio\808\G61-47202-808-O8.9T2.4-20608.wav,998
Mono_Continuous,808,C:\TCC\Reproduzir_artigo\data\GUITAR-FX\Mono_Continuous\Audio\808\G61-47202-808-O9.7T4.5-20608.wav,998
Mono_Continuous,808,C:\TCC\Reproduzir_artigo\data\GUITAR-FX\Mono_Continuous\Audio\808\G61-49109-808-O8.1T7.7-20602.wav,998
Mono_Continuous,808,C:\TCC\Reproduzir_artigo\data\GUITAR-FX\Mono_Continuous\Audio\808\G61-50205-808-O9T3-20611.wav,998
Mono_Continuous,808,C:\TCC\Reproduzir_artigo\data\GUITAR-FX\Mono_Continuous\Audio\808\G61-50300-808-O4T6.2-20619.wav,998
Mono_Continuous,808,C:\TCC\Reproduzir_artigo\data\GUITAR-FX\Mono_Continuous\Audio\808\G61-51301-808-O4.2T3.8-20620.wav,998
Mono_Continuous,808,C:\TCC\Reproduzir_artigo\data\GUITAR-FX\Mono_Continuous\Audio\808\G61-53208-808-O4.2T5.2-20614.wav,998
Mono_Continuous,808,C:\TCC\Reproduzir_artigo\data\GUITAR-FX\Mono_Continuous\Audio\808\G61-53208-808-O6.5T0.9-20614.wav,998
Mono_Continuous,808,C:\TCC\Reproduzir_artigo\data\GUITAR-FX\Mono_Continuous\Audio\808\G61-55305-808-O3.3T9.5-20624.wav,998
Mono_Continuous,808,C:\TCC\Reproduzir_artigo\data\GUITAR-FX\Mono_Continuous\Audio\808\G61-55305-808-O3T5.1-20624.wav,998
Mono_Continuous,808,C:\TCC\Reproduzir_artigo\data\GUITAR-FX\Mono_Continuous\Audio\808\G61-55400-808-O2.5T1.2-20632.wav,998
Mono_Continuous,808,C:\TCC\Reproduzir_artigo\data\GUITAR-FX\Mono_Continuous\Audio\808\G61-56211-808-O7.3T5.5-20617.wav,998
Mono_Continuous,808,C:\TCC\Reproduzir_artigo\data\GUITAR-FX\Mono_Continuous\Audio\808\G61-57307-808-O8.3T2.9-20626.wav,998
Mono_Continuous,808,C:\TCC\Reproduzir_artigo\data\GUITAR-FX\Mono_Continuous\Audio\808\G61-59500-808-O9.5T2.3-20645.wav,998
Mono_Continuous,808,C:\TCC\Reproduzir_artigo\data\GUITAR-FX\Mono_Continuous\Audio\808\G61-60310-808-O5T2.5-20629.wav,998
Mono_Continuous,808,C:\TCC\Reproduzir_artigo\data\GUITAR-FX\Mono_Continuous\Audio\808\G61-61311-808-O8T5.3-20630.wav,998
Mono_Continuous,808,C:\TCC\Reproduzir_artigo\data\GUITAR-FX\Mono_Continuous\Audio\808\G61-61406-808-O9T4.9-20638.wav,998
Mono_Continuous,808,C:\TCC\Reproduzir_artigo\data\GUITAR-FX\Mono_Continuous\Audio\808\G61-62312-808-O7.1T0.9-20631.wav,998
Mono_Continuous,808,C:\TCC\Reproduzir_artigo\data\GUITAR-FX\Mono_Continuous\Audio\808\G61-62407-808-O5.4T3.9-20639.wav,998
Mono_Continuous,808,C:\TCC\Reproduzir_artigo\data\GUITAR-FX\Mono_Continuous\Audio\808\G61-62407-808-O6.6T7.3-20639.wav,998
Mono_Continuous,808,C:\TCC\Reproduzir_artigo\data\GUITAR-FX\Mono_Continuous\Audio\808\G61-63408-808-O2T2.6-20640.wav,998
Mono_Continuous,808,C:\TCC\Reproduzir_artigo\data\GUITAR-FX\Mono_Continuous\Audio\808\G61-63408-808-O6.3T3.3-20640.wav,998
Mono_Continuous,808,C:\TCC\Reproduzir_artigo\data\GUITAR-FX\Mono_Continuous\Audio\808\G61-64505-808-O2.1T1.4-20650.wav,998
Mono_Continuous,808,C:\TCC\Reproduzir_artigo\data\GUITAR-FX\Mono_Continuous\Audio\808\G61-64600-808-O4.1T2.1-20658.wav,998
Mono_Continuous,808,C:\TCC\Reproduzir_artigo\data\GUITAR-FX\Mono_Continuous\Audio\808\G61-65410-808-O2.7T4.3-20642.wav,998
Mono_Continuous,808,C:\TCC\Reproduzir_artigo\data\GUITAR-FX\Mono_Continuous\Audio\808\G61-67603-808-O2.2T4.3-20661.wav,998
Mono_Continuous,808,C:\TCC\Reproduzir_artigo\data\GUITAR-FX\Mono_Continuous\Audio\808\G61-70511-808-O7.4T7-20656.wav,998
Mono_Continuous,808,C:\TCC\Reproduzir_artigo\data\GUITAR-FX\Mono_Continuous\Audio\808\G61-71607-808-O4.1T9.5-20665.wav,998
Mono_Continuous,808,C:\TCC\Reproduzir_artigo\data\GUITAR-FX\Mono_Continuous\Audio\808\G61-73609-808-O4.7T6.1-20667.wav,998
Mono_Continuous,808,C:\TCC\Reproduzir_artigo\data\GUITAR-FX\Mono_Continuous\Audio\808\G63-42102-808-O2.1T9.9-20673.wav,998
Mono_Continuous,808,C:\TCC\Reproduzir_artigo\data\GUITAR-FX\Mono_Continuous\Audio\808\G63-42102-808-O5.4T3.8-20673.wav,998
Mono_Continuous,808,C:\TCC\Reproduzir_artigo\data\GUITAR-FX\Mono_Continuous\Audio\808\G63-46106-808-O4.8T9.1-20677.wav,998
Mono_Continuous,808,C:\TCC\Reproduzir_artigo\data\GUITAR-FX\Mono_Continuous\Audio\808\G63-46201-808-O2.2T7.7-20685.wav,998
Mono_Continuous,808,C:\TCC\Reproduzir_artigo\data\GUITAR-FX\Mono_Continuous\Audio\808\G63-48203-808-O6.4T4-20687.wav,998
Mono_Continuous,808,C:\TCC\Reproduzir_artigo\data\GUITAR-FX\Mono_Continuous\Audio\808\G63-48203-808-O7.6T7.7-20687.wav,998
Mono_Continuous,808,C:\TCC\Reproduzir_artigo\data\GUITAR-FX\Mono_Continuous\Audio\808\G63-49109-808-O7.1T6.4-20680.wav,998
Mono_Continuous,808,C:\TCC\Reproduzir_artigo\data\GUITAR-FX\Mono_Continuous\Audio\808\G63-54209-808-O6.5T6.5-20693.wav,998
Mono_Continuous,808,C:\TCC\Reproduzir_artigo\data\GUITAR-FX\Mono_Continuous\Audio\808\G63-54304-808-O2.4T1.8-20701.wav,998
Mono_Continuous,808,C:\TCC\Reproduzir_artigo\data\GUITAR-FX\Mono_Continuous\Audio\808\G63-57212-808-O8.3T0.6-20696.wav,998
Mono_Continuous,808,C:\TCC\Reproduzir_artigo\data\GUITAR-FX\Mono_Continuous\Audio\808\G63-57212-808-O9T8.5-20696.wav,998
Mono_Continuous,808,C:\TCC\Reproduzir_artigo\data\GUITAR-FX\Mono_Continuous\Audio\808\G63-59500-808-O6.7T1.1-20723.wav,998
Mono_Continuous,808,C:\TCC\Reproduzir_artigo\data\GUITAR-FX\Mono_Continuous\Audio\808\G63-60405-808-O4.4T7.9-20715.wav,998
Mono_Continuous,808,C:\TCC\Reproduzir_artigo\data\GUITAR-FX\Mono_Continuous\Audio\808\G63-60405-808-O7.9T8.2-20715.wav,998
Mono_Continuous,808,C:\TCC\Reproduzir_artigo\data\GUITAR-FX\Mono_Continuous\Audio\808\G63-66602-808-O8.6T8.2-20738.wav,998
Mono_Continuous,808,C:\TCC\Reproduzir_artigo\data\GUITAR-FX\Mono_Continuous\Audio\808\G63-67508-808-O2T6.1-20731.wav,998
Mono_Continuous,808,C:\TCC\Reproduzir_artigo\data\GUITAR-FX\Mono_Continuous\Audio\808\G63-67508-808-O8.6T8.7-20731.wav,998
Mono_Continuous,808,C:\TCC\Reproduzir_artigo\data\GUITAR-FX\Mono_Continuous\Audio\808\G63-67603-808-O5.8T3.5-20739.wav,998
Mono_Continuous,808,C:\TCC\Reproduzir_artigo\data\GUITAR-FX\Mono_Continuous\Audio\808\G63-67603-808-O6.4T9-20739.wav,998
Mono_Continuous,808,C:\TCC\Reproduzir_artigo\data\GUITAR-FX\Mono_Continuous\Audio\808\G63-68604-808-O5T6.4-20740.wav,998
Mono_Continuous,808,C:\TCC\Reproduzir_artigo\data\GUITAR-FX\Mono_Continuous\Audio\808\G63-70511-808-O3T6.4-20734.wav,998
Mono_Continuous,808,C:\TCC\Reproduzir_artigo\data\GUITAR-FX\Mono_Continuous\Audio\808\G71-41101-808-O7.8T6.3-20750.wav,998
Mono_Continuous,808,C:\TCC\Reproduzir_artigo\data\GUITAR-FX\Mono_Continuous\Audio\808\G71-43103-808-O5.4T6.1-20752.wav,998
Mono_Continuous,808,C:\TCC\Reproduzir_artigo\data\GUITAR-FX\Mono_Continuous\Audio\808\G71-47107-808-O3.7T4.5-20756.wav,998
Mono_Continuous,808,C:\TCC\Reproduzir_artigo\data\GUITAR-FX\Mono_Continuous\Audio\808\G71-47107-808-O6.4T5.9-20756.wav,998
Mono_Continuous,808,C:\TCC\Reproduzir_artigo\data\GUITAR-FX\Mono_Continuous\Audio\808\G71-48108-808-O7.5T9.3-20757.wav,998
Mono_Continuous,808,C:\TCC\Reproduzir_artigo\data\GUITAR-FX\Mono_Continuous\Audio\808\G71-48203-808-O8T6.7-20765.wav,998
Mono_Continuous,808,C:\TCC\Reproduzir_artigo\data\GUITAR-FX\Mono_Continuous\Audio\808\G71-49204-808-O5.6T0.4-20766.wav,998
Mono_Continuous,808,C:\TCC\Reproduzir_artigo\data\GUITAR-FX\Mono_Continuous\Audio\808\G71-50205-808-O2.6T6.8-20767.wav,998
Mono_Continuous,808,C:\TCC\Reproduzir_artigo\data\GUITAR-FX\Mono_Continuous\Audio\808\G71-52112-808-O7.5T3.8-20761.wav,998
Mono_Continuous,808,C:\TCC\Reproduzir_artigo\data\GUITAR-FX\Mono_Continuous\Audio\808\G71-55400-808-O4.2T1.6-20788.wav,998
Mono_Continuous,808,C:\TCC\Reproduzir_artigo\data\GUITAR-FX\Mono_Continuous\Audio\808\G71-56211-808-O4.5T6.3-20773.wav,998
Mono_Continuous,808,C:\TCC\Reproduzir_artigo\data\GUITAR-FX\Mono_Continuous\Audio\808\G71-57212-808-O2T2.6-20774.wav,998
Mono_Continuous,808,C:\TCC\Reproduzir_artigo\data\GUITAR-FX\Mono_Continuous\Audio\808\G71-57402-808-O5.3T4.5-20790.wav,998
Mono_Continuous,808,C:\TCC\Reproduzir_artigo\data\GUITAR-FX\Mono_Continuous\Audio\808\G71-59309-808-O5.1T4.1-20784.wav,998
Mono_Continuous,808,C:\TCC\Reproduzir_artigo\data\GUITAR-FX\Mono_Continuous\Audio\808\G71-59404-808-O4.8T8.4-20792.wav,998
Mono_Continuous,808,C:\TCC\Reproduzir_artigo\data\GUITAR-FX\Mono_Continuous\Audio\808\G71-60405-808-O3.1T0.8-20793.wav,998
Mono_Continuous,808,C:\TCC\Reproduzir_artigo\data\GUITAR-FX\Mono_Continuous\Audio\808\G71-61406-808-O7.3T8.7-20794.wav,998
Mono_Continuous,808,C:\TCC\Reproduzir_artigo\data\GUITAR-FX\Mono_Continuous\Audio\808\G71-61502-808-O9.7T6.1-20803.wav,998
Mono_Continuous,808,C:\TCC\Reproduzir_artigo\data\GUITAR-FX\Mono_Continuous\Audio\808\G71-63504-808-O2.7T2.3-20805.wav,998
Mono_Continuous,808,C:\TCC\Reproduzir_artigo\data\GUITAR-FX\Mono_Continuous\Audio\808\G71-63504-808-O6T4.4-20805.wav,998
Mono_Continuous,808,C:\TCC\Reproduzir_artigo\data\GUITAR-FX\Mono_Continuous\Audio\808\G71-66411-808-O2.3T7.6-20799.wav,998
Mono_Continuous,808,C:\TCC\Reproduzir_artigo\data\GUITAR-FX\Mono_Continuous\Audio\808\G71-66507-808-O4.4T8.9-20808.wav,998
Mono_Continuous,808,C:\TCC\Reproduzir_artigo\data\GUITAR-FX\Mono_Continuous\Audio\808\G71-67603-808-O3.3T5.5-20817.wav,998
Mono_Continuous,808,C:\TCC\Reproduzir_artigo\data\GUITAR-FX\Mono_Continuous\Audio\808\G71-69605-808-O6.6T9.5-20819.wav,998
Mono_Continuous,808,C:\TCC\Reproduzir_artigo\data\GUITAR-FX\Mono_Continuous\Audio\808\G71-70511-808-O8.2T4.5-20812.wav,998
Mono_Continuous,808,C:\TCC\Reproduzir_artigo\data\GUITAR-FX\Mono_Continuous\Audio\808\G71-71607-808-O6.1T8.7-20821.wav,998
Mono_Continuous,808,C:\TCC\Reproduzir_artigo\data\GUITAR-FX\Mono_Continuous\Audio\808\G71-73609-808-O8.7T8.4-20823.wav,998
Mono_Continuous,808,C:\TCC\Reproduzir_artigo\data\GUITAR-FX\Mono_Continuous\Audio\808\G71-75611-808-O7.9T0.8-20825.wav,998
Mono_Continuous,808,C:\TCC\Reproduzir_artigo\data\GUITAR-FX\Mono_Continuous\Audio\808\G71-76612-808-O2.6T3.7-20826.wav,998
Mono_Continuous,808,C:\TCC\Reproduzir_artigo\data\GUITAR-FX\Mono_Continuous\Audio\808\G73-41101-808-O7.5T6.6-20828.wav,998
Mono_Continuous,808,C:\TCC\Reproduzir_artigo\data\GUITAR-FX\Mono_Continuous\Audio\808\G73-44104-808-O9.2T6.8-20831.wav,998
Mono_Continuous,808,C:\TCC\Reproduzir_artigo\data\GUITAR-FX\Mono_Continuous\Audio\808\G73-45105-808-O3.2T5.9-20832.wav,998
Mono_Continuous,808,C:\TCC\Reproduzir_artigo\data\GUITAR-FX\Mono_Continuous\Audio\808\G73-46201-808-O2.4T4.5-20841.wav,998
Mono_Continuous,808,C:\TCC\Reproduzir_artigo\data\GUITAR-FX\Mono_Continuous\Audio\808\G73-46201-808-O2.8T7.1-20841.wav,998
Mono_Continuous,808,C:\TCC\Reproduzir_artigo\data\GUITAR-FX\Mono_Continuous\Audio\808\G73-49109-808-O3.3T9-20836.wav,998
Mono_Continuous,808,C:\TCC\Reproduzir_artigo\data\GUITAR-FX\Mono_Continuous\Audio\808\G73-49204-808-O9.7T1.3-20844.wav,998
Mono_Continuous,808,C:\TCC\Reproduzir_artigo\data\GUITAR-FX\Mono_Continuous\Audio\808\G73-51111-808-O4.6T4.7-20838.wav,998
Mono_Continuous,808,C:\TCC\Reproduzir_artigo\data\GUITAR-FX\Mono_Continuous\Audio\808\G73-51206-808-O3.9T4.1-20846.wav,998
Mono_Continuous,808,C:\TCC\Reproduzir_artigo\data\GUITAR-FX\Mono_Continuous\Audio\808\G73-52302-808-O5.2T2.3-20855.wav,998
Mono_Continuous,808,C:\TCC\Reproduzir_artigo\data\GUITAR-FX\Mono_Continuous\Audio\808\G73-53208-808-O7.4T6.6-20848.wav,998
Mono_Continuous,808,C:\TCC\Reproduzir_artigo\data\GUITAR-FX\Mono_Continuous\Audio\808\G73-53303-808-O7.6T2.3-20856.wav,998
Mono_Continuous,808,C:\TCC\Reproduzir_artigo\data\GUITAR-FX\Mono_Continuous\Audio\808\G73-54209-808-O3.5T2.4-20849.wav,998
Mono_Continuous,808,C:\TCC\Reproduzir_artigo\data\GUITAR-FX\Mono_Continuous\Audio\808\G73-55210-808-O9.6T5.3-20850.wav,998
Mono_Continuous,808,C:\TCC\Reproduzir_artigo\data\GUITAR-FX\Mono_Continuous\Audio\808\G73-56211-808-O8.6T3.4-20851.wav,998
Mono_Continuous,808,C:\TCC\Reproduzir_artigo\data\GUITAR-FX\Mono_Continuous\Audio\808\G73-57307-808-O2.3T8-20860.wav,998
Mono_Continuous,808,C:\TCC\Reproduzir_artigo\data\GUITAR-FX\Mono_Continuous\Audio\808\G73-58308-808-O8.4T0.5-20861.wav,998
Mono_Continuous,808,C:\TCC\Reproduzir_artigo\data\GUITAR-FX\Mono_Continuous\Audio\808\G73-59500-808-O7.2T4.5-20879.wav,998
Mono_Continuous,808,C:\TCC\Reproduzir_artigo\data\GUITAR-FX\Mono_Continuous\Audio\808\G73-60501-808-O2.1T6.6-20880.wav,998
Mono_Continuous,808,C:\TCC\Reproduzir_artigo\data\GUITAR-FX\Mono_Continuous\Audio\808\G73-62407-808-O4.8T2.4-20873.wav,998
Mono_Continuous,808,C:\TCC\Reproduzir_artigo\data\GUITAR-FX\Mono_Continuous\Audio\808\G73-63408-808-O8.2T7.7-20874.wav,998
Mono_Continuous,808,C:\TCC\Reproduzir_artigo\data\GUITAR-FX\Mono_Continuous\Audio\808\G73-66602-808-O7.2T5.1-20894.wav,998
Mono_Continuous,808,C:\TCC\Reproduzir_artigo\data\GUITAR-FX\Mono_Continuous\Audio\808\G73-67412-808-O6.3T6-20878.wav,998
Mono_Continuous,808,C:\TCC\Reproduzir_artigo\data\GUITAR-FX\Mono_Continuous\Audio\808\G73-68604-808-O2.5T0.5-20896.wav,998
Mono_Continuous,808,C:\TCC\Reproduzir_artigo\data\GUITAR-FX\Mono_Continuous\Audio\808\G73-68604-808-O5.3T5-20896.wav,998
Mono_Continuous,808,C:\TCC\Reproduzir_artigo\data\GUITAR-FX\Mono_Continuous\Audio\808\G73-74610-808-O4.4T8.4-20902.wav,998
Mono_Continuous,808,C:\TCC\Reproduzir_artigo\data\GUITAR-FX\Mono_Continuous\Audio\808\G73-75611-808-O2.4T7.3-20903.wav,998
Mono_Continuous,808,C:\TCC\Reproduzir_artigo\data\GUITAR-FX\Mono_Continuous\Audio\808\G73-75611-808-O6.9T3.7-20903.wav,998
Mono_Continuous,808,C:\TCC\Reproduzir_artigo\data\GUITAR-FX\Mono_Continuous\Audio\808\G73-75611-808-O9.8T0.7-20903.wav,998
Mono_Continuous,808,C:\TCC\Reproduzir_artigo\data\GUITAR-FX\Mono_Continuous\Audio\808\G73-76612-808-O8.3T3.4-20904.wav,998
Mono_Continuous,808,C:\TCC\Reproduzir_artigo\data\GUITAR-FX\Mono_Continuous\Audio\808\G81-40100-808-O9.6T7-20905.wav,998
Mono_Continuous,808,C:\TCC\Reproduzir_artigo\data\GUITAR-FX\Mono_Continuous\Audio\808\G81-41101-808-O7.8T5.4-20906.wav,998
Mono_Continuous,808,C:\TCC\Reproduzir_artigo\data\GUITAR-FX\Mono_Continuous\Audio\808\G81-44104-808-O2.2T7.5-20909.wav,998
Mono_Continuous,808,C:\TCC\Reproduzir_artigo\data\GUITAR-FX\Mono_Continuous\Audio\808\G81-47107-808-O5.8T8-20912.wav,998
Mono_Continuous,808,C:\TCC\Reproduzir_artigo\data\GUITAR-FX\Mono_Continuous\Audio\808\G81-47202-808-O8T1.4-20920.wav,998
Mono_Continuous,808,C:\TCC\Reproduzir_artigo\data\GUITAR-FX\Mono_Continuous\Audio\808\G81-48108-808-O5.4T2.3-20913.wav,998
Mono_Continuous,808,C:\TCC\Reproduzir_artigo\data\GUITAR-FX\Mono_Continuous\Audio\808\G81-48108-808-O8.6T4.2-20913.wav,998
Mono_Continuous,808,C:\TCC\Reproduzir_artigo\data\GUITAR-FX\Mono_Continuous\Audio\808\G81-50110-808-O7.5T7-20915.wav,998
Mono_Continuous,808,C:\TCC\Reproduzir_artigo\data\GUITAR-FX\Mono_Continuous\Audio\808\G81-50300-808-O4.2T3.5-20931.wav,998
Mono_Continuous,808,C:\TCC\Reproduzir_artigo\data\GUITAR-FX\Mono_Continuous\Audio\808\G81-51206-808-O9.1T5.6-20924.wav,998
Mono_Continuous,808,C:\TCC\Reproduzir_artigo\data\GUITAR-FX\Mono_Continuous\Audio\808\G81-51301-808-O9.7T9.1-20932.wav,998
Mono_Continuous,808,C:\TCC\Reproduzir_artigo\data\GUITAR-FX\Mono_Continuous\Audio\808\G81-53208-808-O7.2T9.2-20926.wav,998
Mono_Continuous,808,C:\TCC\Reproduzir_artigo\data\GUITAR-FX\Mono_Continuous\Audio\808\G81-54304-808-O9T4.6-20935.wav,998
Mono_Continuous,808,C:\TCC\Reproduzir_artigo\data\GUITAR-FX\Mono_Continuous\Audio\808\G81-55400-808-O8.8T8.9-20944.wav,998
Mono_Continuous,808,C:\TCC\Reproduzir_artigo\data\GUITAR-FX\Mono_Continuous\Audio\808\G81-59404-808-O5.5T4.2-20948.wav,998
Mono_Continuous,808,C:\TCC\Reproduzir_artigo\data\GUITAR-FX\Mono_Continuous\Audio\808\G81-59404-808-O6.7T0.9-20948.wav,998
Mono_Continuous,808,C:\TCC\Reproduzir_artigo\data\GUITAR-FX\Mono_Continuous\Audio\808\G81-59404-808-O8.6T8-20948.wav,998
Mono_Continuous,808,C:\TCC\Reproduzir_artigo\data\GUITAR-FX\Mono_Continuous\Audio\808\G81-60405-808-O3.1T8.9-20949.wav,998
Mono_Continuous,808,C:\TCC\Reproduzir_artigo\data\GUITAR-FX\Mono_Continuous\Audio\808\G81-61311-808-O2.4T2.3-20942.wav,998
Mono_Continuous,808,C:\TCC\Reproduzir_artigo\data\GUITAR-FX\Mono_Continuous\Audio\808\G81-62312-808-O2.9T7.6-20943.wav,998
Mono_Continuous,808,C:\TCC\Reproduzir_artigo\data\GUITAR-FX\Mono_Continuous\Audio\808\G81-64505-808-O5.3T8.2-20962.wav,998
Mono_Continuous,808,C:\TCC\Reproduzir_artigo\data\GUITAR-FX\Mono_Continuous\Audio\808\G81-65601-808-O7.1T1.9-20971.wav,998
Mono_Continuous,808,C:\TCC\Reproduzir_artigo\data\GUITAR-FX\Mono_Continuous\Audio\808\G81-67412-808-O2.2T7.1-20956.wav,998
Mono_Continuous,808,C:\TCC\Reproduzir_artigo\data\GUITAR-FX\Mono_Continuous\Audio\808\G81-68509-808-O6.3T6.3-20966.wav,998
Mono_Continuous,808,C:\TCC\Reproduzir_artigo\data\GUITAR-FX\Mono_Continuous\Audio\808\G81-71512-808-O7T0.1-20969.wav,998
Mono_Continuous,808,C:\TCC\Reproduzir_artigo\data\GUITAR-FX\Mono_Continuous\Audio\808\G81-71607-808-O4.4T0.5-20977.wav,998
Mono_Continuous,808,C:\TCC\Reproduzir_artigo\data\GUITAR-FX\Mono_Continuous\Audio\808\G81-71607-808-O8.5T4.3-20977.wav,998
Mono_Continuous,808,C:\TCC\Reproduzir_artigo\data\GUITAR-FX\Mono_Continuous\Audio\808\G81-72608-808-O6T5.5-20978.wav,998
Mono_Continuous,808,C:\TCC\Reproduzir_artigo\data\GUITAR-FX\Mono_Continuous\Audio\808\G81-73609-808-O5.8T5.6-20979.wav,998
Mono_Continuous,808,C:\TCC\Reproduzir_artigo\data\GUITAR-FX\Mono_Continuous\Audio\808\G81-75611-808-O4.4T0.8-20981.wav,998
Mono_Continuous,808,C:\TCC\Reproduzir_artigo\data\GUITAR-FX\Mono_Continuous\Audio\808\G81-75611-808-O9.5T3.7-20981.wav,998
Mono_Continuous,808,C:\TCC\Reproduzir_artigo\data\GUITAR-FX\Mono_Continuous\Audio\808\G81-76612-808-O8.2T5.4-20982.wav,998
Mono_Continuous,808,C:\TCC\Reproduzir_artigo\data\GUITAR-FX\Mono_Continuous\Audio\808\G83-42102-808-O9.6T9.3-20985.wav,998
Mono_Continuous,808,C:\TCC\Reproduzir_artigo\data\GUITAR-FX\Mono_Continuous\Audio\808\G83-45105-808-O4.1T5-20988.wav,998
Mono_Continuous,808,C:\TCC\Reproduzir_artigo\data\GUITAR-FX\Mono_Continuous\Audio\808\G83-45105-808-O5.2T3.2-20988.wav,998
Mono_Continuous,808,C:\TCC\Reproduzir_artigo\data\GUITAR-FX\Mono_Continuous\Audio\808\G83-46201-808-O5.3T8.4-20997.wav,998
Mono_Continuous,808,C:\TCC\Reproduzir_artigo\data\GUITAR-FX\Mono_Continuous\Audio\808\G83-50110-808-O4.5T2.1-20993.wav,998
Mono_Continuous,808,C:\TCC\Reproduzir_artigo\data\GUITAR-FX\Mono_Continuous\Audio\808\G83-51111-808-O5.7T4.4-20994.wav,998
Mono_Continuous,808,C:\TCC\Reproduzir_artigo\data\GUITAR-FX\Mono_Continuous\Audio\808\G83-51111-808-O9.6T2.5-20994.wav,998
Mono_Continuous,808,C:\TCC\Reproduzir_artigo\data\GUITAR-FX\Mono_Continuous\Audio\808\G83-51301-808-O2.1T4.4-21010.wav,998
Mono_Continuous,808,C:\TCC\Reproduzir_artigo\data\GUITAR-FX\Mono_Continuous\Audio\808\G83-52207-808-O2T9-21003.wav,998
Mono_Continuous,808,C:\TCC\Reproduzir_artigo\data\GUITAR-FX\Mono_Continuous\Audio\808\G83-52207-808-O3.6T4.7-21003.wav,998
Mono_Continuous,808,C:\TCC\Reproduzir_artigo\data\GUITAR-FX\Mono_Continuous\Audio\808\G83-52302-808-O4.1T9-21011.wav,998
Mono_Continuous,808,C:\TCC\Reproduzir_artigo\data\GUITAR-FX\Mono_Continuous\Audio\808\G83-52302-808-O6.9T5.6-21011.wav,998
Mono_Continuous,808,C:\TCC\Reproduzir_artigo\data\GUITAR-FX\Mono_Continuous\Audio\808\G83-55210-808-O9.8T2.2-21006.wav,998
Mono_Continuous,808,C:\TCC\Reproduzir_artigo\data\GUITAR-FX\Mono_Continuous\Audio\808\G83-55400-808-O9.4T6.6-21022.wav,998
Mono_Continuous,808,C:\TCC\Reproduzir_artigo\data\GUITAR-FX\Mono_Continuous\Audio\808\G83-59309-808-O9.4T4.2-21018.wav,998
Mono_Continuous,808,C:\TCC\Reproduzir_artigo\data\GUITAR-FX\Mono_Continuous\Audio\808\G83-59500-808-O2.2T9.9-21035.wav,998
Mono_Continuous,808,C:\TCC\Reproduzir_artigo\data\GUITAR-FX\Mono_Continuous\Audio\808\G83-60501-808-O4.9T7.6-21036.wav,998
Mono_Continuous,808,C:\TCC\Reproduzir_artigo\data\GUITAR-FX\Mono_Continuous\Audio\808\G83-62407-808-O2.6T7.5-21029.wav,998
Mono_Continuous,808,C:\TCC\Reproduzir_artigo\data\GUITAR-FX\Mono_Continuous\Audio\808\G83-62503-808-O8.2T1.2-21038.wav,998
Mono_Continuous,808,C:\TCC\Reproduzir_artigo\data\GUITAR-FX\Mono_Continuous\Audio\808\G83-63408-808-O2.4T7.4-21030.wav,998
Mono_Continuous,808,C:\TCC\Reproduzir_artigo\data\GUITAR-FX\Mono_Continuous\Audio\808\G83-63408-808-O5.4T0.7-21030.wav,998
Mono_Continuous,808,C:\TCC\Reproduzir_artigo\data\GUITAR-FX\Mono_Continuous\Audio\808\G83-63504-808-O2.1T2.8-21039.wav,998
Mono_Continuous,808,C:\TCC\Reproduzir_artigo\data\GUITAR-FX\Mono_Continuous\Audio\808\G83-64505-808-O2.2T7.7-21040.wav,998
Mono_Continuous,808,C:\TCC\Reproduzir_artigo\data\GUITAR-FX\Mono_Continuous\Audio\808\G83-64505-808-O5.6T5.1-21040.wav,998
Mono_Continuous,808,C:\TCC\Reproduzir_artigo\data\GUITAR-FX\Mono_Continuous\Audio\808\G83-65410-808-O9.6T3-21032.wav,998
Mono_Continuous,808,C:\TCC\Reproduzir_artigo\data\GUITAR-FX\Mono_Continuous\Audio\808\G83-66507-808-O7.3T5.5-21042.wav,998
Mono_Continuous,808,C:\TCC\Reproduzir_artigo\data\GUITAR-FX\Mono_Continuous\Audio\808\G83-67603-808-O2.9T4.4-21051.wav,998
Mono_Continuous,808,C:\TCC\Reproduzir_artigo\data\GUITAR-FX\Mono_Continuous\Audio\808\G83-68509-808-O2.4T9.7-21044.wav,998
Mono_Continuous,808,C:\TCC\Reproduzir_artigo\data\GUITAR-FX\Mono_Continuous\Audio\808\G83-72608-808-O9.2T8.8-21056.wav,998
Mono_Continuous,808,C:\TCC\Reproduzir_artigo\data\GUITAR-FX\Mono_Continuous\Audio\808\G83-75611-808-O9T2.2-21059.wav,998
Mono_Continuous,808,C:\TCC\Reproduzir_artigo\data\GUITAR-FX\Mono_Continuous\Audio\808\G83-76612-808-O4.8T9.1-21060.wav,998
Mono_Continuous,808,C:\TCC\Reproduzir_artigo\data\GUITAR-FX\Mono_Continuous\Audio\808\G83-76612-808-O6.8T2.2-21060.wav,998
Mono_Continuous,808,C:\TCC\Reproduzir_artigo\data\GUITAR-FX\Mono_Continuous\Audio\808\G83-76612-808-O8.9T3.3-21060.wav,998
Mono_Continuous,808,C:\TCC\Reproduzir_artigo\data\GUITAR-FX\Mono_Continuous\Audio\808\G91-41101-808-O2.8T0.7-21062.wav,998
Mono_Continuous,808,C:\TCC\Reproduzir_artigo\data\GUITAR-FX\Mono_Continuous\Audio\808\G91-43103-808-O8T7.3-21064.wav,998
Mono_Continuous,808,C:\TCC\Reproduzir_artigo\data\GUITAR-FX\Mono_Continuous\Audio\808\G91-44104-808-O3.4T4.1-21065.wav,998
Mono_Continuous,808,C:\TCC\Reproduzir_artigo\data\GUITAR-FX\Mono_Continuous\Audio\808\G91-44104-808-O6.6T0.6-21065.wav,998
Mono_Continuous,808,C:\TCC\Reproduzir_artigo\data\GUITAR-FX\Mono_Continuous\Audio\808\G91-46106-808-O6.9T5.2-21067.wav,998
Mono_Continuous,808,C:\TCC\Reproduzir_artigo\data\GUITAR-FX\Mono_Continuous\Audio\808\G91-50110-808-O5.7T6.2-21071.wav,998
Mono_Continuous,808,C:\TCC\Reproduzir_artigo\data\GUITAR-FX\Mono_Continuous\Audio\808\G91-51111-808-O3.5T8.1-21072.wav,998
Mono_Continuous,808,C:\TCC\Reproduzir_artigo\data\GUITAR-FX\Mono_Continuous\Audio\808\G91-51111-808-O7.4T0.7-21072.wav,998
Mono_Continuous,808,C:\TCC\Reproduzir_artigo\data\GUITAR-FX\Mono_Continuous\Audio\808\G91-52112-808-O7.1T1-21073.wav,998
Mono_Continuous,808,C:\TCC\Reproduzir_artigo\data\GUITAR-FX\Mono_Continuous\Audio\808\G91-53208-808-O3.6T3.2-21082.wav,998
Mono_Continuous,808,C:\TCC\Reproduzir_artigo\data\GUITAR-FX\Mono_Continuous\Audio\808\G91-54209-808-O7.1T2.3-21083.wav,998
Mono_Continuous,808,C:\TCC\Reproduzir_artigo\data\GUITAR-FX\Mono_Continuous\Audio\808\G91-55210-808-O7.6T5.2-21084.wav,998
Mono_Continuous,808,C:\TCC\Reproduzir_artigo\data\GUITAR-FX\Mono_Continuous\Audio\808\G91-55305-808-O4.1T8.1-21092.wav,998
Mono_Continuous,808,C:\TCC\Reproduzir_artigo\data\GUITAR-FX\Mono_Continuous\Audio\808\G91-58308-808-O4.8T3.1-21095.wav,998
Mono_Continuous,808,C:\TCC\Reproduzir_artigo\data\GUITAR-FX\Mono_Continuous\Audio\808\G91-59404-808-O9.4T9.7-21104.wav,998
Mono_Continuous,808,C:\TCC\Reproduzir_artigo\data\GUITAR-FX\Mono_Continuous\Audio\808\G91-59500-808-O9.6T2.4-21113.wav,998
Mono_Continuous,808,C:\TCC\Reproduzir_artigo\data\GUITAR-FX\Mono_Continuous\Audio\808\G91-60310-808-O9T1.4-21097.wav,998
Mono_Continuous,808,C:\TCC\Reproduzir_artigo\data\GUITAR-FX\Mono_Continuous\Audio\808\G91-60501-808-O6.5T5.8-21114.wav,998
Mono_Continuous,808,C:\TCC\Reproduzir_artigo\data\GUITAR-FX\Mono_Continuous\Audio\808\G91-61406-808-O8.5T6.3-21106.wav,998
Mono_Continuous,808,C:\TCC\Reproduzir_artigo\data\GUITAR-FX\Mono_Continuous\Audio\808\G91-61502-808-O4.3T0.5-21115.wav,998
Mono_Continuous,808,C:\TCC\Reproduzir_artigo\data\GUITAR-FX\Mono_Continuous\Audio\808\G91-62312-808-O8.7T1.6-21099.wav,998
Mono_Continuous,808,C:\TCC\Reproduzir_artigo\data\GUITAR-FX\Mono_Continuous\Audio\808\G91-62407-808-O3.9T7.4-21107.wav,998
Mono_Continuous,808,C:\TCC\Reproduzir_artigo\data\GUITAR-FX\Mono_Continuous\Audio\808\G91-64505-808-O5.6T3.8-21118.wav,998
Mono_Continuous,808,C:\TCC\Reproduzir_artigo\data\GUITAR-FX\Mono_Continuous\Audio\808\G91-64600-808-O9T3.3-21126.wav,998
Mono_Continuous,808,C:\TCC\Reproduzir_artigo\data\GUITAR-FX\Mono_Continuous\Audio\808\G91-65601-808-O8.3T6-21127.wav,998
Mono_Continuous,808,C:\TCC\Reproduzir_artigo\data\GUITAR-FX\Mono_Continuous\Audio\808\G91-66602-808-O7.5T6.1-21128.wav,998
Mono_Continuous,808,C:\TCC\Reproduzir_artigo\data\GUITAR-FX\Mono_Continuous\Audio\808\G91-69510-808-O4.1T8.9-21123.wav,998
Mono_Continuous,808,C:\TCC\Reproduzir_artigo\data\GUITAR-FX\Mono_Continuous\Audio\808\G91-69510-808-O6.4T8.7-21123.wav,998
Mono_Continuous,808,C:\TCC\Reproduzir_artigo\data\GUITAR-FX\Mono_Continuous\Audio\808\G91-70606-808-O9.5T8.1-21132.wav,998
Mono_Continuous,808,C:\TCC\Reproduzir_artigo\data\GUITAR-FX\Mono_Continuous\Audio\808\G91-71607-808-O2.9T0.1-21133.wav,998
Mono_Continuous,808,C:\TCC\Reproduzir_artigo\data\GUITAR-FX\Mono_Continuous\Audio\808\G91-75611-808-O6.2T9.9-21137.wav,998
Mono_Continuous,808,C:\TCC\Reproduzir_artigo\data\GUITAR-FX\Mono_Continuous\Audio\808\G91-76612-808-O5.3T3.9-21138.wav,998
Mono_Continuous,808,C:\TCC\Reproduzir_artigo\data\GUITAR-FX\Mono_Continuous\Audio\808\G93-40100-808-O5.6T8-21139.wav,998
Mono_Continuous,808,C:\TCC\Reproduzir_artigo\data\GUITAR-FX\Mono_Continuous\Audio\808\G93-42102-808-O6.3T1.6-21141.wav,998
Mono_Continuous,808,C:\TCC\Reproduzir_artigo\data\GUITAR-FX\Mono_Continuous\Audio\808\G93-43103-808-O9.7T3.6-21142.wav,998
Mono_Continuous,808,C:\TCC\Reproduzir_artigo\data\GUITAR-FX\Mono_Continuous\Audio\808\G93-45105-808-O5.8T7.6-21144.wav,998
Mono_Continuous,808,C:\TCC\Reproduzir_artigo\data\GUITAR-FX\Mono_Continuous\Audio\808\G93-46106-808-O2.1T4.2-21145.wav,998
Mono_Continuous,808,C:\TCC\Reproduzir_artigo\data\GUITAR-FX\Mono_Continuous\Audio\808\G93-46106-808-O6.5T8.9-21145.wav,998
Mono_Continuous,808,C:\TCC\Reproduzir_artigo\data\GUITAR-FX\Mono_Continuous\Audio\808\G93-46201-808-O9.7T6.3-21153.wav,998
Mono_Continuous,808,C:\TCC\Reproduzir_artigo\data\GUITAR-FX\Mono_Continuous\Audio\808\G93-47107-808-O2.7T6.2-21146.wav,998
Mono_Continuous,808,C:\TCC\Reproduzir_artigo\data\GUITAR-FX\Mono_Continuous\Audio\808\G93-48203-808-O4.5T0.6-21155.wav,998
Mono_Continuous,808,C:\TCC\Reproduzir_artigo\data\GUITAR-FX\Mono_Continuous\Audio\808\G93-52207-808-O5.1T1.2-21159.wav,998
Mono_Continuous,808,C:\TCC\Reproduzir_artigo\data\GUITAR-FX\Mono_Continuous\Audio\808\G93-53208-808-O9.1T8.5-21160.wav,998
Mono_Continuous,808,C:\TCC\Reproduzir_artigo\data\GUITAR-FX\Mono_Continuous\Audio\808\G93-53303-808-O2.3T5.4-21168.wav,998
Mono_Continuous,808,C:\TCC\Reproduzir_artigo\data\GUITAR-FX\Mono_Continuous\Audio\808\G93-53303-808-O5.8T0.9-21168.wav,998
Mono_Continuous,808,C:\TCC\Reproduzir_artigo\data\GUITAR-FX\Mono_Continuous\Audio\808\G93-54209-808-O6.8T1.6-21161.wav,998
Mono_Continuous,808,C:\TCC\Reproduzir_artigo\data\GUITAR-FX\Mono_Continuous\Audio\808\G93-54304-808-O7.1T3.6-21169.wav,998
Mono_Continuous,808,C:\TCC\Reproduzir_artigo\data\GUITAR-FX\Mono_Continuous\Audio\808\G93-55400-808-O2T9.2-21178.wav,998
Mono_Continuous,808,C:\TCC\Reproduzir_artigo\data\GUITAR-FX\Mono_Continuous\Audio\808\G93-55400-808-O4.4T9.4-21178.wav,998
Mono_Continuous,808,C:\TCC\Reproduzir_artigo\data\GUITAR-FX\Mono_Continuous\Audio\808\G93-56211-808-O5T8.6-21163.wav,998
Mono_Continuous,808,C:\TCC\Reproduzir_artigo\data\GUITAR-FX\Mono_Continuous\Audio\808\G93-56211-808-O6.6T0.7-21163.wav,998
Mono_Continuous,808,C:\TCC\Reproduzir_artigo\data\GUITAR-FX\Mono_Continuous\Audio\808\G93-56401-808-O5.9T8.7-21179.wav,998
Mono_Continuous,808,C:\TCC\Reproduzir_artigo\data\GUITAR-FX\Mono_Continuous\Audio\808\G93-57212-808-O2.3T8.6-21164.wav,998
Mono_Continuous,808,C:\TCC\Reproduzir_artigo\data\GUITAR-FX\Mono_Continuous\Audio\808\G93-57307-808-O9.6T5.3-21172.wav,998
Mono_Continuous,808,C:\TCC\Reproduzir_artigo\data\GUITAR-FX\Mono_Continuous\Audio\808\G93-58308-808-O4.4T1.2-21173.wav,998
Mono_Continuous,808,C:\TCC\Reproduzir_artigo\data\GUITAR-FX\Mono_Continuous\Audio\808\G93-59404-808-O2.1T5.9-21182.wav,998
Mono_Continuous,808,C:\TCC\Reproduzir_artigo\data\GUITAR-FX\Mono_Continuous\Audio\808\G93-60310-808-O8.6T8-21175.wav,998
Mono_Continuous,808,C:\TCC\Reproduzir_artigo\data\GUITAR-FX\Mono_Continuous\Audio\808\G93-60501-808-O9.5T5.8-21192.wav,998
Mono_Continuous,808,C:\TCC\Reproduzir_artigo\data\GUITAR-FX\Mono_Continuous\Audio\808\G93-61502-808-O3.6T5.2-21193.wav,998
Mono_Continuous,808,C:\TCC\Reproduzir_artigo\data\GUITAR-FX\Mono_Continuous\Audio\808\G93-63504-808-O6.4T3-21195.wav,998
Mono_Continuous,808,C:\TCC\Reproduzir_artigo\data\GUITAR-FX\Mono_Continuous\Audio\808\G93-63504-808-O7.7T4.1-21195.wav,998
Mono_Continuous,808,C:\TCC\Reproduzir_artigo\data\GUITAR-FX\Mono_Continuous\Audio\808\G93-64505-808-O6.5T7-21196.wav,998
Mono_Continuous,808,C:\TCC\Reproduzir_artigo\data\GUITAR-FX\Mono_Continuous\Audio\808\G93-64600-808-O7.6T6.6-21204.wav,998
Mono_Continuous,808,C:\TCC\Reproduzir_artigo\data\GUITAR-FX\Mono_Continuous\Audio\808\G93-65410-808-O6.9T4.5-21188.wav,998
Mono_Continuous,808,C:\TCC\Reproduzir_artigo\data\GUITAR-FX\Mono_Continuous\Audio\808\G93-65410-808-O9.2T9-21188.wav,998
Mono_Continuous,808,C:\TCC\Reproduzir_artigo\data\GUITAR-FX\Mono_Continuous\Audio\808\G93-66602-808-O5.6T9.3-21206.wav,998
Mono_Continuous,808,C:\TCC\Reproduzir_artigo\data\GUITAR-FX\Mono_Continuous\Audio\808\G93-67508-808-O4.6T1.8-21199.wav,998
Mono_Continuous,808,C:\TCC\Reproduzir_artigo\data\GUITAR-FX\Mono_Continuous\Audio\808\G93-69510-808-O5.2T8.5-21201.wav,998
Mono_Continuous,808,C:\TCC\Reproduzir_artigo\data\GUITAR-FX\Mono_Continuous\Audio\808\G93-69605-808-O4.4T3.2-21209.wav,998
Mono_Continuous,808,C:\TCC\Reproduzir_artigo\data\GUITAR-FX\Mono_Continuous\Audio\808\G93-69605-808-O9.4T2.4-21209.wav,998
Mono_Continuous,808,C:\TCC\Reproduzir_artigo\data\GUITAR-FX\Mono_Continuous\Audio\808\G93-71607-808-O4.4T1.7-21211.wav,998
Mono_Continuous,808,C:\TCC\Reproduzir_artigo\data\GUITAR-FX\Mono_Continuous\Audio\808\G93-74610-808-O8.2T8.4-21214.wav,998
Mono_Continuous,NoFX,C:\TCC\Reproduzir_artigo\data\GUITAR-FX\Mono_Continuous\Audio\_NoFX_mono_preprocessed\G61-40100-1111-20593.wav,998
Mono_Continuous,NoFX,C:\TCC\Reproduzir_artigo\data\GUITAR-FX\Mono_Continuous\Audio\_NoFX_mono_preprocessed\G61-41101-1111-20594.wav,998
Mono_Continuous,NoFX,C:\TCC\Reproduzir_artigo\data\GUITAR-FX\Mono_Continuous\Audio\_NoFX_mono_preprocessed\G61-42102-1111-20595.wav,998
Mono_Continuous,NoFX,C:\TCC\Reproduzir_artigo\data\GUITAR-FX\Mono_Continuous\Audio\_NoFX_mono_preprocessed\G61-45105-1111-20598.wav,998
Mono_Continuous,NoFX,C:\TCC\Reproduzir_artigo\data\GUITAR-FX\Mono_Continuous\Audio\_NoFX_mono_preprocessed\G61-45200-1111-20606.wav,998
Mono_Continuous,NoFX,C:\TCC\Reproduzir_artigo\data\GUITAR-FX\Mono_Continuous\Audio\_NoFX_mono_preprocessed\G61-46201-1111-20607.wav,998
Mono_Continuous,NoFX,C:\TCC\Reproduzir_artigo\data\GUITAR-FX\Mono_Continuous\Audio\_NoFX_mono_preprocessed\G61-47202-1111-20608.wav,998
Mono_Continuous,NoFX,C:\TCC\Reproduzir_artigo\data\GUITAR-FX\Mono_Continuous\Audio\_NoFX_mono_preprocessed\G61-49109-1111-20602.wav,998
Mono_Continuous,NoFX,C:\TCC\Reproduzir_artigo\data\GUITAR-FX\Mono_Continuous\Audio\_NoFX_mono_preprocessed\G61-51111-1111-20604.wav,998
Mono_Continuous,NoFX,C:\TCC\Reproduzir_artigo\data\GUITAR-FX\Mono_Continuous\Audio\_NoFX_mono_preprocessed\G61-51206-1111-20612.wav,998
Mono_Continuous,NoFX,C:\TCC\Reproduzir_artigo\data\GUITAR-FX\Mono_Continuous\Audio\_NoFX_mono_preprocessed\G61-51301-1111-20620.wav,998
Mono_Continuous,NoFX,C:\TCC\Reproduzir_artigo\data\GUITAR-FX\Mono_Continuous\Audio\_NoFX_mono_preprocessed\G61-56211-1111-20617.wav,998
Mono_Continuous,NoFX,C:\TCC\Reproduzir_artigo\data\GUITAR-FX\Mono_Continuous\Audio\_NoFX_mono_preprocessed\G61-56401-1111-20633.wav,998
Mono_Continuous,NoFX,C:\TCC\Reproduzir_artigo\data\GUITAR-FX\Mono_Continuous\Audio\_NoFX_mono_preprocessed\G61-59309-1111-20628.wav,998
Mono_Continuous,NoFX,C:\TCC\Reproduzir_artigo\data\GUITAR-FX\Mono_Continuous\Audio\_NoFX_mono_preprocessed\G61-59500-1111-20645.wav,998
Mono_Continuous,NoFX,C:\TCC\Reproduzir_artigo\data\GUITAR-FX\Mono_Continuous\Audio\_NoFX_mono_preprocessed\G61-60310-1111-20629.wav,998
Mono_Continuous,NoFX,C:\TCC\Reproduzir_artigo\data\GUITAR-FX\Mono_Continuous\Audio\_NoFX_mono_preprocessed\G61-60405-1111-20637.wav,998
Mono_Continuous,NoFX,C:\TCC\Reproduzir_artigo\data\GUITAR-FX\Mono_Continuous\Audio\_NoFX_mono_preprocessed\G61-60501-1111-20646.wav,998
Mono_Continuous,NoFX,C:\TCC\Reproduzir_artigo\data\GUITAR-FX\Mono_Continuous\Audio\_NoFX_mono_preprocessed\G61-61406-1111-20638.wav,998
Mono_Continuous,NoFX,C:\TCC\Reproduzir_artigo\data\GUITAR-FX\Mono_Continuous\Audio\_NoFX_mono_preprocessed\G61-65410-1111-20642.wav,998
Mono_Continuous,NoFX,C:\TCC\Reproduzir_artigo\data\GUITAR-FX\Mono_Continuous\Audio\_NoFX_mono_preprocessed\G61-65506-1111-20651.wav,998
Mono_Continuous,NoFX,C:\TCC\Reproduzir_artigo\data\GUITAR-FX\Mono_Continuous\Audio\_NoFX_mono_preprocessed\G61-65601-1111-20659.wav,998
Mono_Continuous,NoFX,C:\TCC\Reproduzir_artigo\data\GUITAR-FX\Mono_Continuous\Audio\_NoFX_mono_preprocessed\G61-66602-1111-20660.wav,998
Mono_Continuous,NoFX,C:\TCC\Reproduzir_artigo\data\GUITAR-FX\Mono_Continuous\Audio\_NoFX_mono_preprocessed\G61-67603-1111-20661.wav,998
Mono_Continuous,NoFX,C:\TCC\Reproduzir_artigo\data\GUITAR-FX\Mono_Continuous\Audio\_NoFX_mono_preprocessed\G61-68604-1111-20662.wav,998
Mono_Continuous,NoFX,C:\TCC\Reproduzir_artigo\data\GUITAR-FX\Mono_Continuous\Audio\_NoFX_mono_preprocessed\G61-69605-1111-20663.wav,998
Mono_Continuous,NoFX,C:\TCC\Reproduzir_artigo\data\GUITAR-FX\Mono_Continuous\Audio\_NoFX_mono_preprocessed\G61-71607-1111-20665.wav,998
Mono_Continuous,NoFX,C:\TCC\Reproduzir_artigo\data\GUITAR-FX\Mono_Continuous\Audio\_NoFX_mono_preprocessed\G61-74610-1111-20668.wav,998
Mono_Continuous,NoFX,C:\TCC\Reproduzir_artigo\data\GUITAR-FX\Mono_Continuous\Audio\_NoFX_mono_preprocessed\G63-41101-1111-20672.wav,998
Mono_Continuous,NoFX,C:\TCC\Reproduzir_artigo\data\GUITAR-FX\Mono_Continuous\Audio\_NoFX_mono_preprocessed\G63-42102-1111-20673.wav,998
Mono_Continuous,NoFX,C:\TCC\Reproduzir_artigo\data\GUITAR-FX\Mono_Continuous\Audio\_NoFX_mono_preprocessed\G63-45105-1111-20676.wav,998
Mono_Continuous,NoFX,C:\TCC\Reproduzir_artigo\data\GUITAR-FX\Mono_Continuous\Audio\_NoFX_mono_preprocessed\G63-45200-1111-20684.wav,998
Mono_Continuous,NoFX,C:\TCC\Reproduzir_artigo\data\GUITAR-FX\Mono_Continuous\Audio\_NoFX_mono_preprocessed\G63-47202-1111-20686.wav,998
Mono_Continuous,NoFX,C:\TCC\Reproduzir_artigo\data\GUITAR-FX\Mono_Continuous\Audio\_NoFX_mono_preprocessed\G63-48108-1111-20679.wav,998
Mono_Continuous,NoFX,C:\TCC\Reproduzir_artigo\data\GUITAR-FX\Mono_Continuous\Audio\_NoFX_mono_preprocessed\G63-48203-1111-20687.wav,998
Mono_Continuous,NoFX,C:\TCC\Reproduzir_artigo\data\GUITAR-FX\Mono_Continuous\Audio\_NoFX_mono_preprocessed\G63-49204-1111-20688.wav,998
Mono_Continuous,NoFX,C:\TCC\Reproduzir_artigo\data\GUITAR-FX\Mono_Continuous\Audio\_NoFX_mono_preprocessed\G63-50110-1111-20681.wav,998
Mono_Continuous,NoFX,C:\TCC\Reproduzir_artigo\data\GUITAR-FX\Mono_Continuous\Audio\_NoFX_mono_preprocessed\G63-51206-1111-20690.wav,998
Mono_Continuous,NoFX,C:\TCC\Reproduzir_artigo\data\GUITAR-FX\Mono_Continuous\Audio\_NoFX_mono_preprocessed\G63-51301-1111-20698.wav,998
Mono_Continuous,NoFX,C:\TCC\Reproduzir_artigo\data\GUITAR-FX\Mono_Continuous\Audio\_NoFX_mono_preprocessed\G63-52207-1111-20691.wav,998
Mono_Continuous,NoFX,C:\TCC\Reproduzir_artigo\data\GUITAR-FX\Mono_Continuous\Audio\_NoFX_mono_preprocessed\G63-53208-1111-20692.wav,998
Mono_Continuous,NoFX,C:\TCC\Reproduzir_artigo\data\GUITAR-FX\Mono_Continuous\Audio\_NoFX_mono_preprocessed\G63-54304-1111-20701.wav,998
Mono_Continuous,NoFX,C:\TCC\Reproduzir_artigo\data\GUITAR-FX\Mono_Continuous\Audio\_NoFX_mono_preprocessed\G63-55305-1111-20702.wav,998
Mono_Continuous,NoFX,C:\TCC\Reproduzir_artigo\data\GUITAR-FX\Mono_Continuous\Audio\_NoFX_mono_preprocessed\G63-55400-1111-20710.wav,998
Mono_Continuous,NoFX,C:\TCC\Reproduzir_artigo\data\GUITAR-FX\Mono_Continuous\Audio\_NoFX_mono_preprocessed\G63-56211-1111-20695.wav,998
Mono_Continuous,NoFX,C:\TCC\Reproduzir_artigo\data\GUITAR-FX\Mono_Continuous\Audio\_NoFX_mono_preprocessed\G63-58403-1111-20713.wav,998
Mono_Continuous,NoFX,C:\TCC\Reproduzir_artigo\data\GUITAR-FX\Mono_Continuous\Audio\_NoFX_mono_preprocessed\G63-59404-1111-20714.wav,998
Mono_Continuous,NoFX,C:\TCC\Reproduzir_artigo\data\GUITAR-FX\Mono_Continuous\Audio\_NoFX_mono_preprocessed\G63-60310-1111-20707.wav,998
Mono_Continuous,NoFX,C:\TCC\Reproduzir_artigo\data\GUITAR-FX\Mono_Continuous\Audio\_NoFX_mono_preprocessed\G63-61311-1111-20708.wav,998
Mono_Continuous,NoFX,C:\TCC\Reproduzir_artigo\data\GUITAR-FX\Mono_Continuous\Audio\_NoFX_mono_preprocessed\G63-61406-1111-20716.wav,998
Mono_Continuous,NoFX,C:\TCC\Reproduzir_artigo\data\GUITAR-FX\Mono_Continuous\Audio\_NoFX_mono_preprocessed\G63-61502-1111-20725.wav,998
Mono_Continuous,NoFX,C:\TCC\Reproduzir_artigo\data\GUITAR-FX\Mono_Continuous\Audio\_NoFX_mono_preprocessed\G63-62407-1111-20717.wav,998
Mono_Continuous,NoFX,C:\TCC\Reproduzir_artigo\data\GUITAR-FX\Mono_Continuous\Audio\_NoFX_mono_preprocessed\G63-62503-1111-20726.wav,998
Mono_Continuous,NoFX,C:\TCC\Reproduzir_artigo\data\GUITAR-FX\Mono_Continuous\Audio\_NoFX_mono_preprocessed\G63-64409-1111-20719.wav,998
Mono_Continuous,NoFX,C:\TCC\Reproduzir_artigo\data\GUITAR-FX\Mono_Continuous\Audio\_NoFX_mono_preprocessed\G63-64600-1111-20736.wav,998
Mono_Continuous,NoFX,C:\TCC\Reproduzir_artigo\data\GUITAR-FX\Mono_Continuous\Audio\_NoFX_mono_preprocessed\G63-65410-1111-20720.wav,998
Mono_Continuous,NoFX,C:\TCC\Reproduzir_artigo\data\GUITAR-FX\Mono_Continuous\Audio\_NoFX_mono_preprocessed\G63-65601-1111-20737.wav,998
Mono_Continuous,NoFX,C:\TCC\Reproduzir_artigo\data\GUITAR-FX\Mono_Continuous\Audio\_NoFX_mono_preprocessed\G63-66507-1111-20730.wav,998
Mono_Continuous,NoFX,C:\TCC\Reproduzir_artigo\data\GUITAR-FX\Mono_Continuous\Audio\_NoFX_mono_preprocessed\G63-66602-1111-20738.wav,998
Mono_Continuous,NoFX,C:\TCC\Reproduzir_artigo\data\GUITAR-FX\Mono_Continuous\Audio\_NoFX_mono_preprocessed\G63-67412-1111-20722.wav,998
Mono_Continuous,NoFX,C:\TCC\Reproduzir_artigo\data\GUITAR-FX\Mono_Continuous\Audio\_NoFX_mono_preprocessed\G63-67603-1111-20739.wav,998
Mono_Continuous,NoFX,C:\TCC\Reproduzir_artigo\data\GUITAR-FX\Mono_Continuous\Audio\_NoFX_mono_preprocessed\G63-68509-1111-20732.wav,998
Mono_Continuous,NoFX,C:\TCC\Reproduzir_artigo\data\GUITAR-FX\Mono_Continuous\Audio\_NoFX_mono_preprocessed\G63-68604-1111-20740.wav,998
Mono_Continuous,NoFX,C:\TCC\Reproduzir_artigo\data\GUITAR-FX\Mono_Continuous\Audio\_NoFX_mono_preprocessed\G63-69605-1111-20741.wav,998
Mono_Continuous,NoFX,C:\TCC\Reproduzir_artigo\data\GUITAR-FX\Mono_Continuous\Audio\_NoFX_mono_preprocessed\G63-75611-1111-20747.wav,998
Mono_Continuous,NoFX,C:\TCC\Reproduzir_artigo\data\GUITAR-FX\Mono_Continuous\Audio\_NoFX_mono_preprocessed\G71-44104-1111-20753.wav,998
Mono_Continuous,NoFX,C:\TCC\Reproduzir_artigo\data\GUITAR-FX\Mono_Continuous\Audio\_NoFX_mono_preprocessed\G71-45105-1111-20754.wav,998
Mono_Continuous,NoFX,C:\TCC\Reproduzir_artigo\data\GUITAR-FX\Mono_Continuous\Audio\_NoFX_mono_preprocessed\G71-46106-1111-20755.wav,998
Mono_Continuous,NoFX,C:\TCC\Reproduzir_artigo\data\GUITAR-FX\Mono_Continuous\Audio\_NoFX_mono_preprocessed\G71-47107-1111-20756.wav,998
Mono_Continuous,NoFX,C:\TCC\Reproduzir_artigo\data\GUITAR-FX\Mono_Continuous\Audio\_NoFX_mono_preprocessed\G71-47202-1111-20764.wav,998
Mono_Continuous,NoFX,C:\TCC\Reproduzir_artigo\data\GUITAR-FX\Mono_Continuous\Audio\_NoFX_mono_preprocessed\G71-48108-1111-20757.wav,998
Mono_Continuous,NoFX,C:\TCC\Reproduzir_artigo\data\GUITAR-FX\Mono_Continuous\Audio\_NoFX_mono_preprocessed\G71-48203-1111-20765.wav,998
Mono_Continuous,NoFX,C:\TCC\Reproduzir_artigo\data\GUITAR-FX\Mono_Continuous\Audio\_NoFX_mono_preprocessed\G71-49109-1111-20758.wav,998
Mono_Continuous,NoFX,C:\TCC\Reproduzir_artigo\data\GUITAR-FX\Mono_Continuous\Audio\_NoFX_mono_preprocessed\G71-50110-1111-20759.wav,998
Mono_Continuous,NoFX,C:\TCC\Reproduzir_artigo\data\GUITAR-FX\Mono_Continuous\Audio\_NoFX_mono_preprocessed\G71-50205-1111-20767.wav,998
Mono_Continuous,NoFX,C:\TCC\Reproduzir_artigo\data\GUITAR-FX\Mono_Continuous\Audio\_NoFX_mono_preprocessed\G71-50300-1111-20775.wav,998
Mono_Continuous,NoFX,C:\TCC\Reproduzir_artigo\data\GUITAR-FX\Mono_Continuous\Audio\_NoFX_mono_preprocessed\G71-51301-1111-20776.wav,998
Mono_Continuous,NoFX,C:\TCC\Reproduzir_artigo\data\GUITAR-FX\Mono_Continuous\Audio\_NoFX_mono_preprocessed\G71-52112-1111-20761.wav,998
Mono_Continuous,NoFX,C:\TCC\Reproduzir_artigo\data\GUITAR-FX\Mono_Continuous\Audio\_NoFX_mono_preprocessed\G71-52207-1111-20769.wav,998
Mono_Continuous,NoFX,C:\TCC\Reproduzir_artigo\data\GUITAR-FX\Mono_Continuous\Audio\_NoFX_mono_preprocessed\G71-53208-1111-20770.wav,998
Mono_Continuous,NoFX,C:\TCC\Reproduzir_artigo\data\GUITAR-FX\Mono_Continuous\Audio\_NoFX_mono_preprocessed\G71-54209-1111-20771.wav,998
Mono_Continuous,NoFX,C:\TCC\Reproduzir_artigo\data\GUITAR-FX\Mono_Continuous\Audio\_NoFX_mono_preprocessed\G71-54304-1111-20779.wav,998
Mono_Continuous,NoFX,C:\TCC\Reproduzir_artigo\data\GUITAR-FX\Mono_Continuous\Audio\_NoFX_mono_preprocessed\G71-55400-1111-20788.wav,998
Mono_Continuous,NoFX,C:\TCC\Reproduzir_artigo\data\GUITAR-FX\Mono_Continuous\Audio\_NoFX_mono_preprocessed\G71-57402-1111-20790.wav,998
Mono_Continuous,NoFX,C:\TCC\Reproduzir_artigo\data\GUITAR-FX\Mono_Continuous\Audio\_NoFX_mono_preprocessed\G71-58308-1111-20783.wav,998
Mono_Continuous,NoFX,C:\TCC\Reproduzir_artigo\data\GUITAR-FX\Mono_Continuous\Audio\_NoFX_mono_preprocessed\G71-59309-1111-20784.wav,998
Mono_Continuous,NoFX,C:\TCC\Reproduzir_artigo\data\GUITAR-FX\Mono_Continuous\Audio\_NoFX_mono_preprocessed\G71-59404-1111-20792.wav,998
Mono_Continuous,NoFX,C:\TCC\Reproduzir_artigo\data\GUITAR-FX\Mono_Continuous\Audio\_NoFX_mono_preprocessed\G71-59500-1111-20801.wav,998
Mono_Continuous,NoFX,C:\TCC\Reproduzir_artigo\data\GUITAR-FX\Mono_Continuous\Audio\_NoFX_mono_preprocessed\G71-60310-1111-20785.wav,998
Mono_Continuous,NoFX,C:\TCC\Reproduzir_artigo\data\GUITAR-FX\Mono_Continuous\Audio\_NoFX_mono_preprocessed\G71-61406-1111-20794.wav,998
Mono_Continuous,NoFX,C:\TCC\Reproduzir_artigo\data\GUITAR-FX\Mono_Continuous\Audio\_NoFX_mono_preprocessed\G71-63408-1111-20796.wav,998
Mono_Continuous,NoFX,C:\TCC\Reproduzir_artigo\data\GUITAR-FX\Mono_Continuous\Audio\_NoFX_mono_preprocessed\G71-63504-1111-20805.wav,998
Mono_Continuous,NoFX,C:\TCC\Reproduzir_artigo\data\GUITAR-FX\Mono_Continuous\Audio\_NoFX_mono_preprocessed\G71-64505-1111-20806.wav,998
Mono_Continuous,NoFX,C:\TCC\Reproduzir_artigo\data\GUITAR-FX\Mono_Continuous\Audio\_NoFX_mono_preprocessed\G71-67508-1111-20809.wav,998
Mono_Continuous,NoFX,C:\TCC\Reproduzir_artigo\data\GUITAR-FX\Mono_Continuous\Audio\_NoFX_mono_preprocessed\G71-67603-1111-20817.wav,998
Mono_Continuous,NoFX,C:\TCC\Reproduzir_artigo\data\GUITAR-FX\Mono_Continuous\Audio\_NoFX_mono_preprocessed\G71-68509-1111-20810.wav,998
Mono_Continuous,NoFX,C:\TCC\Reproduzir_artigo\data\GUITAR-FX\Mono_Continuous\Audio\_NoFX_mono_preprocessed\G71-69605-1111-20819.wav,998
Mono_Continuous,NoFX,C:\TCC\Reproduzir_artigo\data\GUITAR-FX\Mono_Continuous\Audio\_NoFX_mono_preprocessed\G71-70511-1111-20812.wav,998
Mono_Continuous,NoFX,C:\TCC\Reproduzir_artigo\data\GUITAR-FX\Mono_Continuous\Audio\_NoFX_mono_preprocessed\G71-71512-1111-20813.wav,998
Mono_Continuous,NoFX,C:\TCC\Reproduzir_artigo\data\GUITAR-FX\Mono_Continuous\Audio\_NoFX_mono_preprocessed\G71-75611-1111-20825.wav,998
Mono_Continuous,NoFX,C:\TCC\Reproduzir_artigo\data\GUITAR-FX\Mono_Continuous\Audio\_NoFX_mono_preprocessed\G73-40100-1111-20827.wav,998
Mono_Continuous,NoFX,C:\TCC\Reproduzir_artigo\data\GUITAR-FX\Mono_Continuous\Audio\_NoFX_mono_preprocessed\G73-43103-1111-20830.wav,998
Mono_Continuous,NoFX,C:\TCC\Reproduzir_artigo\data\GUITAR-FX\Mono_Continuous\Audio\_NoFX_mono_preprocessed\G73-46201-1111-20841.wav,998
Mono_Continuous,NoFX,C:\TCC\Reproduzir_artigo\data\GUITAR-FX\Mono_Continuous\Audio\_NoFX_mono_preprocessed\G73-47107-1111-20834.wav,998
Mono_Continuous,NoFX,C:\TCC\Reproduzir_artigo\data\GUITAR-FX\Mono_Continuous\Audio\_NoFX_mono_preprocessed\G73-47202-1111-20842.wav,998
Mono_Continuous,NoFX,C:\TCC\Reproduzir_artigo\data\GUITAR-FX\Mono_Continuous\Audio\_NoFX_mono_preprocessed\G73-50300-1111-20853.wav,998
Mono_Continuous,NoFX,C:\TCC\Reproduzir_artigo\data\GUITAR-FX\Mono_Continuous\Audio\_NoFX_mono_preprocessed\G73-52207-1111-20847.wav,998
Mono_Continuous,NoFX,C:\TCC\Reproduzir_artigo\data\GUITAR-FX\Mono_Continuous\Audio\_NoFX_mono_preprocessed\G73-53208-1111-20848.wav,998
Mono_Continuous,NoFX,C:\TCC\Reproduzir_artigo\data\GUITAR-FX\Mono_Continuous\Audio\_NoFX_mono_preprocessed\G73-54209-1111-20849.wav,998
Mono_Continuous,NoFX,C:\TCC\Reproduzir_artigo\data\GUITAR-FX\Mono_Continuous\Audio\_NoFX_mono_preprocessed\G73-55400-1111-20866.wav,998
Mono_Continuous,NoFX,C:\TCC\Reproduzir_artigo\data\GUITAR-FX\Mono_Continuous\Audio\_NoFX_mono_preprocessed\G73-56401-1111-20867.wav,998
Mono_Continuous,NoFX,C:\TCC\Reproduzir_artigo\data\GUITAR-FX\Mono_Continuous\Audio\_NoFX_mono_preprocessed\G73-57212-1111-20852.wav,998
Mono_Continuous,NoFX,C:\TCC\Reproduzir_artigo\data\GUITAR-FX\Mono_Continuous\Audio\_NoFX_mono_preprocessed\G73-59309-1111-20862.wav,998
Mono_Continuous,NoFX,C:\TCC\Reproduzir_artigo\data\GUITAR-FX\Mono_Continuous\Audio\_NoFX_mono_preprocessed\G73-59500-1111-20879.wav,998
Mono_Continuous,NoFX,C:\TCC\Reproduzir_artigo\data\GUITAR-FX\Mono_Continuous\Audio\_NoFX_mono_preprocessed\G73-60405-1111-20871.wav,998
Mono_Continuous,NoFX,C:\TCC\Reproduzir_artigo\data\GUITAR-FX\Mono_Continuous\Audio\_NoFX_mono_preprocessed\G73-60501-1111-20880.wav,998
Mono_Continuous,NoFX,C:\TCC\Reproduzir_artigo\data\GUITAR-FX\Mono_Continuous\Audio\_NoFX_mono_preprocessed\G73-61311-1111-20864.wav,998
Mono_Continuous,NoFX,C:\TCC\Reproduzir_artigo\data\GUITAR-FX\Mono_Continuous\Audio\_NoFX_mono_preprocessed\G73-62312-1111-20865.wav,998
Mono_Continuous,NoFX,C:\TCC\Reproduzir_artigo\data\GUITAR-FX\Mono_Continuous\Audio\_NoFX_mono_preprocessed\G73-62503-1111-20882.wav,998
Mono_Continuous,NoFX,C:\TCC\Reproduzir_artigo\data\GUITAR-FX\Mono_Continuous\Audio\_NoFX_mono_preprocessed\G73-63504-1111-20883.wav,998
Mono_Continuous,NoFX,C:\TCC\Reproduzir_artigo\data\GUITAR-FX\Mono_Continuous\Audio\_NoFX_mono_preprocessed\G73-64409-1111-20875.wav,998
Mono_Continuous,NoFX,C:\TCC\Reproduzir_artigo\data\GUITAR-FX\Mono_Continuous\Audio\_NoFX_mono_preprocessed\G73-65506-1111-20885.wav,998
Mono_Continuous,NoFX,C:\TCC\Reproduzir_artigo\data\GUITAR-FX\Mono_Continuous\Audio\_NoFX_mono_preprocessed\G73-67508-1111-20887.wav,998
Mono_Continuous,NoFX,C:\TCC\Reproduzir_artigo\data\GUITAR-FX\Mono_Continuous\Audio\_NoFX_mono_preprocessed\G73-68509-1111-20888.wav,998
Mono_Continuous,NoFX,C:\TCC\Reproduzir_artigo\data\GUITAR-FX\Mono_Continuous\Audio\_NoFX_mono_preprocessed\G73-69510-1111-20889.wav,998
Mono_Continuous,NoFX,C:\TCC\Reproduzir_artigo\data\GUITAR-FX\Mono_Continuous\Audio\_NoFX_mono_preprocessed\G73-70606-1111-20898.wav,998
Mono_Continuous,NoFX,C:\TCC\Reproduzir_artigo\data\GUITAR-FX\Mono_Continuous\Audio\_NoFX_mono_preprocessed\G73-71607-1111-20899.wav,998
Mono_Continuous,NoFX,C:\TCC\Reproduzir_artigo\data\GUITAR-FX\Mono_Continuous\Audio\_NoFX_mono_preprocessed\G73-74610-1111-20902.wav,998
Mono_Continuous,NoFX,C:\TCC\Reproduzir_artigo\data\GUITAR-FX\Mono_Continuous\Audio\_NoFX_mono_preprocessed\G73-75611-1111-20903.wav,998
Mono_Continuous,NoFX,C:\TCC\Reproduzir_artigo\data\GUITAR-FX\Mono_Continuous\Audio\_NoFX_mono_preprocessed\G73-76612-1111-20904.wav,998
Mono_Continuous,NoFX,C:\TCC\Reproduzir_artigo\data\GUITAR-FX\Mono_Continuous\Audio\_NoFX_mono_preprocessed\G81-41101-1111-20906.wav,998
Mono_Continuous,NoFX,C:\TCC\Reproduzir_artigo\data\GUITAR-FX\Mono_Continuous\Audio\_NoFX_mono_preprocessed\G81-45105-1111-20910.wav,998
Mono_Continuous,NoFX,C:\TCC\Reproduzir_artigo\data\GUITAR-FX\Mono_Continuous\Audio\_NoFX_mono_preprocessed\G81-46106-1111-20911.wav,998
Mono_Continuous,NoFX,C:\TCC\Reproduzir_artigo\data\GUITAR-FX\Mono_Continuous\Audio\_NoFX_mono_preprocessed\G81-46201-1111-20919.wav,998
Mono_Continuous,NoFX,C:\TCC\Reproduzir_artigo\data\GUITAR-FX\Mono_Continuous\Audio\_NoFX_mono_preprocessed\G81-48108-1111-20913.wav,998
Mono_Continuous,NoFX,C:\TCC\Reproduzir_artigo\data\GUITAR-FX\Mono_Continuous\Audio\_NoFX_mono_preprocessed\G81-50110-1111-20915.wav,998
Mono_Continuous,NoFX,C:\TCC\Reproduzir_artigo\data\GUITAR-FX\Mono_Continuous\Audio\_NoFX_mono_preprocessed\G81-51111-1111-20916.wav,998
Mono_Continuous,NoFX,C:\TCC\Reproduzir_artigo\data\GUITAR-FX\Mono_Continuous\Audio\_NoFX_mono_preprocessed\G81-52112-1111-20917.wav,998
Mono_Continuous,NoFX,C:\TCC\Reproduzir_artigo\data\GUITAR-FX\Mono_Continuous\Audio\_NoFX_mono_preprocessed\G81-55305-1111-20936.wav,998
Mono_Continuous,NoFX,C:\TCC\Reproduzir_artigo\data\GUITAR-FX\Mono_Continuous\Audio\_NoFX_mono_preprocessed\G81-55400-1111-20944.wav,998
Mono_Continuous,NoFX,C:\TCC\Reproduzir_artigo\data\GUITAR-FX\Mono_Continuous\Audio\_NoFX_mono_preprocessed\G81-56211-1111-20929.wav,998
Mono_Continuous,NoFX,C:\TCC\Reproduzir_artigo\data\GUITAR-FX\Mono_Continuous\Audio\_NoFX_mono_preprocessed\G81-56401-1111-20945.wav,998
Mono_Continuous,NoFX,C:\TCC\Reproduzir_artigo\data\GUITAR-FX\Mono_Continuous\Audio\_NoFX_mono_preprocessed\G81-57212-1111-20930.wav,998
Mono_Continuous,NoFX,C:\TCC\Reproduzir_artigo\data\GUITAR-FX\Mono_Continuous\Audio\_NoFX_mono_preprocessed\G81-57402-1111-20946.wav,998
Mono_Continuous,NoFX,C:\TCC\Reproduzir_artigo\data\GUITAR-FX\Mono_Continuous\Audio\_NoFX_mono_preprocessed\G81-58308-1111-20939.wav,998
Mono_Continuous,NoFX,C:\TCC\Reproduzir_artigo\data\GUITAR-FX\Mono_Continuous\Audio\_NoFX_mono_preprocessed\G81-58403-1111-20947.wav,998
Mono_Continuous,NoFX,C:\TCC\Reproduzir_artigo\data\GUITAR-FX\Mono_Continuous\Audio\_NoFX_mono_preprocessed\G81-59500-1111-20957.wav,998
Mono_Continuous,NoFX,C:\TCC\Reproduzir_artigo\data\GUITAR-FX\Mono_Continuous\Audio\_NoFX_mono_preprocessed\G81-60501-1111-20958.wav,998
Mono_Continuous,NoFX,C:\TCC\Reproduzir_artigo\data\GUITAR-FX\Mono_Continuous\Audio\_NoFX_mono_preprocessed\G81-61406-1111-20950.wav,998
Mono_Continuous,NoFX,C:\TCC\Reproduzir_artigo\data\GUITAR-FX\Mono_Continuous\Audio\_NoFX_mono_preprocessed\G81-62407-1111-20951.wav,998
Mono_Continuous,NoFX,C:\TCC\Reproduzir_artigo\data\GUITAR-FX\Mono_Continuous\Audio\_NoFX_mono_preprocessed\G81-63408-1111-20952.wav,998
Mono_Continuous,NoFX,C:\TCC\Reproduzir_artigo\data\GUITAR-FX\Mono_Continuous\Audio\_NoFX_mono_preprocessed\G81-64409-1111-20953.wav,998
Mono_Continuous,NoFX,C:\TCC\Reproduzir_artigo\data\GUITAR-FX\Mono_Continuous\Audio\_NoFX_mono_preprocessed\G81-65410-1111-20954.wav,998
Mono_Continuous,NoFX,C:\TCC\Reproduzir_artigo\data\GUITAR-FX\Mono_Continuous\Audio\_NoFX_mono_preprocessed\G81-65506-1111-20963.wav,998
Mono_Continuous,NoFX,C:\TCC\Reproduzir_artigo\data\GUITAR-FX\Mono_Continuous\Audio\_NoFX_mono_preprocessed\G81-68509-1111-20966.wav,998
Mono_Continuous,NoFX,C:\TCC\Reproduzir_artigo\data\GUITAR-FX\Mono_Continuous\Audio\_NoFX_mono_preprocessed\G81-68604-1111-20974.wav,998
Mono_Continuous,NoFX,C:\TCC\Reproduzir_artigo\data\GUITAR-FX\Mono_Continuous\Audio\_NoFX_mono_preprocessed\G81-70511-1111-20968.wav,998
Mono_Continuous,NoFX,C:\TCC\Reproduzir_artigo\data\GUITAR-FX\Mono_Continuous\Audio\_NoFX_mono_preprocessed\G81-70606-1111-20976.wav,998
Mono_Continuous,NoFX,C:\TCC\Reproduzir_artigo\data\GUITAR-FX\Mono_Continuous\Audio\_NoFX_mono_preprocessed\G81-71607-1111-20977.wav,998
Mono_Continuous,NoFX,C:\TCC\Reproduzir_artigo\data\GUITAR-FX\Mono_Continuous\Audio\_NoFX_mono_preprocessed\G81-75611-1111-20981.wav,998
Mono_Continuous,NoFX,C:\TCC\Reproduzir_artigo\data\GUITAR-FX\Mono_Continuous\Audio\_NoFX_mono_preprocessed\G81-76612-1111-20982.wav,998
Mono_Continuous,NoFX,C:\TCC\Reproduzir_artigo\data\GUITAR-FX\Mono_Continuous\Audio\_NoFX_mono_preprocessed\G83-40100-1111-20983.wav,998
Mono_Continuous,NoFX,C:\TCC\Reproduzir_artigo\data\GUITAR-FX\Mono_Continuous\Audio\_NoFX_mono_preprocessed\G83-41101-1111-20984.wav,998
Mono_Continuous,NoFX,C:\TCC\Reproduzir_artigo\data\GUITAR-FX\Mono_Continuous\Audio\_NoFX_mono_preprocessed\G83-45105-1111-20988.wav,998
Mono_Continuous,NoFX,C:\TCC\Reproduzir_artigo\data\GUITAR-FX\Mono_Continuous\Audio\_NoFX_mono_preprocessed\G83-46201-1111-20997.wav,998
Mono_Continuous,NoFX,C:\TCC\Reproduzir_artigo\data\GUITAR-FX\Mono_Continuous\Audio\_NoFX_mono_preprocessed\G83-47107-1111-20990.wav,998
Mono_Continuous,NoFX,C:\TCC\Reproduzir_artigo\data\GUITAR-FX\Mono_Continuous\Audio\_NoFX_mono_preprocessed\G83-48108-1111-20991.wav,998
Mono_Continuous,NoFX,C:\TCC\Reproduzir_artigo\data\GUITAR-FX\Mono_Continuous\Audio\_NoFX_mono_preprocessed\G83-48203-1111-20999.wav,998
Mono_Continuous,NoFX,C:\TCC\Reproduzir_artigo\data\GUITAR-FX\Mono_Continuous\Audio\_NoFX_mono_preprocessed\G83-49109-1111-20992.wav,998
Mono_Continuous,NoFX,C:\TCC\Reproduzir_artigo\data\GUITAR-FX\Mono_Continuous\Audio\_NoFX_mono_preprocessed\G83-49204-1111-21000.wav,998
Mono_Continuous,NoFX,C:\TCC\Reproduzir_artigo\data\GUITAR-FX\Mono_Continuous\Audio\_NoFX_mono_preprocessed\G83-50110-1111-20993.wav,998
Mono_Continuous,NoFX,C:\TCC\Reproduzir_artigo\data\GUITAR-FX\Mono_Continuous\Audio\_NoFX_mono_preprocessed\G83-51111-1111-20994.wav,998
Mono_Continuous,NoFX,C:\TCC\Reproduzir_artigo\data\GUITAR-FX\Mono_Continuous\Audio\_NoFX_mono_preprocessed\G83-52112-1111-20995.wav,998
Mono_Continuous,NoFX,C:\TCC\Reproduzir_artigo\data\GUITAR-FX\Mono_Continuous\Audio\_NoFX_mono_preprocessed\G83-54304-1111-21013.wav,998
Mono_Continuous,NoFX,C:\TCC\Reproduzir_artigo\data\GUITAR-FX\Mono_Continuous\Audio\_NoFX_mono_preprocessed\G83-55210-1111-21006.wav,998
Mono_Continuous,NoFX,C:\TCC\Reproduzir_artigo\data\GUITAR-FX\Mono_Continuous\Audio\_NoFX_mono_preprocessed\G83-55305-1111-21014.wav,998
Mono_Continuous,NoFX,C:\TCC\Reproduzir_artigo\data\GUITAR-FX\Mono_Continuous\Audio\_NoFX_mono_preprocessed\G83-55400-1111-21022.wav,998
Mono_Continuous,NoFX,C:\TCC\Reproduzir_artigo\data\GUITAR-FX\Mono_Continuous\Audio\_NoFX_mono_preprocessed\G83-56211-1111-21007.wav,998
Mono_Continuous,NoFX,C:\TCC\Reproduzir_artigo\data\GUITAR-FX\Mono_Continuous\Audio\_NoFX_mono_preprocessed\G83-56401-1111-21023.wav,998
Mono_Continuous,NoFX,C:\TCC\Reproduzir_artigo\data\GUITAR-FX\Mono_Continuous\Audio\_NoFX_mono_preprocessed\G83-57212-1111-21008.wav,998
Mono_Continuous,NoFX,C:\TCC\Reproduzir_artigo\data\GUITAR-FX\Mono_Continuous\Audio\_NoFX_mono_preprocessed\G83-58308-1111-21017.wav,998
Mono_Continuous,NoFX,C:\TCC\Reproduzir_artigo\data\GUITAR-FX\Mono_Continuous\Audio\_NoFX_mono_preprocessed\G83-60310-1111-21019.wav,998
Mono_Continuous,NoFX,C:\TCC\Reproduzir_artigo\data\GUITAR-FX\Mono_Continuous\Audio\_NoFX_mono_preprocessed\G83-60405-1111-21027.wav,998
Mono_Continuous,NoFX,C:\TCC\Reproduzir_artigo\data\GUITAR-FX\Mono_Continuous\Audio\_NoFX_mono_preprocessed\G83-61311-1111-21020.wav,998
Mono_Continuous,NoFX,C:\TCC\Reproduzir_artigo\data\GUITAR-FX\Mono_Continuous\Audio\_NoFX_mono_preprocessed\G83-61406-1111-21028.wav,998
Mono_Continuous,NoFX,C:\TCC\Reproduzir_artigo\data\GUITAR-FX\Mono_Continuous\Audio\_NoFX_mono_preprocessed\G83-62407-1111-21029.wav,998
Mono_Continuous,NoFX,C:\TCC\Reproduzir_artigo\data\GUITAR-FX\Mono_Continuous\Audio\_NoFX_mono_preprocessed\G83-64505-1111-21040.wav,998
Mono_Continuous,NoFX,C:\TCC\Reproduzir_artigo\data\GUITAR-FX\Mono_Continuous\Audio\_NoFX_mono_preprocessed\G83-65410-1111-21032.wav,998
Mono_Continuous,NoFX,C:\TCC\Reproduzir_artigo\data\GUITAR-FX\Mono_Continuous\Audio\_NoFX_mono_preprocessed\G83-69605-1111-21053.wav,998
Mono_Continuous,NoFX,C:\TCC\Reproduzir_artigo\data\GUITAR-FX\Mono_Continuous\Audio\_NoFX_mono_preprocessed\G83-70511-1111-21046.wav,998
Mono_Continuous,NoFX,C:\TCC\Reproduzir_artigo\data\GUITAR-FX\Mono_Continuous\Audio\_NoFX_mono_preprocessed\G83-70606-1111-21054.wav,998
Mono_Continuous,NoFX,C:\TCC\Reproduzir_artigo\data\GUITAR-FX\Mono_Continuous\Audio\_NoFX_mono_preprocessed\G83-72608-1111-21056.wav,998
Mono_Continuous,NoFX,C:\TCC\Reproduzir_artigo\data\GUITAR-FX\Mono_Continuous\Audio\_NoFX_mono_preprocessed\G83-75611-1111-21059.wav,998
Mono_Continuous,NoFX,C:\TCC\Reproduzir_artigo\data\GUITAR-FX\Mono_Continuous\Audio\_NoFX_mono_preprocessed\G91-40100-1111-21061.wav,998
Mono_Continuous,NoFX,C:\TCC\Reproduzir_artigo\data\GUITAR-FX\Mono_Continuous\Audio\_NoFX_mono_preprocessed\G91-45105-1111-21066.wav,998
Mono_Continuous,NoFX,C:\TCC\Reproduzir_artigo\data\GUITAR-FX\Mono_Continuous\Audio\_NoFX_mono_preprocessed\G91-46106-1111-21067.wav,998
Mono_Continuous,NoFX,C:\TCC\Reproduzir_artigo\data\GUITAR-FX\Mono_Continuous\Audio\_NoFX_mono_preprocessed\G91-49109-1111-21070.wav,998
Mono_Continuous,NoFX,C:\TCC\Reproduzir_artigo\data\GUITAR-FX\Mono_Continuous\Audio\_NoFX_mono_preprocessed\G91-50110-1111-21071.wav,998
Mono_Continuous,NoFX,C:\TCC\Reproduzir_artigo\data\GUITAR-FX\Mono_Continuous\Audio\_NoFX_mono_preprocessed\G91-50205-1111-21079.wav,998
Mono_Continuous,NoFX,C:\TCC\Reproduzir_artigo\data\GUITAR-FX\Mono_Continuous\Audio\_NoFX_mono_preprocessed\G91-51111-1111-21072.wav,998
Mono_Continuous,NoFX,C:\TCC\Reproduzir_artigo\data\GUITAR-FX\Mono_Continuous\Audio\_NoFX_mono_preprocessed\G91-52112-1111-21073.wav,998
Mono_Continuous,NoFX,C:\TCC\Reproduzir_artigo\data\GUITAR-FX\Mono_Continuous\Audio\_NoFX_mono_preprocessed\G91-52207-1111-21081.wav,998
Mono_Continuous,NoFX,C:\TCC\Reproduzir_artigo\data\GUITAR-FX\Mono_Continuous\Audio\_NoFX_mono_preprocessed\G91-52302-1111-21089.wav,998
Mono_Continuous,NoFX,C:\TCC\Reproduzir_artigo\data\GUITAR-FX\Mono_Continuous\Audio\_NoFX_mono_preprocessed\G91-53303-1111-21090.wav,998
Mono_Continuous,NoFX,C:\TCC\Reproduzir_artigo\data\GUITAR-FX\Mono_Continuous\Audio\_NoFX_mono_preprocessed\G91-55210-1111-21084.wav,998
Mono_Continuous,NoFX,C:\TCC\Reproduzir_artigo\data\GUITAR-FX\Mono_Continuous\Audio\_NoFX_mono_preprocessed\G91-56401-1111-21101.wav,998
Mono_Continuous,NoFX,C:\TCC\Reproduzir_artigo\data\GUITAR-FX\Mono_Continuous\Audio\_NoFX_mono_preprocessed\G91-57212-1111-21086.wav,998
Mono_Continuous,NoFX,C:\TCC\Reproduzir_artigo\data\GUITAR-FX\Mono_Continuous\Audio\_NoFX_mono_preprocessed\G91-57307-1111-21094.wav,998
Mono_Continuous,NoFX,C:\TCC\Reproduzir_artigo\data\GUITAR-FX\Mono_Continuous\Audio\_NoFX_mono_preprocessed\G91-57402-1111-21102.wav,998
Mono_Continuous,NoFX,C:\TCC\Reproduzir_artigo\data\GUITAR-FX\Mono_Continuous\Audio\_NoFX_mono_preprocessed\G91-58403-1111-21103.wav,998
Mono_Continuous,NoFX,C:\TCC\Reproduzir_artigo\data\GUITAR-FX\Mono_Continuous\Audio\_NoFX_mono_preprocessed\G91-60310-1111-21097.wav,998
Mono_Continuous,NoFX,C:\TCC\Reproduzir_artigo\data\GUITAR-FX\Mono_Continuous\Audio\_NoFX_mono_preprocessed\G91-61311-1111-21098.wav,998
Mono_Continuous,NoFX,C:\TCC\Reproduzir_artigo\data\GUITAR-FX\Mono_Continuous\Audio\_NoFX_mono_preprocessed\G91-62503-1111-21116.wav,998
Mono_Continuous,NoFX,C:\TCC\Reproduzir_artigo\data\GUITAR-FX\Mono_Continuous\Audio\_NoFX_mono_preprocessed\G91-63408-1111-21108.wav,998
Mono_Continuous,NoFX,C:\TCC\Reproduzir_artigo\data\GUITAR-FX\Mono_Continuous\Audio\_NoFX_mono_preprocessed\G91-64505-1111-21118.wav,998
Mono_Continuous,NoFX,C:\TCC\Reproduzir_artigo\data\GUITAR-FX\Mono_Continuous\Audio\_NoFX_mono_preprocessed\G91-66411-1111-21111.wav,998
Mono_Continuous,NoFX,C:\TCC\Reproduzir_artigo\data\GUITAR-FX\Mono_Continuous\Audio\_NoFX_mono_preprocessed\G91-66602-1111-21128.wav,998
Mono_Continuous,NoFX,C:\TCC\Reproduzir_artigo\data\GUITAR-FX\Mono_Continuous\Audio\_NoFX_mono_preprocessed\G91-67603-1111-21129.wav,998
Mono_Continuous,NoFX,C:\TCC\Reproduzir_artigo\data\GUITAR-FX\Mono_Continuous\Audio\_NoFX_mono_preprocessed\G91-68509-1111-21122.wav,998
Mono_Continuous,NoFX,C:\TCC\Reproduzir_artigo\data\GUITAR-FX\Mono_Continuous\Audio\_NoFX_mono_preprocessed\G91-71607-1111-21133.wav,998
Mono_Continuous,NoFX,C:\TCC\Reproduzir_artigo\data\GUITAR-FX\Mono_Continuous\Audio\_NoFX_mono_preprocessed\G91-72608-1111-21134.wav,998
Mono_Continuous,NoFX,C:\TCC\Reproduzir_artigo\data\GUITAR-FX\Mono_Continuous\Audio\_NoFX_mono_preprocessed\G91-74610-1111-21136.wav,998
Mono_Continuous,NoFX,C:\TCC\Reproduzir_artigo\data\GUITAR-FX\Mono_Continuous\Audio\_NoFX_mono_preprocessed\G91-76612-1111-21138.wav,998
Mono_Continuous,NoFX,C:\TCC\Reproduzir_artigo\data\GUITAR-FX\Mono_Continuous\Audio\_NoFX_mono_preprocessed\G93-45200-1111-21152.wav,998
Mono_Continuous,NoFX,C:\TCC\Reproduzir_artigo\data\GUITAR-FX\Mono_Continuous\Audio\_NoFX_mono_preprocessed\G93-46201-1111-21153.wav,998
Mono_Continuous,NoFX,C:\TCC\Reproduzir_artigo\data\GUITAR-FX\Mono_Continuous\Audio\_NoFX_mono_preprocessed\G93-47202-1111-21154.wav,998
Mono_Continuous,NoFX,C:\TCC\Reproduzir_artigo\data\GUITAR-FX\Mono_Continuous\Audio\_NoFX_mono_preprocessed\G93-48203-1111-21155.wav,998
Mono_Continuous,NoFX,C:\TCC\Reproduzir_artigo\data\GUITAR-FX\Mono_Continuous\Audio\_NoFX_mono_preprocessed\G93-49204-1111-21156.wav,998
Mono_Continuous,NoFX,C:\TCC\Reproduzir_artigo\data\GUITAR-FX\Mono_Continuous\Audio\_NoFX_mono_preprocessed\G93-50205-1111-21157.wav,998
Mono_Continuous,NoFX,C:\TCC\Reproduzir_artigo\data\GUITAR-FX\Mono_Continuous\Audio\_NoFX_mono_preprocessed\G93-51206-1111-21158.wav,998
Mono_Continuous,NoFX,C:\TCC\Reproduzir_artigo\data\GUITAR-FX\Mono_Continuous\Audio\_NoFX_mono_preprocessed\G93-52112-1111-21151.wav,998
Mono_Continuous,NoFX,C:\TCC\Reproduzir_artigo\data\GUITAR-FX\Mono_Continuous\Audio\_NoFX_mono_preprocessed\G93-53208-1111-21160.wav,998
Mono_Continuous,NoFX,C:\TCC\Reproduzir_artigo\data\GUITAR-FX\Mono_Continuous\Audio\_NoFX_mono_preprocessed\G93-53303-1111-21168.wav,998
Mono_Continuous,NoFX,C:\TCC\Reproduzir_artigo\data\GUITAR-FX\Mono_Continuous\Audio\_NoFX_mono_preprocessed\G93-54304-1111-21169.wav,998
Mono_Continuous,NoFX,C:\TCC\Reproduzir_artigo\data\GUITAR-FX\Mono_Continuous\Audio\_NoFX_mono_preprocessed\G93-55400-1111-21178.wav,998
Mono_Continuous,NoFX,C:\TCC\Reproduzir_artigo\data\GUITAR-FX\Mono_Continuous\Audio\_NoFX_mono_preprocessed\G93-58308-1111-21173.wav,998
Mono_Continuous,NoFX,C:\TCC\Reproduzir_artigo\data\GUITAR-FX\Mono_Continuous\Audio\_NoFX_mono_preprocessed\G93-61311-1111-21176.wav,998
Mono_Continuous,NoFX,C:\TCC\Reproduzir_artigo\data\GUITAR-FX\Mono_Continuous\Audio\_NoFX_mono_preprocessed\G93-62312-1111-21177.wav,998
Mono_Continuous,NoFX,C:\TCC\Reproduzir_artigo\data\GUITAR-FX\Mono_Continuous\Audio\_NoFX_mono_preprocessed\G93-62407-1111-21185.wav,998
Mono_Continuous,NoFX,C:\TCC\Reproduzir_artigo\data\GUITAR-FX\Mono_Continuous\Audio\_NoFX_mono_preprocessed\G93-63408-1111-21186.wav,998
Mono_Continuous,NoFX,C:\TCC\Reproduzir_artigo\data\GUITAR-FX\Mono_Continuous\Audio\_NoFX_mono_preprocessed\G93-63504-1111-21195.wav,998
Mono_Continuous,NoFX,C:\TCC\Reproduzir_artigo\data\GUITAR-FX\Mono_Continuous\Audio\_NoFX_mono_preprocessed\G93-64409-1111-21187.wav,998
Mono_Continuous,NoFX,C:\TCC\Reproduzir_artigo\data\GUITAR-FX\Mono_Continuous\Audio\_NoFX_mono_preprocessed\G93-65410-1111-21188.wav,998
Mono_Continuous,NoFX,C:\TCC\Reproduzir_artigo\data\GUITAR-FX\Mono_Continuous\Audio\_NoFX_mono_preprocessed\G93-65506-1111-21197.wav,998
Mono_Continuous,NoFX,C:\TCC\Reproduzir_artigo\data\GUITAR-FX\Mono_Continuous\Audio\_NoFX_mono_preprocessed\G93-66602-1111-21206.wav,998
Mono_Continuous,NoFX,C:\TCC\Reproduzir_artigo\data\GUITAR-FX\Mono_Continuous\Audio\_NoFX_mono_preprocessed\G93-68509-1111-21200.wav,998
Mono_Continuous,NoFX,C:\TCC\Reproduzir_artigo\data\GUITAR-FX\Mono_Continuous\Audio\_NoFX_mono_preprocessed\G93-70606-1111-21210.wav,998
Mono_Continuous,NoFX,C:\TCC\Reproduzir_artigo\data\GUITAR-FX\Mono_Continuous\Audio\_NoFX_mono_preprocessed\G93-71512-1111-21203.wav,998
Mono_Continuous,NoFX,C:\TCC\Reproduzir_artigo\data\GUITAR-FX\Mono_Continuous\Audio\_NoFX_mono_preprocessed\G93-74610-1111-21214.wav,998
Mono_Continuous,NoFX,C:\TCC\Reproduzir_artigo\data\GUITAR-FX\Mono_Continuous\Audio\_NoFX_mono_preprocessed\G93-76612-1111-21216.wav,998
Mono_Continuous,BD2,C:\TCC\Reproduzir_artigo\data\GUITAR-FX\Mono_Continuous\Audio\BD2\G61-43103-BD2-G8.7T3.6-20596.wav,998
Mono_Continuous,BD2,C:\TCC\Reproduzir_artigo\data\GUITAR-FX\Mono_Continuous\Audio\BD2\G61-44104-BD2-G2.4T4.4-20597.wav,998
Mono_Continuous,BD2,C:\TCC\Reproduzir_artigo\data\GUITAR-FX\Mono_Continuous\Audio\BD2\G61-44104-BD2-G4.6T7.6-20597.wav,998
Mono_Continuous,BD2,C:\TCC\Reproduzir_artigo\data\GUITAR-FX\Mono_Continuous\Audio\BD2\G61-46106-BD2-G8.4T2.9-20599.wav,998
Mono_Continuous,BD2,C:\TCC\Reproduzir_artigo\data\GUITAR-FX\Mono_Continuous\Audio\BD2\G61-46201-BD2-G7.6T1.3-20607.wav,998
Mono_Continuous,BD2,C:\TCC\Reproduzir_artigo\data\GUITAR-FX\Mono_Continuous\Audio\BD2\G61-49109-BD2-G7T2.4-20602.wav,998
Mono_Continuous,BD2,C:\TCC\Reproduzir_artigo\data\GUITAR-FX\Mono_Continuous\Audio\BD2\G61-54209-BD2-G6.4T7.4-20615.wav,998
Mono_Continuous,BD2,C:\TCC\Reproduzir_artigo\data\GUITAR-FX\Mono_Continuous\Audio\BD2\G61-54304-BD2-G3.7T4.9-20623.wav,998
Mono_Continuous,BD2,C:\TCC\Reproduzir_artigo\data\GUITAR-FX\Mono_Continuous\Audio\BD2\G61-54304-BD2-G9.8T2-20623.wav,998
Mono_Continuous,BD2,C:\TCC\Reproduzir_artigo\data\GUITAR-FX\Mono_Continuous\Audio\BD2\G61-56306-BD2-G10T4.1-20625.wav,998
Mono_Continuous,BD2,C:\TCC\Reproduzir_artigo\data\GUITAR-FX\Mono_Continuous\Audio\BD2\G61-58308-BD2-G5.7T1.6-20627.wav,998
Mono_Continuous,BD2,C:\TCC\Reproduzir_artigo\data\GUITAR-FX\Mono_Continuous\Audio\BD2\G61-60405-BD2-G6.9T7.6-20637.wav,998
Mono_Continuous,BD2,C:\TCC\Reproduzir_artigo\data\GUITAR-FX\Mono_Continuous\Audio\BD2\G61-61502-BD2-G4.3T0.1-20647.wav,998
Mono_Continuous,BD2,C:\TCC\Reproduzir_artigo\data\GUITAR-FX\Mono_Continuous\Audio\BD2\G61-62407-BD2-G3.8T9.3-20639.wav,998
Mono_Continuous,BD2,C:\TCC\Reproduzir_artigo\data\GUITAR-FX\Mono_Continuous\Audio\BD2\G61-63408-BD2-G3.6T2.5-20640.wav,998
Mono_Continuous,BD2,C:\TCC\Reproduzir_artigo\data\GUITAR-FX\Mono_Continuous\Audio\BD2\G61-63408-BD2-G8.2T2.6-20640.wav,998
Mono_Continuous,BD2,C:\TCC\Reproduzir_artigo\data\GUITAR-FX\Mono_Continuous\Audio\BD2\G61-64409-BD2-G7.1T3.8-20641.wav,998
Mono_Continuous,BD2,C:\TCC\Reproduzir_artigo\data\GUITAR-FX\Mono_Continuous\Audio\BD2\G61-64505-BD2-G6.3T5.1-20650.wav,998
Mono_Continuous,BD2,C:\TCC\Reproduzir_artigo\data\GUITAR-FX\Mono_Continuous\Audio\BD2\G61-65601-BD2-G5.4T5.8-20659.wav,998
Mono_Continuous,BD2,C:\TCC\Reproduzir_artigo\data\GUITAR-FX\Mono_Continuous\Audio\BD2\G61-73609-BD2-G5.8T1.7-20667.wav,998
Mono_Continuous,BD2,C:\TCC\Reproduzir_artigo\data\GUITAR-FX\Mono_Continuous\Audio\BD2\G61-73609-BD2-G8T7-20667.wav,998
Mono_Continuous,BD2,C:\TCC\Reproduzir_artigo\data\GUITAR-FX\Mono_Continuous\Audio\BD2\G61-75611-BD2-G4.2T3.8-20669.wav,998
Mono_Continuous,BD2,C:\TCC\Reproduzir_artigo\data\GUITAR-FX\Mono_Continuous\Audio\BD2\G61-75611-BD2-G8.9T5.7-20669.wav,998
Mono_Continuous,BD2,C:\TCC\Reproduzir_artigo\data\GUITAR-FX\Mono_Continuous\Audio\BD2\G61-76612-BD2-G5.5T8.8-20670.wav,998
Mono_Continuous,BD2,C:\TCC\Reproduzir_artigo\data\GUITAR-FX\Mono_Continuous\Audio\BD2\G63-41101-BD2-G9.9T2.9-20672.wav,998
Mono_Continuous,BD2,C:\TCC\Reproduzir_artigo\data\GUITAR-FX\Mono_Continuous\Audio\BD2\G63-44104-BD2-G7.1T6.6-20675.wav,998
Mono_Continuous,BD2,C:\TCC\Reproduzir_artigo\data\GUITAR-FX\Mono_Continuous\Audio\BD2\G63-44104-BD2-G8.8T0.3-20675.wav,998
Mono_Continuous,BD2,C:\TCC\Reproduzir_artigo\data\GUITAR-FX\Mono_Continuous\Audio\BD2\G63-45105-BD2-G3.6T6.2-20676.wav,998
Mono_Continuous,BD2,C:\TCC\Reproduzir_artigo\data\GUITAR-FX\Mono_Continuous\Audio\BD2\G63-47107-BD2-G6T7.3-20678.wav,998
Mono_Continuous,BD2,C:\TCC\Reproduzir_artigo\data\GUITAR-FX\Mono_Continuous\Audio\BD2\G63-47202-BD2-G8.2T6.1-20686.wav,998
Mono_Continuous,BD2,C:\TCC\Reproduzir_artigo\data\GUITAR-FX\Mono_Continuous\Audio\BD2\G63-48108-BD2-G6.8T4.5-20679.wav,998
Mono_Continuous,BD2,C:\TCC\Reproduzir_artigo\data\GUITAR-FX\Mono_Continuous\Audio\BD2\G63-49109-BD2-G6.6T6.9-20680.wav,998
Mono_Continuous,BD2,C:\TCC\Reproduzir_artigo\data\GUITAR-FX\Mono_Continuous\Audio\BD2\G63-49204-BD2-G7.2T8-20688.wav,998
Mono_Continuous,BD2,C:\TCC\Reproduzir_artigo\data\GUITAR-FX\Mono_Continuous\Audio\BD2\G63-50110-BD2-G2.7T0.3-20681.wav,998
Mono_Continuous,BD2,C:\TCC\Reproduzir_artigo\data\GUITAR-FX\Mono_Continuous\Audio\BD2\G63-50300-BD2-G2.2T4.6-20697.wav,998
Mono_Continuous,BD2,C:\TCC\Reproduzir_artigo\data\GUITAR-FX\Mono_Continuous\Audio\BD2\G63-51111-BD2-G2.6T8.7-20682.wav,998
Mono_Continuous,BD2,C:\TCC\Reproduzir_artigo\data\GUITAR-FX\Mono_Continuous\Audio\BD2\G63-53208-BD2-G7T1.9-20692.wav,998
Mono_Continuous,BD2,C:\TCC\Reproduzir_artigo\data\GUITAR-FX\Mono_Continuous\Audio\BD2\G63-53208-BD2-G8.9T6.5-20692.wav,998
Mono_Continuous,BD2,C:\TCC\Reproduzir_artigo\data\GUITAR-FX\Mono_Continuous\Audio\BD2\G63-53303-BD2-G6.2T3.8-20700.wav,998
Mono_Continuous,BD2,C:\TCC\Reproduzir_artigo\data\GUITAR-FX\Mono_Continuous\Audio\BD2\G63-54304-BD2-G5.5T7.5-20701.wav,998
Mono_Continuous,BD2,C:\TCC\Reproduzir_artigo\data\GUITAR-FX\Mono_Continuous\Audio\BD2\G63-55305-BD2-G6.1T7.5-20702.wav,998
Mono_Continuous,BD2,C:\TCC\Reproduzir_artigo\data\GUITAR-FX\Mono_Continuous\Audio\BD2\G63-56401-BD2-G6T6.1-20711.wav,998
Mono_Continuous,BD2,C:\TCC\Reproduzir_artigo\data\GUITAR-FX\Mono_Continuous\Audio\BD2\G63-57212-BD2-G7.7T4.5-20696.wav,998
Mono_Continuous,BD2,C:\TCC\Reproduzir_artigo\data\GUITAR-FX\Mono_Continuous\Audio\BD2\G63-57307-BD2-G7.3T7.5-20704.wav,998
Mono_Continuous,BD2,C:\TCC\Reproduzir_artigo\data\GUITAR-FX\Mono_Continuous\Audio\BD2\G63-57402-BD2-G8.5T1.2-20712.wav,998
Mono_Continuous,BD2,C:\TCC\Reproduzir_artigo\data\GUITAR-FX\Mono_Continuous\Audio\BD2\G63-60310-BD2-G3T6.8-20707.wav,998
Mono_Continuous,BD2,C:\TCC\Reproduzir_artigo\data\GUITAR-FX\Mono_Continuous\Audio\BD2\G63-60501-BD2-G8.8T6.4-20724.wav,998
Mono_Continuous,BD2,C:\TCC\Reproduzir_artigo\data\GUITAR-FX\Mono_Continuous\Audio\BD2\G63-61502-BD2-G4.9T2.8-20725.wav,998
Mono_Continuous,BD2,C:\TCC\Reproduzir_artigo\data\GUITAR-FX\Mono_Continuous\Audio\BD2\G63-61502-BD2-G7T6.7-20725.wav,998
Mono_Continuous,BD2,C:\TCC\Reproduzir_artigo\data\GUITAR-FX\Mono_Continuous\Audio\BD2\G63-62407-BD2-G8.2T8.6-20717.wav,998
Mono_Continuous,BD2,C:\TCC\Reproduzir_artigo\data\GUITAR-FX\Mono_Continuous\Audio\BD2\G63-63408-BD2-G4.7T8.1-20718.wav,998
Mono_Continuous,BD2,C:\TCC\Reproduzir_artigo\data\GUITAR-FX\Mono_Continuous\Audio\BD2\G63-63504-BD2-G2.1T0.6-20727.wav,998
Mono_Continuous,BD2,C:\TCC\Reproduzir_artigo\data\GUITAR-FX\Mono_Continuous\Audio\BD2\G63-64600-BD2-G3.2T8.7-20736.wav,998
Mono_Continuous,BD2,C:\TCC\Reproduzir_artigo\data\GUITAR-FX\Mono_Continuous\Audio\BD2\G63-65601-BD2-G6.9T8.8-20737.wav,998
Mono_Continuous,BD2,C:\TCC\Reproduzir_artigo\data\GUITAR-FX\Mono_Continuous\Audio\BD2\G63-67508-BD2-G4.9T4.2-20731.wav,998
Mono_Continuous,BD2,C:\TCC\Reproduzir_artigo\data\GUITAR-FX\Mono_Continuous\Audio\BD2\G63-67603-BD2-G8.8T3.7-20739.wav,998
Mono_Continuous,BD2,C:\TCC\Reproduzir_artigo\data\GUITAR-FX\Mono_Continuous\Audio\BD2\G63-68509-BD2-G7T1.3-20732.wav,998
Mono_Continuous,BD2,C:\TCC\Reproduzir_artigo\data\GUITAR-FX\Mono_Continuous\Audio\BD2\G63-68604-BD2-G9.8T8.2-20740.wav,998
Mono_Continuous,BD2,C:\TCC\Reproduzir_artigo\data\GUITAR-FX\Mono_Continuous\Audio\BD2\G63-71512-BD2-G4.9T3.4-20735.wav,998
Mono_Continuous,BD2,C:\TCC\Reproduzir_artigo\data\GUITAR-FX\Mono_Continuous\Audio\BD2\G63-71607-BD2-G5.2T2.2-20743.wav,998
Mono_Continuous,BD2,C:\TCC\Reproduzir_artigo\data\GUITAR-FX\Mono_Continuous\Audio\BD2\G63-71607-BD2-G6.2T1.7-20743.wav,998
Mono_Continuous,BD2,C:\TCC\Reproduzir_artigo\data\GUITAR-FX\Mono_Continuous\Audio\BD2\G63-74610-BD2-G4.1T1.9-20746.wav,998
Mono_Continuous,BD2,C:\TCC\Reproduzir_artigo\data\GUITAR-FX\Mono_Continuous\Audio\BD2\G71-40100-BD2-G9.2T7-20749.wav,998
Mono_Continuous,BD2,C:\TCC\Reproduzir_artigo\data\GUITAR-FX\Mono_Continuous\Audio\BD2\G71-41101-BD2-G8T2.6-20750.wav,998
Mono_Continuous,BD2,C:\TCC\Reproduzir_artigo\data\GUITAR-FX\Mono_Continuous\Audio\BD2\G71-42102-BD2-G3.2T9.2-20751.wav,998
Mono_Continuous,BD2,C:\TCC\Reproduzir_artigo\data\GUITAR-FX\Mono_Continuous\Audio\BD2\G71-45105-BD2-G6.2T1-20754.wav,998
Mono_Continuous,BD2,C:\TCC\Reproduzir_artigo\data\GUITAR-FX\Mono_Continuous\Audio\BD2\G71-45200-BD2-G9.3T0.3-20762.wav,998
Mono_Continuous,BD2,C:\TCC\Reproduzir_artigo\data\GUITAR-FX\Mono_Continuous\Audio\BD2\G71-46201-BD2-G5.6T9.7-20763.wav,998
Mono_Continuous,BD2,C:\TCC\Reproduzir_artigo\data\GUITAR-FX\Mono_Continuous\Audio\BD2\G71-46201-BD2-G8.9T1.3-20763.wav,998
Mono_Continuous,BD2,C:\TCC\Reproduzir_artigo\data\GUITAR-FX\Mono_Continuous\Audio\BD2\G71-49204-BD2-G4.7T2.6-20766.wav,998
Mono_Continuous,BD2,C:\TCC\Reproduzir_artigo\data\GUITAR-FX\Mono_Continuous\Audio\BD2\G71-50110-BD2-G5.9T0.4-20759.wav,998
Mono_Continuous,BD2,C:\TCC\Reproduzir_artigo\data\GUITAR-FX\Mono_Continuous\Audio\BD2\G71-50205-BD2-G3.7T4-20767.wav,998
Mono_Continuous,BD2,C:\TCC\Reproduzir_artigo\data\GUITAR-FX\Mono_Continuous\Audio\BD2\G71-51301-BD2-G5.5T6.5-20776.wav,998
Mono_Continuous,BD2,C:\TCC\Reproduzir_artigo\data\GUITAR-FX\Mono_Continuous\Audio\BD2\G71-52207-BD2-G6.9T1.5-20769.wav,998
Mono_Continuous,BD2,C:\TCC\Reproduzir_artigo\data\GUITAR-FX\Mono_Continuous\Audio\BD2\G71-52302-BD2-G9.7T5.4-20777.wav,998
Mono_Continuous,BD2,C:\TCC\Reproduzir_artigo\data\GUITAR-FX\Mono_Continuous\Audio\BD2\G71-55305-BD2-G5.6T7.3-20780.wav,998
Mono_Continuous,BD2,C:\TCC\Reproduzir_artigo\data\GUITAR-FX\Mono_Continuous\Audio\BD2\G71-55400-BD2-G5.1T8.6-20788.wav,998
Mono_Continuous,BD2,C:\TCC\Reproduzir_artigo\data\GUITAR-FX\Mono_Continuous\Audio\BD2\G71-56306-BD2-G3.5T0.6-20781.wav,998
Mono_Continuous,BD2,C:\TCC\Reproduzir_artigo\data\GUITAR-FX\Mono_Continuous\Audio\BD2\G71-57402-BD2-G2.5T9.5-20790.wav,998
Mono_Continuous,BD2,C:\TCC\Reproduzir_artigo\data\GUITAR-FX\Mono_Continuous\Audio\BD2\G71-58403-BD2-G2.9T2-20791.wav,998
Mono_Continuous,BD2,C:\TCC\Reproduzir_artigo\data\GUITAR-FX\Mono_Continuous\Audio\BD2\G71-58403-BD2-G4.2T3.6-20791.wav,998
Mono_Continuous,BD2,C:\TCC\Reproduzir_artigo\data\GUITAR-FX\Mono_Continuous\Audio\BD2\G71-59309-BD2-G6.5T8.2-20784.wav,998
Mono_Continuous,BD2,C:\TCC\Reproduzir_artigo\data\GUITAR-FX\Mono_Continuous\Audio\BD2\G71-59500-BD2-G2.7T8.9-20801.wav,998
Mono_Continuous,BD2,C:\TCC\Reproduzir_artigo\data\GUITAR-FX\Mono_Continuous\Audio\BD2\G71-59500-BD2-G5.6T5.2-20801.wav,998
Mono_Continuous,BD2,C:\TCC\Reproduzir_artigo\data\GUITAR-FX\Mono_Continuous\Audio\BD2\G71-62407-BD2-G4.9T3.5-20795.wav,998
Mono_Continuous,BD2,C:\TCC\Reproduzir_artigo\data\GUITAR-FX\Mono_Continuous\Audio\BD2\G71-67508-BD2-G7.8T7.9-20809.wav,998
Mono_Continuous,BD2,C:\TCC\Reproduzir_artigo\data\GUITAR-FX\Mono_Continuous\Audio\BD2\G71-69510-BD2-G9.3T0.4-20811.wav,998
Mono_Continuous,BD2,C:\TCC\Reproduzir_artigo\data\GUITAR-FX\Mono_Continuous\Audio\BD2\G71-70606-BD2-G4.1T0.8-20820.wav,998
Mono_Continuous,BD2,C:\TCC\Reproduzir_artigo\data\GUITAR-FX\Mono_Continuous\Audio\BD2\G71-73609-BD2-G2.8T7.7-20823.wav,998
Mono_Continuous,BD2,C:\TCC\Reproduzir_artigo\data\GUITAR-FX\Mono_Continuous\Audio\BD2\G71-74610-BD2-G3.1T3.8-20824.wav,998
Mono_Continuous,BD2,C:\TCC\Reproduzir_artigo\data\GUITAR-FX\Mono_Continuous\Audio\BD2\G71-76612-BD2-G7.4T7-20826.wav,998
Mono_Continuous,BD2,C:\TCC\Reproduzir_artigo\data\GUITAR-FX\Mono_Continuous\Audio\BD2\G71-76612-BD2-G8.2T6.9-20826.wav,998
Mono_Continuous,BD2,C:\TCC\Reproduzir_artigo\data\GUITAR-FX\Mono_Continuous\Audio\BD2\G73-42102-BD2-G6.8T8.4-20829.wav,998
Mono_Continuous,BD2,C:\TCC\Reproduzir_artigo\data\GUITAR-FX\Mono_Continuous\Audio\BD2\G73-42102-BD2-G9.8T4.3-20829.wav,998
Mono_Continuous,BD2,C:\TCC\Reproduzir_artigo\data\GUITAR-FX\Mono_Continuous\Audio\BD2\G73-43103-BD2-G9.1T6-20830.wav,998
Mono_Continuous,BD2,C:\TCC\Reproduzir_artigo\data\GUITAR-FX\Mono_Continuous\Audio\BD2\G73-45200-BD2-G3T8.9-20840.wav,998
Mono_Continuous,BD2,C:\TCC\Reproduzir_artigo\data\GUITAR-FX\Mono_Continuous\Audio\BD2\G73-49204-BD2-G6.1T4.2-20844.wav,998
Mono_Continuous,BD2,C:\TCC\Reproduzir_artigo\data\GUITAR-FX\Mono_Continuous\Audio\BD2\G73-51206-BD2-G10T6.7-20846.wav,998
Mono_Continuous,BD2,C:\TCC\Reproduzir_artigo\data\GUITAR-FX\Mono_Continuous\Audio\BD2\G73-52207-BD2-G7.1T3.6-20847.wav,998
Mono_Continuous,BD2,C:\TCC\Reproduzir_artigo\data\GUITAR-FX\Mono_Continuous\Audio\BD2\G73-53208-BD2-G4.3T4.7-20848.wav,998
Mono_Continuous,BD2,C:\TCC\Reproduzir_artigo\data\GUITAR-FX\Mono_Continuous\Audio\BD2\G73-53303-BD2-G5.4T9-20856.wav,998
Mono_Continuous,BD2,C:\TCC\Reproduzir_artigo\data\GUITAR-FX\Mono_Continuous\Audio\BD2\G73-54209-BD2-G8.7T9.6-20849.wav,998
Mono_Continuous,BD2,C:\TCC\Reproduzir_artigo\data\GUITAR-FX\Mono_Continuous\Audio\BD2\G73-54209-BD2-G9.2T0.4-20849.wav,998
Mono_Continuous,BD2,C:\TCC\Reproduzir_artigo\data\GUITAR-FX\Mono_Continuous\Audio\BD2\G73-55305-BD2-G9.1T7.5-20858.wav,998
Mono_Continuous,BD2,C:\TCC\Reproduzir_artigo\data\GUITAR-FX\Mono_Continuous\Audio\BD2\G73-55400-BD2-G3.3T0.4-20866.wav,998
Mono_Continuous,BD2,C:\TCC\Reproduzir_artigo\data\GUITAR-FX\Mono_Continuous\Audio\BD2\G73-55400-BD2-G7.9T9.8-20866.wav,998
Mono_Continuous,BD2,C:\TCC\Reproduzir_artigo\data\GUITAR-FX\Mono_Continuous\Audio\BD2\G73-56306-BD2-G5.5T5.5-20859.wav,998
Mono_Continuous,BD2,C:\TCC\Reproduzir_artigo\data\GUITAR-FX\Mono_Continuous\Audio\BD2\G73-56306-BD2-G9.1T8-20859.wav,998
Mono_Continuous,BD2,C:\TCC\Reproduzir_artigo\data\GUITAR-FX\Mono_Continuous\Audio\BD2\G73-57212-BD2-G4.8T4.8-20852.wav,998
Mono_Continuous,BD2,C:\TCC\Reproduzir_artigo\data\GUITAR-FX\Mono_Continuous\Audio\BD2\G73-57307-BD2-G6.4T5.1-20860.wav,998
Mono_Continuous,BD2,C:\TCC\Reproduzir_artigo\data\GUITAR-FX\Mono_Continuous\Audio\BD2\G73-59309-BD2-G4.9T9.2-20862.wav,998
Mono_Continuous,BD2,C:\TCC\Reproduzir_artigo\data\GUITAR-FX\Mono_Continuous\Audio\BD2\G73-59404-BD2-G7.7T4.5-20870.wav,998
Mono_Continuous,BD2,C:\TCC\Reproduzir_artigo\data\GUITAR-FX\Mono_Continuous\Audio\BD2\G73-60501-BD2-G2.8T1.2-20880.wav,998
Mono_Continuous,BD2,C:\TCC\Reproduzir_artigo\data\GUITAR-FX\Mono_Continuous\Audio\BD2\G73-61311-BD2-G9.8T8.4-20864.wav,998
Mono_Continuous,BD2,C:\TCC\Reproduzir_artigo\data\GUITAR-FX\Mono_Continuous\Audio\BD2\G73-61406-BD2-G4.4T4.3-20872.wav,998
Mono_Continuous,BD2,C:\TCC\Reproduzir_artigo\data\GUITAR-FX\Mono_Continuous\Audio\BD2\G73-62407-BD2-G5T4-20873.wav,998
Mono_Continuous,BD2,C:\TCC\Reproduzir_artigo\data\GUITAR-FX\Mono_Continuous\Audio\BD2\G73-63408-BD2-G10T0.6-20874.wav,998
Mono_Continuous,BD2,C:\TCC\Reproduzir_artigo\data\GUITAR-FX\Mono_Continuous\Audio\BD2\G73-65410-BD2-G3.5T1.9-20876.wav,998
Mono_Continuous,BD2,C:\TCC\Reproduzir_artigo\data\GUITAR-FX\Mono_Continuous\Audio\BD2\G73-65601-BD2-G3.2T4.4-20893.wav,998
Mono_Continuous,BD2,C:\TCC\Reproduzir_artigo\data\GUITAR-FX\Mono_Continuous\Audio\BD2\G73-65601-BD2-G5.8T5.6-20893.wav,998
Mono_Continuous,BD2,C:\TCC\Reproduzir_artigo\data\GUITAR-FX\Mono_Continuous\Audio\BD2\G73-66411-BD2-G6.3T0.9-20877.wav,998
Mono_Continuous,BD2,C:\TCC\Reproduzir_artigo\data\GUITAR-FX\Mono_Continuous\Audio\BD2\G73-66507-BD2-G4.6T8.1-20886.wav,998
Mono_Continuous,BD2,C:\TCC\Reproduzir_artigo\data\GUITAR-FX\Mono_Continuous\Audio\BD2\G73-67412-BD2-G5.5T2.6-20878.wav,998
Mono_Continuous,BD2,C:\TCC\Reproduzir_artigo\data\GUITAR-FX\Mono_Continuous\Audio\BD2\G73-67412-BD2-G7.3T5.4-20878.wav,998
Mono_Continuous,BD2,C:\TCC\Reproduzir_artigo\data\GUITAR-FX\Mono_Continuous\Audio\BD2\G73-69510-BD2-G7.1T2.8-20889.wav,998
Mono_Continuous,BD2,C:\TCC\Reproduzir_artigo\data\GUITAR-FX\Mono_Continuous\Audio\BD2\G73-71607-BD2-G3.7T1.5-20899.wav,998
Mono_Continuous,BD2,C:\TCC\Reproduzir_artigo\data\GUITAR-FX\Mono_Continuous\Audio\BD2\G73-72608-BD2-G2T0.5-20900.wav,998
Mono_Continuous,BD2,C:\TCC\Reproduzir_artigo\data\GUITAR-FX\Mono_Continuous\Audio\BD2\G73-72608-BD2-G7.3T6.3-20900.wav,998
Mono_Continuous,BD2,C:\TCC\Reproduzir_artigo\data\GUITAR-FX\Mono_Continuous\Audio\BD2\G81-41101-BD2-G8.4T4.9-20906.wav,998
Mono_Continuous,BD2,C:\TCC\Reproduzir_artigo\data\GUITAR-FX\Mono_Continuous\Audio\BD2\G81-43103-BD2-G7.8T7-20908.wav,998
Mono_Continuous,BD2,C:\TCC\Reproduzir_artigo\data\GUITAR-FX\Mono_Continuous\Audio\BD2\G81-43103-BD2-G9.4T9.8-20908.wav,998
Mono_Continuous,BD2,C:\TCC\Reproduzir_artigo\data\GUITAR-FX\Mono_Continuous\Audio\BD2\G81-44104-BD2-G7.4T1.9-20909.wav,998
Mono_Continuous,BD2,C:\TCC\Reproduzir_artigo\data\GUITAR-FX\Mono_Continuous\Audio\BD2\G81-50300-BD2-G9.7T5.2-20931.wav,998
Mono_Continuous,BD2,C:\TCC\Reproduzir_artigo\data\GUITAR-FX\Mono_Continuous\Audio\BD2\G81-51111-BD2-G7.8T8-20916.wav,998
Mono_Continuous,BD2,C:\TCC\Reproduzir_artigo\data\GUITAR-FX\Mono_Continuous\Audio\BD2\G81-51301-BD2-G8.5T7.7-20932.wav,998
Mono_Continuous,BD2,C:\TCC\Reproduzir_artigo\data\GUITAR-FX\Mono_Continuous\Audio\BD2\G81-53208-BD2-G6.3T4.9-20926.wav,998
Mono_Continuous,BD2,C:\TCC\Reproduzir_artigo\data\GUITAR-FX\Mono_Continuous\Audio\BD2\G81-55210-BD2-G2.4T2.7-20928.wav,998
Mono_Continuous,BD2,C:\TCC\Reproduzir_artigo\data\GUITAR-FX\Mono_Continuous\Audio\BD2\G81-56306-BD2-G6.8T7.1-20937.wav,998
Mono_Continuous,BD2,C:\TCC\Reproduzir_artigo\data\GUITAR-FX\Mono_Continuous\Audio\BD2\G81-57307-BD2-G7.3T3.8-20938.wav,998
Mono_Continuous,BD2,C:\TCC\Reproduzir_artigo\data\GUITAR-FX\Mono_Continuous\Audio\BD2\G81-58308-BD2-G3.6T9.4-20939.wav,998
Mono_Continuous,BD2,C:\TCC\Reproduzir_artigo\data\GUITAR-FX\Mono_Continuous\Audio\BD2\G81-58403-BD2-G2.8T6.7-20947.wav,998
Mono_Continuous,BD2,C:\TCC\Reproduzir_artigo\data\GUITAR-FX\Mono_Continuous\Audio\BD2\G81-58403-BD2-G4.8T4.1-20947.wav,998
Mono_Continuous,BD2,C:\TCC\Reproduzir_artigo\data\GUITAR-FX\Mono_Continuous\Audio\BD2\G81-59309-BD2-G3.7T2.6-20940.wav,998
Mono_Continuous,BD2,C:\TCC\Reproduzir_artigo\data\GUITAR-FX\Mono_Continuous\Audio\BD2\G81-59500-BD2-G6.6T1.4-20957.wav,998
Mono_Continuous,BD2,C:\TCC\Reproduzir_artigo\data\GUITAR-FX\Mono_Continuous\Audio\BD2\G81-60310-BD2-G9.9T2.8-20941.wav,998
Mono_Continuous,BD2,C:\TCC\Reproduzir_artigo\data\GUITAR-FX\Mono_Continuous\Audio\BD2\G81-60405-BD2-G5.8T6.8-20949.wav,998
Mono_Continuous,BD2,C:\TCC\Reproduzir_artigo\data\GUITAR-FX\Mono_Continuous\Audio\BD2\G81-61311-BD2-G8.7T5.5-20942.wav,998
Mono_Continuous,BD2,C:\TCC\Reproduzir_artigo\data\GUITAR-FX\Mono_Continuous\Audio\BD2\G81-62312-BD2-G3.7T2.4-20943.wav,998
Mono_Continuous,BD2,C:\TCC\Reproduzir_artigo\data\GUITAR-FX\Mono_Continuous\Audio\BD2\G81-62312-BD2-G7.7T3-20943.wav,998
Mono_Continuous,BD2,C:\TCC\Reproduzir_artigo\data\GUITAR-FX\Mono_Continuous\Audio\BD2\G81-63408-BD2-G5.5T1.4-20952.wav,998
Mono_Continuous,BD2,C:\TCC\Reproduzir_artigo\data\GUITAR-FX\Mono_Continuous\Audio\BD2\G81-63504-BD2-G4.6T2.8-20961.wav,998
Mono_Continuous,BD2,C:\TCC\Reproduzir_artigo\data\GUITAR-FX\Mono_Continuous\Audio\BD2\G81-63504-BD2-G9.3T9.7-20961.wav,998
Mono_Continuous,BD2,C:\TCC\Reproduzir_artigo\data\GUITAR-FX\Mono_Continuous\Audio\BD2\G81-65410-BD2-G7.5T3.6-20954.wav,998
Mono_Continuous,BD2,C:\TCC\Reproduzir_artigo\data\GUITAR-FX\Mono_Continuous\Audio\BD2\G81-65506-BD2-G9.9T4.1-20963.wav,998
Mono_Continuous,BD2,C:\TCC\Reproduzir_artigo\data\GUITAR-FX\Mono_Continuous\Audio\BD2\G81-67508-BD2-G5.6T3.9-20965.wav,998
Mono_Continuous,BD2,C:\TCC\Reproduzir_artigo\data\GUITAR-FX\Mono_Continuous\Audio\BD2\G81-68509-BD2-G6.3T3.3-20966.wav,998
Mono_Continuous,BD2,C:\TCC\Reproduzir_artigo\data\GUITAR-FX\Mono_Continuous\Audio\BD2\G81-70606-BD2-G6.5T0.7-20976.wav,998
Mono_Continuous,BD2,C:\TCC\Reproduzir_artigo\data\GUITAR-FX\Mono_Continuous\Audio\BD2\G81-71512-BD2-G9.2T7-20969.wav,998
Mono_Continuous,BD2,C:\TCC\Reproduzir_artigo\data\GUITAR-FX\Mono_Continuous\Audio\BD2\G81-72608-BD2-G3.9T5-20978.wav,998
Mono_Continuous,BD2,C:\TCC\Reproduzir_artigo\data\GUITAR-FX\Mono_Continuous\Audio\BD2\G81-73609-BD2-G3T2.3-20979.wav,998
Mono_Continuous,BD2,C:\TCC\Reproduzir_artigo\data\GUITAR-FX\Mono_Continuous\Audio\BD2\G81-73609-BD2-G4.2T3.7-20979.wav,998
Mono_Continuous,BD2,C:\TCC\Reproduzir_artigo\data\GUITAR-FX\Mono_Continuous\Audio\BD2\G81-74610-BD2-G5.9T2.2-20980.wav,998
Mono_Continuous,BD2,C:\TCC\Reproduzir_artigo\data\GUITAR-FX\Mono_Continuous\Audio\BD2\G83-40100-BD2-G6.4T3.4-20983.wav,998
Mono_Continuous,BD2,C:\TCC\Reproduzir_artigo\data\GUITAR-FX\Mono_Continuous\Audio\BD2\G83-44104-BD2-G3.7T6.6-20987.wav,998
Mono_Continuous,BD2,C:\TCC\Reproduzir_artigo\data\GUITAR-FX\Mono_Continuous\Audio\BD2\G83-45200-BD2-G6.4T7.6-20996.wav,998
Mono_Continuous,BD2,C:\TCC\Reproduzir_artigo\data\GUITAR-FX\Mono_Continuous\Audio\BD2\G83-46106-BD2-G9.4T6.7-20989.wav,998
Mono_Continuous,BD2,C:\TCC\Reproduzir_artigo\data\GUITAR-FX\Mono_Continuous\Audio\BD2\G83-46201-BD2-G8.4T6.1-20997.wav,998
Mono_Continuous,BD2,C:\TCC\Reproduzir_artigo\data\GUITAR-FX\Mono_Continuous\Audio\BD2\G83-49109-BD2-G9.1T1.2-20992.wav,998
Mono_Continuous,BD2,C:\TCC\Reproduzir_artigo\data\GUITAR-FX\Mono_Continuous\Audio\BD2\G83-50205-BD2-G5.2T7.5-21001.wav,998
Mono_Continuous,BD2,C:\TCC\Reproduzir_artigo\data\GUITAR-FX\Mono_Continuous\Audio\BD2\G83-50205-BD2-G7.4T1.9-21001.wav,998
Mono_Continuous,BD2,C:\TCC\Reproduzir_artigo\data\GUITAR-FX\Mono_Continuous\Audio\BD2\G83-51111-BD2-G2.4T8.3-20994.wav,998
Mono_Continuous,BD2,C:\TCC\Reproduzir_artigo\data\GUITAR-FX\Mono_Continuous\Audio\BD2\G83-51206-BD2-G3.4T0.3-21002.wav,998
Mono_Continuous,BD2,C:\TCC\Reproduzir_artigo\data\GUITAR-FX\Mono_Continuous\Audio\BD2\G83-52112-BD2-G6.2T7-20995.wav,998
Mono_Continuous,BD2,C:\TCC\Reproduzir_artigo\data\GUITAR-FX\Mono_Continuous\Audio\BD2\G83-52302-BD2-G2.2T7.4-21011.wav,998
Mono_Continuous,BD2,C:\TCC\Reproduzir_artigo\data\GUITAR-FX\Mono_Continuous\Audio\BD2\G83-52302-BD2-G6.7T9.4-21011.wav,998
Mono_Continuous,BD2,C:\TCC\Reproduzir_artigo\data\GUITAR-FX\Mono_Continuous\Audio\BD2\G83-53208-BD2-G8.4T6.1-21004.wav,998
Mono_Continuous,BD2,C:\TCC\Reproduzir_artigo\data\GUITAR-FX\Mono_Continuous\Audio\BD2\G83-53303-BD2-G5.3T7.2-21012.wav,998
Mono_Continuous,BD2,C:\TCC\Reproduzir_artigo\data\GUITAR-FX\Mono_Continuous\Audio\BD2\G83-55210-BD2-G8.5T1.1-21006.wav,998
Mono_Continuous,BD2,C:\TCC\Reproduzir_artigo\data\GUITAR-FX\Mono_Continuous\Audio\BD2\G83-57212-BD2-G9.1T9.1-21008.wav,998
Mono_Continuous,BD2,C:\TCC\Reproduzir_artigo\data\GUITAR-FX\Mono_Continuous\Audio\BD2\G83-61406-BD2-G5.6T0.3-21028.wav,998
Mono_Continuous,BD2,C:\TCC\Reproduzir_artigo\data\GUITAR-FX\Mono_Continuous\Audio\BD2\G83-61502-BD2-G2.8T9.8-21037.wav,998
Mono_Continuous,BD2,C:\TCC\Reproduzir_artigo\data\GUITAR-FX\Mono_Continuous\Audio\BD2\G83-62407-BD2-G3.4T6.3-21029.wav,998
Mono_Continuous,BD2,C:\TCC\Reproduzir_artigo\data\GUITAR-FX\Mono_Continuous\Audio\BD2\G83-63408-BD2-G6T9.8-21030.wav,998
Mono_Continuous,BD2,C:\TCC\Reproduzir_artigo\data\GUITAR-FX\Mono_Continuous\Audio\BD2\G83-64409-BD2-G2.5T1-21031.wav,998
Mono_Continuous,BD2,C:\TCC\Reproduzir_artigo\data\GUITAR-FX\Mono_Continuous\Audio\BD2\G83-64505-BD2-G2.4T9.1-21040.wav,998
Mono_Continuous,BD2,C:\TCC\Reproduzir_artigo\data\GUITAR-FX\Mono_Continuous\Audio\BD2\G83-64600-BD2-G9.3T9.6-21048.wav,998
Mono_Continuous,BD2,C:\TCC\Reproduzir_artigo\data\GUITAR-FX\Mono_Continuous\Audio\BD2\G83-65410-BD2-G8.5T3.3-21032.wav,998
Mono_Continuous,BD2,C:\TCC\Reproduzir_artigo\data\GUITAR-FX\Mono_Continuous\Audio\BD2\G83-67508-BD2-G9.4T4.3-21043.wav,998
Mono_Continuous,BD2,C:\TCC\Reproduzir_artigo\data\GUITAR-FX\Mono_Continuous\Audio\BD2\G83-68509-BD2-G9.6T2.6-21044.wav,998
Mono_Continuous,BD2,C:\TCC\Reproduzir_artigo\data\GUITAR-FX\Mono_Continuous\Audio\BD2\G83-69605-BD2-G8.2T1.7-21053.wav,998
Mono_Continuous,BD2,C:\TCC\Reproduzir_artigo\data\GUITAR-FX\Mono_Continuous\Audio\BD2\G83-71512-BD2-G9.5T0.7-21047.wav,998
Mono_Continuous,BD2,C:\TCC\Reproduzir_artigo\data\GUITAR-FX\Mono_Continuous\Audio\BD2\G83-75611-BD2-G5.5T3.8-21059.wav,998
Mono_Continuous,BD2,C:\TCC\Reproduzir_artigo\data\GUITAR-FX\Mono_Continuous\Audio\BD2\G83-76612-BD2-G3.6T7.9-21060.wav,998
Mono_Continuous,BD2,C:\TCC\Reproduzir_artigo\data\GUITAR-FX\Mono_Continuous\Audio\BD2\G83-76612-BD2-G7.4T1.9-21060.wav,998
Mono_Continuous,BD2,C:\TCC\Reproduzir_artigo\data\GUITAR-FX\Mono_Continuous\Audio\BD2\G91-40100-BD2-G6.5T7.9-21061.wav,998
Mono_Continuous,BD2,C:\TCC\Reproduzir_artigo\data\GUITAR-FX\Mono_Continuous\Audio\BD2\G91-44104-BD2-G8.5T2.7-21065.wav,998
Mono_Continuous,BD2,C:\TCC\Reproduzir_artigo\data\GUITAR-FX\Mono_Continuous\Audio\BD2\G91-46106-BD2-G5.6T4.4-21067.wav,998
Mono_Continuous,BD2,C:\TCC\Reproduzir_artigo\data\GUITAR-FX\Mono_Continuous\Audio\BD2\G91-46201-BD2-G7.4T4.4-21075.wav,998
Mono_Continuous,BD2,C:\TCC\Reproduzir_artigo\data\GUITAR-FX\Mono_Continuous\Audio\BD2\G91-47107-BD2-G8.3T8-21068.wav,998
Mono_Continuous,BD2,C:\TCC\Reproduzir_artigo\data\GUITAR-FX\Mono_Continuous\Audio\BD2\G91-47107-BD2-G9.4T9.5-21068.wav,998
Mono_Continuous,BD2,C:\TCC\Reproduzir_artigo\data\GUITAR-FX\Mono_Continuous\Audio\BD2\G91-47202-BD2-G4.6T4.7-21076.wav,998
Mono_Continuous,BD2,C:\TCC\Reproduzir_artigo\data\GUITAR-FX\Mono_Continuous\Audio\BD2\G91-49109-BD2-G6.5T4.6-21070.wav,998
Mono_Continuous,BD2,C:\TCC\Reproduzir_artigo\data\GUITAR-FX\Mono_Continuous\Audio\BD2\G91-52207-BD2-G7.4T6.5-21081.wav,998
Mono_Continuous,BD2,C:\TCC\Reproduzir_artigo\data\GUITAR-FX\Mono_Continuous\Audio\BD2\G91-53303-BD2-G3.1T3-21090.wav,998
Mono_Continuous,BD2,C:\TCC\Reproduzir_artigo\data\GUITAR-FX\Mono_Continuous\Audio\BD2\G91-55210-BD2-G7.7T8.5-21084.wav,998
Mono_Continuous,BD2,C:\TCC\Reproduzir_artigo\data\GUITAR-FX\Mono_Continuous\Audio\BD2\G91-59309-BD2-G8.5T7.7-21096.wav,998
Mono_Continuous,BD2,C:\TCC\Reproduzir_artigo\data\GUITAR-FX\Mono_Continuous\Audio\BD2\G91-59404-BD2-G9.2T4.2-21104.wav,998
Mono_Continuous,BD2,C:\TCC\Reproduzir_artigo\data\GUITAR-FX\Mono_Continuous\Audio\BD2\G91-61311-BD2-G3.3T0.7-21098.wav,998
Mono_Continuous,BD2,C:\TCC\Reproduzir_artigo\data\GUITAR-FX\Mono_Continuous\Audio\BD2\G91-64505-BD2-G7.1T9.5-21118.wav,998
Mono_Continuous,BD2,C:\TCC\Reproduzir_artigo\data\GUITAR-FX\Mono_Continuous\Audio\BD2\G91-67412-BD2-G2.6T5.6-21112.wav,998
Mono_Continuous,BD2,C:\TCC\Reproduzir_artigo\data\GUITAR-FX\Mono_Continuous\Audio\BD2\G91-67412-BD2-G5.9T6-21112.wav,998
Mono_Continuous,BD2,C:\TCC\Reproduzir_artigo\data\GUITAR-FX\Mono_Continuous\Audio\BD2\G91-67412-BD2-G7.8T6.8-21112.wav,998
Mono_Continuous,BD2,C:\TCC\Reproduzir_artigo\data\GUITAR-FX\Mono_Continuous\Audio\BD2\G91-67603-BD2-G6.9T5.1-21129.wav,998
Mono_Continuous,BD2,C:\TCC\Reproduzir_artigo\data\GUITAR-FX\Mono_Continuous\Audio\BD2\G91-67603-BD2-G7.3T7.8-21129.wav,998
Mono_Continuous,BD2,C:\TCC\Reproduzir_artigo\data\GUITAR-FX\Mono_Continuous\Audio\BD2\G91-70606-BD2-G6.4T0.5-21132.wav,998
Mono_Continuous,BD2,C:\TCC\Reproduzir_artigo\data\GUITAR-FX\Mono_Continuous\Audio\BD2\G91-71607-BD2-G5.6T9.7-21133.wav,998
Mono_Continuous,BD2,C:\TCC\Reproduzir_artigo\data\GUITAR-FX\Mono_Continuous\Audio\BD2\G93-42102-BD2-G2.4T3.1-21141.wav,998
Mono_Continuous,BD2,C:\TCC\Reproduzir_artigo\data\GUITAR-FX\Mono_Continuous\Audio\BD2\G93-42102-BD2-G5.5T0.2-21141.wav,998
Mono_Continuous,BD2,C:\TCC\Reproduzir_artigo\data\GUITAR-FX\Mono_Continuous\Audio\BD2\G93-45200-BD2-G9T6.1-21152.wav,998
Mono_Continuous,BD2,C:\TCC\Reproduzir_artigo\data\GUITAR-FX\Mono_Continuous\Audio\BD2\G93-46106-BD2-G6.4T5.3-21145.wav,998
Mono_Continuous,BD2,C:\TCC\Reproduzir_artigo\data\GUITAR-FX\Mono_Continuous\Audio\BD2\G93-46106-BD2-G9.5T0.3-21145.wav,998
Mono_Continuous,BD2,C:\TCC\Reproduzir_artigo\data\GUITAR-FX\Mono_Continuous\Audio\BD2\G93-47202-BD2-G3.1T7.2-21154.wav,998
Mono_Continuous,BD2,C:\TCC\Reproduzir_artigo\data\GUITAR-FX\Mono_Continuous\Audio\BD2\G93-48203-BD2-G9.4T6.7-21155.wav,998
Mono_Continuous,BD2,C:\TCC\Reproduzir_artigo\data\GUITAR-FX\Mono_Continuous\Audio\BD2\G93-49109-BD2-G2T0.3-21148.wav,998
Mono_Continuous,BD2,C:\TCC\Reproduzir_artigo\data\GUITAR-FX\Mono_Continuous\Audio\BD2\G93-51206-BD2-G8.7T3.9-21158.wav,998
Mono_Continuous,BD2,C:\TCC\Reproduzir_artigo\data\GUITAR-FX\Mono_Continuous\Audio\BD2\G93-51301-BD2-G3.2T7.6-21166.wav,998
Mono_Continuous,BD2,C:\TCC\Reproduzir_artigo\data\GUITAR-FX\Mono_Continuous\Audio\BD2\G93-52207-BD2-G7.5T1.2-21159.wav,998
Mono_Continuous,BD2,C:\TCC\Reproduzir_artigo\data\GUITAR-FX\Mono_Continuous\Audio\BD2\G93-53303-BD2-G5.7T6.9-21168.wav,998
Mono_Continuous,BD2,C:\TCC\Reproduzir_artigo\data\GUITAR-FX\Mono_Continuous\Audio\BD2\G93-54304-BD2-G6.5T9.7-21169.wav,998
Mono_Continuous,BD2,C:\TCC\Reproduzir_artigo\data\GUITAR-FX\Mono_Continuous\Audio\BD2\G93-54304-BD2-G8.8T7.5-21169.wav,998
Mono_Continuous,BD2,C:\TCC\Reproduzir_artigo\data\GUITAR-FX\Mono_Continuous\Audio\BD2\G93-55305-BD2-G6.9T8.2-21170.wav,998
Mono_Continuous,BD2,C:\TCC\Reproduzir_artigo\data\GUITAR-FX\Mono_Continuous\Audio\BD2\G93-57307-BD2-G3T5.7-21172.wav,998
Mono_Continuous,BD2,C:\TCC\Reproduzir_artigo\data\GUITAR-FX\Mono_Continuous\Audio\BD2\G93-58308-BD2-G2.8T4.6-21173.wav,998
Mono_Continuous,BD2,C:\TCC\Reproduzir_artigo\data\GUITAR-FX\Mono_Continuous\Audio\BD2\G93-59309-BD2-G7.9T1.6-21174.wav,998
Mono_Continuous,BD2,C:\TCC\Reproduzir_artigo\data\GUITAR-FX\Mono_Continuous\Audio\BD2\G93-61311-BD2-G3.1T1.9-21176.wav,998
Mono_Continuous,BD2,C:\TCC\Reproduzir_artigo\data\GUITAR-FX\Mono_Continuous\Audio\BD2\G93-61311-BD2-G7T1.8-21176.wav,998
Mono_Continuous,BD2,C:\TCC\Reproduzir_artigo\data\GUITAR-FX\Mono_Continuous\Audio\BD2\G93-62407-BD2-G9.8T0.5-21185.wav,998
Mono_Continuous,BD2,C:\TCC\Reproduzir_artigo\data\GUITAR-FX\Mono_Continuous\Audio\BD2\G93-63408-BD2-G9.6T9.1-21186.wav,998
Mono_Continuous,BD2,C:\TCC\Reproduzir_artigo\data\GUITAR-FX\Mono_Continuous\Audio\BD2\G93-65506-BD2-G4.7T7.7-21197.wav,998
Mono_Continuous,BD2,C:\TCC\Reproduzir_artigo\data\GUITAR-FX\Mono_Continuous\Audio\BD2\G93-66411-BD2-G3T3-21189.wav,998
Mono_Continuous,BD2,C:\TCC\Reproduzir_artigo\data\GUITAR-FX\Mono_Continuous\Audio\BD2\G93-66602-BD2-G2.6T1.2-21206.wav,998
Mono_Continuous,BD2,C:\TCC\Reproduzir_artigo\data\GUITAR-FX\Mono_Continuous\Audio\BD2\G93-67508-BD2-G6.8T0.1-21199.wav,998
Mono_Continuous,BD2,C:\TCC\Reproduzir_artigo\data\GUITAR-FX\Mono_Continuous\Audio\BD2\G93-68509-BD2-G3.4T0.4-21200.wav,998
Mono_Continuous,BD2,C:\TCC\Reproduzir_artigo\data\GUITAR-FX\Mono_Continuous\Audio\BD2\G93-68509-BD2-G3.6T4.1-21200.wav,998
Mono_Continuous,BD2,C:\TCC\Reproduzir_artigo\data\GUITAR-FX\Mono_Continuous\Audio\BD2\G93-68509-BD2-G6.2T3-21200.wav,998
Mono_Continuous,BD2,C:\TCC\Reproduzir_artigo\data\GUITAR-FX\Mono_Continuous\Audio\BD2\G93-68604-BD2-G4.2T2.3-21208.wav,998
Mono_Continuous,BD2,C:\TCC\Reproduzir_artigo\data\GUITAR-FX\Mono_Continuous\Audio\BD2\G93-70606-BD2-G5.2T6.3-21210.wav,998
Mono_Continuous,BD2,C:\TCC\Reproduzir_artigo\data\GUITAR-FX\Mono_Continuous\Audio\BD2\G93-71512-BD2-G3.9T7.4-21203.wav,998
Mono_Continuous,BD2,C:\TCC\Reproduzir_artigo\data\GUITAR-FX\Mono_Continuous\Audio\BD2\G93-71512-BD2-G6.4T2-21203.wav,998
Mono_Continuous,BD2,C:\TCC\Reproduzir_artigo\data\GUITAR-FX\Mono_Continuous\Audio\BD2\G93-74610-BD2-G3.5T3.8-21214.wav,998
Mono_Continuous,BMF,C:\TCC\Reproduzir_artigo\data\GUITAR-FX\Mono_Continuous\Audio\BMF\G61-41101-BMF-S2.5T0.3-20594.wav,998
Mono_Continuous,BMF,C:\TCC\Reproduzir_artigo\data\GUITAR-FX\Mono_Continuous\Audio\BMF\G61-42102-BMF-S6.6T1-20595.wav,998
Mono_Continuous,BMF,C:\TCC\Reproduzir_artigo\data\GUITAR-FX\Mono_Continuous\Audio\BMF\G61-43103-BMF-S8.8T4.4-20596.wav,998
Mono_Continuous,BMF,C:\TCC\Reproduzir_artigo\data\GUITAR-FX\Mono_Continuous\Audio\BMF\G61-46106-BMF-S7.2T9.7-20599.wav,998
Mono_Continuous,BMF,C:\TCC\Reproduzir_artigo\data\GUITAR-FX\Mono_Continuous\Audio\BMF\G61-46106-BMF-S9.3T8.2-20599.wav,998
Mono_Continuous,BMF,C:\TCC\Reproduzir_artigo\data\GUITAR-FX\Mono_Continuous\Audio\BMF\G61-46201-BMF-S5.7T3.7-20607.wav,998
Mono_Continuous,BMF,C:\TCC\Reproduzir_artigo\data\GUITAR-FX\Mono_Continuous\Audio\BMF\G61-47107-BMF-S6.1T1.5-20600.wav,998
Mono_Continuous,BMF,C:\TCC\Reproduzir_artigo\data\GUITAR-FX\Mono_Continuous\Audio\BMF\G61-47107-BMF-S6.5T3-20600.wav,998
Mono_Continuous,BMF,C:\TCC\Reproduzir_artigo\data\GUITAR-FX\Mono_Continuous\Audio\BMF\G61-47107-BMF-S6.8T6.4-20600.wav,998
Mono_Continuous,BMF,C:\TCC\Reproduzir_artigo\data\GUITAR-FX\Mono_Continuous\Audio\BMF\G61-48203-BMF-S6.8T5.2-20609.wav,998
Mono_Continuous,BMF,C:\TCC\Reproduzir_artigo\data\GUITAR-FX\Mono_Continuous\Audio\BMF\G61-51206-BMF-S4.8T2.7-20612.wav,998
Mono_Continuous,BMF,C:\TCC\Reproduzir_artigo\data\GUITAR-FX\Mono_Continuous\Audio\BMF\G61-52112-BMF-S9.2T7.4-20605.wav,998
Mono_Continuous,BMF,C:\TCC\Reproduzir_artigo\data\GUITAR-FX\Mono_Continuous\Audio\BMF\G61-55210-BMF-S5T0-20616.wav,998
Mono_Continuous,BMF,C:\TCC\Reproduzir_artigo\data\GUITAR-FX\Mono_Continuous\Audio\BMF\G61-55305-BMF-S7.2T8.8-20624.wav,998
Mono_Continuous,BMF,C:\TCC\Reproduzir_artigo\data\GUITAR-FX\Mono_Continuous\Audio\BMF\G61-57212-BMF-S6.5T0.1-20618.wav,998
Mono_Continuous,BMF,C:\TCC\Reproduzir_artigo\data\GUITAR-FX\Mono_Continuous\Audio\BMF\G61-59500-BMF-S5.2T4.7-20645.wav,998
Mono_Continuous,BMF,C:\TCC\Reproduzir_artigo\data\GUITAR-FX\Mono_Continuous\Audio\BMF\G61-61406-BMF-S4.3T1.3-20638.wav,998
Mono_Continuous,BMF,C:\TCC\Reproduzir_artigo\data\GUITAR-FX\Mono_Continuous\Audio\BMF\G61-63408-BMF-S6.4T7.2-20640.wav,998
Mono_Continuous,BMF,C:\TCC\Reproduzir_artigo\data\GUITAR-FX\Mono_Continuous\Audio\BMF\G61-64505-BMF-S3.9T3.3-20650.wav,998
Mono_Continuous,BMF,C:\TCC\Reproduzir_artigo\data\GUITAR-FX\Mono_Continuous\Audio\BMF\G61-64600-BMF-S7.7T0.3-20658.wav,998
Mono_Continuous,BMF,C:\TCC\Reproduzir_artigo\data\GUITAR-FX\Mono_Continuous\Audio\BMF\G61-68509-BMF-S4.9T2.6-20654.wav,998
Mono_Continuous,BMF,C:\TCC\Reproduzir_artigo\data\GUITAR-FX\Mono_Continuous\Audio\BMF\G61-68604-BMF-S9.9T3.3-20662.wav,998
Mono_Continuous,BMF,C:\TCC\Reproduzir_artigo\data\GUITAR-FX\Mono_Continuous\Audio\BMF\G61-69605-BMF-S5.4T7.4-20663.wav,998
Mono_Continuous,BMF,C:\TCC\Reproduzir_artigo\data\GUITAR-FX\Mono_Continuous\Audio\BMF\G61-75611-BMF-S3.1T0.9-20669.wav,998
Mono_Continuous,BMF,C:\TCC\Reproduzir_artigo\data\GUITAR-FX\Mono_Continuous\Audio\BMF\G61-75611-BMF-S5.7T4.8-20669.wav,998
Mono_Continuous,BMF,C:\TCC\Reproduzir_artigo\data\GUITAR-FX\Mono_Continuous\Audio\BMF\G63-41101-BMF-S4.2T4.8-20672.wav,998
Mono_Continuous,BMF,C:\TCC\Reproduzir_artigo\data\GUITAR-FX\Mono_Continuous\Audio\BMF\G63-43103-BMF-S7.5T7.4-20674.wav,998
Mono_Continuous,BMF,C:\TCC\Reproduzir_artigo\data\GUITAR-FX\Mono_Continuous\Audio\BMF\G63-44104-BMF-S6.5T5.3-20675.wav,998
Mono_Continuous,BMF,C:\TCC\Reproduzir_artigo\data\GUITAR-FX\Mono_Continuous\Audio\BMF\G63-45200-BMF-S5.5T3-20684.wav,998
Mono_Continuous,BMF,C:\TCC\Reproduzir_artigo\data\GUITAR-FX\Mono_Continuous\Audio\BMF\G63-46201-BMF-S6.1T3.7-20685.wav,998
Mono_Continuous,BMF,C:\TCC\Reproduzir_artigo\data\GUITAR-FX\Mono_Continuous\Audio\BMF\G63-48108-BMF-S6.5T2.3-20679.wav,998
Mono_Continuous,BMF,C:\TCC\Reproduzir_artigo\data\GUITAR-FX\Mono_Continuous\Audio\BMF\G63-48203-BMF-S8.1T5.4-20687.wav,998
Mono_Continuous,BMF,C:\TCC\Reproduzir_artigo\data\GUITAR-FX\Mono_Continuous\Audio\BMF\G63-50110-BMF-S5T8.7-20681.wav,998
Mono_Continuous,BMF,C:\TCC\Reproduzir_artigo\data\GUITAR-FX\Mono_Continuous\Audio\BMF\G63-50205-BMF-S5.1T0.4-20689.wav,998
Mono_Continuous,BMF,C:\TCC\Reproduzir_artigo\data\GUITAR-FX\Mono_Continuous\Audio\BMF\G63-51206-BMF-S7.9T3.3-20690.wav,998
Mono_Continuous,BMF,C:\TCC\Reproduzir_artigo\data\GUITAR-FX\Mono_Continuous\Audio\BMF\G63-54209-BMF-S2.1T5.5-20693.wav,998
Mono_Continuous,BMF,C:\TCC\Reproduzir_artigo\data\GUITAR-FX\Mono_Continuous\Audio\BMF\G63-54304-BMF-S7.2T3.6-20701.wav,998
Mono_Continuous,BMF,C:\TCC\Reproduzir_artigo\data\GUITAR-FX\Mono_Continuous\Audio\BMF\G63-55305-BMF-S9.8T4.4-20702.wav,998
Mono_Continuous,BMF,C:\TCC\Reproduzir_artigo\data\GUITAR-FX\Mono_Continuous\Audio\BMF\G63-56401-BMF-S5.1T1.5-20711.wav,998
Mono_Continuous,BMF,C:\TCC\Reproduzir_artigo\data\GUITAR-FX\Mono_Continuous\Audio\BMF\G63-57212-BMF-S8T5.4-20696.wav,998
Mono_Continuous,BMF,C:\TCC\Reproduzir_artigo\data\GUITAR-FX\Mono_Continuous\Audio\BMF\G63-57212-BMF-S9.3T6.4-20696.wav,998
Mono_Continuous,BMF,C:\TCC\Reproduzir_artigo\data\GUITAR-FX\Mono_Continuous\Audio\BMF\G63-58308-BMF-S3.6T5.8-20705.wav,998
Mono_Continuous,BMF,C:\TCC\Reproduzir_artigo\data\GUITAR-FX\Mono_Continuous\Audio\BMF\G63-59309-BMF-S7.3T5-20706.wav,998
Mono_Continuous,BMF,C:\TCC\Reproduzir_artigo\data\GUITAR-FX\Mono_Continuous\Audio\BMF\G63-59500-BMF-S4.2T1.1-20723.wav,998
Mono_Continuous,BMF,C:\TCC\Reproduzir_artigo\data\GUITAR-FX\Mono_Continuous\Audio\BMF\G63-60310-BMF-S2.8T3.4-20707.wav,998
Mono_Continuous,BMF,C:\TCC\Reproduzir_artigo\data\GUITAR-FX\Mono_Continuous\Audio\BMF\G63-60310-BMF-S8.4T3-20707.wav,998
Mono_Continuous,BMF,C:\TCC\Reproduzir_artigo\data\GUITAR-FX\Mono_Continuous\Audio\BMF\G63-60405-BMF-S10T1.9-20715.wav,998
Mono_Continuous,BMF,C:\TCC\Reproduzir_artigo\data\GUITAR-FX\Mono_Continuous\Audio\BMF\G63-60405-BMF-S8.1T2.2-20715.wav,998
Mono_Continuous,BMF,C:\TCC\Reproduzir_artigo\data\GUITAR-FX\Mono_Continuous\Audio\BMF\G63-61502-BMF-S5.9T8.9-20725.wav,998
Mono_Continuous,BMF,C:\TCC\Reproduzir_artigo\data\GUITAR-FX\Mono_Continuous\Audio\BMF\G63-62503-BMF-S7.6T2.7-20726.wav,998
Mono_Continuous,BMF,C:\TCC\Reproduzir_artigo\data\GUITAR-FX\Mono_Continuous\Audio\BMF\G63-63504-BMF-S4.9T1.1-20727.wav,998
Mono_Continuous,BMF,C:\TCC\Reproduzir_artigo\data\GUITAR-FX\Mono_Continuous\Audio\BMF\G63-64409-BMF-S5.2T2.6-20719.wav,998
Mono_Continuous,BMF,C:\TCC\Reproduzir_artigo\data\GUITAR-FX\Mono_Continuous\Audio\BMF\G63-64505-BMF-S3.4T3.4-20728.wav,998
Mono_Continuous,BMF,C:\TCC\Reproduzir_artigo\data\GUITAR-FX\Mono_Continuous\Audio\BMF\G63-64505-BMF-S9.2T2.7-20728.wav,998
Mono_Continuous,BMF,C:\TCC\Reproduzir_artigo\data\GUITAR-FX\Mono_Continuous\Audio\BMF\G63-64600-BMF-S6.4T6.2-20736.wav,998
Mono_Continuous,BMF,C:\TCC\Reproduzir_artigo\data\GUITAR-FX\Mono_Continuous\Audio\BMF\G63-67508-BMF-S5.1T9.3-20731.wav,998
Mono_Continuous,BMF,C:\TCC\Reproduzir_artigo\data\GUITAR-FX\Mono_Continuous\Audio\BMF\G63-67603-BMF-S4.5T0.2-20739.wav,998
Mono_Continuous,BMF,C:\TCC\Reproduzir_artigo\data\GUITAR-FX\Mono_Continuous\Audio\BMF\G63-67603-BMF-S9.4T0.3-20739.wav,998
Mono_Continuous,BMF,C:\TCC\Reproduzir_artigo\data\GUITAR-FX\Mono_Continuous\Audio\BMF\G63-68509-BMF-S7.7T7.1-20732.wav,998
Mono_Continuous,BMF,C:\TCC\Reproduzir_artigo\data\GUITAR-FX\Mono_Continuous\Audio\BMF\G63-69605-BMF-S7.6T7.2-20741.wav,998
Mono_Continuous,BMF,C:\TCC\Reproduzir_artigo\data\GUITAR-FX\Mono_Continuous\Audio\BMF\G63-70606-BMF-S9.6T5.3-20742.wav,998
Mono_Continuous,BMF,C:\TCC\Reproduzir_artigo\data\GUITAR-FX\Mono_Continuous\Audio\BMF\G63-72608-BMF-S7.3T0.6-20744.wav,998
Mono_Continuous,BMF,C:\TCC\Reproduzir_artigo\data\GUITAR-FX\Mono_Continuous\Audio\BMF\G63-73609-BMF-S3.1T8.4-20745.wav,998
Mono_Continuous,BMF,C:\TCC\Reproduzir_artigo\data\GUITAR-FX\Mono_Continuous\Audio\BMF\G63-74610-BMF-S2.5T4.2-20746.wav,998
Mono_Continuous,BMF,C:\TCC\Reproduzir_artigo\data\GUITAR-FX\Mono_Continuous\Audio\BMF\G63-75611-BMF-S2.8T1.6-20747.wav,998
Mono_Continuous,BMF,C:\TCC\Reproduzir_artigo\data\GUITAR-FX\Mono_Continuous\Audio\BMF\G71-40100-BMF-S2.8T6.9-20749.wav,998
Mono_Continuous,BMF,C:\TCC\Reproduzir_artigo\data\GUITAR-FX\Mono_Continuous\Audio\BMF\G71-41101-BMF-S7.1T9-20750.wav,998
Mono_Continuous,BMF,C:\TCC\Reproduzir_artigo\data\GUITAR-FX\Mono_Continuous\Audio\BMF\G71-42102-BMF-S3.9T8.5-20751.wav,998
Mono_Continuous,BMF,C:\TCC\Reproduzir_artigo\data\GUITAR-FX\Mono_Continuous\Audio\BMF\G71-42102-BMF-S7.5T8.7-20751.wav,998
Mono_Continuous,BMF,C:\TCC\Reproduzir_artigo\data\GUITAR-FX\Mono_Continuous\Audio\BMF\G71-47107-BMF-S2.8T4.5-20756.wav,998
Mono_Continuous,BMF,C:\TCC\Reproduzir_artigo\data\GUITAR-FX\Mono_Continuous\Audio\BMF\G71-48108-BMF-S7.4T6-20757.wav,998
Mono_Continuous,BMF,C:\TCC\Reproduzir_artigo\data\GUITAR-FX\Mono_Continuous\Audio\BMF\G71-48203-BMF-S8.5T0.1-20765.wav,998
Mono_Continuous,BMF,C:\TCC\Reproduzir_artigo\data\GUITAR-FX\Mono_Continuous\Audio\BMF\G71-51206-BMF-S8.3T2-20768.wav,998
Mono_Continuous,BMF,C:\TCC\Reproduzir_artigo\data\GUITAR-FX\Mono_Continuous\Audio\BMF\G71-52112-BMF-S3.9T4.7-20761.wav,998
Mono_Continuous,BMF,C:\TCC\Reproduzir_artigo\data\GUITAR-FX\Mono_Continuous\Audio\BMF\G71-52207-BMF-S9.3T4.5-20769.wav,998
Mono_Continuous,BMF,C:\TCC\Reproduzir_artigo\data\GUITAR-FX\Mono_Continuous\Audio\BMF\G71-52302-BMF-S7.1T2-20777.wav,998
Mono_Continuous,BMF,C:\TCC\Reproduzir_artigo\data\GUITAR-FX\Mono_Continuous\Audio\BMF\G71-54304-BMF-S4.1T3.5-20779.wav,998
Mono_Continuous,BMF,C:\TCC\Reproduzir_artigo\data\GUITAR-FX\Mono_Continuous\Audio\BMF\G71-55210-BMF-S5.6T5.9-20772.wav,998
Mono_Continuous,BMF,C:\TCC\Reproduzir_artigo\data\GUITAR-FX\Mono_Continuous\Audio\BMF\G71-55305-BMF-S5.7T3.8-20780.wav,998
Mono_Continuous,BMF,C:\TCC\Reproduzir_artigo\data\GUITAR-FX\Mono_Continuous\Audio\BMF\G71-56401-BMF-S8.1T4.5-20789.wav,998
Mono_Continuous,BMF,C:\TCC\Reproduzir_artigo\data\GUITAR-FX\Mono_Continuous\Audio\BMF\G71-57212-BMF-S5.1T7.6-20774.wav,998
Mono_Continuous,BMF,C:\TCC\Reproduzir_artigo\data\GUITAR-FX\Mono_Continuous\Audio\BMF\G71-60310-BMF-S4.8T0.8-20785.wav,998
Mono_Continuous,BMF,C:\TCC\Reproduzir_artigo\data\GUITAR-FX\Mono_Continuous\Audio\BMF\G71-60310-BMF-S8.8T1.3-20785.wav,998
Mono_Continuous,BMF,C:\TCC\Reproduzir_artigo\data\GUITAR-FX\Mono_Continuous\Audio\BMF\G71-60405-BMF-S6.2T6.5-20793.wav,998
Mono_Continuous,BMF,C:\TCC\Reproduzir_artigo\data\GUITAR-FX\Mono_Continuous\Audio\BMF\G71-61311-BMF-S6.5T1.6-20786.wav,998
Mono_Continuous,BMF,C:\TCC\Reproduzir_artigo\data\GUITAR-FX\Mono_Continuous\Audio\BMF\G71-61502-BMF-S3.5T4-20803.wav,998
Mono_Continuous,BMF,C:\TCC\Reproduzir_artigo\data\GUITAR-FX\Mono_Continuous\Audio\BMF\G71-62312-BMF-S2.9T2.3-20787.wav,998
Mono_Continuous,BMF,C:\TCC\Reproduzir_artigo\data\GUITAR-FX\Mono_Continuous\Audio\BMF\G71-62503-BMF-S6.2T1.4-20804.wav,998
Mono_Continuous,BMF,C:\TCC\Reproduzir_artigo\data\GUITAR-FX\Mono_Continuous\Audio\BMF\G71-63408-BMF-S3.5T8.8-20796.wav,998
Mono_Continuous,BMF,C:\TCC\Reproduzir_artigo\data\GUITAR-FX\Mono_Continuous\Audio\BMF\G71-63504-BMF-S8.2T2.7-20805.wav,998
Mono_Continuous,BMF,C:\TCC\Reproduzir_artigo\data\GUITAR-FX\Mono_Continuous\Audio\BMF\G71-65601-BMF-S3.3T7.9-20815.wav,998
Mono_Continuous,BMF,C:\TCC\Reproduzir_artigo\data\GUITAR-FX\Mono_Continuous\Audio\BMF\G71-66507-BMF-S4.9T6-20808.wav,998
Mono_Continuous,BMF,C:\TCC\Reproduzir_artigo\data\GUITAR-FX\Mono_Continuous\Audio\BMF\G71-66507-BMF-S7.2T0.4-20808.wav,998
Mono_Continuous,BMF,C:\TCC\Reproduzir_artigo\data\GUITAR-FX\Mono_Continuous\Audio\BMF\G71-66602-BMF-S5.7T1.8-20816.wav,998
Mono_Continuous,BMF,C:\TCC\Reproduzir_artigo\data\GUITAR-FX\Mono_Continuous\Audio\BMF\G71-67412-BMF-S3.3T2.3-20800.wav,998
Mono_Continuous,BMF,C:\TCC\Reproduzir_artigo\data\GUITAR-FX\Mono_Continuous\Audio\BMF\G71-68604-BMF-S9.8T2.2-20818.wav,998
Mono_Continuous,BMF,C:\TCC\Reproduzir_artigo\data\GUITAR-FX\Mono_Continuous\Audio\BMF\G71-69605-BMF-S5.2T0.6-20819.wav,998
Mono_Continuous,BMF,C:\TCC\Reproduzir_artigo\data\GUITAR-FX\Mono_Continuous\Audio\BMF\G71-70606-BMF-S2.4T7.8-20820.wav,998
Mono_Continuous,BMF,C:\TCC\Reproduzir_artigo\data\GUITAR-FX\Mono_Continuous\Audio\BMF\G71-71512-BMF-S8.7T3.8-20813.wav,998
Mono_Continuous,BMF,C:\TCC\Reproduzir_artigo\data\GUITAR-FX\Mono_Continuous\Audio\BMF\G71-71607-BMF-S5T2.5-20821.wav,998
Mono_Continuous,BMF,C:\TCC\Reproduzir_artigo\data\GUITAR-FX\Mono_Continuous\Audio\BMF\G71-71607-BMF-S6T1.7-20821.wav,998
Mono_Continuous,BMF,C:\TCC\Reproduzir_artigo\data\GUITAR-FX\Mono_Continuous\Audio\BMF\G71-73609-BMF-S2.4T1.3-20823.wav,998
Mono_Continuous,BMF,C:\TCC\Reproduzir_artigo\data\GUITAR-FX\Mono_Continuous\Audio\BMF\G71-75611-BMF-S9.9T4.3-20825.wav,998
Mono_Continuous,BMF,C:\TCC\Reproduzir_artigo\data\GUITAR-FX\Mono_Continuous\Audio\BMF\G73-42102-BMF-S4T0.7-20829.wav,998
Mono_Continuous,BMF,C:\TCC\Reproduzir_artigo\data\GUITAR-FX\Mono_Continuous\Audio\BMF\G73-43103-BMF-S7.2T1-20830.wav,998
Mono_Continuous,BMF,C:\TCC\Reproduzir_artigo\data\GUITAR-FX\Mono_Continuous\Audio\BMF\G73-49109-BMF-S6.5T1.5-20836.wav,998
Mono_Continuous,BMF,C:\TCC\Reproduzir_artigo\data\GUITAR-FX\Mono_Continuous\Audio\BMF\G73-49204-BMF-S2.9T1.7-20844.wav,998
Mono_Continuous,BMF,C:\TCC\Reproduzir_artigo\data\GUITAR-FX\Mono_Continuous\Audio\BMF\G73-49204-BMF-S5.6T5.8-20844.wav,998
Mono_Continuous,BMF,C:\TCC\Reproduzir_artigo\data\GUITAR-FX\Mono_Continuous\Audio\BMF\G73-50110-BMF-S9.1T9.7-20837.wav,998
Mono_Continuous,BMF,C:\TCC\Reproduzir_artigo\data\GUITAR-FX\Mono_Continuous\Audio\BMF\G73-53303-BMF-S6.9T7.6-20856.wav,998
Mono_Continuous,BMF,C:\TCC\Reproduzir_artigo\data\GUITAR-FX\Mono_Continuous\Audio\BMF\G73-54209-BMF-S2.5T3.8-20849.wav,998
Mono_Continuous,BMF,C:\TCC\Reproduzir_artigo\data\GUITAR-FX\Mono_Continuous\Audio\BMF\G73-54304-BMF-S4.4T1.2-20857.wav,998
Mono_Continuous,BMF,C:\TCC\Reproduzir_artigo\data\GUITAR-FX\Mono_Continuous\Audio\BMF\G73-55210-BMF-S3.1T3.9-20850.wav,998
Mono_Continuous,BMF,C:\TCC\Reproduzir_artigo\data\GUITAR-FX\Mono_Continuous\Audio\BMF\G73-56306-BMF-S2.8T2.2-20859.wav,998
Mono_Continuous,BMF,C:\TCC\Reproduzir_artigo\data\GUITAR-FX\Mono_Continuous\Audio\BMF\G73-56306-BMF-S8.3T3.6-20859.wav,998
Mono_Continuous,BMF,C:\TCC\Reproduzir_artigo\data\GUITAR-FX\Mono_Continuous\Audio\BMF\G73-56401-BMF-S3.9T2.6-20867.wav,998
Mono_Continuous,BMF,C:\TCC\Reproduzir_artigo\data\GUITAR-FX\Mono_Continuous\Audio\BMF\G73-56401-BMF-S7.3T9.8-20867.wav,998
Mono_Continuous,BMF,C:\TCC\Reproduzir_artigo\data\GUITAR-FX\Mono_Continuous\Audio\BMF\G73-56401-BMF-S8.8T5.5-20867.wav,998
Mono_Continuous,BMF,C:\TCC\Reproduzir_artigo\data\GUITAR-FX\Mono_Continuous\Audio\BMF\G73-57402-BMF-S5T7.6-20868.wav,998
Mono_Continuous,BMF,C:\TCC\Reproduzir_artigo\data\GUITAR-FX\Mono_Continuous\Audio\BMF\G73-58308-BMF-S6.1T7-20861.wav,998
Mono_Continuous,BMF,C:\TCC\Reproduzir_artigo\data\GUITAR-FX\Mono_Continuous\Audio\BMF\G73-60501-BMF-S8.3T1.3-20880.wav,998
Mono_Continuous,BMF,C:\TCC\Reproduzir_artigo\data\GUITAR-FX\Mono_Continuous\Audio\BMF\G73-61406-BMF-S3.4T8-20872.wav,998
Mono_Continuous,BMF,C:\TCC\Reproduzir_artigo\data\GUITAR-FX\Mono_Continuous\Audio\BMF\G73-61406-BMF-S4.2T7.2-20872.wav,998
Mono_Continuous,BMF,C:\TCC\Reproduzir_artigo\data\GUITAR-FX\Mono_Continuous\Audio\BMF\G73-61406-BMF-S8.4T6.9-20872.wav,998
Mono_Continuous,BMF,C:\TCC\Reproduzir_artigo\data\GUITAR-FX\Mono_Continuous\Audio\BMF\G73-62312-BMF-S8.5T7.5-20865.wav,998
Mono_Continuous,BMF,C:\TCC\Reproduzir_artigo\data\GUITAR-FX\Mono_Continuous\Audio\BMF\G73-62312-BMF-S8.6T2.1-20865.wav,998
Mono_Continuous,BMF,C:\TCC\Reproduzir_artigo\data\GUITAR-FX\Mono_Continuous\Audio\BMF\G73-63408-BMF-S6.7T5.5-20874.wav,998
Mono_Continuous,BMF,C:\TCC\Reproduzir_artigo\data\GUITAR-FX\Mono_Continuous\Audio\BMF\G73-65601-BMF-S8.7T5.3-20893.wav,998
Mono_Continuous,BMF,C:\TCC\Reproduzir_artigo\data\GUITAR-FX\Mono_Continuous\Audio\BMF\G73-66411-BMF-S8.3T3-20877.wav,998
Mono_Continuous,BMF,C:\TCC\Reproduzir_artigo\data\GUITAR-FX\Mono_Continuous\Audio\BMF\G73-67508-BMF-S9.1T9.9-20887.wav,998
Mono_Continuous,BMF,C:\TCC\Reproduzir_artigo\data\GUITAR-FX\Mono_Continuous\Audio\BMF\G73-69605-BMF-S4.2T3.2-20897.wav,998
Mono_Continuous,BMF,C:\TCC\Reproduzir_artigo\data\GUITAR-FX\Mono_Continuous\Audio\BMF\G73-70511-BMF-S5.9T5.3-20890.wav,998
Mono_Continuous,BMF,C:\TCC\Reproduzir_artigo\data\GUITAR-FX\Mono_Continuous\Audio\BMF\G73-71512-BMF-S5.9T5.3-20891.wav,998
Mono_Continuous,BMF,C:\TCC\Reproduzir_artigo\data\GUITAR-FX\Mono_Continuous\Audio\BMF\G73-71607-BMF-S3.5T7.9-20899.wav,998
Mono_Continuous,BMF,C:\TCC\Reproduzir_artigo\data\GUITAR-FX\Mono_Continuous\Audio\BMF\G73-73609-BMF-S9.1T9.3-20901.wav,998
Mono_Continuous,BMF,C:\TCC\Reproduzir_artigo\data\GUITAR-FX\Mono_Continuous\Audio\BMF\G73-74610-BMF-S2.6T4-20902.wav,998
Mono_Continuous,BMF,C:\TCC\Reproduzir_artigo\data\GUITAR-FX\Mono_Continuous\Audio\BMF\G73-76612-BMF-S2.6T3.1-20904.wav,998
Mono_Continuous,BMF,C:\TCC\Reproduzir_artigo\data\GUITAR-FX\Mono_Continuous\Audio\BMF\G73-76612-BMF-S4.9T0.1-20904.wav,998
Mono_Continuous,BMF,C:\TCC\Reproduzir_artigo\data\GUITAR-FX\Mono_Continuous\Audio\BMF\G81-40100-BMF-S6.2T9.8-20905.wav,998
Mono_Continuous,BMF,C:\TCC\Reproduzir_artigo\data\GUITAR-FX\Mono_Continuous\Audio\BMF\G81-41101-BMF-S7.9T4.5-20906.wav,998
Mono_Continuous,BMF,C:\TCC\Reproduzir_artigo\data\GUITAR-FX\Mono_Continuous\Audio\BMF\G81-45105-BMF-S8T9.1-20910.wav,998
Mono_Continuous,BMF,C:\TCC\Reproduzir_artigo\data\GUITAR-FX\Mono_Continuous\Audio\BMF\G81-47107-BMF-S10T1.5-20912.wav,998
Mono_Continuous,BMF,C:\TCC\Reproduzir_artigo\data\GUITAR-FX\Mono_Continuous\Audio\BMF\G81-52302-BMF-S2.1T1.1-20933.wav,998
Mono_Continuous,BMF,C:\TCC\Reproduzir_artigo\data\GUITAR-FX\Mono_Continuous\Audio\BMF\G81-53303-BMF-S6.4T1.6-20934.wav,998
Mono_Continuous,BMF,C:\TCC\Reproduzir_artigo\data\GUITAR-FX\Mono_Continuous\Audio\BMF\G81-54304-BMF-S6.7T8.8-20935.wav,998
Mono_Continuous,BMF,C:\TCC\Reproduzir_artigo\data\GUITAR-FX\Mono_Continuous\Audio\BMF\G81-56401-BMF-S7.7T5.2-20945.wav,998
Mono_Continuous,BMF,C:\TCC\Reproduzir_artigo\data\GUITAR-FX\Mono_Continuous\Audio\BMF\G81-57212-BMF-S7.9T4.8-20930.wav,998
Mono_Continuous,BMF,C:\TCC\Reproduzir_artigo\data\GUITAR-FX\Mono_Continuous\Audio\BMF\G81-57402-BMF-S5.2T0.3-20946.wav,998
Mono_Continuous,BMF,C:\TCC\Reproduzir_artigo\data\GUITAR-FX\Mono_Continuous\Audio\BMF\G81-59500-BMF-S4T0.3-20957.wav,998
Mono_Continuous,BMF,C:\TCC\Reproduzir_artigo\data\GUITAR-FX\Mono_Continuous\Audio\BMF\G81-60310-BMF-S2.3T7.9-20941.wav,998
Mono_Continuous,BMF,C:\TCC\Reproduzir_artigo\data\GUITAR-FX\Mono_Continuous\Audio\BMF\G81-61311-BMF-S3.6T5.6-20942.wav,998
Mono_Continuous,BMF,C:\TCC\Reproduzir_artigo\data\GUITAR-FX\Mono_Continuous\Audio\BMF\G81-62312-BMF-S5.2T4.5-20943.wav,998
Mono_Continuous,BMF,C:\TCC\Reproduzir_artigo\data\GUITAR-FX\Mono_Continuous\Audio\BMF\G81-62503-BMF-S2.1T5.6-20960.wav,998
Mono_Continuous,BMF,C:\TCC\Reproduzir_artigo\data\GUITAR-FX\Mono_Continuous\Audio\BMF\G81-64505-BMF-S9.6T1.5-20962.wav,998
Mono_Continuous,BMF,C:\TCC\Reproduzir_artigo\data\GUITAR-FX\Mono_Continuous\Audio\BMF\G81-65506-BMF-S6.3T6.1-20963.wav,998
Mono_Continuous,BMF,C:\TCC\Reproduzir_artigo\data\GUITAR-FX\Mono_Continuous\Audio\BMF\G81-66411-BMF-S2.6T2.2-20955.wav,998
Mono_Continuous,BMF,C:\TCC\Reproduzir_artigo\data\GUITAR-FX\Mono_Continuous\Audio\BMF\G81-66411-BMF-S6.9T4.5-20955.wav,998
Mono_Continuous,BMF,C:\TCC\Reproduzir_artigo\data\GUITAR-FX\Mono_Continuous\Audio\BMF\G81-66602-BMF-S6.6T8.5-20972.wav,998
Mono_Continuous,BMF,C:\TCC\Reproduzir_artigo\data\GUITAR-FX\Mono_Continuous\Audio\BMF\G81-69510-BMF-S3.8T0.8-20967.wav,998
Mono_Continuous,BMF,C:\TCC\Reproduzir_artigo\data\GUITAR-FX\Mono_Continuous\Audio\BMF\G81-70511-BMF-S2T7.2-20968.wav,998
Mono_Continuous,BMF,C:\TCC\Reproduzir_artigo\data\GUITAR-FX\Mono_Continuous\Audio\BMF\G81-70606-BMF-S4.4T4.1-20976.wav,998
Mono_Continuous,BMF,C:\TCC\Reproduzir_artigo\data\GUITAR-FX\Mono_Continuous\Audio\BMF\G81-71512-BMF-S9.1T7.2-20969.wav,998
Mono_Continuous,BMF,C:\TCC\Reproduzir_artigo\data\GUITAR-FX\Mono_Continuous\Audio\BMF\G81-72608-BMF-S2.7T1.5-20978.wav,998
Mono_Continuous,BMF,C:\TCC\Reproduzir_artigo\data\GUITAR-FX\Mono_Continuous\Audio\BMF\G81-75611-BMF-S3.8T7.2-20981.wav,998
Mono_Continuous,BMF,C:\TCC\Reproduzir_artigo\data\GUITAR-FX\Mono_Continuous\Audio\BMF\G81-76612-BMF-S5.7T1.8-20982.wav,998
Mono_Continuous,BMF,C:\TCC\Reproduzir_artigo\data\GUITAR-FX\Mono_Continuous\Audio\BMF\G83-41101-BMF-S2.5T0.6-20984.wav,998
Mono_Continuous,BMF,C:\TCC\Reproduzir_artigo\data\GUITAR-FX\Mono_Continuous\Audio\BMF\G83-41101-BMF-S9.3T9.2-20984.wav,998
Mono_Continuous,BMF,C:\TCC\Reproduzir_artigo\data\GUITAR-FX\Mono_Continuous\Audio\BMF\G83-45200-BMF-S4.7T5.6-20996.wav,998
Mono_Continuous,BMF,C:\TCC\Reproduzir_artigo\data\GUITAR-FX\Mono_Continuous\Audio\BMF\G83-47202-BMF-S7.4T0.3-20998.wav,998
Mono_Continuous,BMF,C:\TCC\Reproduzir_artigo\data\GUITAR-FX\Mono_Continuous\Audio\BMF\G83-48203-BMF-S5.4T6.5-20999.wav,998
Mono_Continuous,BMF,C:\TCC\Reproduzir_artigo\data\GUITAR-FX\Mono_Continuous\Audio\BMF\G83-51111-BMF-S2.2T4.5-20994.wav,998
Mono_Continuous,BMF,C:\TCC\Reproduzir_artigo\data\GUITAR-FX\Mono_Continuous\Audio\BMF\G83-51301-BMF-S3.6T3.2-21010.wav,998
Mono_Continuous,BMF,C:\TCC\Reproduzir_artigo\data\GUITAR-FX\Mono_Continuous\Audio\BMF\G83-52112-BMF-S7.5T6.8-20995.wav,998
Mono_Continuous,BMF,C:\TCC\Reproduzir_artigo\data\GUITAR-FX\Mono_Continuous\Audio\BMF\G83-52112-BMF-S8.1T8-20995.wav,998
Mono_Continuous,BMF,C:\TCC\Reproduzir_artigo\data\GUITAR-FX\Mono_Continuous\Audio\BMF\G83-52112-BMF-S8.9T9.2-20995.wav,998
Mono_Continuous,BMF,C:\TCC\Reproduzir_artigo\data\GUITAR-FX\Mono_Continuous\Audio\BMF\G83-52302-BMF-S3.8T0.8-21011.wav,998
Mono_Continuous,BMF,C:\TCC\Reproduzir_artigo\data\GUITAR-FX\Mono_Continuous\Audio\BMF\G83-54209-BMF-S8.7T9-21005.wav,998
Mono_Continuous,BMF,C:\TCC\Reproduzir_artigo\data\GUITAR-FX\Mono_Continuous\Audio\BMF\G83-55400-BMF-S7.3T4.7-21022.wav,998
Mono_Continuous,BMF,C:\TCC\Reproduzir_artigo\data\GUITAR-FX\Mono_Continuous\Audio\BMF\G83-56211-BMF-S6.8T3.5-21007.wav,998
Mono_Continuous,BMF,C:\TCC\Reproduzir_artigo\data\GUITAR-FX\Mono_Continuous\Audio\BMF\G83-57212-BMF-S7T7.1-21008.wav,998
Mono_Continuous,BMF,C:\TCC\Reproduzir_artigo\data\GUITAR-FX\Mono_Continuous\Audio\BMF\G83-57402-BMF-S5.6T7.1-21024.wav,998
Mono_Continuous,BMF,C:\TCC\Reproduzir_artigo\data\GUITAR-FX\Mono_Continuous\Audio\BMF\G83-58308-BMF-S7.9T9.2-21017.wav,998
Mono_Continuous,BMF,C:\TCC\Reproduzir_artigo\data\GUITAR-FX\Mono_Continuous\Audio\BMF\G83-61502-BMF-S4T8.8-21037.wav,998
Mono_Continuous,BMF,C:\TCC\Reproduzir_artigo\data\GUITAR-FX\Mono_Continuous\Audio\BMF\G83-64505-BMF-S8.5T6.5-21040.wav,998
Mono_Continuous,BMF,C:\TCC\Reproduzir_artigo\data\GUITAR-FX\Mono_Continuous\Audio\BMF\G83-65506-BMF-S7.6T9-21041.wav,998
Mono_Continuous,BMF,C:\TCC\Reproduzir_artigo\data\GUITAR-FX\Mono_Continuous\Audio\BMF\G83-67508-BMF-S5.2T8.7-21043.wav,998
Mono_Continuous,BMF,C:\TCC\Reproduzir_artigo\data\GUITAR-FX\Mono_Continuous\Audio\BMF\G83-68604-BMF-S5.3T3.5-21052.wav,998
Mono_Continuous,BMF,C:\TCC\Reproduzir_artigo\data\GUITAR-FX\Mono_Continuous\Audio\BMF\G83-69605-BMF-S7T6.9-21053.wav,998
Mono_Continuous,BMF,C:\TCC\Reproduzir_artigo\data\GUITAR-FX\Mono_Continuous\Audio\BMF\G83-74610-BMF-S9.1T5.6-21058.wav,998
Mono_Continuous,BMF,C:\TCC\Reproduzir_artigo\data\GUITAR-FX\Mono_Continuous\Audio\BMF\G83-74610-BMF-S9.9T1.3-21058.wav,998
Mono_Continuous,BMF,C:\TCC\Reproduzir_artigo\data\GUITAR-FX\Mono_Continuous\Audio\BMF\G91-41101-BMF-S3.8T2.4-21062.wav,998
Mono_Continuous,BMF,C:\TCC\Reproduzir_artigo\data\GUITAR-FX\Mono_Continuous\Audio\BMF\G91-44104-BMF-S8.3T0.1-21065.wav,998
Mono_Continuous,BMF,C:\TCC\Reproduzir_artigo\data\GUITAR-FX\Mono_Continuous\Audio\BMF\G91-44104-BMF-S8.7T3.3-21065.wav,998
Mono_Continuous,BMF,C:\TCC\Reproduzir_artigo\data\GUITAR-FX\Mono_Continuous\Audio\BMF\G91-45200-BMF-S8.9T6-21074.wav,998
Mono_Continuous,BMF,C:\TCC\Reproduzir_artigo\data\GUITAR-FX\Mono_Continuous\Audio\BMF\G91-46106-BMF-S9.2T7.5-21067.wav,998
Mono_Continuous,BMF,C:\TCC\Reproduzir_artigo\data\GUITAR-FX\Mono_Continuous\Audio\BMF\G91-46201-BMF-S2.6T2.5-21075.wav,998
Mono_Continuous,BMF,C:\TCC\Reproduzir_artigo\data\GUITAR-FX\Mono_Continuous\Audio\BMF\G91-47107-BMF-S8.1T5.1-21068.wav,998
Mono_Continuous,BMF,C:\TCC\Reproduzir_artigo\data\GUITAR-FX\Mono_Continuous\Audio\BMF\G91-48203-BMF-S5.8T6.6-21077.wav,998
Mono_Continuous,BMF,C:\TCC\Reproduzir_artigo\data\GUITAR-FX\Mono_Continuous\Audio\BMF\G91-49109-BMF-S8.7T3.1-21070.wav,998
Mono_Continuous,BMF,C:\TCC\Reproduzir_artigo\data\GUITAR-FX\Mono_Continuous\Audio\BMF\G91-50205-BMF-S2.8T1.6-21079.wav,998
Mono_Continuous,BMF,C:\TCC\Reproduzir_artigo\data\GUITAR-FX\Mono_Continuous\Audio\BMF\G91-52112-BMF-S9.1T8.9-21073.wav,998
Mono_Continuous,BMF,C:\TCC\Reproduzir_artigo\data\GUITAR-FX\Mono_Continuous\Audio\BMF\G91-52207-BMF-S7.2T4.5-21081.wav,998
Mono_Continuous,BMF,C:\TCC\Reproduzir_artigo\data\GUITAR-FX\Mono_Continuous\Audio\BMF\G91-55210-BMF-S4.1T4.8-21084.wav,998
Mono_Continuous,BMF,C:\TCC\Reproduzir_artigo\data\GUITAR-FX\Mono_Continuous\Audio\BMF\G91-55305-BMF-S3.5T8.1-21092.wav,998
Mono_Continuous,BMF,C:\TCC\Reproduzir_artigo\data\GUITAR-FX\Mono_Continuous\Audio\BMF\G91-55400-BMF-S6.8T0.5-21100.wav,998
Mono_Continuous,BMF,C:\TCC\Reproduzir_artigo\data\GUITAR-FX\Mono_Continuous\Audio\BMF\G91-55400-BMF-S8.9T0.8-21100.wav,998
Mono_Continuous,BMF,C:\TCC\Reproduzir_artigo\data\GUITAR-FX\Mono_Continuous\Audio\BMF\G91-56306-BMF-S8.1T9.8-21093.wav,998
Mono_Continuous,BMF,C:\TCC\Reproduzir_artigo\data\GUITAR-FX\Mono_Continuous\Audio\BMF\G91-56401-BMF-S9.2T9.1-21101.wav,998
Mono_Continuous,BMF,C:\TCC\Reproduzir_artigo\data\GUITAR-FX\Mono_Continuous\Audio\BMF\G91-59309-BMF-S3.5T5.7-21096.wav,998
Mono_Continuous,BMF,C:\TCC\Reproduzir_artigo\data\GUITAR-FX\Mono_Continuous\Audio\BMF\G91-59404-BMF-S8.4T4.8-21104.wav,998
Mono_Continuous,BMF,C:\TCC\Reproduzir_artigo\data\GUITAR-FX\Mono_Continuous\Audio\BMF\G91-60501-BMF-S6.2T10-21114.wav,998
Mono_Continuous,BMF,C:\TCC\Reproduzir_artigo\data\GUITAR-FX\Mono_Continuous\Audio\BMF\G91-61406-BMF-S7.9T4.5-21106.wav,998
Mono_Continuous,BMF,C:\TCC\Reproduzir_artigo\data\GUITAR-FX\Mono_Continuous\Audio\BMF\G91-61406-BMF-S8.2T6.3-21106.wav,998
Mono_Continuous,BMF,C:\TCC\Reproduzir_artigo\data\GUITAR-FX\Mono_Continuous\Audio\BMF\G91-61502-BMF-S3.4T2.9-21115.wav,998
Mono_Continuous,BMF,C:\TCC\Reproduzir_artigo\data\GUITAR-FX\Mono_Continuous\Audio\BMF\G91-63408-BMF-S9.7T4.6-21108.wav,998
Mono_Continuous,BMF,C:\TCC\Reproduzir_artigo\data\GUITAR-FX\Mono_Continuous\Audio\BMF\G91-64505-BMF-S3.7T2.9-21118.wav,998
Mono_Continuous,BMF,C:\TCC\Reproduzir_artigo\data\GUITAR-FX\Mono_Continuous\Audio\BMF\G91-64600-BMF-S7.9T3.8-21126.wav,998
Mono_Continuous,BMF,C:\TCC\Reproduzir_artigo\data\GUITAR-FX\Mono_Continuous\Audio\BMF\G91-66411-BMF-S8T1.9-21111.wav,998
Mono_Continuous,BMF,C:\TCC\Reproduzir_artigo\data\GUITAR-FX\Mono_Continuous\Audio\BMF\G91-67508-BMF-S10T8.7-21121.wav,998
Mono_Continuous,BMF,C:\TCC\Reproduzir_artigo\data\GUITAR-FX\Mono_Continuous\Audio\BMF\G91-67603-BMF-S4.9T5.4-21129.wav,998
Mono_Continuous,BMF,C:\TCC\Reproduzir_artigo\data\GUITAR-FX\Mono_Continuous\Audio\BMF\G91-69510-BMF-S8.1T2.2-21123.wav,998
Mono_Continuous,BMF,C:\TCC\Reproduzir_artigo\data\GUITAR-FX\Mono_Continuous\Audio\BMF\G91-70606-BMF-S3.9T1.2-21132.wav,998
Mono_Continuous,BMF,C:\TCC\Reproduzir_artigo\data\GUITAR-FX\Mono_Continuous\Audio\BMF\G91-76612-BMF-S8.6T3.2-21138.wav,998
Mono_Continuous,BMF,C:\TCC\Reproduzir_artigo\data\GUITAR-FX\Mono_Continuous\Audio\BMF\G93-43103-BMF-S6.3T8.1-21142.wav,998
Mono_Continuous,BMF,C:\TCC\Reproduzir_artigo\data\GUITAR-FX\Mono_Continuous\Audio\BMF\G93-44104-BMF-S8.9T9.3-21143.wav,998
Mono_Continuous,BMF,C:\TCC\Reproduzir_artigo\data\GUITAR-FX\Mono_Continuous\Audio\BMF\G93-45105-BMF-S2.6T9-21144.wav,998
Mono_Continuous,BMF,C:\TCC\Reproduzir_artigo\data\GUITAR-FX\Mono_Continuous\Audio\BMF\G93-45105-BMF-S3.2T1.4-21144.wav,998
Mono_Continuous,BMF,C:\TCC\Reproduzir_artigo\data\GUITAR-FX\Mono_Continuous\Audio\BMF\G93-45200-BMF-S6T9.1-21152.wav,998
Mono_Continuous,BMF,C:\TCC\Reproduzir_artigo\data\GUITAR-FX\Mono_Continuous\Audio\BMF\G93-46201-BMF-S5.8T2.6-21153.wav,998
Mono_Continuous,BMF,C:\TCC\Reproduzir_artigo\data\GUITAR-FX\Mono_Continuous\Audio\BMF\G93-48108-BMF-S3.1T1.7-21147.wav,998
Mono_Continuous,BMF,C:\TCC\Reproduzir_artigo\data\GUITAR-FX\Mono_Continuous\Audio\BMF\G93-49109-BMF-S9.3T3.7-21148.wav,998
Mono_Continuous,BMF,C:\TCC\Reproduzir_artigo\data\GUITAR-FX\Mono_Continuous\Audio\BMF\G93-49204-BMF-S7.4T4.5-21156.wav,998
Mono_Continuous,BMF,C:\TCC\Reproduzir_artigo\data\GUITAR-FX\Mono_Continuous\Audio\BMF\G93-49204-BMF-S9.2T1.9-21156.wav,998
Mono_Continuous,BMF,C:\TCC\Reproduzir_artigo\data\GUITAR-FX\Mono_Continuous\Audio\BMF\G93-50110-BMF-S7.1T4.5-21149.wav,998
Mono_Continuous,BMF,C:\TCC\Reproduzir_artigo\data\GUITAR-FX\Mono_Continuous\Audio\BMF\G93-50205-BMF-S6T8.9-21157.wav,998
Mono_Continuous,BMF,C:\TCC\Reproduzir_artigo\data\GUITAR-FX\Mono_Continuous\Audio\BMF\G93-50205-BMF-S8.9T6.6-21157.wav,998
Mono_Continuous,BMF,C:\TCC\Reproduzir_artigo\data\GUITAR-FX\Mono_Continuous\Audio\BMF\G93-51301-BMF-S10T5.6-21166.wav,998
Mono_Continuous,BMF,C:\TCC\Reproduzir_artigo\data\GUITAR-FX\Mono_Continuous\Audio\BMF\G93-52207-BMF-S8.3T4.4-21159.wav,998
Mono_Continuous,BMF,C:\TCC\Reproduzir_artigo\data\GUITAR-FX\Mono_Continuous\Audio\BMF\G93-52302-BMF-S5.9T8.1-21167.wav,998
Mono_Continuous,BMF,C:\TCC\Reproduzir_artigo\data\GUITAR-FX\Mono_Continuous\Audio\BMF\G93-55305-BMF-S9.2T1.2-21170.wav,998
Mono_Continuous,BMF,C:\TCC\Reproduzir_artigo\data\GUITAR-FX\Mono_Continuous\Audio\BMF\G93-60405-BMF-S9.3T7.1-21183.wav,998
Mono_Continuous,BMF,C:\TCC\Reproduzir_artigo\data\GUITAR-FX\Mono_Continuous\Audio\BMF\G93-62407-BMF-S7.3T9.3-21185.wav,998
Mono_Continuous,BMF,C:\TCC\Reproduzir_artigo\data\GUITAR-FX\Mono_Continuous\Audio\BMF\G93-64409-BMF-S2.1T4.3-21187.wav,998
Mono_Continuous,BMF,C:\TCC\Reproduzir_artigo\data\GUITAR-FX\Mono_Continuous\Audio\BMF\G93-65506-BMF-S8.8T1.8-21197.wav,998
Mono_Continuous,BMF,C:\TCC\Reproduzir_artigo\data\GUITAR-FX\Mono_Continuous\Audio\BMF\G93-66411-BMF-S6.2T8.2-21189.wav,998
Mono_Continuous,BMF,C:\TCC\Reproduzir_artigo\data\GUITAR-FX\Mono_Continuous\Audio\BMF\G93-66602-BMF-S2.8T0.2-21206.wav,998
Mono_Continuous,BMF,C:\TCC\Reproduzir_artigo\data\GUITAR-FX\Mono_Continuous\Audio\BMF\G93-67508-BMF-S7.7T2.5-21199.wav,998
Mono_Continuous,BMF,C:\TCC\Reproduzir_artigo\data\GUITAR-FX\Mono_Continuous\Audio\BMF\G93-67603-BMF-S2.7T6.1-21207.wav,998
Mono_Continuous,BMF,C:\TCC\Reproduzir_artigo\data\GUITAR-FX\Mono_Continuous\Audio\BMF\G93-72608-BMF-S6T2-21212.wav,998
Mono_Continuous,BMF,C:\TCC\Reproduzir_artigo\data\GUITAR-FX\Mono_Continuous\Audio\BMF\G93-75611-BMF-S6.5T6.6-21215.wav,998
Mono_Continuous,DPL,C:\TCC\Reproduzir_artigo\data\GUITAR-FX\Mono_Continuous\Audio\DPL\G61-42102-DPL-D3.1-20595.wav,998
Mono_Continuous,DPL,C:\TCC\Reproduzir_artigo\data\GUITAR-FX\Mono_Continuous\Audio\DPL\G61-45200-DPL-D6.8-20606.wav,998
Mono_Continuous,DPL,C:\TCC\Reproduzir_artigo\data\GUITAR-FX\Mono_Continuous\Audio\DPL\G61-47107-DPL-D3.3-20600.wav,998
Mono_Continuous,DPL,C:\TCC\Reproduzir_artigo\data\GUITAR-FX\Mono_Continuous\Audio\DPL\G61-48108-DPL-D9-20601.wav,998
Mono_Continuous,DPL,C:\TCC\Reproduzir_artigo\data\GUITAR-FX\Mono_Continuous\Audio\DPL\G61-49109-DPL-D5.5-20602.wav,998
Mono_Continuous,DPL,C:\TCC\Reproduzir_artigo\data\GUITAR-FX\Mono_Continuous\Audio\DPL\G61-49109-DPL-D7.9-20602.wav,998
Mono_Continuous,DPL,C:\TCC\Reproduzir_artigo\data\GUITAR-FX\Mono_Continuous\Audio\DPL\G61-49204-DPL-D6.2-20610.wav,998
Mono_Continuous,DPL,C:\TCC\Reproduzir_artigo\data\GUITAR-FX\Mono_Continuous\Audio\DPL\G61-50110-DPL-D7.5-20603.wav,998
Mono_Continuous,DPL,C:\TCC\Reproduzir_artigo\data\GUITAR-FX\Mono_Continuous\Audio\DPL\G61-52207-DPL-D7.6-20613.wav,998
Mono_Continuous,DPL,C:\TCC\Reproduzir_artigo\data\GUITAR-FX\Mono_Continuous\Audio\DPL\G61-53303-DPL-D10-20622.wav,998
Mono_Continuous,DPL,C:\TCC\Reproduzir_artigo\data\GUITAR-FX\Mono_Continuous\Audio\DPL\G61-53303-DPL-D5.2-20622.wav,998
Mono_Continuous,DPL,C:\TCC\Reproduzir_artigo\data\GUITAR-FX\Mono_Continuous\Audio\DPL\G61-55305-DPL-D8.8-20624.wav,998
Mono_Continuous,DPL,C:\TCC\Reproduzir_artigo\data\GUITAR-FX\Mono_Continuous\Audio\DPL\G61-56306-DPL-D4.4-20625.wav,998
Mono_Continuous,DPL,C:\TCC\Reproduzir_artigo\data\GUITAR-FX\Mono_Continuous\Audio\DPL\G61-58403-DPL-D3.3-20635.wav,998
Mono_Continuous,DPL,C:\TCC\Reproduzir_artigo\data\GUITAR-FX\Mono_Continuous\Audio\DPL\G61-58403-DPL-D5.2-20635.wav,998
Mono_Continuous,DPL,C:\TCC\Reproduzir_artigo\data\GUITAR-FX\Mono_Continuous\Audio\DPL\G61-59404-DPL-D7.6-20636.wav,998
Mono_Continuous,DPL,C:\TCC\Reproduzir_artigo\data\GUITAR-FX\Mono_Continuous\Audio\DPL\G61-60405-DPL-D8-20637.wav,998
Mono_Continuous,DPL,C:\TCC\Reproduzir_artigo\data\GUITAR-FX\Mono_Continuous\Audio\DPL\G61-61406-DPL-D2.1-20638.wav,998
Mono_Continuous,DPL,C:\TCC\Reproduzir_artigo\data\GUITAR-FX\Mono_Continuous\Audio\DPL\G61-61406-DPL-D6.8-20638.wav,998
Mono_Continuous,DPL,C:\TCC\Reproduzir_artigo\data\GUITAR-FX\Mono_Continuous\Audio\DPL\G61-64505-DPL-D5-20650.wav,998
Mono_Continuous,DPL,C:\TCC\Reproduzir_artigo\data\GUITAR-FX\Mono_Continuous\Audio\DPL\G61-64505-DPL-D9.4-20650.wav,998
Mono_Continuous,DPL,C:\TCC\Reproduzir_artigo\data\GUITAR-FX\Mono_Continuous\Audio\DPL\G61-65506-DPL-D2.6-20651.wav,998
Mono_Continuous,DPL,C:\TCC\Reproduzir_artigo\data\GUITAR-FX\Mono_Continuous\Audio\DPL\G61-65601-DPL-D8.5-20659.wav,998
Mono_Continuous,DPL,C:\TCC\Reproduzir_artigo\data\GUITAR-FX\Mono_Continuous\Audio\DPL\G61-66507-DPL-D7.6-20652.wav,998
Mono_Continuous,DPL,C:\TCC\Reproduzir_artigo\data\GUITAR-FX\Mono_Continuous\Audio\DPL\G61-68604-DPL-D7.1-20662.wav,998
Mono_Continuous,DPL,C:\TCC\Reproduzir_artigo\data\GUITAR-FX\Mono_Continuous\Audio\DPL\G61-69510-DPL-D6.9-20655.wav,998
Mono_Continuous,DPL,C:\TCC\Reproduzir_artigo\data\GUITAR-FX\Mono_Continuous\Audio\DPL\G61-69510-DPL-D7.8-20655.wav,998
Mono_Continuous,DPL,C:\TCC\Reproduzir_artigo\data\GUITAR-FX\Mono_Continuous\Audio\DPL\G61-70511-DPL-D3.3-20656.wav,998
Mono_Continuous,DPL,C:\TCC\Reproduzir_artigo\data\GUITAR-FX\Mono_Continuous\Audio\DPL\G61-70511-DPL-D6.2-20656.wav,998
Mono_Continuous,DPL,C:\TCC\Reproduzir_artigo\data\GUITAR-FX\Mono_Continuous\Audio\DPL\G61-72608-DPL-D9.2-20666.wav,998
Mono_Continuous,DPL,C:\TCC\Reproduzir_artigo\data\GUITAR-FX\Mono_Continuous\Audio\DPL\G61-74610-DPL-D2.4-20668.wav,998
Mono_Continuous,DPL,C:\TCC\Reproduzir_artigo\data\GUITAR-FX\Mono_Continuous\Audio\DPL\G61-76612-DPL-D7.8-20670.wav,998
Mono_Continuous,DPL,C:\TCC\Reproduzir_artigo\data\GUITAR-FX\Mono_Continuous\Audio\DPL\G63-42102-DPL-D7.1-20673.wav,998
Mono_Continuous,DPL,C:\TCC\Reproduzir_artigo\data\GUITAR-FX\Mono_Continuous\Audio\DPL\G63-43103-DPL-D2-20674.wav,998
Mono_Continuous,DPL,C:\TCC\Reproduzir_artigo\data\GUITAR-FX\Mono_Continuous\Audio\DPL\G63-44104-DPL-D3.5-20675.wav,998
Mono_Continuous,DPL,C:\TCC\Reproduzir_artigo\data\GUITAR-FX\Mono_Continuous\Audio\DPL\G63-45105-DPL-D2.3-20676.wav,998
Mono_Continuous,DPL,C:\TCC\Reproduzir_artigo\data\GUITAR-FX\Mono_Continuous\Audio\DPL\G63-45105-DPL-D8-20676.wav,998
Mono_Continuous,DPL,C:\TCC\Reproduzir_artigo\data\GUITAR-FX\Mono_Continuous\Audio\DPL\G63-45105-DPL-D9.5-20676.wav,998
Mono_Continuous,DPL,C:\TCC\Reproduzir_artigo\data\GUITAR-FX\Mono_Continuous\Audio\DPL\G63-46201-DPL-D2.5-20685.wav,998
Mono_Continuous,DPL,C:\TCC\Reproduzir_artigo\data\GUITAR-FX\Mono_Continuous\Audio\DPL\G63-47202-DPL-D7-20686.wav,998
Mono_Continuous,DPL,C:\TCC\Reproduzir_artigo\data\GUITAR-FX\Mono_Continuous\Audio\DPL\G63-47202-DPL-D8.2-20686.wav,998
Mono_Continuous,DPL,C:\TCC\Reproduzir_artigo\data\GUITAR-FX\Mono_Continuous\Audio\DPL\G63-49109-DPL-D5.4-20680.wav,998
Mono_Continuous,DPL,C:\TCC\Reproduzir_artigo\data\GUITAR-FX\Mono_Continuous\Audio\DPL\G63-49109-DPL-D7.5-20680.wav,998
Mono_Continuous,DPL,C:\TCC\Reproduzir_artigo\data\GUITAR-FX\Mono_Continuous\Audio\DPL\G63-49204-DPL-D2.1-20688.wav,998
Mono_Continuous,DPL,C:\TCC\Reproduzir_artigo\data\GUITAR-FX\Mono_Continuous\Audio\DPL\G63-52302-DPL-D3.4-20699.wav,998
Mono_Continuous,DPL,C:\TCC\Reproduzir_artigo\data\GUITAR-FX\Mono_Continuous\Audio\DPL\G63-52302-DPL-D5.1-20699.wav,998
Mono_Continuous,DPL,C:\TCC\Reproduzir_artigo\data\GUITAR-FX\Mono_Continuous\Audio\DPL\G63-52302-DPL-D6.6-20699.wav,998
Mono_Continuous,DPL,C:\TCC\Reproduzir_artigo\data\GUITAR-FX\Mono_Continuous\Audio\DPL\G63-54209-DPL-D8.7-20693.wav,998
Mono_Continuous,DPL,C:\TCC\Reproduzir_artigo\data\GUITAR-FX\Mono_Continuous\Audio\DPL\G63-55305-DPL-D7.3-20702.wav,998
Mono_Continuous,DPL,C:\TCC\Reproduzir_artigo\data\GUITAR-FX\Mono_Continuous\Audio\DPL\G63-57212-DPL-D7.4-20696.wav,998
Mono_Continuous,DPL,C:\TCC\Reproduzir_artigo\data\GUITAR-FX\Mono_Continuous\Audio\DPL\G63-57212-DPL-D9.3-20696.wav,998
Mono_Continuous,DPL,C:\TCC\Reproduzir_artigo\data\GUITAR-FX\Mono_Continuous\Audio\DPL\G63-58308-DPL-D9.2-20705.wav,998
Mono_Continuous,DPL,C:\TCC\Reproduzir_artigo\data\GUITAR-FX\Mono_Continuous\Audio\DPL\G63-58403-DPL-D4.6-20713.wav,998
Mono_Continuous,DPL,C:\TCC\Reproduzir_artigo\data\GUITAR-FX\Mono_Continuous\Audio\DPL\G63-59404-DPL-D3.6-20714.wav,998
Mono_Continuous,DPL,C:\TCC\Reproduzir_artigo\data\GUITAR-FX\Mono_Continuous\Audio\DPL\G63-61502-DPL-D9.6-20725.wav,998
Mono_Continuous,DPL,C:\TCC\Reproduzir_artigo\data\GUITAR-FX\Mono_Continuous\Audio\DPL\G63-64409-DPL-D5.1-20719.wav,998
Mono_Continuous,DPL,C:\TCC\Reproduzir_artigo\data\GUITAR-FX\Mono_Continuous\Audio\DPL\G63-65410-DPL-D7.7-20720.wav,998
Mono_Continuous,DPL,C:\TCC\Reproduzir_artigo\data\GUITAR-FX\Mono_Continuous\Audio\DPL\G63-65601-DPL-D5.7-20737.wav,998
Mono_Continuous,DPL,C:\TCC\Reproduzir_artigo\data\GUITAR-FX\Mono_Continuous\Audio\DPL\G63-66507-DPL-D8.9-20730.wav,998
Mono_Continuous,DPL,C:\TCC\Reproduzir_artigo\data\GUITAR-FX\Mono_Continuous\Audio\DPL\G63-68509-DPL-D2.9-20732.wav,998
Mono_Continuous,DPL,C:\TCC\Reproduzir_artigo\data\GUITAR-FX\Mono_Continuous\Audio\DPL\G63-68509-DPL-D3.8-20732.wav,998
Mono_Continuous,DPL,C:\TCC\Reproduzir_artigo\data\GUITAR-FX\Mono_Continuous\Audio\DPL\G63-68604-DPL-D9.1-20740.wav,998
Mono_Continuous,DPL,C:\TCC\Reproduzir_artigo\data\GUITAR-FX\Mono_Continuous\Audio\DPL\G63-69605-DPL-D6-20741.wav,998
Mono_Continuous,DPL,C:\TCC\Reproduzir_artigo\data\GUITAR-FX\Mono_Continuous\Audio\DPL\G63-70606-DPL-D6.1-20742.wav,998
Mono_Continuous,DPL,C:\TCC\Reproduzir_artigo\data\GUITAR-FX\Mono_Continuous\Audio\DPL\G63-71607-DPL-D6.3-20743.wav,998
Mono_Continuous,DPL,C:\TCC\Reproduzir_artigo\data\GUITAR-FX\Mono_Continuous\Audio\DPL\G63-74610-DPL-D6.9-20746.wav,998
Mono_Continuous,DPL,C:\TCC\Reproduzir_artigo\data\GUITAR-FX\Mono_Continuous\Audio\DPL\G71-42102-DPL-D4.7-20751.wav,998
Mono_Continuous,DPL,C:\TCC\Reproduzir_artigo\data\GUITAR-FX\Mono_Continuous\Audio\DPL\G71-42102-DPL-D6.9-20751.wav,998
Mono_Continuous,DPL,C:\TCC\Reproduzir_artigo\data\GUITAR-FX\Mono_Continuous\Audio\DPL\G71-44104-DPL-D4.8-20753.wav,998
Mono_Continuous,DPL,C:\TCC\Reproduzir_artigo\data\GUITAR-FX\Mono_Continuous\Audio\DPL\G71-45105-DPL-D6.9-20754.wav,998
Mono_Continuous,DPL,C:\TCC\Reproduzir_artigo\data\GUITAR-FX\Mono_Continuous\Audio\DPL\G71-45105-DPL-D8.3-20754.wav,998
Mono_Continuous,DPL,C:\TCC\Reproduzir_artigo\data\GUITAR-FX\Mono_Continuous\Audio\DPL\G71-45200-DPL-D9.6-20762.wav,998
Mono_Continuous,DPL,C:\TCC\Reproduzir_artigo\data\GUITAR-FX\Mono_Continuous\Audio\DPL\G71-46201-DPL-D7.2-20763.wav,998
Mono_Continuous,DPL,C:\TCC\Reproduzir_artigo\data\GUITAR-FX\Mono_Continuous\Audio\DPL\G71-47107-DPL-D4.5-20756.wav,998
Mono_Continuous,DPL,C:\TCC\Reproduzir_artigo\data\GUITAR-FX\Mono_Continuous\Audio\DPL\G71-47107-DPL-D5.9-20756.wav,998
Mono_Continuous,DPL,C:\TCC\Reproduzir_artigo\data\GUITAR-FX\Mono_Continuous\Audio\DPL\G71-47107-DPL-D7.1-20756.wav,998
Mono_Continuous,DPL,C:\TCC\Reproduzir_artigo\data\GUITAR-FX\Mono_Continuous\Audio\DPL\G71-48203-DPL-D2.8-20765.wav,998
Mono_Continuous,DPL,C:\TCC\Reproduzir_artigo\data\GUITAR-FX\Mono_Continuous\Audio\DPL\G71-49109-DPL-D4.2-20758.wav,998
Mono_Continuous,DPL,C:\TCC\Reproduzir_artigo\data\GUITAR-FX\Mono_Continuous\Audio\DPL\G71-50110-DPL-D3.5-20759.wav,998
Mono_Continuous,DPL,C:\TCC\Reproduzir_artigo\data\GUITAR-FX\Mono_Continuous\Audio\DPL\G71-51206-DPL-D2.7-20768.wav,998
Mono_Continuous,DPL,C:\TCC\Reproduzir_artigo\data\GUITAR-FX\Mono_Continuous\Audio\DPL\G71-51206-DPL-D4.6-20768.wav,998
Mono_Continuous,DPL,C:\TCC\Reproduzir_artigo\data\GUITAR-FX\Mono_Continuous\Audio\DPL\G71-52302-DPL-D8.9-20777.wav,998
Mono_Continuous,DPL,C:\TCC\Reproduzir_artigo\data\GUITAR-FX\Mono_Continuous\Audio\DPL\G71-53208-DPL-D3.1-20770.wav,998
Mono_Continuous,DPL,C:\TCC\Reproduzir_artigo\data\GUITAR-FX\Mono_Continuous\Audio\DPL\G71-54304-DPL-D6.5-20779.wav,998
Mono_Continuous,DPL,C:\TCC\Reproduzir_artigo\data\GUITAR-FX\Mono_Continuous\Audio\DPL\G71-55210-DPL-D5.8-20772.wav,998
Mono_Continuous,DPL,C:\TCC\Reproduzir_artigo\data\GUITAR-FX\Mono_Continuous\Audio\DPL\G71-57212-DPL-D4.8-20774.wav,998
Mono_Continuous,DPL,C:\TCC\Reproduzir_artigo\data\GUITAR-FX\Mono_Continuous\Audio\DPL\G71-59309-DPL-D3-20784.wav,998
Mono_Continuous,DPL,C:\TCC\Reproduzir_artigo\data\GUITAR-FX\Mono_Continuous\Audio\DPL\G71-59500-DPL-D3-20801.wav,998
Mono_Continuous,DPL,C:\TCC\Reproduzir_artigo\data\GUITAR-FX\Mono_Continuous\Audio\DPL\G71-60501-DPL-D4.3-20802.wav,998
Mono_Continuous,DPL,C:\TCC\Reproduzir_artigo\data\GUITAR-FX\Mono_Continuous\Audio\DPL\G71-61406-DPL-D5.4-20794.wav,998
Mono_Continuous,DPL,C:\TCC\Reproduzir_artigo\data\GUITAR-FX\Mono_Continuous\Audio\DPL\G71-62503-DPL-D6.4-20804.wav,998
Mono_Continuous,DPL,C:\TCC\Reproduzir_artigo\data\GUITAR-FX\Mono_Continuous\Audio\DPL\G71-64505-DPL-D3.7-20806.wav,998
Mono_Continuous,DPL,C:\TCC\Reproduzir_artigo\data\GUITAR-FX\Mono_Continuous\Audio\DPL\G71-65410-DPL-D4.5-20798.wav,998
Mono_Continuous,DPL,C:\TCC\Reproduzir_artigo\data\GUITAR-FX\Mono_Continuous\Audio\DPL\G71-66411-DPL-D2.5-20799.wav,998
Mono_Continuous,DPL,C:\TCC\Reproduzir_artigo\data\GUITAR-FX\Mono_Continuous\Audio\DPL\G71-66507-DPL-D9.1-20808.wav,998
Mono_Continuous,DPL,C:\TCC\Reproduzir_artigo\data\GUITAR-FX\Mono_Continuous\Audio\DPL\G71-67603-DPL-D2.6-20817.wav,998
Mono_Continuous,DPL,C:\TCC\Reproduzir_artigo\data\GUITAR-FX\Mono_Continuous\Audio\DPL\G71-67603-DPL-D4.3-20817.wav,998
Mono_Continuous,DPL,C:\TCC\Reproduzir_artigo\data\GUITAR-FX\Mono_Continuous\Audio\DPL\G71-69510-DPL-D7.1-20811.wav,998
Mono_Continuous,DPL,C:\TCC\Reproduzir_artigo\data\GUITAR-FX\Mono_Continuous\Audio\DPL\G71-71512-DPL-D2.1-20813.wav,998
Mono_Continuous,DPL,C:\TCC\Reproduzir_artigo\data\GUITAR-FX\Mono_Continuous\Audio\DPL\G71-71512-DPL-D7.7-20813.wav,998
Mono_Continuous,DPL,C:\TCC\Reproduzir_artigo\data\GUITAR-FX\Mono_Continuous\Audio\DPL\G71-74610-DPL-D8.1-20824.wav,998
Mono_Continuous,DPL,C:\TCC\Reproduzir_artigo\data\GUITAR-FX\Mono_Continuous\Audio\DPL\G71-75611-DPL-D8.3-20825.wav,998
Mono_Continuous,DPL,C:\TCC\Reproduzir_artigo\data\GUITAR-FX\Mono_Continuous\Audio\DPL\G73-46106-DPL-D4.3-20833.wav,998
Mono_Continuous,DPL,C:\TCC\Reproduzir_artigo\data\GUITAR-FX\Mono_Continuous\Audio\DPL\G73-46201-DPL-D8.5-20841.wav,998
Mono_Continuous,DPL,C:\TCC\Reproduzir_artigo\data\GUITAR-FX\Mono_Continuous\Audio\DPL\G73-47202-DPL-D9.3-20842.wav,998
Mono_Continuous,DPL,C:\TCC\Reproduzir_artigo\data\GUITAR-FX\Mono_Continuous\Audio\DPL\G73-48108-DPL-D10-20835.wav,998
Mono_Continuous,DPL,C:\TCC\Reproduzir_artigo\data\GUITAR-FX\Mono_Continuous\Audio\DPL\G73-49109-DPL-D4.5-20836.wav,998
Mono_Continuous,DPL,C:\TCC\Reproduzir_artigo\data\GUITAR-FX\Mono_Continuous\Audio\DPL\G73-51301-DPL-D8.3-20854.wav,998
Mono_Continuous,DPL,C:\TCC\Reproduzir_artigo\data\GUITAR-FX\Mono_Continuous\Audio\DPL\G73-52112-DPL-D8-20839.wav,998
Mono_Continuous,DPL,C:\TCC\Reproduzir_artigo\data\GUITAR-FX\Mono_Continuous\Audio\DPL\G73-52302-DPL-D4-20855.wav,998
Mono_Continuous,DPL,C:\TCC\Reproduzir_artigo\data\GUITAR-FX\Mono_Continuous\Audio\DPL\G73-54209-DPL-D7.9-20849.wav,998
Mono_Continuous,DPL,C:\TCC\Reproduzir_artigo\data\GUITAR-FX\Mono_Continuous\Audio\DPL\G73-54209-DPL-D8.2-20849.wav,998
Mono_Continuous,DPL,C:\TCC\Reproduzir_artigo\data\GUITAR-FX\Mono_Continuous\Audio\DPL\G73-55400-DPL-D5.7-20866.wav,998
Mono_Continuous,DPL,C:\TCC\Reproduzir_artigo\data\GUITAR-FX\Mono_Continuous\Audio\DPL\G73-56211-DPL-D4.8-20851.wav,998
Mono_Continuous,DPL,C:\TCC\Reproduzir_artigo\data\GUITAR-FX\Mono_Continuous\Audio\DPL\G73-56211-DPL-D7.6-20851.wav,998
Mono_Continuous,DPL,C:\TCC\Reproduzir_artigo\data\GUITAR-FX\Mono_Continuous\Audio\DPL\G73-56401-DPL-D7.3-20867.wav,998
Mono_Continuous,DPL,C:\TCC\Reproduzir_artigo\data\GUITAR-FX\Mono_Continuous\Audio\DPL\G73-57307-DPL-D3.4-20860.wav,998
Mono_Continuous,DPL,C:\TCC\Reproduzir_artigo\data\GUITAR-FX\Mono_Continuous\Audio\DPL\G73-59309-DPL-D2.4-20862.wav,998
Mono_Continuous,DPL,C:\TCC\Reproduzir_artigo\data\GUITAR-FX\Mono_Continuous\Audio\DPL\G73-60310-DPL-D4-20863.wav,998
Mono_Continuous,DPL,C:\TCC\Reproduzir_artigo\data\GUITAR-FX\Mono_Continuous\Audio\DPL\G73-60405-DPL-D5.4-20871.wav,998
Mono_Continuous,DPL,C:\TCC\Reproduzir_artigo\data\GUITAR-FX\Mono_Continuous\Audio\DPL\G73-61311-DPL-D6.4-20864.wav,998
Mono_Continuous,DPL,C:\TCC\Reproduzir_artigo\data\GUITAR-FX\Mono_Continuous\Audio\DPL\G73-61502-DPL-D2.3-20881.wav,998
Mono_Continuous,DPL,C:\TCC\Reproduzir_artigo\data\GUITAR-FX\Mono_Continuous\Audio\DPL\G73-61502-DPL-D4.9-20881.wav,998
Mono_Continuous,DPL,C:\TCC\Reproduzir_artigo\data\GUITAR-FX\Mono_Continuous\Audio\DPL\G73-61502-DPL-D9.4-20881.wav,998
Mono_Continuous,DPL,C:\TCC\Reproduzir_artigo\data\GUITAR-FX\Mono_Continuous\Audio\DPL\G73-62407-DPL-D4-20873.wav,998
Mono_Continuous,DPL,C:\TCC\Reproduzir_artigo\data\GUITAR-FX\Mono_Continuous\Audio\DPL\G73-63504-DPL-D5.7-20883.wav,998
Mono_Continuous,DPL,C:\TCC\Reproduzir_artigo\data\GUITAR-FX\Mono_Continuous\Audio\DPL\G73-64600-DPL-D3.9-20892.wav,998
Mono_Continuous,DPL,C:\TCC\Reproduzir_artigo\data\GUITAR-FX\Mono_Continuous\Audio\DPL\G73-65506-DPL-D6.6-20885.wav,998
Mono_Continuous,DPL,C:\TCC\Reproduzir_artigo\data\GUITAR-FX\Mono_Continuous\Audio\DPL\G73-67412-DPL-D7.2-20878.wav,998
Mono_Continuous,DPL,C:\TCC\Reproduzir_artigo\data\GUITAR-FX\Mono_Continuous\Audio\DPL\G73-67603-DPL-D4.6-20895.wav,998
Mono_Continuous,DPL,C:\TCC\Reproduzir_artigo\data\GUITAR-FX\Mono_Continuous\Audio\DPL\G73-67603-DPL-D7.9-20895.wav,998
Mono_Continuous,DPL,C:\TCC\Reproduzir_artigo\data\GUITAR-FX\Mono_Continuous\Audio\DPL\G73-68604-DPL-D7.7-20896.wav,998
Mono_Continuous,DPL,C:\TCC\Reproduzir_artigo\data\GUITAR-FX\Mono_Continuous\Audio\DPL\G73-70606-DPL-D2.5-20898.wav,998
Mono_Continuous,DPL,C:\TCC\Reproduzir_artigo\data\GUITAR-FX\Mono_Continuous\Audio\DPL\G73-71512-DPL-D7.5-20891.wav,998
Mono_Continuous,DPL,C:\TCC\Reproduzir_artigo\data\GUITAR-FX\Mono_Continuous\Audio\DPL\G73-71607-DPL-D8.2-20899.wav,998
Mono_Continuous,DPL,C:\TCC\Reproduzir_artigo\data\GUITAR-FX\Mono_Continuous\Audio\DPL\G73-72608-DPL-D4.6-20900.wav,998
Mono_Continuous,DPL,C:\TCC\Reproduzir_artigo\data\GUITAR-FX\Mono_Continuous\Audio\DPL\G73-74610-DPL-D9.6-20902.wav,998
Mono_Continuous,DPL,C:\TCC\Reproduzir_artigo\data\GUITAR-FX\Mono_Continuous\Audio\DPL\G81-40100-DPL-D5.3-20905.wav,998
Mono_Continuous,DPL,C:\TCC\Reproduzir_artigo\data\GUITAR-FX\Mono_Continuous\Audio\DPL\G81-43103-DPL-D2.4-20908.wav,998
Mono_Continuous,DPL,C:\TCC\Reproduzir_artigo\data\GUITAR-FX\Mono_Continuous\Audio\DPL\G81-43103-DPL-D5-20908.wav,998
Mono_Continuous,DPL,C:\TCC\Reproduzir_artigo\data\GUITAR-FX\Mono_Continuous\Audio\DPL\G81-45105-DPL-D3.7-20910.wav,998
Mono_Continuous,DPL,C:\TCC\Reproduzir_artigo\data\GUITAR-FX\Mono_Continuous\Audio\DPL\G81-45105-DPL-D5.9-20910.wav,998
Mono_Continuous,DPL,C:\TCC\Reproduzir_artigo\data\GUITAR-FX\Mono_Continuous\Audio\DPL\G81-45200-DPL-D6.3-20918.wav,998
Mono_Continuous,DPL,C:\TCC\Reproduzir_artigo\data\GUITAR-FX\Mono_Continuous\Audio\DPL\G81-50110-DPL-D7.2-20915.wav,998
Mono_Continuous,DPL,C:\TCC\Reproduzir_artigo\data\GUITAR-FX\Mono_Continuous\Audio\DPL\G81-50300-DPL-D2.3-20931.wav,998
Mono_Continuous,DPL,C:\TCC\Reproduzir_artigo\data\GUITAR-FX\Mono_Continuous\Audio\DPL\G81-51206-DPL-D5.6-20924.wav,998
Mono_Continuous,DPL,C:\TCC\Reproduzir_artigo\data\GUITAR-FX\Mono_Continuous\Audio\DPL\G81-51206-DPL-D6.7-20924.wav,998
Mono_Continuous,DPL,C:\TCC\Reproduzir_artigo\data\GUITAR-FX\Mono_Continuous\Audio\DPL\G81-52302-DPL-D6.3-20933.wav,998
Mono_Continuous,DPL,C:\TCC\Reproduzir_artigo\data\GUITAR-FX\Mono_Continuous\Audio\DPL\G81-55305-DPL-D6.4-20936.wav,998
Mono_Continuous,DPL,C:\TCC\Reproduzir_artigo\data\GUITAR-FX\Mono_Continuous\Audio\DPL\G81-55305-DPL-D7.2-20936.wav,998
Mono_Continuous,DPL,C:\TCC\Reproduzir_artigo\data\GUITAR-FX\Mono_Continuous\Audio\DPL\G81-55305-DPL-D7.5-20936.wav,998
Mono_Continuous,DPL,C:\TCC\Reproduzir_artigo\data\GUITAR-FX\Mono_Continuous\Audio\DPL\G81-55305-DPL-D8.3-20936.wav,998
Mono_Continuous,DPL,C:\TCC\Reproduzir_artigo\data\GUITAR-FX\Mono_Continuous\Audio\DPL\G81-55305-DPL-D9-20936.wav,998
Mono_Continuous,DPL,C:\TCC\Reproduzir_artigo\data\GUITAR-FX\Mono_Continuous\Audio\DPL\G81-56211-DPL-D9.7-20929.wav,998
Mono_Continuous,DPL,C:\TCC\Reproduzir_artigo\data\GUITAR-FX\Mono_Continuous\Audio\DPL\G81-56401-DPL-D4.4-20945.wav,998
Mono_Continuous,DPL,C:\TCC\Reproduzir_artigo\data\GUITAR-FX\Mono_Continuous\Audio\DPL\G81-57212-DPL-D2.4-20930.wav,998
Mono_Continuous,DPL,C:\TCC\Reproduzir_artigo\data\GUITAR-FX\Mono_Continuous\Audio\DPL\G81-58308-DPL-D5.9-20939.wav,998
Mono_Continuous,DPL,C:\TCC\Reproduzir_artigo\data\GUITAR-FX\Mono_Continuous\Audio\DPL\G81-59309-DPL-D6.7-20940.wav,998
Mono_Continuous,DPL,C:\TCC\Reproduzir_artigo\data\GUITAR-FX\Mono_Continuous\Audio\DPL\G81-61502-DPL-D6.7-20959.wav,998
Mono_Continuous,DPL,C:\TCC\Reproduzir_artigo\data\GUITAR-FX\Mono_Continuous\Audio\DPL\G81-62407-DPL-D6.6-20951.wav,998
Mono_Continuous,DPL,C:\TCC\Reproduzir_artigo\data\GUITAR-FX\Mono_Continuous\Audio\DPL\G81-63408-DPL-D4.7-20952.wav,998
Mono_Continuous,DPL,C:\TCC\Reproduzir_artigo\data\GUITAR-FX\Mono_Continuous\Audio\DPL\G81-64409-DPL-D6.6-20953.wav,998
Mono_Continuous,DPL,C:\TCC\Reproduzir_artigo\data\GUITAR-FX\Mono_Continuous\Audio\DPL\G81-65410-DPL-D3.2-20954.wav,998
Mono_Continuous,DPL,C:\TCC\Reproduzir_artigo\data\GUITAR-FX\Mono_Continuous\Audio\DPL\G81-65410-DPL-D4.4-20954.wav,998
Mono_Continuous,DPL,C:\TCC\Reproduzir_artigo\data\GUITAR-FX\Mono_Continuous\Audio\DPL\G81-66411-DPL-D5.4-20955.wav,998
Mono_Continuous,DPL,C:\TCC\Reproduzir_artigo\data\GUITAR-FX\Mono_Continuous\Audio\DPL\G81-66411-DPL-D9.8-20955.wav,998
Mono_Continuous,DPL,C:\TCC\Reproduzir_artigo\data\GUITAR-FX\Mono_Continuous\Audio\DPL\G81-66507-DPL-D4.5-20964.wav,998
Mono_Continuous,DPL,C:\TCC\Reproduzir_artigo\data\GUITAR-FX\Mono_Continuous\Audio\DPL\G81-66507-DPL-D7.7-20964.wav,998
Mono_Continuous,DPL,C:\TCC\Reproduzir_artigo\data\GUITAR-FX\Mono_Continuous\Audio\DPL\G81-70511-DPL-D8-20968.wav,998
Mono_Continuous,DPL,C:\TCC\Reproduzir_artigo\data\GUITAR-FX\Mono_Continuous\Audio\DPL\G83-41101-DPL-D4.7-20984.wav,998
Mono_Continuous,DPL,C:\TCC\Reproduzir_artigo\data\GUITAR-FX\Mono_Continuous\Audio\DPL\G83-43103-DPL-D4.9-20986.wav,998
Mono_Continuous,DPL,C:\TCC\Reproduzir_artigo\data\GUITAR-FX\Mono_Continuous\Audio\DPL\G83-45105-DPL-D7.3-20988.wav,998
Mono_Continuous,DPL,C:\TCC\Reproduzir_artigo\data\GUITAR-FX\Mono_Continuous\Audio\DPL\G83-48203-DPL-D8.5-20999.wav,998
Mono_Continuous,DPL,C:\TCC\Reproduzir_artigo\data\GUITAR-FX\Mono_Continuous\Audio\DPL\G83-49109-DPL-D7.5-20992.wav,998
Mono_Continuous,DPL,C:\TCC\Reproduzir_artigo\data\GUITAR-FX\Mono_Continuous\Audio\DPL\G83-50110-DPL-D4.6-20993.wav,998
Mono_Continuous,DPL,C:\TCC\Reproduzir_artigo\data\GUITAR-FX\Mono_Continuous\Audio\DPL\G83-52302-DPL-D8.2-21011.wav,998
Mono_Continuous,DPL,C:\TCC\Reproduzir_artigo\data\GUITAR-FX\Mono_Continuous\Audio\DPL\G83-54304-DPL-D5.6-21013.wav,998
Mono_Continuous,DPL,C:\TCC\Reproduzir_artigo\data\GUITAR-FX\Mono_Continuous\Audio\DPL\G83-57402-DPL-D9.8-21024.wav,998
Mono_Continuous,DPL,C:\TCC\Reproduzir_artigo\data\GUITAR-FX\Mono_Continuous\Audio\DPL\G83-59500-DPL-D2.2-21035.wav,998
Mono_Continuous,DPL,C:\TCC\Reproduzir_artigo\data\GUITAR-FX\Mono_Continuous\Audio\DPL\G83-62407-DPL-D5.1-21029.wav,998
Mono_Continuous,DPL,C:\TCC\Reproduzir_artigo\data\GUITAR-FX\Mono_Continuous\Audio\DPL\G83-63408-DPL-D8.5-21030.wav,998
Mono_Continuous,DPL,C:\TCC\Reproduzir_artigo\data\GUITAR-FX\Mono_Continuous\Audio\DPL\G83-63504-DPL-D3.3-21039.wav,998
Mono_Continuous,DPL,C:\TCC\Reproduzir_artigo\data\GUITAR-FX\Mono_Continuous\Audio\DPL\G83-64409-DPL-D6.7-21031.wav,998
Mono_Continuous,DPL,C:\TCC\Reproduzir_artigo\data\GUITAR-FX\Mono_Continuous\Audio\DPL\G83-66411-DPL-D9.2-21033.wav,998
Mono_Continuous,DPL,C:\TCC\Reproduzir_artigo\data\GUITAR-FX\Mono_Continuous\Audio\DPL\G83-67508-DPL-D4.7-21043.wav,998
Mono_Continuous,DPL,C:\TCC\Reproduzir_artigo\data\GUITAR-FX\Mono_Continuous\Audio\DPL\G83-68604-DPL-D7.3-21052.wav,998
Mono_Continuous,DPL,C:\TCC\Reproduzir_artigo\data\GUITAR-FX\Mono_Continuous\Audio\DPL\G83-70606-DPL-D6.3-21054.wav,998
Mono_Continuous,DPL,C:\TCC\Reproduzir_artigo\data\GUITAR-FX\Mono_Continuous\Audio\DPL\G83-74610-DPL-D9.4-21058.wav,998
Mono_Continuous,DPL,C:\TCC\Reproduzir_artigo\data\GUITAR-FX\Mono_Continuous\Audio\DPL\G91-40100-DPL-D4-21061.wav,998
Mono_Continuous,DPL,C:\TCC\Reproduzir_artigo\data\GUITAR-FX\Mono_Continuous\Audio\DPL\G91-41101-DPL-D3.6-21062.wav,998
Mono_Continuous,DPL,C:\TCC\Reproduzir_artigo\data\GUITAR-FX\Mono_Continuous\Audio\DPL\G91-42102-DPL-D4.4-21063.wav,998
Mono_Continuous,DPL,C:\TCC\Reproduzir_artigo\data\GUITAR-FX\Mono_Continuous\Audio\DPL\G91-44104-DPL-D8.5-21065.wav,998
Mono_Continuous,DPL,C:\TCC\Reproduzir_artigo\data\GUITAR-FX\Mono_Continuous\Audio\DPL\G91-50205-DPL-D3-21079.wav,998
Mono_Continuous,DPL,C:\TCC\Reproduzir_artigo\data\GUITAR-FX\Mono_Continuous\Audio\DPL\G91-50300-DPL-D9.4-21087.wav,998
Mono_Continuous,DPL,C:\TCC\Reproduzir_artigo\data\GUITAR-FX\Mono_Continuous\Audio\DPL\G91-52112-DPL-D9.9-21073.wav,998
Mono_Continuous,DPL,C:\TCC\Reproduzir_artigo\data\GUITAR-FX\Mono_Continuous\Audio\DPL\G91-53208-DPL-D8.4-21082.wav,998
Mono_Continuous,DPL,C:\TCC\Reproduzir_artigo\data\GUITAR-FX\Mono_Continuous\Audio\DPL\G91-53303-DPL-D8.8-21090.wav,998
Mono_Continuous,DPL,C:\TCC\Reproduzir_artigo\data\GUITAR-FX\Mono_Continuous\Audio\DPL\G91-54209-DPL-D6-21083.wav,998
Mono_Continuous,DPL,C:\TCC\Reproduzir_artigo\data\GUITAR-FX\Mono_Continuous\Audio\DPL\G91-55210-DPL-D7.2-21084.wav,998
Mono_Continuous,DPL,C:\TCC\Reproduzir_artigo\data\GUITAR-FX\Mono_Continuous\Audio\DPL\G91-55210-DPL-D8.1-21084.wav,998
Mono_Continuous,DPL,C:\TCC\Reproduzir_artigo\data\GUITAR-FX\Mono_Continuous\Audio\DPL\G91-55305-DPL-D9.1-21092.wav,998
Mono_Continuous,DPL,C:\TCC\Reproduzir_artigo\data\GUITAR-FX\Mono_Continuous\Audio\DPL\G91-55305-DPL-D9.9-21092.wav,998
Mono_Continuous,DPL,C:\TCC\Reproduzir_artigo\data\GUITAR-FX\Mono_Continuous\Audio\DPL\G91-56306-DPL-D2.1-21093.wav,998
Mono_Continuous,DPL,C:\TCC\Reproduzir_artigo\data\GUITAR-FX\Mono_Continuous\Audio\DPL\G91-56306-DPL-D2.8-21093.wav,998
Mono_Continuous,DPL,C:\TCC\Reproduzir_artigo\data\GUITAR-FX\Mono_Continuous\Audio\DPL\G91-57402-DPL-D7.3-21102.wav,998
Mono_Continuous,DPL,C:\TCC\Reproduzir_artigo\data\GUITAR-FX\Mono_Continuous\Audio\DPL\G91-59404-DPL-D2.3-21104.wav,998
Mono_Continuous,DPL,C:\TCC\Reproduzir_artigo\data\GUITAR-FX\Mono_Continuous\Audio\DPL\G91-60501-DPL-D2.5-21114.wav,998
Mono_Continuous,DPL,C:\TCC\Reproduzir_artigo\data\GUITAR-FX\Mono_Continuous\Audio\DPL\G91-60501-DPL-D4.9-21114.wav,998
Mono_Continuous,DPL,C:\TCC\Reproduzir_artigo\data\GUITAR-FX\Mono_Continuous\Audio\DPL\G91-61406-DPL-D4.4-21106.wav,998
Mono_Continuous,DPL,C:\TCC\Reproduzir_artigo\data\GUITAR-FX\Mono_Continuous\Audio\DPL\G91-61406-DPL-D7.4-21106.wav,998
Mono_Continuous,DPL,C:\TCC\Reproduzir_artigo\data\GUITAR-FX\Mono_Continuous\Audio\DPL\G91-61502-DPL-D6-21115.wav,998
Mono_Continuous,DPL,C:\TCC\Reproduzir_artigo\data\GUITAR-FX\Mono_Continuous\Audio\DPL\G91-62312-DPL-D6.6-21099.wav,998
Mono_Continuous,DPL,C:\TCC\Reproduzir_artigo\data\GUITAR-FX\Mono_Continuous\Audio\DPL\G91-62503-DPL-D5.8-21116.wav,998
Mono_Continuous,DPL,C:\TCC\Reproduzir_artigo\data\GUITAR-FX\Mono_Continuous\Audio\DPL\G91-64600-DPL-D4.9-21126.wav,998
Mono_Continuous,DPL,C:\TCC\Reproduzir_artigo\data\GUITAR-FX\Mono_Continuous\Audio\DPL\G91-65410-DPL-D9.7-21110.wav,998
Mono_Continuous,DPL,C:\TCC\Reproduzir_artigo\data\GUITAR-FX\Mono_Continuous\Audio\DPL\G91-65410-DPL-D9.8-21110.wav,998
Mono_Continuous,DPL,C:\TCC\Reproduzir_artigo\data\GUITAR-FX\Mono_Continuous\Audio\DPL\G91-66507-DPL-D8.4-21120.wav,998
Mono_Continuous,DPL,C:\TCC\Reproduzir_artigo\data\GUITAR-FX\Mono_Continuous\Audio\DPL\G91-67508-DPL-D3.8-21121.wav,998
Mono_Continuous,DPL,C:\TCC\Reproduzir_artigo\data\GUITAR-FX\Mono_Continuous\Audio\DPL\G91-68509-DPL-D4-21122.wav,998
Mono_Continuous,DPL,C:\TCC\Reproduzir_artigo\data\GUITAR-FX\Mono_Continuous\Audio\DPL\G91-68604-DPL-D9.5-21130.wav,998
Mono_Continuous,DPL,C:\TCC\Reproduzir_artigo\data\GUITAR-FX\Mono_Continuous\Audio\DPL\G91-69605-DPL-D4.9-21131.wav,998
Mono_Continuous,DPL,C:\TCC\Reproduzir_artigo\data\GUITAR-FX\Mono_Continuous\Audio\DPL\G91-70511-DPL-D6.3-21124.wav,998
Mono_Continuous,DPL,C:\TCC\Reproduzir_artigo\data\GUITAR-FX\Mono_Continuous\Audio\DPL\G91-70511-DPL-D7.5-21124.wav,998
Mono_Continuous,DPL,C:\TCC\Reproduzir_artigo\data\GUITAR-FX\Mono_Continuous\Audio\DPL\G91-70606-DPL-D7-21132.wav,998
Mono_Continuous,DPL,C:\TCC\Reproduzir_artigo\data\GUITAR-FX\Mono_Continuous\Audio\DPL\G91-71512-DPL-D6.2-21125.wav,998
Mono_Continuous,DPL,C:\TCC\Reproduzir_artigo\data\GUITAR-FX\Mono_Continuous\Audio\DPL\G91-71607-DPL-D7.7-21133.wav,998
Mono_Continuous,DPL,C:\TCC\Reproduzir_artigo\data\GUITAR-FX\Mono_Continuous\Audio\DPL\G91-74610-DPL-D5.7-21136.wav,998
Mono_Continuous,DPL,C:\TCC\Reproduzir_artigo\data\GUITAR-FX\Mono_Continuous\Audio\DPL\G93-40100-DPL-D7-21139.wav,998
Mono_Continuous,DPL,C:\TCC\Reproduzir_artigo\data\GUITAR-FX\Mono_Continuous\Audio\DPL\G93-43103-DPL-D3.8-21142.wav,998
Mono_Continuous,DPL,C:\TCC\Reproduzir_artigo\data\GUITAR-FX\Mono_Continuous\Audio\DPL\G93-45105-DPL-D4.3-21144.wav,998
Mono_Continuous,DPL,C:\TCC\Reproduzir_artigo\data\GUITAR-FX\Mono_Continuous\Audio\DPL\G93-47202-DPL-D3.2-21154.wav,998
Mono_Continuous,DPL,C:\TCC\Reproduzir_artigo\data\GUITAR-FX\Mono_Continuous\Audio\DPL\G93-47202-DPL-D4.2-21154.wav,998
Mono_Continuous,DPL,C:\TCC\Reproduzir_artigo\data\GUITAR-FX\Mono_Continuous\Audio\DPL\G93-48203-DPL-D9.7-21155.wav,998
Mono_Continuous,DPL,C:\TCC\Reproduzir_artigo\data\GUITAR-FX\Mono_Continuous\Audio\DPL\G93-49109-DPL-D4.8-21148.wav,998
Mono_Continuous,DPL,C:\TCC\Reproduzir_artigo\data\GUITAR-FX\Mono_Continuous\Audio\DPL\G93-50300-DPL-D8.1-21165.wav,998
Mono_Continuous,DPL,C:\TCC\Reproduzir_artigo\data\GUITAR-FX\Mono_Continuous\Audio\DPL\G93-54304-DPL-D2.8-21169.wav,998
Mono_Continuous,DPL,C:\TCC\Reproduzir_artigo\data\GUITAR-FX\Mono_Continuous\Audio\DPL\G93-55210-DPL-D8.3-21162.wav,998
Mono_Continuous,DPL,C:\TCC\Reproduzir_artigo\data\GUITAR-FX\Mono_Continuous\Audio\DPL\G93-55305-DPL-D4.7-21170.wav,998
Mono_Continuous,DPL,C:\TCC\Reproduzir_artigo\data\GUITAR-FX\Mono_Continuous\Audio\DPL\G93-56401-DPL-D3.3-21179.wav,998
Mono_Continuous,DPL,C:\TCC\Reproduzir_artigo\data\GUITAR-FX\Mono_Continuous\Audio\DPL\G93-57212-DPL-D2.5-21164.wav,998
Mono_Continuous,DPL,C:\TCC\Reproduzir_artigo\data\GUITAR-FX\Mono_Continuous\Audio\DPL\G93-57212-DPL-D4.9-21164.wav,998
Mono_Continuous,DPL,C:\TCC\Reproduzir_artigo\data\GUITAR-FX\Mono_Continuous\Audio\DPL\G93-59500-DPL-D3.1-21191.wav,998
Mono_Continuous,DPL,C:\TCC\Reproduzir_artigo\data\GUITAR-FX\Mono_Continuous\Audio\DPL\G93-60501-DPL-D5.4-21192.wav,998
Mono_Continuous,DPL,C:\TCC\Reproduzir_artigo\data\GUITAR-FX\Mono_Continuous\Audio\DPL\G93-61311-DPL-D8.4-21176.wav,998
Mono_Continuous,DPL,C:\TCC\Reproduzir_artigo\data\GUITAR-FX\Mono_Continuous\Audio\DPL\G93-61311-DPL-D8.8-21176.wav,998
Mono_Continuous,DPL,C:\TCC\Reproduzir_artigo\data\GUITAR-FX\Mono_Continuous\Audio\DPL\G93-63408-DPL-D7.1-21186.wav,998
Mono_Continuous,DPL,C:\TCC\Reproduzir_artigo\data\GUITAR-FX\Mono_Continuous\Audio\DPL\G93-64505-DPL-D9.6-21196.wav,998
Mono_Continuous,DPL,C:\TCC\Reproduzir_artigo\data\GUITAR-FX\Mono_Continuous\Audio\DPL\G93-66411-DPL-D5.6-21189.wav,998
Mono_Continuous,DPL,C:\TCC\Reproduzir_artigo\data\GUITAR-FX\Mono_Continuous\Audio\DPL\G93-69510-DPL-D6.3-21201.wav,998
Mono_Continuous,DPL,C:\TCC\Reproduzir_artigo\data\GUITAR-FX\Mono_Continuous\Audio\DPL\G93-70511-DPL-D2.2-21202.wav,998
Mono_Continuous,DS1,C:\TCC\Reproduzir_artigo\data\GUITAR-FX\Mono_Continuous\Audio\DS1\G61-42102-DS1-D7.4T4.6-20595.wav,998
Mono_Continuous,DS1,C:\TCC\Reproduzir_artigo\data\GUITAR-FX\Mono_Continuous\Audio\DS1\G61-42102-DS1-D9.4T6.6-20595.wav,998
Mono_Continuous,DS1,C:\TCC\Reproduzir_artigo\data\GUITAR-FX\Mono_Continuous\Audio\DS1\G61-43103-DS1-D4.9T0.5-20596.wav,998
Mono_Continuous,DS1,C:\TCC\Reproduzir_artigo\data\GUITAR-FX\Mono_Continuous\Audio\DS1\G61-44104-DS1-D9T3.7-20597.wav,998
Mono_Continuous,DS1,C:\TCC\Reproduzir_artigo\data\GUITAR-FX\Mono_Continuous\Audio\DS1\G61-45200-DS1-D5.8T5.5-20606.wav,998
Mono_Continuous,DS1,C:\TCC\Reproduzir_artigo\data\GUITAR-FX\Mono_Continuous\Audio\DS1\G61-46106-DS1-D2.1T9.5-20599.wav,998
Mono_Continuous,DS1,C:\TCC\Reproduzir_artigo\data\GUITAR-FX\Mono_Continuous\Audio\DS1\G61-46201-DS1-D3.7T8.3-20607.wav,998
Mono_Continuous,DS1,C:\TCC\Reproduzir_artigo\data\GUITAR-FX\Mono_Continuous\Audio\DS1\G61-47107-DS1-D2.2T1.4-20600.wav,998
Mono_Continuous,DS1,C:\TCC\Reproduzir_artigo\data\GUITAR-FX\Mono_Continuous\Audio\DS1\G61-49204-DS1-D7.2T2.5-20610.wav,998
Mono_Continuous,DS1,C:\TCC\Reproduzir_artigo\data\GUITAR-FX\Mono_Continuous\Audio\DS1\G61-50110-DS1-D8.6T5.4-20603.wav,998
Mono_Continuous,DS1,C:\TCC\Reproduzir_artigo\data\GUITAR-FX\Mono_Continuous\Audio\DS1\G61-50205-DS1-D3.7T2.8-20611.wav,998
Mono_Continuous,DS1,C:\TCC\Reproduzir_artigo\data\GUITAR-FX\Mono_Continuous\Audio\DS1\G61-50300-DS1-D8.2T7.3-20619.wav,998
Mono_Continuous,DS1,C:\TCC\Reproduzir_artigo\data\GUITAR-FX\Mono_Continuous\Audio\DS1\G61-51206-DS1-D8T5.3-20612.wav,998
Mono_Continuous,DS1,C:\TCC\Reproduzir_artigo\data\GUITAR-FX\Mono_Continuous\Audio\DS1\G61-52112-DS1-D6.2T8.6-20605.wav,998
Mono_Continuous,DS1,C:\TCC\Reproduzir_artigo\data\GUITAR-FX\Mono_Continuous\Audio\DS1\G61-52207-DS1-D3.7T8.5-20613.wav,998
Mono_Continuous,DS1,C:\TCC\Reproduzir_artigo\data\GUITAR-FX\Mono_Continuous\Audio\DS1\G61-53303-DS1-D5.2T9.5-20622.wav,998
Mono_Continuous,DS1,C:\TCC\Reproduzir_artigo\data\GUITAR-FX\Mono_Continuous\Audio\DS1\G61-55305-DS1-D8T5.3-20624.wav,998
Mono_Continuous,DS1,C:\TCC\Reproduzir_artigo\data\GUITAR-FX\Mono_Continuous\Audio\DS1\G61-55400-DS1-D3.2T3.4-20632.wav,998
Mono_Continuous,DS1,C:\TCC\Reproduzir_artigo\data\GUITAR-FX\Mono_Continuous\Audio\DS1\G61-56306-DS1-D4.9T4.9-20625.wav,998
Mono_Continuous,DS1,C:\TCC\Reproduzir_artigo\data\GUITAR-FX\Mono_Continuous\Audio\DS1\G61-56401-DS1-D6.5T3.4-20633.wav,998
Mono_Continuous,DS1,C:\TCC\Reproduzir_artigo\data\GUITAR-FX\Mono_Continuous\Audio\DS1\G61-57307-DS1-D3.7T4.9-20626.wav,998
Mono_Continuous,DS1,C:\TCC\Reproduzir_artigo\data\GUITAR-FX\Mono_Continuous\Audio\DS1\G61-57307-DS1-D8.1T3-20626.wav,998
Mono_Continuous,DS1,C:\TCC\Reproduzir_artigo\data\GUITAR-FX\Mono_Continuous\Audio\DS1\G61-60405-DS1-D4.8T4.4-20637.wav,998
Mono_Continuous,DS1,C:\TCC\Reproduzir_artigo\data\GUITAR-FX\Mono_Continuous\Audio\DS1\G61-61502-DS1-D6.2T9.8-20647.wav,998
Mono_Continuous,DS1,C:\TCC\Reproduzir_artigo\data\GUITAR-FX\Mono_Continuous\Audio\DS1\G61-62503-DS1-D4T9.3-20648.wav,998
Mono_Continuous,DS1,C:\TCC\Reproduzir_artigo\data\GUITAR-FX\Mono_Continuous\Audio\DS1\G61-62503-DS1-D8.4T1-20648.wav,998
Mono_Continuous,DS1,C:\TCC\Reproduzir_artigo\data\GUITAR-FX\Mono_Continuous\Audio\DS1\G61-63408-DS1-D2.7T7.8-20640.wav,998
Mono_Continuous,DS1,C:\TCC\Reproduzir_artigo\data\GUITAR-FX\Mono_Continuous\Audio\DS1\G61-63504-DS1-D3.2T8.5-20649.wav,998
Mono_Continuous,DS1,C:\TCC\Reproduzir_artigo\data\GUITAR-FX\Mono_Continuous\Audio\DS1\G61-64505-DS1-D6.9T4.1-20650.wav,998
Mono_Continuous,DS1,C:\TCC\Reproduzir_artigo\data\GUITAR-FX\Mono_Continuous\Audio\DS1\G61-64505-DS1-D7.4T7-20650.wav,998
Mono_Continuous,DS1,C:\TCC\Reproduzir_artigo\data\GUITAR-FX\Mono_Continuous\Audio\DS1\G61-65410-DS1-D7.3T1.6-20642.wav,998
Mono_Continuous,DS1,C:\TCC\Reproduzir_artigo\data\GUITAR-FX\Mono_Continuous\Audio\DS1\G61-65410-DS1-D7.9T7.2-20642.wav,998
Mono_Continuous,DS1,C:\TCC\Reproduzir_artigo\data\GUITAR-FX\Mono_Continuous\Audio\DS1\G61-66602-DS1-D2.5T1.7-20660.wav,998
Mono_Continuous,DS1,C:\TCC\Reproduzir_artigo\data\GUITAR-FX\Mono_Continuous\Audio\DS1\G61-67603-DS1-D6.6T8.5-20661.wav,998
Mono_Continuous,DS1,C:\TCC\Reproduzir_artigo\data\GUITAR-FX\Mono_Continuous\Audio\DS1\G61-68509-DS1-D9.2T6-20654.wav,998
Mono_Continuous,DS1,C:\TCC\Reproduzir_artigo\data\GUITAR-FX\Mono_Continuous\Audio\DS1\G61-71512-DS1-D3.6T8.3-20657.wav,998
Mono_Continuous,DS1,C:\TCC\Reproduzir_artigo\data\GUITAR-FX\Mono_Continuous\Audio\DS1\G61-71512-DS1-D6.6T6.4-20657.wav,998
Mono_Continuous,DS1,C:\TCC\Reproduzir_artigo\data\GUITAR-FX\Mono_Continuous\Audio\DS1\G61-76612-DS1-D9.5T2.5-20670.wav,998
Mono_Continuous,DS1,C:\TCC\Reproduzir_artigo\data\GUITAR-FX\Mono_Continuous\Audio\DS1\G63-40100-DS1-D7T5.5-20671.wav,998
Mono_Continuous,DS1,C:\TCC\Reproduzir_artigo\data\GUITAR-FX\Mono_Continuous\Audio\DS1\G63-41101-DS1-D9.4T6.4-20672.wav,998
Mono_Continuous,DS1,C:\TCC\Reproduzir_artigo\data\GUITAR-FX\Mono_Continuous\Audio\DS1\G63-46106-DS1-D3.9T3.1-20677.wav,998
Mono_Continuous,DS1,C:\TCC\Reproduzir_artigo\data\GUITAR-FX\Mono_Continuous\Audio\DS1\G63-47202-DS1-D2.7T8.5-20686.wav,998
Mono_Continuous,DS1,C:\TCC\Reproduzir_artigo\data\GUITAR-FX\Mono_Continuous\Audio\DS1\G63-47202-DS1-D4.8T9.9-20686.wav,998
Mono_Continuous,DS1,C:\TCC\Reproduzir_artigo\data\GUITAR-FX\Mono_Continuous\Audio\DS1\G63-48108-DS1-D5.7T4.7-20679.wav,998
Mono_Continuous,DS1,C:\TCC\Reproduzir_artigo\data\GUITAR-FX\Mono_Continuous\Audio\DS1\G63-48108-DS1-D9T4.5-20679.wav,998
Mono_Continuous,DS1,C:\TCC\Reproduzir_artigo\data\GUITAR-FX\Mono_Continuous\Audio\DS1\G63-50205-DS1-D2.7T4-20689.wav,998
Mono_Continuous,DS1,C:\TCC\Reproduzir_artigo\data\GUITAR-FX\Mono_Continuous\Audio\DS1\G63-50205-DS1-D3T3.2-20689.wav,998
Mono_Continuous,DS1,C:\TCC\Reproduzir_artigo\data\GUITAR-FX\Mono_Continuous\Audio\DS1\G63-50300-DS1-D5T2.5-20697.wav,998
Mono_Continuous,DS1,C:\TCC\Reproduzir_artigo\data\GUITAR-FX\Mono_Continuous\Audio\DS1\G63-50300-DS1-D9.2T8-20697.wav,998
Mono_Continuous,DS1,C:\TCC\Reproduzir_artigo\data\GUITAR-FX\Mono_Continuous\Audio\DS1\G63-52112-DS1-D6.7T0.3-20683.wav,998
Mono_Continuous,DS1,C:\TCC\Reproduzir_artigo\data\GUITAR-FX\Mono_Continuous\Audio\DS1\G63-52207-DS1-D5.7T8.8-20691.wav,998
Mono_Continuous,DS1,C:\TCC\Reproduzir_artigo\data\GUITAR-FX\Mono_Continuous\Audio\DS1\G63-56306-DS1-D6.1T6.4-20703.wav,998
Mono_Continuous,DS1,C:\TCC\Reproduzir_artigo\data\GUITAR-FX\Mono_Continuous\Audio\DS1\G63-59404-DS1-D4.7T4.4-20714.wav,998
Mono_Continuous,DS1,C:\TCC\Reproduzir_artigo\data\GUITAR-FX\Mono_Continuous\Audio\DS1\G63-60501-DS1-D3.2T1.8-20724.wav,998
Mono_Continuous,DS1,C:\TCC\Reproduzir_artigo\data\GUITAR-FX\Mono_Continuous\Audio\DS1\G63-60501-DS1-D6.3T5.4-20724.wav,998
Mono_Continuous,DS1,C:\TCC\Reproduzir_artigo\data\GUITAR-FX\Mono_Continuous\Audio\DS1\G63-61502-DS1-D7.7T5.1-20725.wav,998
Mono_Continuous,DS1,C:\TCC\Reproduzir_artigo\data\GUITAR-FX\Mono_Continuous\Audio\DS1\G63-62407-DS1-D2.3T0.4-20717.wav,998
Mono_Continuous,DS1,C:\TCC\Reproduzir_artigo\data\GUITAR-FX\Mono_Continuous\Audio\DS1\G63-62503-DS1-D9.7T9.7-20726.wav,998
Mono_Continuous,DS1,C:\TCC\Reproduzir_artigo\data\GUITAR-FX\Mono_Continuous\Audio\DS1\G63-64409-DS1-D3.4T6-20719.wav,998
Mono_Continuous,DS1,C:\TCC\Reproduzir_artigo\data\GUITAR-FX\Mono_Continuous\Audio\DS1\G63-65601-DS1-D6.1T8.1-20737.wav,998
Mono_Continuous,DS1,C:\TCC\Reproduzir_artigo\data\GUITAR-FX\Mono_Continuous\Audio\DS1\G63-66507-DS1-D3.9T0.3-20730.wav,998
Mono_Continuous,DS1,C:\TCC\Reproduzir_artigo\data\GUITAR-FX\Mono_Continuous\Audio\DS1\G63-68604-DS1-D3.8T8-20740.wav,998
Mono_Continuous,DS1,C:\TCC\Reproduzir_artigo\data\GUITAR-FX\Mono_Continuous\Audio\DS1\G63-69605-DS1-D5.2T5.1-20741.wav,998
Mono_Continuous,DS1,C:\TCC\Reproduzir_artigo\data\GUITAR-FX\Mono_Continuous\Audio\DS1\G63-70511-DS1-D7T3-20734.wav,998
Mono_Continuous,DS1,C:\TCC\Reproduzir_artigo\data\GUITAR-FX\Mono_Continuous\Audio\DS1\G63-70511-DS1-D9.4T0.3-20734.wav,998
Mono_Continuous,DS1,C:\TCC\Reproduzir_artigo\data\GUITAR-FX\Mono_Continuous\Audio\DS1\G63-70606-DS1-D5.9T8.7-20742.wav,998
Mono_Continuous,DS1,C:\TCC\Reproduzir_artigo\data\GUITAR-FX\Mono_Continuous\Audio\DS1\G63-70606-DS1-D6T5-20742.wav,998
Mono_Continuous,DS1,C:\TCC\Reproduzir_artigo\data\GUITAR-FX\Mono_Continuous\Audio\DS1\G63-71512-DS1-D4.6T7-20735.wav,998
Mono_Continuous,DS1,C:\TCC\Reproduzir_artigo\data\GUITAR-FX\Mono_Continuous\Audio\DS1\G63-71607-DS1-D5.1T1.1-20743.wav,998
Mono_Continuous,DS1,C:\TCC\Reproduzir_artigo\data\GUITAR-FX\Mono_Continuous\Audio\DS1\G63-74610-DS1-D6.4T9.2-20746.wav,998
Mono_Continuous,DS1,C:\TCC\Reproduzir_artigo\data\GUITAR-FX\Mono_Continuous\Audio\DS1\G63-75611-DS1-D4.7T5.5-20747.wav,998
Mono_Continuous,DS1,C:\TCC\Reproduzir_artigo\data\GUITAR-FX\Mono_Continuous\Audio\DS1\G63-75611-DS1-D9.2T2.4-20747.wav,998
Mono_Continuous,DS1,C:\TCC\Reproduzir_artigo\data\GUITAR-FX\Mono_Continuous\Audio\DS1\G71-42102-DS1-D6.7T8.5-20751.wav,998
Mono_Continuous,DS1,C:\TCC\Reproduzir_artigo\data\GUITAR-FX\Mono_Continuous\Audio\DS1\G71-45105-DS1-D7.1T8.3-20754.wav,998
Mono_Continuous,DS1,C:\TCC\Reproduzir_artigo\data\GUITAR-FX\Mono_Continuous\Audio\DS1\G71-47202-DS1-D2.2T4.2-20764.wav,998
Mono_Continuous,DS1,C:\TCC\Reproduzir_artigo\data\GUITAR-FX\Mono_Continuous\Audio\DS1\G71-50205-DS1-D6.5T5.1-20767.wav,998
Mono_Continuous,DS1,C:\TCC\Reproduzir_artigo\data\GUITAR-FX\Mono_Continuous\Audio\DS1\G71-55210-DS1-D8.6T4-20772.wav,998
Mono_Continuous,DS1,C:\TCC\Reproduzir_artigo\data\GUITAR-FX\Mono_Continuous\Audio\DS1\G71-55400-DS1-D5.5T3-20788.wav,998
Mono_Continuous,DS1,C:\TCC\Reproduzir_artigo\data\GUITAR-FX\Mono_Continuous\Audio\DS1\G71-56401-DS1-D9.6T5.6-20789.wav,998
Mono_Continuous,DS1,C:\TCC\Reproduzir_artigo\data\GUITAR-FX\Mono_Continuous\Audio\DS1\G71-58308-DS1-D5.3T6-20783.wav,998
Mono_Continuous,DS1,C:\TCC\Reproduzir_artigo\data\GUITAR-FX\Mono_Continuous\Audio\DS1\G71-60310-DS1-D3.1T9.2-20785.wav,998
Mono_Continuous,DS1,C:\TCC\Reproduzir_artigo\data\GUITAR-FX\Mono_Continuous\Audio\DS1\G71-60501-DS1-D7.3T4.5-20802.wav,998
Mono_Continuous,DS1,C:\TCC\Reproduzir_artigo\data\GUITAR-FX\Mono_Continuous\Audio\DS1\G71-61311-DS1-D3.9T8.4-20786.wav,998
Mono_Continuous,DS1,C:\TCC\Reproduzir_artigo\data\GUITAR-FX\Mono_Continuous\Audio\DS1\G71-61406-DS1-D8.4T3.3-20794.wav,998
Mono_Continuous,DS1,C:\TCC\Reproduzir_artigo\data\GUITAR-FX\Mono_Continuous\Audio\DS1\G71-62503-DS1-D7T6-20804.wav,998
Mono_Continuous,DS1,C:\TCC\Reproduzir_artigo\data\GUITAR-FX\Mono_Continuous\Audio\DS1\G71-63408-DS1-D2.1T6.5-20796.wav,998
Mono_Continuous,DS1,C:\TCC\Reproduzir_artigo\data\GUITAR-FX\Mono_Continuous\Audio\DS1\G71-63408-DS1-D3.4T9.5-20796.wav,998
Mono_Continuous,DS1,C:\TCC\Reproduzir_artigo\data\GUITAR-FX\Mono_Continuous\Audio\DS1\G71-63408-DS1-D4.2T6.5-20796.wav,998
Mono_Continuous,DS1,C:\TCC\Reproduzir_artigo\data\GUITAR-FX\Mono_Continuous\Audio\DS1\G71-63504-DS1-D2.6T7.5-20805.wav,998
Mono_Continuous,DS1,C:\TCC\Reproduzir_artigo\data\GUITAR-FX\Mono_Continuous\Audio\DS1\G71-64505-DS1-D5.9T0.1-20806.wav,998
Mono_Continuous,DS1,C:\TCC\Reproduzir_artigo\data\GUITAR-FX\Mono_Continuous\Audio\DS1\G71-65601-DS1-D5.6T4.5-20815.wav,998
Mono_Continuous,DS1,C:\TCC\Reproduzir_artigo\data\GUITAR-FX\Mono_Continuous\Audio\DS1\G71-66411-DS1-D2.4T8.1-20799.wav,998
Mono_Continuous,DS1,C:\TCC\Reproduzir_artigo\data\GUITAR-FX\Mono_Continuous\Audio\DS1\G71-66602-DS1-D3.2T3.2-20816.wav,998
Mono_Continuous,DS1,C:\TCC\Reproduzir_artigo\data\GUITAR-FX\Mono_Continuous\Audio\DS1\G71-67508-DS1-D4T7.2-20809.wav,998
Mono_Continuous,DS1,C:\TCC\Reproduzir_artigo\data\GUITAR-FX\Mono_Continuous\Audio\DS1\G71-68604-DS1-D7.7T0.9-20818.wav,998
Mono_Continuous,DS1,C:\TCC\Reproduzir_artigo\data\GUITAR-FX\Mono_Continuous\Audio\DS1\G71-69510-DS1-D8.9T0.9-20811.wav,998
Mono_Continuous,DS1,C:\TCC\Reproduzir_artigo\data\GUITAR-FX\Mono_Continuous\Audio\DS1\G71-71512-DS1-D2.8T3.3-20813.wav,998
Mono_Continuous,DS1,C:\TCC\Reproduzir_artigo\data\GUITAR-FX\Mono_Continuous\Audio\DS1\G71-73609-DS1-D8.1T6.5-20823.wav,998
Mono_Continuous,DS1,C:\TCC\Reproduzir_artigo\data\GUITAR-FX\Mono_Continuous\Audio\DS1\G71-73609-DS1-D8T0.8-20823.wav,998
Mono_Continuous,DS1,C:\TCC\Reproduzir_artigo\data\GUITAR-FX\Mono_Continuous\Audio\DS1\G71-74610-DS1-D8.5T0.2-20824.wav,998
Mono_Continuous,DS1,C:\TCC\Reproduzir_artigo\data\GUITAR-FX\Mono_Continuous\Audio\DS1\G71-76612-DS1-D4.6T6.9-20826.wav,998
Mono_Continuous,DS1,C:\TCC\Reproduzir_artigo\data\GUITAR-FX\Mono_Continuous\Audio\DS1\G73-46201-DS1-D2.6T3.3-20841.wav,998
Mono_Continuous,DS1,C:\TCC\Reproduzir_artigo\data\GUITAR-FX\Mono_Continuous\Audio\DS1\G73-46201-DS1-D6.1T5.1-20841.wav,998
Mono_Continuous,DS1,C:\TCC\Reproduzir_artigo\data\GUITAR-FX\Mono_Continuous\Audio\DS1\G73-48203-DS1-D9.5T2.1-20843.wav,998
Mono_Continuous,DS1,C:\TCC\Reproduzir_artigo\data\GUITAR-FX\Mono_Continuous\Audio\DS1\G73-52207-DS1-D9.5T6.6-20847.wav,998
Mono_Continuous,DS1,C:\TCC\Reproduzir_artigo\data\GUITAR-FX\Mono_Continuous\Audio\DS1\G73-53208-DS1-D5.7T0.5-20848.wav,998
Mono_Continuous,DS1,C:\TCC\Reproduzir_artigo\data\GUITAR-FX\Mono_Continuous\Audio\DS1\G73-56306-DS1-D4.7T4.5-20859.wav,998
Mono_Continuous,DS1,C:\TCC\Reproduzir_artigo\data\GUITAR-FX\Mono_Continuous\Audio\DS1\G73-60405-DS1-D6.1T1-20871.wav,998
Mono_Continuous,DS1,C:\TCC\Reproduzir_artigo\data\GUITAR-FX\Mono_Continuous\Audio\DS1\G73-60405-DS1-D9.5T6-20871.wav,998
Mono_Continuous,DS1,C:\TCC\Reproduzir_artigo\data\GUITAR-FX\Mono_Continuous\Audio\DS1\G73-61406-DS1-D2.5T7.1-20872.wav,998
Mono_Continuous,DS1,C:\TCC\Reproduzir_artigo\data\GUITAR-FX\Mono_Continuous\Audio\DS1\G73-61406-DS1-D5.1T6.5-20872.wav,998
Mono_Continuous,DS1,C:\TCC\Reproduzir_artigo\data\GUITAR-FX\Mono_Continuous\Audio\DS1\G73-61502-DS1-D5.2T6.8-20881.wav,998
Mono_Continuous,DS1,C:\TCC\Reproduzir_artigo\data\GUITAR-FX\Mono_Continuous\Audio\DS1\G73-62312-DS1-D3.5T5.3-20865.wav,998
Mono_Continuous,DS1,C:\TCC\Reproduzir_artigo\data\GUITAR-FX\Mono_Continuous\Audio\DS1\G73-62312-DS1-D6.6T0.4-20865.wav,998
Mono_Continuous,DS1,C:\TCC\Reproduzir_artigo\data\GUITAR-FX\Mono_Continuous\Audio\DS1\G73-62503-DS1-D7.2T0.4-20882.wav,998
Mono_Continuous,DS1,C:\TCC\Reproduzir_artigo\data\GUITAR-FX\Mono_Continuous\Audio\DS1\G73-63504-DS1-D9.4T8.7-20883.wav,998
Mono_Continuous,DS1,C:\TCC\Reproduzir_artigo\data\GUITAR-FX\Mono_Continuous\Audio\DS1\G73-64409-DS1-D3T0.6-20875.wav,998
Mono_Continuous,DS1,C:\TCC\Reproduzir_artigo\data\GUITAR-FX\Mono_Continuous\Audio\DS1\G73-67508-DS1-D8.6T7.1-20887.wav,998
Mono_Continuous,DS1,C:\TCC\Reproduzir_artigo\data\GUITAR-FX\Mono_Continuous\Audio\DS1\G73-67603-DS1-D7.7T0.9-20895.wav,998
Mono_Continuous,DS1,C:\TCC\Reproduzir_artigo\data\GUITAR-FX\Mono_Continuous\Audio\DS1\G73-68604-DS1-D7.3T4.1-20896.wav,998
Mono_Continuous,DS1,C:\TCC\Reproduzir_artigo\data\GUITAR-FX\Mono_Continuous\Audio\DS1\G73-69510-DS1-D6.3T9.1-20889.wav,998
Mono_Continuous,DS1,C:\TCC\Reproduzir_artigo\data\GUITAR-FX\Mono_Continuous\Audio\DS1\G73-74610-DS1-D5.8T8.2-20902.wav,998
Mono_Continuous,DS1,C:\TCC\Reproduzir_artigo\data\GUITAR-FX\Mono_Continuous\Audio\DS1\G73-76612-DS1-D6.4T7.5-20904.wav,998
Mono_Continuous,DS1,C:\TCC\Reproduzir_artigo\data\GUITAR-FX\Mono_Continuous\Audio\DS1\G81-40100-DS1-D7.2T3.8-20905.wav,998
Mono_Continuous,DS1,C:\TCC\Reproduzir_artigo\data\GUITAR-FX\Mono_Continuous\Audio\DS1\G81-45200-DS1-D8.5T6.3-20918.wav,998
Mono_Continuous,DS1,C:\TCC\Reproduzir_artigo\data\GUITAR-FX\Mono_Continuous\Audio\DS1\G81-45200-DS1-D9.2T6.7-20918.wav,998
Mono_Continuous,DS1,C:\TCC\Reproduzir_artigo\data\GUITAR-FX\Mono_Continuous\Audio\DS1\G81-49204-DS1-D4.8T2.1-20922.wav,998
Mono_Continuous,DS1,C:\TCC\Reproduzir_artigo\data\GUITAR-FX\Mono_Continuous\Audio\DS1\G81-50205-DS1-D9.1T2.6-20923.wav,998
Mono_Continuous,DS1,C:\TCC\Reproduzir_artigo\data\GUITAR-FX\Mono_Continuous\Audio\DS1\G81-52112-DS1-D2.5T6.2-20917.wav,998
Mono_Continuous,DS1,C:\TCC\Reproduzir_artigo\data\GUITAR-FX\Mono_Continuous\Audio\DS1\G81-55305-DS1-D8.4T3.1-20936.wav,998
Mono_Continuous,DS1,C:\TCC\Reproduzir_artigo\data\GUITAR-FX\Mono_Continuous\Audio\DS1\G81-56211-DS1-D7.8T2.3-20929.wav,998
Mono_Continuous,DS1,C:\TCC\Reproduzir_artigo\data\GUITAR-FX\Mono_Continuous\Audio\DS1\G81-56306-DS1-D4T3.7-20937.wav,998
Mono_Continuous,DS1,C:\TCC\Reproduzir_artigo\data\GUITAR-FX\Mono_Continuous\Audio\DS1\G81-56401-DS1-D5.5T6.8-20945.wav,998
Mono_Continuous,DS1,C:\TCC\Reproduzir_artigo\data\GUITAR-FX\Mono_Continuous\Audio\DS1\G81-57402-DS1-D9.3T1.5-20946.wav,998
Mono_Continuous,DS1,C:\TCC\Reproduzir_artigo\data\GUITAR-FX\Mono_Continuous\Audio\DS1\G81-58308-DS1-D4T8.1-20939.wav,998
Mono_Continuous,DS1,C:\TCC\Reproduzir_artigo\data\GUITAR-FX\Mono_Continuous\Audio\DS1\G81-58308-DS1-D6.3T0-20939.wav,998
Mono_Continuous,DS1,C:\TCC\Reproduzir_artigo\data\GUITAR-FX\Mono_Continuous\Audio\DS1\G81-58403-DS1-D8T8.4-20947.wav,998
Mono_Continuous,DS1,C:\TCC\Reproduzir_artigo\data\GUITAR-FX\Mono_Continuous\Audio\DS1\G81-59404-DS1-D9T5.9-20948.wav,998
Mono_Continuous,DS1,C:\TCC\Reproduzir_artigo\data\GUITAR-FX\Mono_Continuous\Audio\DS1\G81-60310-DS1-D9.3T7.5-20941.wav,998
Mono_Continuous,DS1,C:\TCC\Reproduzir_artigo\data\GUITAR-FX\Mono_Continuous\Audio\DS1\G81-62407-DS1-D2.7T2.8-20951.wav,998
Mono_Continuous,DS1,C:\TCC\Reproduzir_artigo\data\GUITAR-FX\Mono_Continuous\Audio\DS1\G81-62407-DS1-D4.2T3.9-20951.wav,998
Mono_Continuous,DS1,C:\TCC\Reproduzir_artigo\data\GUITAR-FX\Mono_Continuous\Audio\DS1\G81-62503-DS1-D4.1T7.1-20960.wav,998
Mono_Continuous,DS1,C:\TCC\Reproduzir_artigo\data\GUITAR-FX\Mono_Continuous\Audio\DS1\G81-64409-DS1-D5.8T8.1-20953.wav,998
Mono_Continuous,DS1,C:\TCC\Reproduzir_artigo\data\GUITAR-FX\Mono_Continuous\Audio\DS1\G81-64505-DS1-D2.9T10-20962.wav,998
Mono_Continuous,DS1,C:\TCC\Reproduzir_artigo\data\GUITAR-FX\Mono_Continuous\Audio\DS1\G81-64505-DS1-D3T1.1-20962.wav,998
Mono_Continuous,DS1,C:\TCC\Reproduzir_artigo\data\GUITAR-FX\Mono_Continuous\Audio\DS1\G81-64600-DS1-D2.4T0.5-20970.wav,998
Mono_Continuous,DS1,C:\TCC\Reproduzir_artigo\data\GUITAR-FX\Mono_Continuous\Audio\DS1\G81-65410-DS1-D5.8T3-20954.wav,998
Mono_Continuous,DS1,C:\TCC\Reproduzir_artigo\data\GUITAR-FX\Mono_Continuous\Audio\DS1\G81-65410-DS1-D6.2T4.5-20954.wav,998
Mono_Continuous,DS1,C:\TCC\Reproduzir_artigo\data\GUITAR-FX\Mono_Continuous\Audio\DS1\G81-65601-DS1-D7.2T9.3-20971.wav,998
Mono_Continuous,DS1,C:\TCC\Reproduzir_artigo\data\GUITAR-FX\Mono_Continuous\Audio\DS1\G81-69510-DS1-D4T0.1-20967.wav,998
Mono_Continuous,DS1,C:\TCC\Reproduzir_artigo\data\GUITAR-FX\Mono_Continuous\Audio\DS1\G81-71607-DS1-D6.4T5.5-20977.wav,998
Mono_Continuous,DS1,C:\TCC\Reproduzir_artigo\data\GUITAR-FX\Mono_Continuous\Audio\DS1\G81-72608-DS1-D5.2T7.6-20978.wav,998
Mono_Continuous,DS1,C:\TCC\Reproduzir_artigo\data\GUITAR-FX\Mono_Continuous\Audio\DS1\G81-72608-DS1-D8.4T3.1-20978.wav,998
Mono_Continuous,DS1,C:\TCC\Reproduzir_artigo\data\GUITAR-FX\Mono_Continuous\Audio\DS1\G81-75611-DS1-D2.9T5.1-20981.wav,998
Mono_Continuous,DS1,C:\TCC\Reproduzir_artigo\data\GUITAR-FX\Mono_Continuous\Audio\DS1\G81-75611-DS1-D7.7T9.5-20981.wav,998
Mono_Continuous,DS1,C:\TCC\Reproduzir_artigo\data\GUITAR-FX\Mono_Continuous\Audio\DS1\G83-43103-DS1-D6.1T8-20986.wav,998
Mono_Continuous,DS1,C:\TCC\Reproduzir_artigo\data\GUITAR-FX\Mono_Continuous\Audio\DS1\G83-46201-DS1-D9.3T8.9-20997.wav,998
Mono_Continuous,DS1,C:\TCC\Reproduzir_artigo\data\GUITAR-FX\Mono_Continuous\Audio\DS1\G83-47202-DS1-D2.2T2.6-20998.wav,998
Mono_Continuous,DS1,C:\TCC\Reproduzir_artigo\data\GUITAR-FX\Mono_Continuous\Audio\DS1\G83-48108-DS1-D9.3T5.7-20991.wav,998
Mono_Continuous,DS1,C:\TCC\Reproduzir_artigo\data\GUITAR-FX\Mono_Continuous\Audio\DS1\G83-48203-DS1-D4T8.7-20999.wav,998
Mono_Continuous,DS1,C:\TCC\Reproduzir_artigo\data\GUITAR-FX\Mono_Continuous\Audio\DS1\G83-49204-DS1-D5.4T0.4-21000.wav,998
Mono_Continuous,DS1,C:\TCC\Reproduzir_artigo\data\GUITAR-FX\Mono_Continuous\Audio\DS1\G83-51111-DS1-D7.9T9.6-20994.wav,998
Mono_Continuous,DS1,C:\TCC\Reproduzir_artigo\data\GUITAR-FX\Mono_Continuous\Audio\DS1\G83-51301-DS1-D7.3T6.3-21010.wav,998
Mono_Continuous,DS1,C:\TCC\Reproduzir_artigo\data\GUITAR-FX\Mono_Continuous\Audio\DS1\G83-52207-DS1-D4.4T4.6-21003.wav,998
Mono_Continuous,DS1,C:\TCC\Reproduzir_artigo\data\GUITAR-FX\Mono_Continuous\Audio\DS1\G83-52207-DS1-D8.9T3-21003.wav,998
Mono_Continuous,DS1,C:\TCC\Reproduzir_artigo\data\GUITAR-FX\Mono_Continuous\Audio\DS1\G83-53208-DS1-D6.9T9.2-21004.wav,998
Mono_Continuous,DS1,C:\TCC\Reproduzir_artigo\data\GUITAR-FX\Mono_Continuous\Audio\DS1\G83-54304-DS1-D2.6T7.1-21013.wav,998
Mono_Continuous,DS1,C:\TCC\Reproduzir_artigo\data\GUITAR-FX\Mono_Continuous\Audio\DS1\G83-55400-DS1-D2.2T8.2-21022.wav,998
Mono_Continuous,DS1,C:\TCC\Reproduzir_artigo\data\GUITAR-FX\Mono_Continuous\Audio\DS1\G83-57402-DS1-D9.7T6.8-21024.wav,998
Mono_Continuous,DS1,C:\TCC\Reproduzir_artigo\data\GUITAR-FX\Mono_Continuous\Audio\DS1\G83-58308-DS1-D4.1T4-21017.wav,998
Mono_Continuous,DS1,C:\TCC\Reproduzir_artigo\data\GUITAR-FX\Mono_Continuous\Audio\DS1\G83-59309-DS1-D8.7T9.6-21018.wav,998
Mono_Continuous,DS1,C:\TCC\Reproduzir_artigo\data\GUITAR-FX\Mono_Continuous\Audio\DS1\G83-59404-DS1-D2.7T2.9-21026.wav,998
Mono_Continuous,DS1,C:\TCC\Reproduzir_artigo\data\GUITAR-FX\Mono_Continuous\Audio\DS1\G83-61406-DS1-D2.2T3.6-21028.wav,998
Mono_Continuous,DS1,C:\TCC\Reproduzir_artigo\data\GUITAR-FX\Mono_Continuous\Audio\DS1\G83-62407-DS1-D4.1T1.2-21029.wav,998
Mono_Continuous,DS1,C:\TCC\Reproduzir_artigo\data\GUITAR-FX\Mono_Continuous\Audio\DS1\G83-62503-DS1-D5.2T4.1-21038.wav,998
Mono_Continuous,DS1,C:\TCC\Reproduzir_artigo\data\GUITAR-FX\Mono_Continuous\Audio\DS1\G83-62503-DS1-D9.9T8.2-21038.wav,998
Mono_Continuous,DS1,C:\TCC\Reproduzir_artigo\data\GUITAR-FX\Mono_Continuous\Audio\DS1\G83-64505-DS1-D9.6T1.3-21040.wav,998
Mono_Continuous,DS1,C:\TCC\Reproduzir_artigo\data\GUITAR-FX\Mono_Continuous\Audio\DS1\G83-65601-DS1-D9.1T9.4-21049.wav,998
Mono_Continuous,DS1,C:\TCC\Reproduzir_artigo\data\GUITAR-FX\Mono_Continuous\Audio\DS1\G83-67603-DS1-D8.1T0.1-21051.wav,998
Mono_Continuous,DS1,C:\TCC\Reproduzir_artigo\data\GUITAR-FX\Mono_Continuous\Audio\DS1\G83-68509-DS1-D4.6T4-21044.wav,998
Mono_Continuous,DS1,C:\TCC\Reproduzir_artigo\data\GUITAR-FX\Mono_Continuous\Audio\DS1\G83-71607-DS1-D9.3T8.8-21055.wav,998
Mono_Continuous,DS1,C:\TCC\Reproduzir_artigo\data\GUITAR-FX\Mono_Continuous\Audio\DS1\G83-73609-DS1-D6.2T1.4-21057.wav,998
Mono_Continuous,DS1,C:\TCC\Reproduzir_artigo\data\GUITAR-FX\Mono_Continuous\Audio\DS1\G83-74610-DS1-D4.1T5.7-21058.wav,998
Mono_Continuous,DS1,C:\TCC\Reproduzir_artigo\data\GUITAR-FX\Mono_Continuous\Audio\DS1\G83-76612-DS1-D5.8T6.5-21060.wav,998
Mono_Continuous,DS1,C:\TCC\Reproduzir_artigo\data\GUITAR-FX\Mono_Continuous\Audio\DS1\G91-41101-DS1-D5.9T9.9-21062.wav,998
Mono_Continuous,DS1,C:\TCC\Reproduzir_artigo\data\GUITAR-FX\Mono_Continuous\Audio\DS1\G91-42102-DS1-D2.4T3-21063.wav,998
Mono_Continuous,DS1,C:\TCC\Reproduzir_artigo\data\GUITAR-FX\Mono_Continuous\Audio\DS1\G91-44104-DS1-D9.6T0.5-21065.wav,998
Mono_Continuous,DS1,C:\TCC\Reproduzir_artigo\data\GUITAR-FX\Mono_Continuous\Audio\DS1\G91-46201-DS1-D3.4T8.3-21075.wav,998
Mono_Continuous,DS1,C:\TCC\Reproduzir_artigo\data\GUITAR-FX\Mono_Continuous\Audio\DS1\G91-47202-DS1-D3.7T6.7-21076.wav,998
Mono_Continuous,DS1,C:\TCC\Reproduzir_artigo\data\GUITAR-FX\Mono_Continuous\Audio\DS1\G91-48108-DS1-D7.3T9.4-21069.wav,998
Mono_Continuous,DS1,C:\TCC\Reproduzir_artigo\data\GUITAR-FX\Mono_Continuous\Audio\DS1\G91-50110-DS1-D9.5T7.1-21071.wav,998
Mono_Continuous,DS1,C:\TCC\Reproduzir_artigo\data\GUITAR-FX\Mono_Continuous\Audio\DS1\G91-50205-DS1-D8.5T1.3-21079.wav,998
Mono_Continuous,DS1,C:\TCC\Reproduzir_artigo\data\GUITAR-FX\Mono_Continuous\Audio\DS1\G91-50300-DS1-D7.8T4.5-21087.wav,998
Mono_Continuous,DS1,C:\TCC\Reproduzir_artigo\data\GUITAR-FX\Mono_Continuous\Audio\DS1\G91-51301-DS1-D5.9T3.8-21088.wav,998
Mono_Continuous,DS1,C:\TCC\Reproduzir_artigo\data\GUITAR-FX\Mono_Continuous\Audio\DS1\G91-52112-DS1-D9.3T6.5-21073.wav,998
Mono_Continuous,DS1,C:\TCC\Reproduzir_artigo\data\GUITAR-FX\Mono_Continuous\Audio\DS1\G91-52207-DS1-D4.7T7.8-21081.wav,998
Mono_Continuous,DS1,C:\TCC\Reproduzir_artigo\data\GUITAR-FX\Mono_Continuous\Audio\DS1\G91-52302-DS1-D3.2T8.1-21089.wav,998
Mono_Continuous,DS1,C:\TCC\Reproduzir_artigo\data\GUITAR-FX\Mono_Continuous\Audio\DS1\G91-53208-DS1-D9.3T6.5-21082.wav,998
Mono_Continuous,DS1,C:\TCC\Reproduzir_artigo\data\GUITAR-FX\Mono_Continuous\Audio\DS1\G91-55305-DS1-D6.9T2.5-21092.wav,998
Mono_Continuous,DS1,C:\TCC\Reproduzir_artigo\data\GUITAR-FX\Mono_Continuous\Audio\DS1\G91-55305-DS1-D9.9T9-21092.wav,998
Mono_Continuous,DS1,C:\TCC\Reproduzir_artigo\data\GUITAR-FX\Mono_Continuous\Audio\DS1\G91-55400-DS1-D3.1T4.1-21100.wav,998
Mono_Continuous,DS1,C:\TCC\Reproduzir_artigo\data\GUITAR-FX\Mono_Continuous\Audio\DS1\G91-56211-DS1-D8T8.4-21085.wav,998
Mono_Continuous,DS1,C:\TCC\Reproduzir_artigo\data\GUITAR-FX\Mono_Continuous\Audio\DS1\G91-56306-DS1-D7.7T7-21093.wav,998
Mono_Continuous,DS1,C:\TCC\Reproduzir_artigo\data\GUITAR-FX\Mono_Continuous\Audio\DS1\G91-56401-DS1-D2.7T3.8-21101.wav,998
Mono_Continuous,DS1,C:\TCC\Reproduzir_artigo\data\GUITAR-FX\Mono_Continuous\Audio\DS1\G91-57402-DS1-D3.4T6.1-21102.wav,998
Mono_Continuous,DS1,C:\TCC\Reproduzir_artigo\data\GUITAR-FX\Mono_Continuous\Audio\DS1\G91-60405-DS1-D5.9T6.9-21105.wav,998
Mono_Continuous,DS1,C:\TCC\Reproduzir_artigo\data\GUITAR-FX\Mono_Continuous\Audio\DS1\G91-60501-DS1-D8.8T3.2-21114.wav,998
Mono_Continuous,DS1,C:\TCC\Reproduzir_artigo\data\GUITAR-FX\Mono_Continuous\Audio\DS1\G91-61406-DS1-D7.6T0.7-21106.wav,998
Mono_Continuous,DS1,C:\TCC\Reproduzir_artigo\data\GUITAR-FX\Mono_Continuous\Audio\DS1\G91-64505-DS1-D8.8T7.2-21118.wav,998
Mono_Continuous,DS1,C:\TCC\Reproduzir_artigo\data\GUITAR-FX\Mono_Continuous\Audio\DS1\G91-65410-DS1-D2T0.2-21110.wav,998
Mono_Continuous,DS1,C:\TCC\Reproduzir_artigo\data\GUITAR-FX\Mono_Continuous\Audio\DS1\G91-67412-DS1-D10T1.8-21112.wav,998
Mono_Continuous,DS1,C:\TCC\Reproduzir_artigo\data\GUITAR-FX\Mono_Continuous\Audio\DS1\G91-67412-DS1-D2.4T3-21112.wav,998
Mono_Continuous,DS1,C:\TCC\Reproduzir_artigo\data\GUITAR-FX\Mono_Continuous\Audio\DS1\G91-67603-DS1-D7.5T9.3-21129.wav,998
Mono_Continuous,DS1,C:\TCC\Reproduzir_artigo\data\GUITAR-FX\Mono_Continuous\Audio\DS1\G91-68509-DS1-D8.8T7.5-21122.wav,998
Mono_Continuous,DS1,C:\TCC\Reproduzir_artigo\data\GUITAR-FX\Mono_Continuous\Audio\DS1\G91-69605-DS1-D7.2T6-21131.wav,998
Mono_Continuous,DS1,C:\TCC\Reproduzir_artigo\data\GUITAR-FX\Mono_Continuous\Audio\DS1\G91-73609-DS1-D8.6T4.2-21135.wav,998
Mono_Continuous,DS1,C:\TCC\Reproduzir_artigo\data\GUITAR-FX\Mono_Continuous\Audio\DS1\G91-74610-DS1-D3.1T2.3-21136.wav,998
Mono_Continuous,DS1,C:\TCC\Reproduzir_artigo\data\GUITAR-FX\Mono_Continuous\Audio\DS1\G91-74610-DS1-D7.2T7.4-21136.wav,998
Mono_Continuous,DS1,C:\TCC\Reproduzir_artigo\data\GUITAR-FX\Mono_Continuous\Audio\DS1\G93-42102-DS1-D4T9.4-21141.wav,998
Mono_Continuous,DS1,C:\TCC\Reproduzir_artigo\data\GUITAR-FX\Mono_Continuous\Audio\DS1\G93-45200-DS1-D8T7.7-21152.wav,998
Mono_Continuous,DS1,C:\TCC\Reproduzir_artigo\data\GUITAR-FX\Mono_Continuous\Audio\DS1\G93-47202-DS1-D8.4T3-21154.wav,998
Mono_Continuous,DS1,C:\TCC\Reproduzir_artigo\data\GUITAR-FX\Mono_Continuous\Audio\DS1\G93-51111-DS1-D2.2T0.4-21150.wav,998
Mono_Continuous,DS1,C:\TCC\Reproduzir_artigo\data\GUITAR-FX\Mono_Continuous\Audio\DS1\G93-51206-DS1-D8.8T4.8-21158.wav,998
Mono_Continuous,DS1,C:\TCC\Reproduzir_artigo\data\GUITAR-FX\Mono_Continuous\Audio\DS1\G93-52112-DS1-D3T8.5-21151.wav,998
Mono_Continuous,DS1,C:\TCC\Reproduzir_artigo\data\GUITAR-FX\Mono_Continuous\Audio\DS1\G93-52112-DS1-D5.4T7.6-21151.wav,998
Mono_Continuous,DS1,C:\TCC\Reproduzir_artigo\data\GUITAR-FX\Mono_Continuous\Audio\DS1\G93-53208-DS1-D4.8T7.2-21160.wav,998
Mono_Continuous,DS1,C:\TCC\Reproduzir_artigo\data\GUITAR-FX\Mono_Continuous\Audio\DS1\G93-54209-DS1-D5.5T2.1-21161.wav,998
Mono_Continuous,DS1,C:\TCC\Reproduzir_artigo\data\GUITAR-FX\Mono_Continuous\Audio\DS1\G93-56211-DS1-D7.2T1.1-21163.wav,998
Mono_Continuous,DS1,C:\TCC\Reproduzir_artigo\data\GUITAR-FX\Mono_Continuous\Audio\DS1\G93-57307-DS1-D5.3T1.3-21172.wav,998
Mono_Continuous,DS1,C:\TCC\Reproduzir_artigo\data\GUITAR-FX\Mono_Continuous\Audio\DS1\G93-58308-DS1-D3.4T8.5-21173.wav,998
Mono_Continuous,DS1,C:\TCC\Reproduzir_artigo\data\GUITAR-FX\Mono_Continuous\Audio\DS1\G93-59404-DS1-D6.6T7.8-21182.wav,998
Mono_Continuous,DS1,C:\TCC\Reproduzir_artigo\data\GUITAR-FX\Mono_Continuous\Audio\DS1\G93-59404-DS1-D7.9T9-21182.wav,998
Mono_Continuous,DS1,C:\TCC\Reproduzir_artigo\data\GUITAR-FX\Mono_Continuous\Audio\DS1\G93-59500-DS1-D3.5T5.2-21191.wav,998
Mono_Continuous,DS1,C:\TCC\Reproduzir_artigo\data\GUITAR-FX\Mono_Continuous\Audio\DS1\G93-59500-DS1-D6.5T6.8-21191.wav,998
Mono_Continuous,DS1,C:\TCC\Reproduzir_artigo\data\GUITAR-FX\Mono_Continuous\Audio\DS1\G93-61311-DS1-D6.5T4.7-21176.wav,998
Mono_Continuous,DS1,C:\TCC\Reproduzir_artigo\data\GUITAR-FX\Mono_Continuous\Audio\DS1\G93-62503-DS1-D7.4T4.3-21194.wav,998
Mono_Continuous,DS1,C:\TCC\Reproduzir_artigo\data\GUITAR-FX\Mono_Continuous\Audio\DS1\G93-64409-DS1-D2.7T8.2-21187.wav,998
Mono_Continuous,DS1,C:\TCC\Reproduzir_artigo\data\GUITAR-FX\Mono_Continuous\Audio\DS1\G93-64409-DS1-D3.1T2.7-21187.wav,998
Mono_Continuous,DS1,C:\TCC\Reproduzir_artigo\data\GUITAR-FX\Mono_Continuous\Audio\DS1\G93-64409-DS1-D6.5T4.7-21187.wav,998
Mono_Continuous,DS1,C:\TCC\Reproduzir_artigo\data\GUITAR-FX\Mono_Continuous\Audio\DS1\G93-64505-DS1-D3.8T5-21196.wav,998
Mono_Continuous,DS1,C:\TCC\Reproduzir_artigo\data\GUITAR-FX\Mono_Continuous\Audio\DS1\G93-64505-DS1-D9.9T0.9-21196.wav,998
Mono_Continuous,DS1,C:\TCC\Reproduzir_artigo\data\GUITAR-FX\Mono_Continuous\Audio\DS1\G93-65506-DS1-D2.6T5.8-21197.wav,998
Mono_Continuous,DS1,C:\TCC\Reproduzir_artigo\data\GUITAR-FX\Mono_Continuous\Audio\DS1\G93-65601-DS1-D4.2T7.6-21205.wav,998
Mono_Continuous,DS1,C:\TCC\Reproduzir_artigo\data\GUITAR-FX\Mono_Continuous\Audio\DS1\G93-67412-DS1-D8.1T2.4-21190.wav,998
Mono_Continuous,DS1,C:\TCC\Reproduzir_artigo\data\GUITAR-FX\Mono_Continuous\Audio\DS1\G93-67603-DS1-D5.1T9.7-21207.wav,998
Mono_Continuous,DS1,C:\TCC\Reproduzir_artigo\data\GUITAR-FX\Mono_Continuous\Audio\DS1\G93-68509-DS1-D3.2T5-21200.wav,998
Mono_Continuous,DS1,C:\TCC\Reproduzir_artigo\data\GUITAR-FX\Mono_Continuous\Audio\DS1\G93-68604-DS1-D6.8T2.9-21208.wav,998
Mono_Continuous,DS1,C:\TCC\Reproduzir_artigo\data\GUITAR-FX\Mono_Continuous\Audio\DS1\G93-72608-DS1-D9.9T9.7-21212.wav,998
Mono_Continuous,DS1,C:\TCC\Reproduzir_artigo\data\GUITAR-FX\Mono_Continuous\Audio\DS1\G93-73609-DS1-D4.5T4.9-21213.wav,998
Mono_Continuous,DS1,C:\TCC\Reproduzir_artigo\data\GUITAR-FX\Mono_Continuous\Audio\DS1\G93-74610-DS1-D6.4T6.6-21214.wav,998
Mono_Continuous,FFC,C:\TCC\Reproduzir_artigo\data\GUITAR-FX\Mono_Continuous\Audio\FFC\G61-41101-FFC-F7.2-20594.wav,998
Mono_Continuous,FFC,C:\TCC\Reproduzir_artigo\data\GUITAR-FX\Mono_Continuous\Audio\FFC\G61-42102-FFC-F2.7-20595.wav,998
Mono_Continuous,FFC,C:\TCC\Reproduzir_artigo\data\GUITAR-FX\Mono_Continuous\Audio\FFC\G61-43103-FFC-F8.9-20596.wav,998
Mono_Continuous,FFC,C:\TCC\Reproduzir_artigo\data\GUITAR-FX\Mono_Continuous\Audio\FFC\G61-44104-FFC-F2.6-20597.wav,998
Mono_Continuous,FFC,C:\TCC\Reproduzir_artigo\data\GUITAR-FX\Mono_Continuous\Audio\FFC\G61-44104-FFC-F6.9-20597.wav,998
Mono_Continuous,FFC,C:\TCC\Reproduzir_artigo\data\GUITAR-FX\Mono_Continuous\Audio\FFC\G61-44104-FFC-F9.7-20597.wav,998
Mono_Continuous,FFC,C:\TCC\Reproduzir_artigo\data\GUITAR-FX\Mono_Continuous\Audio\FFC\G61-45200-FFC-F7.2-20606.wav,998
Mono_Continuous,FFC,C:\TCC\Reproduzir_artigo\data\GUITAR-FX\Mono_Continuous\Audio\FFC\G61-46106-FFC-F6.8-20599.wav,998
Mono_Continuous,FFC,C:\TCC\Reproduzir_artigo\data\GUITAR-FX\Mono_Continuous\Audio\FFC\G61-46106-FFC-F9-20599.wav,998
Mono_Continuous,FFC,C:\TCC\Reproduzir_artigo\data\GUITAR-FX\Mono_Continuous\Audio\FFC\G61-48203-FFC-F7.2-20609.wav,998
Mono_Continuous,FFC,C:\TCC\Reproduzir_artigo\data\GUITAR-FX\Mono_Continuous\Audio\FFC\G61-49109-FFC-F7.3-20602.wav,998
Mono_Continuous,FFC,C:\TCC\Reproduzir_artigo\data\GUITAR-FX\Mono_Continuous\Audio\FFC\G61-50300-FFC-F7.1-20619.wav,998
Mono_Continuous,FFC,C:\TCC\Reproduzir_artigo\data\GUITAR-FX\Mono_Continuous\Audio\FFC\G61-51111-FFC-F2.1-20604.wav,998
Mono_Continuous,FFC,C:\TCC\Reproduzir_artigo\data\GUITAR-FX\Mono_Continuous\Audio\FFC\G61-51206-FFC-F5.9-20612.wav,998
Mono_Continuous,FFC,C:\TCC\Reproduzir_artigo\data\GUITAR-FX\Mono_Continuous\Audio\FFC\G61-51301-FFC-F3.2-20620.wav,998
Mono_Continuous,FFC,C:\TCC\Reproduzir_artigo\data\GUITAR-FX\Mono_Continuous\Audio\FFC\G61-51301-FFC-F3.7-20620.wav,998
Mono_Continuous,FFC,C:\TCC\Reproduzir_artigo\data\GUITAR-FX\Mono_Continuous\Audio\FFC\G61-52302-FFC-F7.1-20621.wav,998
Mono_Continuous,FFC,C:\TCC\Reproduzir_artigo\data\GUITAR-FX\Mono_Continuous\Audio\FFC\G61-53303-FFC-F9-20622.wav,998
Mono_Continuous,FFC,C:\TCC\Reproduzir_artigo\data\GUITAR-FX\Mono_Continuous\Audio\FFC\G61-55210-FFC-F4.3-20616.wav,998
Mono_Continuous,FFC,C:\TCC\Reproduzir_artigo\data\GUITAR-FX\Mono_Continuous\Audio\FFC\G61-55210-FFC-F5.6-20616.wav,998
Mono_Continuous,FFC,C:\TCC\Reproduzir_artigo\data\GUITAR-FX\Mono_Continuous\Audio\FFC\G61-55400-FFC-F9.4-20632.wav,998
Mono_Continuous,FFC,C:\TCC\Reproduzir_artigo\data\GUITAR-FX\Mono_Continuous\Audio\FFC\G61-59404-FFC-F2.4-20636.wav,998
Mono_Continuous,FFC,C:\TCC\Reproduzir_artigo\data\GUITAR-FX\Mono_Continuous\Audio\FFC\G61-59404-FFC-F6.9-20636.wav,998
Mono_Continuous,FFC,C:\TCC\Reproduzir_artigo\data\GUITAR-FX\Mono_Continuous\Audio\FFC\G61-59500-FFC-F9.1-20645.wav,998
Mono_Continuous,FFC,C:\TCC\Reproduzir_artigo\data\GUITAR-FX\Mono_Continuous\Audio\FFC\G61-60501-FFC-F5.9-20646.wav,998
Mono_Continuous,FFC,C:\TCC\Reproduzir_artigo\data\GUITAR-FX\Mono_Continuous\Audio\FFC\G61-60501-FFC-F9-20646.wav,998
Mono_Continuous,FFC,C:\TCC\Reproduzir_artigo\data\GUITAR-FX\Mono_Continuous\Audio\FFC\G61-61502-FFC-F4.4-20647.wav,998
Mono_Continuous,FFC,C:\TCC\Reproduzir_artigo\data\GUITAR-FX\Mono_Continuous\Audio\FFC\G61-65506-FFC-F3.2-20651.wav,998
Mono_Continuous,FFC,C:\TCC\Reproduzir_artigo\data\GUITAR-FX\Mono_Continuous\Audio\FFC\G61-70511-FFC-F8-20656.wav,998
Mono_Continuous,FFC,C:\TCC\Reproduzir_artigo\data\GUITAR-FX\Mono_Continuous\Audio\FFC\G61-70606-FFC-F1.1-20664.wav,998
Mono_Continuous,FFC,C:\TCC\Reproduzir_artigo\data\GUITAR-FX\Mono_Continuous\Audio\FFC\G61-71512-FFC-F4.2-20657.wav,998
Mono_Continuous,FFC,C:\TCC\Reproduzir_artigo\data\GUITAR-FX\Mono_Continuous\Audio\FFC\G61-71512-FFC-F6.3-20657.wav,998
Mono_Continuous,FFC,C:\TCC\Reproduzir_artigo\data\GUITAR-FX\Mono_Continuous\Audio\FFC\G61-71607-FFC-F9.3-20665.wav,998
Mono_Continuous,FFC,C:\TCC\Reproduzir_artigo\data\GUITAR-FX\Mono_Continuous\Audio\FFC\G61-72608-FFC-F6.8-20666.wav,998
Mono_Continuous,FFC,C:\TCC\Reproduzir_artigo\data\GUITAR-FX\Mono_Continuous\Audio\FFC\G63-48108-FFC-F5.3-20679.wav,998
Mono_Continuous,FFC,C:\TCC\Reproduzir_artigo\data\GUITAR-FX\Mono_Continuous\Audio\FFC\G63-49109-FFC-F4.1-20680.wav,998
Mono_Continuous,FFC,C:\TCC\Reproduzir_artigo\data\GUITAR-FX\Mono_Continuous\Audio\FFC\G63-50110-FFC-F5.1-20681.wav,998
Mono_Continuous,FFC,C:\TCC\Reproduzir_artigo\data\GUITAR-FX\Mono_Continuous\Audio\FFC\G63-50300-FFC-F2.7-20697.wav,998
Mono_Continuous,FFC,C:\TCC\Reproduzir_artigo\data\GUITAR-FX\Mono_Continuous\Audio\FFC\G63-52302-FFC-F6.7-20699.wav,998
Mono_Continuous,FFC,C:\TCC\Reproduzir_artigo\data\GUITAR-FX\Mono_Continuous\Audio\FFC\G63-53208-FFC-F9.3-20692.wav,998
Mono_Continuous,FFC,C:\TCC\Reproduzir_artigo\data\GUITAR-FX\Mono_Continuous\Audio\FFC\G63-55400-FFC-F0.6-20710.wav,998
Mono_Continuous,FFC,C:\TCC\Reproduzir_artigo\data\GUITAR-FX\Mono_Continuous\Audio\FFC\G63-56401-FFC-F0.3-20711.wav,998
Mono_Continuous,FFC,C:\TCC\Reproduzir_artigo\data\GUITAR-FX\Mono_Continuous\Audio\FFC\G63-58403-FFC-F6.3-20713.wav,998
Mono_Continuous,FFC,C:\TCC\Reproduzir_artigo\data\GUITAR-FX\Mono_Continuous\Audio\FFC\G63-59309-FFC-F9.2-20706.wav,998
Mono_Continuous,FFC,C:\TCC\Reproduzir_artigo\data\GUITAR-FX\Mono_Continuous\Audio\FFC\G63-59500-FFC-F8-20723.wav,998
Mono_Continuous,FFC,C:\TCC\Reproduzir_artigo\data\GUITAR-FX\Mono_Continuous\Audio\FFC\G63-61406-FFC-F0.7-20716.wav,998
Mono_Continuous,FFC,C:\TCC\Reproduzir_artigo\data\GUITAR-FX\Mono_Continuous\Audio\FFC\G63-61406-FFC-F4.5-20716.wav,998
Mono_Continuous,FFC,C:\TCC\Reproduzir_artigo\data\GUITAR-FX\Mono_Continuous\Audio\FFC\G63-63408-FFC-F1.6-20718.wav,998
Mono_Continuous,FFC,C:\TCC\Reproduzir_artigo\data\GUITAR-FX\Mono_Continuous\Audio\FFC\G63-63408-FFC-F3.9-20718.wav,998
Mono_Continuous,FFC,C:\TCC\Reproduzir_artigo\data\GUITAR-FX\Mono_Continuous\Audio\FFC\G63-64600-FFC-F7.2-20736.wav,998
Mono_Continuous,FFC,C:\TCC\Reproduzir_artigo\data\GUITAR-FX\Mono_Continuous\Audio\FFC\G63-65410-FFC-F7.4-20720.wav,998
Mono_Continuous,FFC,C:\TCC\Reproduzir_artigo\data\GUITAR-FX\Mono_Continuous\Audio\FFC\G63-66507-FFC-F3.9-20730.wav,998
Mono_Continuous,FFC,C:\TCC\Reproduzir_artigo\data\GUITAR-FX\Mono_Continuous\Audio\FFC\G63-68509-FFC-F3.4-20732.wav,998
Mono_Continuous,FFC,C:\TCC\Reproduzir_artigo\data\GUITAR-FX\Mono_Continuous\Audio\FFC\G63-70511-FFC-F1.6-20734.wav,998
Mono_Continuous,FFC,C:\TCC\Reproduzir_artigo\data\GUITAR-FX\Mono_Continuous\Audio\FFC\G63-70606-FFC-F8.9-20742.wav,998
Mono_Continuous,FFC,C:\TCC\Reproduzir_artigo\data\GUITAR-FX\Mono_Continuous\Audio\FFC\G63-73609-FFC-F5.1-20745.wav,998
Mono_Continuous,FFC,C:\TCC\Reproduzir_artigo\data\GUITAR-FX\Mono_Continuous\Audio\FFC\G63-75611-FFC-F4.9-20747.wav,998
Mono_Continuous,FFC,C:\TCC\Reproduzir_artigo\data\GUITAR-FX\Mono_Continuous\Audio\FFC\G63-75611-FFC-F6.5-20747.wav,998
Mono_Continuous,FFC,C:\TCC\Reproduzir_artigo\data\GUITAR-FX\Mono_Continuous\Audio\FFC\G71-45200-FFC-F7.7-20762.wav,998
Mono_Continuous,FFC,C:\TCC\Reproduzir_artigo\data\GUITAR-FX\Mono_Continuous\Audio\FFC\G71-50110-FFC-F2.9-20759.wav,998
Mono_Continuous,FFC,C:\TCC\Reproduzir_artigo\data\GUITAR-FX\Mono_Continuous\Audio\FFC\G71-50205-FFC-F8.3-20767.wav,998
Mono_Continuous,FFC,C:\TCC\Reproduzir_artigo\data\GUITAR-FX\Mono_Continuous\Audio\FFC\G71-50300-FFC-F0.3-20775.wav,998
Mono_Continuous,FFC,C:\TCC\Reproduzir_artigo\data\GUITAR-FX\Mono_Continuous\Audio\FFC\G71-52112-FFC-F5.4-20761.wav,998
Mono_Continuous,FFC,C:\TCC\Reproduzir_artigo\data\GUITAR-FX\Mono_Continuous\Audio\FFC\G71-54209-FFC-F2.5-20771.wav,998
Mono_Continuous,FFC,C:\TCC\Reproduzir_artigo\data\GUITAR-FX\Mono_Continuous\Audio\FFC\G71-54209-FFC-F5.1-20771.wav,998
Mono_Continuous,FFC,C:\TCC\Reproduzir_artigo\data\GUITAR-FX\Mono_Continuous\Audio\FFC\G71-54304-FFC-F3.1-20779.wav,998
Mono_Continuous,FFC,C:\TCC\Reproduzir_artigo\data\GUITAR-FX\Mono_Continuous\Audio\FFC\G71-55400-FFC-F7.4-20788.wav,998
Mono_Continuous,FFC,C:\TCC\Reproduzir_artigo\data\GUITAR-FX\Mono_Continuous\Audio\FFC\G71-55400-FFC-F8.9-20788.wav,998
Mono_Continuous,FFC,C:\TCC\Reproduzir_artigo\data\GUITAR-FX\Mono_Continuous\Audio\FFC\G71-57402-FFC-F5-20790.wav,998
Mono_Continuous,FFC,C:\TCC\Reproduzir_artigo\data\GUITAR-FX\Mono_Continuous\Audio\FFC\G71-59309-FFC-F0.5-20784.wav,998
Mono_Continuous,FFC,C:\TCC\Reproduzir_artigo\data\GUITAR-FX\Mono_Continuous\Audio\FFC\G71-59500-FFC-F7.9-20801.wav,998
Mono_Continuous,FFC,C:\TCC\Reproduzir_artigo\data\GUITAR-FX\Mono_Continuous\Audio\FFC\G71-60501-FFC-F2.4-20802.wav,998
Mono_Continuous,FFC,C:\TCC\Reproduzir_artigo\data\GUITAR-FX\Mono_Continuous\Audio\FFC\G71-60501-FFC-F7.1-20802.wav,998
Mono_Continuous,FFC,C:\TCC\Reproduzir_artigo\data\GUITAR-FX\Mono_Continuous\Audio\FFC\G71-61502-FFC-F9.7-20803.wav,998
Mono_Continuous,FFC,C:\TCC\Reproduzir_artigo\data\GUITAR-FX\Mono_Continuous\Audio\FFC\G71-62407-FFC-F7.6-20795.wav,998
Mono_Continuous,FFC,C:\TCC\Reproduzir_artigo\data\GUITAR-FX\Mono_Continuous\Audio\FFC\G71-62407-FFC-F8.3-20795.wav,998
Mono_Continuous,FFC,C:\TCC\Reproduzir_artigo\data\GUITAR-FX\Mono_Continuous\Audio\FFC\G71-63408-FFC-F4.3-20796.wav,998
Mono_Continuous,FFC,C:\TCC\Reproduzir_artigo\data\GUITAR-FX\Mono_Continuous\Audio\FFC\G71-63504-FFC-F8.5-20805.wav,998
Mono_Continuous,FFC,C:\TCC\Reproduzir_artigo\data\GUITAR-FX\Mono_Continuous\Audio\FFC\G71-64409-FFC-F0.3-20797.wav,998
Mono_Continuous,FFC,C:\TCC\Reproduzir_artigo\data\GUITAR-FX\Mono_Continuous\Audio\FFC\G71-64600-FFC-F7.2-20814.wav,998
Mono_Continuous,FFC,C:\TCC\Reproduzir_artigo\data\GUITAR-FX\Mono_Continuous\Audio\FFC\G71-65601-FFC-F9.6-20815.wav,998
Mono_Continuous,FFC,C:\TCC\Reproduzir_artigo\data\GUITAR-FX\Mono_Continuous\Audio\FFC\G71-66507-FFC-F0.8-20808.wav,998
Mono_Continuous,FFC,C:\TCC\Reproduzir_artigo\data\GUITAR-FX\Mono_Continuous\Audio\FFC\G71-66602-FFC-F3.9-20816.wav,998
Mono_Continuous,FFC,C:\TCC\Reproduzir_artigo\data\GUITAR-FX\Mono_Continuous\Audio\FFC\G71-67412-FFC-F5-20800.wav,998
Mono_Continuous,FFC,C:\TCC\Reproduzir_artigo\data\GUITAR-FX\Mono_Continuous\Audio\FFC\G71-67603-FFC-F1.1-20817.wav,998
Mono_Continuous,FFC,C:\TCC\Reproduzir_artigo\data\GUITAR-FX\Mono_Continuous\Audio\FFC\G71-71512-FFC-F9.3-20813.wav,998
Mono_Continuous,FFC,C:\TCC\Reproduzir_artigo\data\GUITAR-FX\Mono_Continuous\Audio\FFC\G71-71607-FFC-F8.9-20821.wav,998
Mono_Continuous,FFC,C:\TCC\Reproduzir_artigo\data\GUITAR-FX\Mono_Continuous\Audio\FFC\G71-73609-FFC-F5-20823.wav,998
Mono_Continuous,FFC,C:\TCC\Reproduzir_artigo\data\GUITAR-FX\Mono_Continuous\Audio\FFC\G71-75611-FFC-F1.1-20825.wav,998
Mono_Continuous,FFC,C:\TCC\Reproduzir_artigo\data\GUITAR-FX\Mono_Continuous\Audio\FFC\G71-75611-FFC-F7.6-20825.wav,998
Mono_Continuous,FFC,C:\TCC\Reproduzir_artigo\data\GUITAR-FX\Mono_Continuous\Audio\FFC\G73-43103-FFC-F4-20830.wav,998
Mono_Continuous,FFC,C:\TCC\Reproduzir_artigo\data\GUITAR-FX\Mono_Continuous\Audio\FFC\G73-46106-FFC-F2.7-20833.wav,998
Mono_Continuous,FFC,C:\TCC\Reproduzir_artigo\data\GUITAR-FX\Mono_Continuous\Audio\FFC\G73-47107-FFC-F2.2-20834.wav,998
Mono_Continuous,FFC,C:\TCC\Reproduzir_artigo\data\GUITAR-FX\Mono_Continuous\Audio\FFC\G73-47107-FFC-F3-20834.wav,998
Mono_Continuous,FFC,C:\TCC\Reproduzir_artigo\data\GUITAR-FX\Mono_Continuous\Audio\FFC\G73-47107-FFC-F7.6-20834.wav,998
Mono_Continuous,FFC,C:\TCC\Reproduzir_artigo\data\GUITAR-FX\Mono_Continuous\Audio\FFC\G73-48203-FFC-F8.9-20843.wav,998
Mono_Continuous,FFC,C:\TCC\Reproduzir_artigo\data\GUITAR-FX\Mono_Continuous\Audio\FFC\G73-49204-FFC-F0.5-20844.wav,998
Mono_Continuous,FFC,C:\TCC\Reproduzir_artigo\data\GUITAR-FX\Mono_Continuous\Audio\FFC\G73-50110-FFC-F3-20837.wav,998
Mono_Continuous,FFC,C:\TCC\Reproduzir_artigo\data\GUITAR-FX\Mono_Continuous\Audio\FFC\G73-51111-FFC-F1.7-20838.wav,998
Mono_Continuous,FFC,C:\TCC\Reproduzir_artigo\data\GUITAR-FX\Mono_Continuous\Audio\FFC\G73-51206-FFC-F2.1-20846.wav,998
Mono_Continuous,FFC,C:\TCC\Reproduzir_artigo\data\GUITAR-FX\Mono_Continuous\Audio\FFC\G73-55210-FFC-F0.6-20850.wav,998
Mono_Continuous,FFC,C:\TCC\Reproduzir_artigo\data\GUITAR-FX\Mono_Continuous\Audio\FFC\G73-55305-FFC-F7.1-20858.wav,998
Mono_Continuous,FFC,C:\TCC\Reproduzir_artigo\data\GUITAR-FX\Mono_Continuous\Audio\FFC\G73-59404-FFC-F6.8-20870.wav,998
Mono_Continuous,FFC,C:\TCC\Reproduzir_artigo\data\GUITAR-FX\Mono_Continuous\Audio\FFC\G73-61311-FFC-F7.9-20864.wav,998
Mono_Continuous,FFC,C:\TCC\Reproduzir_artigo\data\GUITAR-FX\Mono_Continuous\Audio\FFC\G73-62312-FFC-F9.9-20865.wav,998
Mono_Continuous,FFC,C:\TCC\Reproduzir_artigo\data\GUITAR-FX\Mono_Continuous\Audio\FFC\G73-62407-FFC-F6.9-20873.wav,998
Mono_Continuous,FFC,C:\TCC\Reproduzir_artigo\data\GUITAR-FX\Mono_Continuous\Audio\FFC\G73-62407-FFC-F7.2-20873.wav,998
Mono_Continuous,FFC,C:\TCC\Reproduzir_artigo\data\GUITAR-FX\Mono_Continuous\Audio\FFC\G73-62503-FFC-F1.6-20882.wav,998
Mono_Continuous,FFC,C:\TCC\Reproduzir_artigo\data\GUITAR-FX\Mono_Continuous\Audio\FFC\G73-62503-FFC-F1.9-20882.wav,998
Mono_Continuous,FFC,C:\TCC\Reproduzir_artigo\data\GUITAR-FX\Mono_Continuous\Audio\FFC\G73-62503-FFC-F3.1-20882.wav,998
Mono_Continuous,FFC,C:\TCC\Reproduzir_artigo\data\GUITAR-FX\Mono_Continuous\Audio\FFC\G73-62503-FFC-F5.8-20882.wav,998
Mono_Continuous,FFC,C:\TCC\Reproduzir_artigo\data\GUITAR-FX\Mono_Continuous\Audio\FFC\G73-63504-FFC-F4.2-20883.wav,998
Mono_Continuous,FFC,C:\TCC\Reproduzir_artigo\data\GUITAR-FX\Mono_Continuous\Audio\FFC\G73-63504-FFC-F8.1-20883.wav,998
Mono_Continuous,FFC,C:\TCC\Reproduzir_artigo\data\GUITAR-FX\Mono_Continuous\Audio\FFC\G73-64600-FFC-F6-20892.wav,998
Mono_Continuous,FFC,C:\TCC\Reproduzir_artigo\data\GUITAR-FX\Mono_Continuous\Audio\FFC\G73-65506-FFC-F6-20885.wav,998
Mono_Continuous,FFC,C:\TCC\Reproduzir_artigo\data\GUITAR-FX\Mono_Continuous\Audio\FFC\G73-66507-FFC-F4.2-20886.wav,998
Mono_Continuous,FFC,C:\TCC\Reproduzir_artigo\data\GUITAR-FX\Mono_Continuous\Audio\FFC\G73-66507-FFC-F7.2-20886.wav,998
Mono_Continuous,FFC,C:\TCC\Reproduzir_artigo\data\GUITAR-FX\Mono_Continuous\Audio\FFC\G73-67412-FFC-F0.3-20878.wav,998
Mono_Continuous,FFC,C:\TCC\Reproduzir_artigo\data\GUITAR-FX\Mono_Continuous\Audio\FFC\G73-68509-FFC-F3.7-20888.wav,998
Mono_Continuous,FFC,C:\TCC\Reproduzir_artigo\data\GUITAR-FX\Mono_Continuous\Audio\FFC\G73-68604-FFC-F5-20896.wav,998
Mono_Continuous,FFC,C:\TCC\Reproduzir_artigo\data\GUITAR-FX\Mono_Continuous\Audio\FFC\G73-68604-FFC-F6.7-20896.wav,998
Mono_Continuous,FFC,C:\TCC\Reproduzir_artigo\data\GUITAR-FX\Mono_Continuous\Audio\FFC\G73-69510-FFC-F4.1-20889.wav,998
Mono_Continuous,FFC,C:\TCC\Reproduzir_artigo\data\GUITAR-FX\Mono_Continuous\Audio\FFC\G73-69605-FFC-F9.3-20897.wav,998
Mono_Continuous,FFC,C:\TCC\Reproduzir_artigo\data\GUITAR-FX\Mono_Continuous\Audio\FFC\G73-70606-FFC-F1.1-20898.wav,998
Mono_Continuous,FFC,C:\TCC\Reproduzir_artigo\data\GUITAR-FX\Mono_Continuous\Audio\FFC\G73-70606-FFC-F4.6-20898.wav,998
Mono_Continuous,FFC,C:\TCC\Reproduzir_artigo\data\GUITAR-FX\Mono_Continuous\Audio\FFC\G73-71607-FFC-F0.5-20899.wav,998
Mono_Continuous,FFC,C:\TCC\Reproduzir_artigo\data\GUITAR-FX\Mono_Continuous\Audio\FFC\G73-71607-FFC-F8.8-20899.wav,998
Mono_Continuous,FFC,C:\TCC\Reproduzir_artigo\data\GUITAR-FX\Mono_Continuous\Audio\FFC\G81-42102-FFC-F1.8-20907.wav,998
Mono_Continuous,FFC,C:\TCC\Reproduzir_artigo\data\GUITAR-FX\Mono_Continuous\Audio\FFC\G81-43103-FFC-F9.2-20908.wav,998
Mono_Continuous,FFC,C:\TCC\Reproduzir_artigo\data\GUITAR-FX\Mono_Continuous\Audio\FFC\G81-45200-FFC-F4.8-20918.wav,998
Mono_Continuous,FFC,C:\TCC\Reproduzir_artigo\data\GUITAR-FX\Mono_Continuous\Audio\FFC\G81-46106-FFC-F4.1-20911.wav,998
Mono_Continuous,FFC,C:\TCC\Reproduzir_artigo\data\GUITAR-FX\Mono_Continuous\Audio\FFC\G81-47107-FFC-F1-20912.wav,998
Mono_Continuous,FFC,C:\TCC\Reproduzir_artigo\data\GUITAR-FX\Mono_Continuous\Audio\FFC\G81-48108-FFC-F4.5-20913.wav,998
Mono_Continuous,FFC,C:\TCC\Reproduzir_artigo\data\GUITAR-FX\Mono_Continuous\Audio\FFC\G81-50110-FFC-F2.9-20915.wav,998
Mono_Continuous,FFC,C:\TCC\Reproduzir_artigo\data\GUITAR-FX\Mono_Continuous\Audio\FFC\G81-51206-FFC-F9.6-20924.wav,998
Mono_Continuous,FFC,C:\TCC\Reproduzir_artigo\data\GUITAR-FX\Mono_Continuous\Audio\FFC\G81-51301-FFC-F1.7-20932.wav,998
Mono_Continuous,FFC,C:\TCC\Reproduzir_artigo\data\GUITAR-FX\Mono_Continuous\Audio\FFC\G81-52112-FFC-F3.3-20917.wav,998
Mono_Continuous,FFC,C:\TCC\Reproduzir_artigo\data\GUITAR-FX\Mono_Continuous\Audio\FFC\G81-53208-FFC-F6.2-20926.wav,998
Mono_Continuous,FFC,C:\TCC\Reproduzir_artigo\data\GUITAR-FX\Mono_Continuous\Audio\FFC\G81-56306-FFC-F1.3-20937.wav,998
Mono_Continuous,FFC,C:\TCC\Reproduzir_artigo\data\GUITAR-FX\Mono_Continuous\Audio\FFC\G81-58308-FFC-F9.3-20939.wav,998
Mono_Continuous,FFC,C:\TCC\Reproduzir_artigo\data\GUITAR-FX\Mono_Continuous\Audio\FFC\G81-58403-FFC-F2-20947.wav,998
Mono_Continuous,FFC,C:\TCC\Reproduzir_artigo\data\GUITAR-FX\Mono_Continuous\Audio\FFC\G81-60405-FFC-F7.3-20949.wav,998
Mono_Continuous,FFC,C:\TCC\Reproduzir_artigo\data\GUITAR-FX\Mono_Continuous\Audio\FFC\G81-62503-FFC-F3.1-20960.wav,998
Mono_Continuous,FFC,C:\TCC\Reproduzir_artigo\data\GUITAR-FX\Mono_Continuous\Audio\FFC\G81-63408-FFC-F3-20952.wav,998
Mono_Continuous,FFC,C:\TCC\Reproduzir_artigo\data\GUITAR-FX\Mono_Continuous\Audio\FFC\G81-64600-FFC-F0.3-20970.wav,998
Mono_Continuous,FFC,C:\TCC\Reproduzir_artigo\data\GUITAR-FX\Mono_Continuous\Audio\FFC\G81-66507-FFC-F8.8-20964.wav,998
Mono_Continuous,FFC,C:\TCC\Reproduzir_artigo\data\GUITAR-FX\Mono_Continuous\Audio\FFC\G81-66602-FFC-F6.1-20972.wav,998
Mono_Continuous,FFC,C:\TCC\Reproduzir_artigo\data\GUITAR-FX\Mono_Continuous\Audio\FFC\G81-67508-FFC-F0.1-20965.wav,998
Mono_Continuous,FFC,C:\TCC\Reproduzir_artigo\data\GUITAR-FX\Mono_Continuous\Audio\FFC\G81-67508-FFC-F3.3-20965.wav,998
Mono_Continuous,FFC,C:\TCC\Reproduzir_artigo\data\GUITAR-FX\Mono_Continuous\Audio\FFC\G81-67603-FFC-F0.3-20973.wav,998
Mono_Continuous,FFC,C:\TCC\Reproduzir_artigo\data\GUITAR-FX\Mono_Continuous\Audio\FFC\G81-67603-FFC-F9.8-20973.wav,998
Mono_Continuous,FFC,C:\TCC\Reproduzir_artigo\data\GUITAR-FX\Mono_Continuous\Audio\FFC\G81-70606-FFC-F1.1-20976.wav,998
Mono_Continuous,FFC,C:\TCC\Reproduzir_artigo\data\GUITAR-FX\Mono_Continuous\Audio\FFC\G81-70606-FFC-F3.2-20976.wav,998
Mono_Continuous,FFC,C:\TCC\Reproduzir_artigo\data\GUITAR-FX\Mono_Continuous\Audio\FFC\G81-71607-FFC-F6.8-20977.wav,998
Mono_Continuous,FFC,C:\TCC\Reproduzir_artigo\data\GUITAR-FX\Mono_Continuous\Audio\FFC\G81-74610-FFC-F8-20980.wav,998
Mono_Continuous,FFC,C:\TCC\Reproduzir_artigo\data\GUITAR-FX\Mono_Continuous\Audio\FFC\G83-43103-FFC-F7.8-20986.wav,998
Mono_Continuous,FFC,C:\TCC\Reproduzir_artigo\data\GUITAR-FX\Mono_Continuous\Audio\FFC\G83-45105-FFC-F9.3-20988.wav,998
Mono_Continuous,FFC,C:\TCC\Reproduzir_artigo\data\GUITAR-FX\Mono_Continuous\Audio\FFC\G83-45200-FFC-F1.5-20996.wav,998
Mono_Continuous,FFC,C:\TCC\Reproduzir_artigo\data\GUITAR-FX\Mono_Continuous\Audio\FFC\G83-45200-FFC-F6.8-20996.wav,998
Mono_Continuous,FFC,C:\TCC\Reproduzir_artigo\data\GUITAR-FX\Mono_Continuous\Audio\FFC\G83-48203-FFC-F2.2-20999.wav,998
Mono_Continuous,FFC,C:\TCC\Reproduzir_artigo\data\GUITAR-FX\Mono_Continuous\Audio\FFC\G83-49109-FFC-F7.3-20992.wav,998
Mono_Continuous,FFC,C:\TCC\Reproduzir_artigo\data\GUITAR-FX\Mono_Continuous\Audio\FFC\G83-50110-FFC-F6-20993.wav,998
Mono_Continuous,FFC,C:\TCC\Reproduzir_artigo\data\GUITAR-FX\Mono_Continuous\Audio\FFC\G83-51206-FFC-F3.4-21002.wav,998
Mono_Continuous,FFC,C:\TCC\Reproduzir_artigo\data\GUITAR-FX\Mono_Continuous\Audio\FFC\G83-52302-FFC-F3.9-21011.wav,998
Mono_Continuous,FFC,C:\TCC\Reproduzir_artigo\data\GUITAR-FX\Mono_Continuous\Audio\FFC\G83-55210-FFC-F6.7-21006.wav,998
Mono_Continuous,FFC,C:\TCC\Reproduzir_artigo\data\GUITAR-FX\Mono_Continuous\Audio\FFC\G83-55400-FFC-F7.8-21022.wav,998
Mono_Continuous,FFC,C:\TCC\Reproduzir_artigo\data\GUITAR-FX\Mono_Continuous\Audio\FFC\G83-56306-FFC-F2.2-21015.wav,998
Mono_Continuous,FFC,C:\TCC\Reproduzir_artigo\data\GUITAR-FX\Mono_Continuous\Audio\FFC\G83-56306-FFC-F8.4-21015.wav,998
Mono_Continuous,FFC,C:\TCC\Reproduzir_artigo\data\GUITAR-FX\Mono_Continuous\Audio\FFC\G83-56401-FFC-F0.4-21023.wav,998
Mono_Continuous,FFC,C:\TCC\Reproduzir_artigo\data\GUITAR-FX\Mono_Continuous\Audio\FFC\G83-58403-FFC-F3.9-21025.wav,998
Mono_Continuous,FFC,C:\TCC\Reproduzir_artigo\data\GUITAR-FX\Mono_Continuous\Audio\FFC\G83-59309-FFC-F1.7-21018.wav,998
Mono_Continuous,FFC,C:\TCC\Reproduzir_artigo\data\GUITAR-FX\Mono_Continuous\Audio\FFC\G83-62312-FFC-F1.6-21021.wav,998
Mono_Continuous,FFC,C:\TCC\Reproduzir_artigo\data\GUITAR-FX\Mono_Continuous\Audio\FFC\G83-63408-FFC-F8.7-21030.wav,998
Mono_Continuous,FFC,C:\TCC\Reproduzir_artigo\data\GUITAR-FX\Mono_Continuous\Audio\FFC\G83-63504-FFC-F4.3-21039.wav,998
Mono_Continuous,FFC,C:\TCC\Reproduzir_artigo\data\GUITAR-FX\Mono_Continuous\Audio\FFC\G83-64505-FFC-F8.1-21040.wav,998
Mono_Continuous,FFC,C:\TCC\Reproduzir_artigo\data\GUITAR-FX\Mono_Continuous\Audio\FFC\G83-65410-FFC-F7.4-21032.wav,998
Mono_Continuous,FFC,C:\TCC\Reproduzir_artigo\data\GUITAR-FX\Mono_Continuous\Audio\FFC\G83-66602-FFC-F1.3-21050.wav,998
Mono_Continuous,FFC,C:\TCC\Reproduzir_artigo\data\GUITAR-FX\Mono_Continuous\Audio\FFC\G83-67508-FFC-F9-21043.wav,998
Mono_Continuous,FFC,C:\TCC\Reproduzir_artigo\data\GUITAR-FX\Mono_Continuous\Audio\FFC\G83-71512-FFC-F0-21047.wav,998
Mono_Continuous,FFC,C:\TCC\Reproduzir_artigo\data\GUITAR-FX\Mono_Continuous\Audio\FFC\G83-73609-FFC-F3.8-21057.wav,998
Mono_Continuous,FFC,C:\TCC\Reproduzir_artigo\data\GUITAR-FX\Mono_Continuous\Audio\FFC\G83-75611-FFC-F2.9-21059.wav,998
Mono_Continuous,FFC,C:\TCC\Reproduzir_artigo\data\GUITAR-FX\Mono_Continuous\Audio\FFC\G83-75611-FFC-F8-21059.wav,998
Mono_Continuous,FFC,C:\TCC\Reproduzir_artigo\data\GUITAR-FX\Mono_Continuous\Audio\FFC\G91-40100-FFC-F2.3-21061.wav,998
Mono_Continuous,FFC,C:\TCC\Reproduzir_artigo\data\GUITAR-FX\Mono_Continuous\Audio\FFC\G91-45105-FFC-F6.9-21066.wav,998
Mono_Continuous,FFC,C:\TCC\Reproduzir_artigo\data\GUITAR-FX\Mono_Continuous\Audio\FFC\G91-45200-FFC-F2.7-21074.wav,998
Mono_Continuous,FFC,C:\TCC\Reproduzir_artigo\data\GUITAR-FX\Mono_Continuous\Audio\FFC\G91-45200-FFC-F7.7-21074.wav,998
Mono_Continuous,FFC,C:\TCC\Reproduzir_artigo\data\GUITAR-FX\Mono_Continuous\Audio\FFC\G91-46106-FFC-F2.5-21067.wav,998
Mono_Continuous,FFC,C:\TCC\Reproduzir_artigo\data\GUITAR-FX\Mono_Continuous\Audio\FFC\G91-46106-FFC-F8.7-21067.wav,998
Mono_Continuous,FFC,C:\TCC\Reproduzir_artigo\data\GUITAR-FX\Mono_Continuous\Audio\FFC\G91-46106-FFC-F9.1-21067.wav,998
Mono_Continuous,FFC,C:\TCC\Reproduzir_artigo\data\GUITAR-FX\Mono_Continuous\Audio\FFC\G91-48203-FFC-F2.2-21077.wav,998
Mono_Continuous,FFC,C:\TCC\Reproduzir_artigo\data\GUITAR-FX\Mono_Continuous\Audio\FFC\G91-50205-FFC-F4.9-21079.wav,998
Mono_Continuous,FFC,C:\TCC\Reproduzir_artigo\data\GUITAR-FX\Mono_Continuous\Audio\FFC\G91-50300-FFC-F7.7-21087.wav,998
Mono_Continuous,FFC,C:\TCC\Reproduzir_artigo\data\GUITAR-FX\Mono_Continuous\Audio\FFC\G91-51111-FFC-F3.6-21072.wav,998
Mono_Continuous,FFC,C:\TCC\Reproduzir_artigo\data\GUITAR-FX\Mono_Continuous\Audio\FFC\G91-53208-FFC-F8.8-21082.wav,998
Mono_Continuous,FFC,C:\TCC\Reproduzir_artigo\data\GUITAR-FX\Mono_Continuous\Audio\FFC\G91-59309-FFC-F0.3-21096.wav,998
Mono_Continuous,FFC,C:\TCC\Reproduzir_artigo\data\GUITAR-FX\Mono_Continuous\Audio\FFC\G91-59500-FFC-F7.3-21113.wav,998
Mono_Continuous,FFC,C:\TCC\Reproduzir_artigo\data\GUITAR-FX\Mono_Continuous\Audio\FFC\G91-62407-FFC-F1.4-21107.wav,998
Mono_Continuous,FFC,C:\TCC\Reproduzir_artigo\data\GUITAR-FX\Mono_Continuous\Audio\FFC\G91-63408-FFC-F5.6-21108.wav,998
Mono_Continuous,FFC,C:\TCC\Reproduzir_artigo\data\GUITAR-FX\Mono_Continuous\Audio\FFC\G91-64505-FFC-F1-21118.wav,998
Mono_Continuous,FFC,C:\TCC\Reproduzir_artigo\data\GUITAR-FX\Mono_Continuous\Audio\FFC\G91-64600-FFC-F0.6-21126.wav,998
Mono_Continuous,FFC,C:\TCC\Reproduzir_artigo\data\GUITAR-FX\Mono_Continuous\Audio\FFC\G91-64600-FFC-F6.3-21126.wav,998
Mono_Continuous,FFC,C:\TCC\Reproduzir_artigo\data\GUITAR-FX\Mono_Continuous\Audio\FFC\G91-66411-FFC-F0.2-21111.wav,998
Mono_Continuous,FFC,C:\TCC\Reproduzir_artigo\data\GUITAR-FX\Mono_Continuous\Audio\FFC\G91-66411-FFC-F5.9-21111.wav,998
Mono_Continuous,FFC,C:\TCC\Reproduzir_artigo\data\GUITAR-FX\Mono_Continuous\Audio\FFC\G91-68604-FFC-F3.6-21130.wav,998
Mono_Continuous,FFC,C:\TCC\Reproduzir_artigo\data\GUITAR-FX\Mono_Continuous\Audio\FFC\G91-68604-FFC-F7.3-21130.wav,998
Mono_Continuous,FFC,C:\TCC\Reproduzir_artigo\data\GUITAR-FX\Mono_Continuous\Audio\FFC\G91-69510-FFC-F2.1-21123.wav,998
Mono_Continuous,FFC,C:\TCC\Reproduzir_artigo\data\GUITAR-FX\Mono_Continuous\Audio\FFC\G91-71512-FFC-F9.4-21125.wav,998
Mono_Continuous,FFC,C:\TCC\Reproduzir_artigo\data\GUITAR-FX\Mono_Continuous\Audio\FFC\G91-73609-FFC-F9.4-21135.wav,998
Mono_Continuous,FFC,C:\TCC\Reproduzir_artigo\data\GUITAR-FX\Mono_Continuous\Audio\FFC\G93-43103-FFC-F5-21142.wav,998
Mono_Continuous,FFC,C:\TCC\Reproduzir_artigo\data\GUITAR-FX\Mono_Continuous\Audio\FFC\G93-44104-FFC-F1.2-21143.wav,998
Mono_Continuous,FFC,C:\TCC\Reproduzir_artigo\data\GUITAR-FX\Mono_Continuous\Audio\FFC\G93-45105-FFC-F3.2-21144.wav,998
Mono_Continuous,FFC,C:\TCC\Reproduzir_artigo\data\GUITAR-FX\Mono_Continuous\Audio\FFC\G93-46201-FFC-F5.2-21153.wav,998
Mono_Continuous,FFC,C:\TCC\Reproduzir_artigo\data\GUITAR-FX\Mono_Continuous\Audio\FFC\G93-48108-FFC-F7.3-21147.wav,998
Mono_Continuous,FFC,C:\TCC\Reproduzir_artigo\data\GUITAR-FX\Mono_Continuous\Audio\FFC\G93-49109-FFC-F2.6-21148.wav,998
Mono_Continuous,FFC,C:\TCC\Reproduzir_artigo\data\GUITAR-FX\Mono_Continuous\Audio\FFC\G93-49109-FFC-F6.7-21148.wav,998
Mono_Continuous,FFC,C:\TCC\Reproduzir_artigo\data\GUITAR-FX\Mono_Continuous\Audio\FFC\G93-49204-FFC-F7.1-21156.wav,998
Mono_Continuous,FFC,C:\TCC\Reproduzir_artigo\data\GUITAR-FX\Mono_Continuous\Audio\FFC\G93-50110-FFC-F8.1-21149.wav,998
Mono_Continuous,FFC,C:\TCC\Reproduzir_artigo\data\GUITAR-FX\Mono_Continuous\Audio\FFC\G93-50205-FFC-F4.4-21157.wav,998
Mono_Continuous,FFC,C:\TCC\Reproduzir_artigo\data\GUITAR-FX\Mono_Continuous\Audio\FFC\G93-50300-FFC-F9.9-21165.wav,998
Mono_Continuous,FFC,C:\TCC\Reproduzir_artigo\data\GUITAR-FX\Mono_Continuous\Audio\FFC\G93-51111-FFC-F5.9-21150.wav,998
Mono_Continuous,FFC,C:\TCC\Reproduzir_artigo\data\GUITAR-FX\Mono_Continuous\Audio\FFC\G93-53208-FFC-F5.8-21160.wav,998
Mono_Continuous,FFC,C:\TCC\Reproduzir_artigo\data\GUITAR-FX\Mono_Continuous\Audio\FFC\G93-53208-FFC-F9.2-21160.wav,998
Mono_Continuous,FFC,C:\TCC\Reproduzir_artigo\data\GUITAR-FX\Mono_Continuous\Audio\FFC\G93-54209-FFC-F1-21161.wav,998
Mono_Continuous,FFC,C:\TCC\Reproduzir_artigo\data\GUITAR-FX\Mono_Continuous\Audio\FFC\G93-56211-FFC-F1.6-21163.wav,998
Mono_Continuous,FFC,C:\TCC\Reproduzir_artigo\data\GUITAR-FX\Mono_Continuous\Audio\FFC\G93-56401-FFC-F6.2-21179.wav,998
Mono_Continuous,FFC,C:\TCC\Reproduzir_artigo\data\GUITAR-FX\Mono_Continuous\Audio\FFC\G93-57212-FFC-F4.3-21164.wav,998
Mono_Continuous,FFC,C:\TCC\Reproduzir_artigo\data\GUITAR-FX\Mono_Continuous\Audio\FFC\G93-59309-FFC-F4.1-21174.wav,998
Mono_Continuous,FFC,C:\TCC\Reproduzir_artigo\data\GUITAR-FX\Mono_Continuous\Audio\FFC\G93-59404-FFC-F8.8-21182.wav,998
Mono_Continuous,FFC,C:\TCC\Reproduzir_artigo\data\GUITAR-FX\Mono_Continuous\Audio\FFC\G93-59500-FFC-F2.8-21191.wav,998
Mono_Continuous,FFC,C:\TCC\Reproduzir_artigo\data\GUITAR-FX\Mono_Continuous\Audio\FFC\G93-60310-FFC-F3.8-21175.wav,998
Mono_Continuous,FFC,C:\TCC\Reproduzir_artigo\data\GUITAR-FX\Mono_Continuous\Audio\FFC\G93-60310-FFC-F5.6-21175.wav,998
Mono_Continuous,FFC,C:\TCC\Reproduzir_artigo\data\GUITAR-FX\Mono_Continuous\Audio\FFC\G93-60310-FFC-F7.4-21175.wav,998
Mono_Continuous,FFC,C:\TCC\Reproduzir_artigo\data\GUITAR-FX\Mono_Continuous\Audio\FFC\G93-60310-FFC-F9.1-21175.wav,998
Mono_Continuous,FFC,C:\TCC\Reproduzir_artigo\data\GUITAR-FX\Mono_Continuous\Audio\FFC\G93-60501-FFC-F5.7-21192.wav,998
Mono_Continuous,FFC,C:\TCC\Reproduzir_artigo\data\GUITAR-FX\Mono_Continuous\Audio\FFC\G93-62312-FFC-F5.7-21177.wav,998
Mono_Continuous,FFC,C:\TCC\Reproduzir_artigo\data\GUITAR-FX\Mono_Continuous\Audio\FFC\G93-62407-FFC-F1.2-21185.wav,998
Mono_Continuous,FFC,C:\TCC\Reproduzir_artigo\data\GUITAR-FX\Mono_Continuous\Audio\FFC\G93-64409-FFC-F4.7-21187.wav,998
Mono_Continuous,FFC,C:\TCC\Reproduzir_artigo\data\GUITAR-FX\Mono_Continuous\Audio\FFC\G93-65506-FFC-F0.1-21197.wav,998
Mono_Continuous,FFC,C:\TCC\Reproduzir_artigo\data\GUITAR-FX\Mono_Continuous\Audio\FFC\G93-65506-FFC-F5.6-21197.wav,998
Mono_Continuous,FFC,C:\TCC\Reproduzir_artigo\data\GUITAR-FX\Mono_Continuous\Audio\FFC\G93-65601-FFC-F1.5-21205.wav,998
Mono_Continuous,FFC,C:\TCC\Reproduzir_artigo\data\GUITAR-FX\Mono_Continuous\Audio\FFC\G93-66411-FFC-F7.3-21189.wav,998
Mono_Continuous,FFC,C:\TCC\Reproduzir_artigo\data\GUITAR-FX\Mono_Continuous\Audio\FFC\G93-66411-FFC-F9.8-21189.wav,998
Mono_Continuous,FFC,C:\TCC\Reproduzir_artigo\data\GUITAR-FX\Mono_Continuous\Audio\FFC\G93-66507-FFC-F0.1-21198.wav,998
Mono_Continuous,FFC,C:\TCC\Reproduzir_artigo\data\GUITAR-FX\Mono_Continuous\Audio\FFC\G93-67412-FFC-F7.3-21190.wav,998
Mono_Continuous,FFC,C:\TCC\Reproduzir_artigo\data\GUITAR-FX\Mono_Continuous\Audio\FFC\G93-67508-FFC-F9.2-21199.wav,998
Mono_Continuous,FFC,C:\TCC\Reproduzir_artigo\data\GUITAR-FX\Mono_Continuous\Audio\FFC\G93-68604-FFC-F5.7-21208.wav,998
Mono_Continuous,FFC,C:\TCC\Reproduzir_artigo\data\GUITAR-FX\Mono_Continuous\Audio\FFC\G93-71607-FFC-F3-21211.wav,998
Mono_Continuous,FFC,C:\TCC\Reproduzir_artigo\data\GUITAR-FX\Mono_Continuous\Audio\FFC\G93-74610-FFC-F7.8-21214.wav,998
Mono_Continuous,FFC,C:\TCC\Reproduzir_artigo\data\GUITAR-FX\Mono_Continuous\Audio\FFC\G93-75611-FFC-F0.7-21215.wav,998
Mono_Continuous,FFC,C:\TCC\Reproduzir_artigo\data\GUITAR-FX\Mono_Continuous\Audio\FFC\G93-76612-FFC-F8.9-21216.wav,998
Mono_Continuous,MGS,C:\TCC\Reproduzir_artigo\data\GUITAR-FX\Mono_Continuous\Audio\MGS\G61-43103-MGS-D4.9T1.7-20596.wav,998
Mono_Continuous,MGS,C:\TCC\Reproduzir_artigo\data\GUITAR-FX\Mono_Continuous\Audio\MGS\G61-43103-MGS-D9.6T3.6-20596.wav,998
Mono_Continuous,MGS,C:\TCC\Reproduzir_artigo\data\GUITAR-FX\Mono_Continuous\Audio\MGS\G61-45105-MGS-D6.4T9.4-20598.wav,998
Mono_Continuous,MGS,C:\TCC\Reproduzir_artigo\data\GUITAR-FX\Mono_Continuous\Audio\MGS\G61-46201-MGS-D3.4T8-20607.wav,998
Mono_Continuous,MGS,C:\TCC\Reproduzir_artigo\data\GUITAR-FX\Mono_Continuous\Audio\MGS\G61-47202-MGS-D6.8T2.5-20608.wav,998
Mono_Continuous,MGS,C:\TCC\Reproduzir_artigo\data\GUITAR-FX\Mono_Continuous\Audio\MGS\G61-48203-MGS-D4.7T2.8-20609.wav,998
Mono_Continuous,MGS,C:\TCC\Reproduzir_artigo\data\GUITAR-FX\Mono_Continuous\Audio\MGS\G61-48203-MGS-D5.4T5.1-20609.wav,998
Mono_Continuous,MGS,C:\TCC\Reproduzir_artigo\data\GUITAR-FX\Mono_Continuous\Audio\MGS\G61-48203-MGS-D7.3T3.2-20609.wav,998
Mono_Continuous,MGS,C:\TCC\Reproduzir_artigo\data\GUITAR-FX\Mono_Continuous\Audio\MGS\G61-50110-MGS-D4.8T6.5-20603.wav,998
Mono_Continuous,MGS,C:\TCC\Reproduzir_artigo\data\GUITAR-FX\Mono_Continuous\Audio\MGS\G61-50110-MGS-D5.7T8.3-20603.wav,998
Mono_Continuous,MGS,C:\TCC\Reproduzir_artigo\data\GUITAR-FX\Mono_Continuous\Audio\MGS\G61-50300-MGS-D6.9T2.6-20619.wav,998
Mono_Continuous,MGS,C:\TCC\Reproduzir_artigo\data\GUITAR-FX\Mono_Continuous\Audio\MGS\G61-51111-MGS-D9.5T8.4-20604.wav,998
Mono_Continuous,MGS,C:\TCC\Reproduzir_artigo\data\GUITAR-FX\Mono_Continuous\Audio\MGS\G61-51111-MGS-D9.6T8.1-20604.wav,998
Mono_Continuous,MGS,C:\TCC\Reproduzir_artigo\data\GUITAR-FX\Mono_Continuous\Audio\MGS\G61-52302-MGS-D7.6T8.7-20621.wav,998
Mono_Continuous,MGS,C:\TCC\Reproduzir_artigo\data\GUITAR-FX\Mono_Continuous\Audio\MGS\G61-53208-MGS-D8.2T0.6-20614.wav,998
Mono_Continuous,MGS,C:\TCC\Reproduzir_artigo\data\GUITAR-FX\Mono_Continuous\Audio\MGS\G61-53208-MGS-D8.4T5.6-20614.wav,998
Mono_Continuous,MGS,C:\TCC\Reproduzir_artigo\data\GUITAR-FX\Mono_Continuous\Audio\MGS\G61-55210-MGS-D2T3.6-20616.wav,998
Mono_Continuous,MGS,C:\TCC\Reproduzir_artigo\data\GUITAR-FX\Mono_Continuous\Audio\MGS\G61-58308-MGS-D7T1.2-20627.wav,998
Mono_Continuous,MGS,C:\TCC\Reproduzir_artigo\data\GUITAR-FX\Mono_Continuous\Audio\MGS\G61-58403-MGS-D3.5T1.1-20635.wav,998
Mono_Continuous,MGS,C:\TCC\Reproduzir_artigo\data\GUITAR-FX\Mono_Continuous\Audio\MGS\G61-58403-MGS-D5.9T4.3-20635.wav,998
Mono_Continuous,MGS,C:\TCC\Reproduzir_artigo\data\GUITAR-FX\Mono_Continuous\Audio\MGS\G61-61502-MGS-D9.5T4.1-20647.wav,998
Mono_Continuous,MGS,C:\TCC\Reproduzir_artigo\data\GUITAR-FX\Mono_Continuous\Audio\MGS\G61-62312-MGS-D6.4T2.3-20631.wav,998
Mono_Continuous,MGS,C:\TCC\Reproduzir_artigo\data\GUITAR-FX\Mono_Continuous\Audio\MGS\G61-62407-MGS-D8T3.6-20639.wav,998
Mono_Continuous,MGS,C:\TCC\Reproduzir_artigo\data\GUITAR-FX\Mono_Continuous\Audio\MGS\G61-62503-MGS-D5.2T10-20648.wav,998
Mono_Continuous,MGS,C:\TCC\Reproduzir_artigo\data\GUITAR-FX\Mono_Continuous\Audio\MGS\G61-62503-MGS-D6.9T9.8-20648.wav,998
Mono_Continuous,MGS,C:\TCC\Reproduzir_artigo\data\GUITAR-FX\Mono_Continuous\Audio\MGS\G61-63504-MGS-D6.1T6.5-20649.wav,998
Mono_Continuous,MGS,C:\TCC\Reproduzir_artigo\data\GUITAR-FX\Mono_Continuous\Audio\MGS\G61-64600-MGS-D8.5T6.7-20658.wav,998
Mono_Continuous,MGS,C:\TCC\Reproduzir_artigo\data\GUITAR-FX\Mono_Continuous\Audio\MGS\G61-66507-MGS-D2.4T1.1-20652.wav,998
Mono_Continuous,MGS,C:\TCC\Reproduzir_artigo\data\GUITAR-FX\Mono_Continuous\Audio\MGS\G61-66602-MGS-D4.4T7.8-20660.wav,998
Mono_Continuous,MGS,C:\TCC\Reproduzir_artigo\data\GUITAR-FX\Mono_Continuous\Audio\MGS\G61-67412-MGS-D6.9T8.7-20644.wav,998
Mono_Continuous,MGS,C:\TCC\Reproduzir_artigo\data\GUITAR-FX\Mono_Continuous\Audio\MGS\G61-68604-MGS-D7.3T7.6-20662.wav,998
Mono_Continuous,MGS,C:\TCC\Reproduzir_artigo\data\GUITAR-FX\Mono_Continuous\Audio\MGS\G61-69510-MGS-D6.1T6.2-20655.wav,998
Mono_Continuous,MGS,C:\TCC\Reproduzir_artigo\data\GUITAR-FX\Mono_Continuous\Audio\MGS\G61-69605-MGS-D2.3T9.6-20663.wav,998
Mono_Continuous,MGS,C:\TCC\Reproduzir_artigo\data\GUITAR-FX\Mono_Continuous\Audio\MGS\G61-69605-MGS-D8.5T3.8-20663.wav,998
Mono_Continuous,MGS,C:\TCC\Reproduzir_artigo\data\GUITAR-FX\Mono_Continuous\Audio\MGS\G61-70511-MGS-D2.2T4.3-20656.wav,998
Mono_Continuous,MGS,C:\TCC\Reproduzir_artigo\data\GUITAR-FX\Mono_Continuous\Audio\MGS\G61-74610-MGS-D3.4T0.5-20668.wav,998
Mono_Continuous,MGS,C:\TCC\Reproduzir_artigo\data\GUITAR-FX\Mono_Continuous\Audio\MGS\G63-45200-MGS-D8.8T0-20684.wav,998
Mono_Continuous,MGS,C:\TCC\Reproduzir_artigo\data\GUITAR-FX\Mono_Continuous\Audio\MGS\G63-48203-MGS-D7.6T2.5-20687.wav,998
Mono_Continuous,MGS,C:\TCC\Reproduzir_artigo\data\GUITAR-FX\Mono_Continuous\Audio\MGS\G63-52207-MGS-D7.9T9.4-20691.wav,998
Mono_Continuous,MGS,C:\TCC\Reproduzir_artigo\data\GUITAR-FX\Mono_Continuous\Audio\MGS\G63-53208-MGS-D9.7T8.2-20692.wav,998
Mono_Continuous,MGS,C:\TCC\Reproduzir_artigo\data\GUITAR-FX\Mono_Continuous\Audio\MGS\G63-53303-MGS-D7.8T3.2-20700.wav,998
Mono_Continuous,MGS,C:\TCC\Reproduzir_artigo\data\GUITAR-FX\Mono_Continuous\Audio\MGS\G63-53303-MGS-D7.9T7.5-20700.wav,998
Mono_Continuous,MGS,C:\TCC\Reproduzir_artigo\data\GUITAR-FX\Mono_Continuous\Audio\MGS\G63-55305-MGS-D2.9T7.3-20702.wav,998
Mono_Continuous,MGS,C:\TCC\Reproduzir_artigo\data\GUITAR-FX\Mono_Continuous\Audio\MGS\G63-55400-MGS-D7.1T5.3-20710.wav,998
Mono_Continuous,MGS,C:\TCC\Reproduzir_artigo\data\GUITAR-FX\Mono_Continuous\Audio\MGS\G63-56306-MGS-D8.5T8.2-20703.wav,998
Mono_Continuous,MGS,C:\TCC\Reproduzir_artigo\data\GUITAR-FX\Mono_Continuous\Audio\MGS\G63-56401-MGS-D8.5T7.2-20711.wav,998
Mono_Continuous,MGS,C:\TCC\Reproduzir_artigo\data\GUITAR-FX\Mono_Continuous\Audio\MGS\G63-57402-MGS-D3.3T3-20712.wav,998
Mono_Continuous,MGS,C:\TCC\Reproduzir_artigo\data\GUITAR-FX\Mono_Continuous\Audio\MGS\G63-58403-MGS-D2.3T1-20713.wav,998
Mono_Continuous,MGS,C:\TCC\Reproduzir_artigo\data\GUITAR-FX\Mono_Continuous\Audio\MGS\G63-59404-MGS-D4.1T4.6-20714.wav,998
Mono_Continuous,MGS,C:\TCC\Reproduzir_artigo\data\GUITAR-FX\Mono_Continuous\Audio\MGS\G63-59500-MGS-D6.1T7.5-20723.wav,998
Mono_Continuous,MGS,C:\TCC\Reproduzir_artigo\data\GUITAR-FX\Mono_Continuous\Audio\MGS\G63-60501-MGS-D4.5T7.2-20724.wav,998
Mono_Continuous,MGS,C:\TCC\Reproduzir_artigo\data\GUITAR-FX\Mono_Continuous\Audio\MGS\G63-61311-MGS-D3.4T2.2-20708.wav,998
Mono_Continuous,MGS,C:\TCC\Reproduzir_artigo\data\GUITAR-FX\Mono_Continuous\Audio\MGS\G63-61502-MGS-D4.4T3.9-20725.wav,998
Mono_Continuous,MGS,C:\TCC\Reproduzir_artigo\data\GUITAR-FX\Mono_Continuous\Audio\MGS\G63-61502-MGS-D8T2.1-20725.wav,998
Mono_Continuous,MGS,C:\TCC\Reproduzir_artigo\data\GUITAR-FX\Mono_Continuous\Audio\MGS\G63-63504-MGS-D3T6.7-20727.wav,998
Mono_Continuous,MGS,C:\TCC\Reproduzir_artigo\data\GUITAR-FX\Mono_Continuous\Audio\MGS\G63-63504-MGS-D9.2T3.8-20727.wav,998
Mono_Continuous,MGS,C:\TCC\Reproduzir_artigo\data\GUITAR-FX\Mono_Continuous\Audio\MGS\G63-64409-MGS-D3.5T7.8-20719.wav,998
Mono_Continuous,MGS,C:\TCC\Reproduzir_artigo\data\GUITAR-FX\Mono_Continuous\Audio\MGS\G63-67603-MGS-D3.2T8.9-20739.wav,998
Mono_Continuous,MGS,C:\TCC\Reproduzir_artigo\data\GUITAR-FX\Mono_Continuous\Audio\MGS\G63-70606-MGS-D6.1T9-20742.wav,998
Mono_Continuous,MGS,C:\TCC\Reproduzir_artigo\data\GUITAR-FX\Mono_Continuous\Audio\MGS\G63-72608-MGS-D2.8T1.4-20744.wav,998
Mono_Continuous,MGS,C:\TCC\Reproduzir_artigo\data\GUITAR-FX\Mono_Continuous\Audio\MGS\G63-74610-MGS-D2.9T6.9-20746.wav,998
Mono_Continuous,MGS,C:\TCC\Reproduzir_artigo\data\GUITAR-FX\Mono_Continuous\Audio\MGS\G63-74610-MGS-D4.3T1.5-20746.wav,998
Mono_Continuous,MGS,C:\TCC\Reproduzir_artigo\data\GUITAR-FX\Mono_Continuous\Audio\MGS\G63-76612-MGS-D2.8T1-20748.wav,998
Mono_Continuous,MGS,C:\TCC\Reproduzir_artigo\data\GUITAR-FX\Mono_Continuous\Audio\MGS\G71-43103-MGS-D6.5T0.6-20752.wav,998
Mono_Continuous,MGS,C:\TCC\Reproduzir_artigo\data\GUITAR-FX\Mono_Continuous\Audio\MGS\G71-46106-MGS-D5.4T2.8-20755.wav,998
Mono_Continuous,MGS,C:\TCC\Reproduzir_artigo\data\GUITAR-FX\Mono_Continuous\Audio\MGS\G71-47107-MGS-D5.1T4.1-20756.wav,998
Mono_Continuous,MGS,C:\TCC\Reproduzir_artigo\data\GUITAR-FX\Mono_Continuous\Audio\MGS\G71-49204-MGS-D9T7.3-20766.wav,998
Mono_Continuous,MGS,C:\TCC\Reproduzir_artigo\data\GUITAR-FX\Mono_Continuous\Audio\MGS\G71-50205-MGS-D2.4T3.8-20767.wav,998
Mono_Continuous,MGS,C:\TCC\Reproduzir_artigo\data\GUITAR-FX\Mono_Continuous\Audio\MGS\G71-52207-MGS-D2.1T0.4-20769.wav,998
Mono_Continuous,MGS,C:\TCC\Reproduzir_artigo\data\GUITAR-FX\Mono_Continuous\Audio\MGS\G71-52207-MGS-D6.2T4.1-20769.wav,998
Mono_Continuous,MGS,C:\TCC\Reproduzir_artigo\data\GUITAR-FX\Mono_Continuous\Audio\MGS\G71-52207-MGS-D6.9T7.2-20769.wav,998
Mono_Continuous,MGS,C:\TCC\Reproduzir_artigo\data\GUITAR-FX\Mono_Continuous\Audio\MGS\G71-53208-MGS-D7.4T8.4-20770.wav,998
Mono_Continuous,MGS,C:\TCC\Reproduzir_artigo\data\GUITAR-FX\Mono_Continuous\Audio\MGS\G71-54209-MGS-D9.6T5.5-20771.wav,998
Mono_Continuous,MGS,C:\TCC\Reproduzir_artigo\data\GUITAR-FX\Mono_Continuous\Audio\MGS\G71-55305-MGS-D5.7T1.7-20780.wav,998
Mono_Continuous,MGS,C:\TCC\Reproduzir_artigo\data\GUITAR-FX\Mono_Continuous\Audio\MGS\G71-56401-MGS-D2.1T3.6-20789.wav,998
Mono_Continuous,MGS,C:\TCC\Reproduzir_artigo\data\GUITAR-FX\Mono_Continuous\Audio\MGS\G71-57402-MGS-D5.2T5.2-20790.wav,998
Mono_Continuous,MGS,C:\TCC\Reproduzir_artigo\data\GUITAR-FX\Mono_Continuous\Audio\MGS\G71-57402-MGS-D9.9T6.5-20790.wav,998
Mono_Continuous,MGS,C:\TCC\Reproduzir_artigo\data\GUITAR-FX\Mono_Continuous\Audio\MGS\G71-60310-MGS-D8.3T9.1-20785.wav,998
Mono_Continuous,MGS,C:\TCC\Reproduzir_artigo\data\GUITAR-FX\Mono_Continuous\Audio\MGS\G71-60405-MGS-D4T4.3-20793.wav,998
Mono_Continuous,MGS,C:\TCC\Reproduzir_artigo\data\GUITAR-FX\Mono_Continuous\Audio\MGS\G71-60405-MGS-D8.6T7.9-20793.wav,998
Mono_Continuous,MGS,C:\TCC\Reproduzir_artigo\data\GUITAR-FX\Mono_Continuous\Audio\MGS\G71-60501-MGS-D4.3T1.4-20802.wav,998
Mono_Continuous,MGS,C:\TCC\Reproduzir_artigo\data\GUITAR-FX\Mono_Continuous\Audio\MGS\G71-61311-MGS-D7.4T5.6-20786.wav,998
Mono_Continuous,MGS,C:\TCC\Reproduzir_artigo\data\GUITAR-FX\Mono_Continuous\Audio\MGS\G71-61502-MGS-D2.7T6.6-20803.wav,998
Mono_Continuous,MGS,C:\TCC\Reproduzir_artigo\data\GUITAR-FX\Mono_Continuous\Audio\MGS\G71-62407-MGS-D2.8T5.5-20795.wav,998
Mono_Continuous,MGS,C:\TCC\Reproduzir_artigo\data\GUITAR-FX\Mono_Continuous\Audio\MGS\G71-63504-MGS-D8.8T0.8-20805.wav,998
Mono_Continuous,MGS,C:\TCC\Reproduzir_artigo\data\GUITAR-FX\Mono_Continuous\Audio\MGS\G71-65506-MGS-D7.7T7.4-20807.wav,998
Mono_Continuous,MGS,C:\TCC\Reproduzir_artigo\data\GUITAR-FX\Mono_Continuous\Audio\MGS\G71-67412-MGS-D2.6T4-20800.wav,998
Mono_Continuous,MGS,C:\TCC\Reproduzir_artigo\data\GUITAR-FX\Mono_Continuous\Audio\MGS\G71-67603-MGS-D9.9T5.7-20817.wav,998
Mono_Continuous,MGS,C:\TCC\Reproduzir_artigo\data\GUITAR-FX\Mono_Continuous\Audio\MGS\G71-68509-MGS-D2.1T3.2-20810.wav,998
Mono_Continuous,MGS,C:\TCC\Reproduzir_artigo\data\GUITAR-FX\Mono_Continuous\Audio\MGS\G71-68509-MGS-D2.6T1.7-20810.wav,998
Mono_Continuous,MGS,C:\TCC\Reproduzir_artigo\data\GUITAR-FX\Mono_Continuous\Audio\MGS\G71-68604-MGS-D3.4T5.1-20818.wav,998
Mono_Continuous,MGS,C:\TCC\Reproduzir_artigo\data\GUITAR-FX\Mono_Continuous\Audio\MGS\G71-71512-MGS-D3.8T8.1-20813.wav,998
Mono_Continuous,MGS,C:\TCC\Reproduzir_artigo\data\GUITAR-FX\Mono_Continuous\Audio\MGS\G71-73609-MGS-D7T7.8-20823.wav,998
Mono_Continuous,MGS,C:\TCC\Reproduzir_artigo\data\GUITAR-FX\Mono_Continuous\Audio\MGS\G71-73609-MGS-D9T9.6-20823.wav,998
Mono_Continuous,MGS,C:\TCC\Reproduzir_artigo\data\GUITAR-FX\Mono_Continuous\Audio\MGS\G71-74610-MGS-D8.2T3.8-20824.wav,998
Mono_Continuous,MGS,C:\TCC\Reproduzir_artigo\data\GUITAR-FX\Mono_Continuous\Audio\MGS\G73-41101-MGS-D5.5T6.7-20828.wav,998
Mono_Continuous,MGS,C:\TCC\Reproduzir_artigo\data\GUITAR-FX\Mono_Continuous\Audio\MGS\G73-41101-MGS-D8.5T0.5-20828.wav,998
Mono_Continuous,MGS,C:\TCC\Reproduzir_artigo\data\GUITAR-FX\Mono_Continuous\Audio\MGS\G73-43103-MGS-D2.5T0.5-20830.wav,998
Mono_Continuous,MGS,C:\TCC\Reproduzir_artigo\data\GUITAR-FX\Mono_Continuous\Audio\MGS\G73-44104-MGS-D2.6T9.3-20831.wav,998
Mono_Continuous,MGS,C:\TCC\Reproduzir_artigo\data\GUITAR-FX\Mono_Continuous\Audio\MGS\G73-46201-MGS-D6.7T5.9-20841.wav,998
Mono_Continuous,MGS,C:\TCC\Reproduzir_artigo\data\GUITAR-FX\Mono_Continuous\Audio\MGS\G73-47202-MGS-D7.9T5.4-20842.wav,998
Mono_Continuous,MGS,C:\TCC\Reproduzir_artigo\data\GUITAR-FX\Mono_Continuous\Audio\MGS\G73-47202-MGS-D9T9-20842.wav,998
Mono_Continuous,MGS,C:\TCC\Reproduzir_artigo\data\GUITAR-FX\Mono_Continuous\Audio\MGS\G73-50300-MGS-D6.4T5.1-20853.wav,998
Mono_Continuous,MGS,C:\TCC\Reproduzir_artigo\data\GUITAR-FX\Mono_Continuous\Audio\MGS\G73-51301-MGS-D9T1.9-20854.wav,998
Mono_Continuous,MGS,C:\TCC\Reproduzir_artigo\data\GUITAR-FX\Mono_Continuous\Audio\MGS\G73-52207-MGS-D3.9T1.3-20847.wav,998
Mono_Continuous,MGS,C:\TCC\Reproduzir_artigo\data\GUITAR-FX\Mono_Continuous\Audio\MGS\G73-52302-MGS-D5.2T2.9-20855.wav,998
Mono_Continuous,MGS,C:\TCC\Reproduzir_artigo\data\GUITAR-FX\Mono_Continuous\Audio\MGS\G73-52302-MGS-D7.5T7.1-20855.wav,998
Mono_Continuous,MGS,C:\TCC\Reproduzir_artigo\data\GUITAR-FX\Mono_Continuous\Audio\MGS\G73-53303-MGS-D2.1T0.1-20856.wav,998
Mono_Continuous,MGS,C:\TCC\Reproduzir_artigo\data\GUITAR-FX\Mono_Continuous\Audio\MGS\G73-55210-MGS-D4.1T9.6-20850.wav,998
Mono_Continuous,MGS,C:\TCC\Reproduzir_artigo\data\GUITAR-FX\Mono_Continuous\Audio\MGS\G73-56211-MGS-D5.3T5.6-20851.wav,998
Mono_Continuous,MGS,C:\TCC\Reproduzir_artigo\data\GUITAR-FX\Mono_Continuous\Audio\MGS\G73-56211-MGS-D9T1.7-20851.wav,998
Mono_Continuous,MGS,C:\TCC\Reproduzir_artigo\data\GUITAR-FX\Mono_Continuous\Audio\MGS\G73-56306-MGS-D8.8T0.4-20859.wav,998
Mono_Continuous,MGS,C:\TCC\Reproduzir_artigo\data\GUITAR-FX\Mono_Continuous\Audio\MGS\G73-57307-MGS-D3T4.9-20860.wav,998
Mono_Continuous,MGS,C:\TCC\Reproduzir_artigo\data\GUITAR-FX\Mono_Continuous\Audio\MGS\G73-57402-MGS-D3.9T5-20868.wav,998
Mono_Continuous,MGS,C:\TCC\Reproduzir_artigo\data\GUITAR-FX\Mono_Continuous\Audio\MGS\G73-57402-MGS-D7.3T9.3-20868.wav,998
Mono_Continuous,MGS,C:\TCC\Reproduzir_artigo\data\GUITAR-FX\Mono_Continuous\Audio\MGS\G73-58403-MGS-D4.8T0.2-20869.wav,998
Mono_Continuous,MGS,C:\TCC\Reproduzir_artigo\data\GUITAR-FX\Mono_Continuous\Audio\MGS\G73-61311-MGS-D7.1T5.5-20864.wav,998
Mono_Continuous,MGS,C:\TCC\Reproduzir_artigo\data\GUITAR-FX\Mono_Continuous\Audio\MGS\G73-61502-MGS-D9.6T9.6-20881.wav,998
Mono_Continuous,MGS,C:\TCC\Reproduzir_artigo\data\GUITAR-FX\Mono_Continuous\Audio\MGS\G73-62312-MGS-D3.8T8.7-20865.wav,998
Mono_Continuous,MGS,C:\TCC\Reproduzir_artigo\data\GUITAR-FX\Mono_Continuous\Audio\MGS\G73-63504-MGS-D4.6T1.8-20883.wav,998
Mono_Continuous,MGS,C:\TCC\Reproduzir_artigo\data\GUITAR-FX\Mono_Continuous\Audio\MGS\G73-64409-MGS-D5.7T2.9-20875.wav,998
Mono_Continuous,MGS,C:\TCC\Reproduzir_artigo\data\GUITAR-FX\Mono_Continuous\Audio\MGS\G73-66602-MGS-D5.9T3.8-20894.wav,998
Mono_Continuous,MGS,C:\TCC\Reproduzir_artigo\data\GUITAR-FX\Mono_Continuous\Audio\MGS\G73-66602-MGS-D8.1T2.8-20894.wav,998
Mono_Continuous,MGS,C:\TCC\Reproduzir_artigo\data\GUITAR-FX\Mono_Continuous\Audio\MGS\G73-69605-MGS-D3.7T5.7-20897.wav,998
Mono_Continuous,MGS,C:\TCC\Reproduzir_artigo\data\GUITAR-FX\Mono_Continuous\Audio\MGS\G73-71512-MGS-D9.7T3.6-20891.wav,998
Mono_Continuous,MGS,C:\TCC\Reproduzir_artigo\data\GUITAR-FX\Mono_Continuous\Audio\MGS\G73-71607-MGS-D5.6T5.1-20899.wav,998
Mono_Continuous,MGS,C:\TCC\Reproduzir_artigo\data\GUITAR-FX\Mono_Continuous\Audio\MGS\G73-71607-MGS-D7.5T3.4-20899.wav,998
Mono_Continuous,MGS,C:\TCC\Reproduzir_artigo\data\GUITAR-FX\Mono_Continuous\Audio\MGS\G73-71607-MGS-D9.2T7.6-20899.wav,998
Mono_Continuous,MGS,C:\TCC\Reproduzir_artigo\data\GUITAR-FX\Mono_Continuous\Audio\MGS\G73-72608-MGS-D8.4T1.7-20900.wav,998
Mono_Continuous,MGS,C:\TCC\Reproduzir_artigo\data\GUITAR-FX\Mono_Continuous\Audio\MGS\G73-74610-MGS-D3.3T8.2-20902.wav,998
Mono_Continuous,MGS,C:\TCC\Reproduzir_artigo\data\GUITAR-FX\Mono_Continuous\Audio\MGS\G73-75611-MGS-D7.3T6.9-20903.wav,998
Mono_Continuous,MGS,C:\TCC\Reproduzir_artigo\data\GUITAR-FX\Mono_Continuous\Audio\MGS\G81-44104-MGS-D8.4T0.5-20909.wav,998
Mono_Continuous,MGS,C:\TCC\Reproduzir_artigo\data\GUITAR-FX\Mono_Continuous\Audio\MGS\G81-45105-MGS-D6.6T7.9-20910.wav,998
Mono_Continuous,MGS,C:\TCC\Reproduzir_artigo\data\GUITAR-FX\Mono_Continuous\Audio\MGS\G81-46106-MGS-D4.4T7.9-20911.wav,998
Mono_Continuous,MGS,C:\TCC\Reproduzir_artigo\data\GUITAR-FX\Mono_Continuous\Audio\MGS\G81-48203-MGS-D7.9T6-20921.wav,998
Mono_Continuous,MGS,C:\TCC\Reproduzir_artigo\data\GUITAR-FX\Mono_Continuous\Audio\MGS\G81-51111-MGS-D4.3T4.1-20916.wav,998
Mono_Continuous,MGS,C:\TCC\Reproduzir_artigo\data\GUITAR-FX\Mono_Continuous\Audio\MGS\G81-51111-MGS-D4.6T1.5-20916.wav,998
Mono_Continuous,MGS,C:\TCC\Reproduzir_artigo\data\GUITAR-FX\Mono_Continuous\Audio\MGS\G81-52207-MGS-D6.8T8.3-20925.wav,998
Mono_Continuous,MGS,C:\TCC\Reproduzir_artigo\data\GUITAR-FX\Mono_Continuous\Audio\MGS\G81-52207-MGS-D7.3T1.9-20925.wav,998
Mono_Continuous,MGS,C:\TCC\Reproduzir_artigo\data\GUITAR-FX\Mono_Continuous\Audio\MGS\G81-52302-MGS-D7.9T4.5-20933.wav,998
Mono_Continuous,MGS,C:\TCC\Reproduzir_artigo\data\GUITAR-FX\Mono_Continuous\Audio\MGS\G81-55210-MGS-D2.9T3.5-20928.wav,998
Mono_Continuous,MGS,C:\TCC\Reproduzir_artigo\data\GUITAR-FX\Mono_Continuous\Audio\MGS\G81-56401-MGS-D2.6T0.1-20945.wav,998
Mono_Continuous,MGS,C:\TCC\Reproduzir_artigo\data\GUITAR-FX\Mono_Continuous\Audio\MGS\G81-58403-MGS-D4.7T6.9-20947.wav,998
Mono_Continuous,MGS,C:\TCC\Reproduzir_artigo\data\GUITAR-FX\Mono_Continuous\Audio\MGS\G81-59404-MGS-D4.8T6.1-20948.wav,998
Mono_Continuous,MGS,C:\TCC\Reproduzir_artigo\data\GUITAR-FX\Mono_Continuous\Audio\MGS\G81-60310-MGS-D5.7T2-20941.wav,998
Mono_Continuous,MGS,C:\TCC\Reproduzir_artigo\data\GUITAR-FX\Mono_Continuous\Audio\MGS\G81-60501-MGS-D8T6.2-20958.wav,998
Mono_Continuous,MGS,C:\TCC\Reproduzir_artigo\data\GUITAR-FX\Mono_Continuous\Audio\MGS\G81-62312-MGS-D6T2-20943.wav,998
Mono_Continuous,MGS,C:\TCC\Reproduzir_artigo\data\GUITAR-FX\Mono_Continuous\Audio\MGS\G81-62407-MGS-D3.2T1.9-20951.wav,998
Mono_Continuous,MGS,C:\TCC\Reproduzir_artigo\data\GUITAR-FX\Mono_Continuous\Audio\MGS\G81-62503-MGS-D4.4T8.5-20960.wav,998
Mono_Continuous,MGS,C:\TCC\Reproduzir_artigo\data\GUITAR-FX\Mono_Continuous\Audio\MGS\G81-62503-MGS-D4.5T1.6-20960.wav,998
Mono_Continuous,MGS,C:\TCC\Reproduzir_artigo\data\GUITAR-FX\Mono_Continuous\Audio\MGS\G81-68604-MGS-D8.9T8.7-20974.wav,998
Mono_Continuous,MGS,C:\TCC\Reproduzir_artigo\data\GUITAR-FX\Mono_Continuous\Audio\MGS\G81-69510-MGS-D4T5.9-20967.wav,998
Mono_Continuous,MGS,C:\TCC\Reproduzir_artigo\data\GUITAR-FX\Mono_Continuous\Audio\MGS\G81-72608-MGS-D5.3T2.6-20978.wav,998
Mono_Continuous,MGS,C:\TCC\Reproduzir_artigo\data\GUITAR-FX\Mono_Continuous\Audio\MGS\G81-75611-MGS-D10T4.2-20981.wav,998
Mono_Continuous,MGS,C:\TCC\Reproduzir_artigo\data\GUITAR-FX\Mono_Continuous\Audio\MGS\G81-76612-MGS-D6.6T9.8-20982.wav,998
Mono_Continuous,MGS,C:\TCC\Reproduzir_artigo\data\GUITAR-FX\Mono_Continuous\Audio\MGS\G83-44104-MGS-D2.1T1.4-20987.wav,998
Mono_Continuous,MGS,C:\TCC\Reproduzir_artigo\data\GUITAR-FX\Mono_Continuous\Audio\MGS\G83-45200-MGS-D4.4T4.3-20996.wav,998
Mono_Continuous,MGS,C:\TCC\Reproduzir_artigo\data\GUITAR-FX\Mono_Continuous\Audio\MGS\G83-45200-MGS-D4T9.2-20996.wav,998
Mono_Continuous,MGS,C:\TCC\Reproduzir_artigo\data\GUITAR-FX\Mono_Continuous\Audio\MGS\G83-47107-MGS-D6.6T4.7-20990.wav,998
Mono_Continuous,MGS,C:\TCC\Reproduzir_artigo\data\GUITAR-FX\Mono_Continuous\Audio\MGS\G83-47202-MGS-D5.7T9.3-20998.wav,998
Mono_Continuous,MGS,C:\TCC\Reproduzir_artigo\data\GUITAR-FX\Mono_Continuous\Audio\MGS\G83-49204-MGS-D3.6T0.9-21000.wav,998
Mono_Continuous,MGS,C:\TCC\Reproduzir_artigo\data\GUITAR-FX\Mono_Continuous\Audio\MGS\G83-50110-MGS-D2T2.6-20993.wav,998
Mono_Continuous,MGS,C:\TCC\Reproduzir_artigo\data\GUITAR-FX\Mono_Continuous\Audio\MGS\G83-51301-MGS-D2.6T8.1-21010.wav,998
Mono_Continuous,MGS,C:\TCC\Reproduzir_artigo\data\GUITAR-FX\Mono_Continuous\Audio\MGS\G83-53208-MGS-D3.5T0.9-21004.wav,998
Mono_Continuous,MGS,C:\TCC\Reproduzir_artigo\data\GUITAR-FX\Mono_Continuous\Audio\MGS\G83-54304-MGS-D2.3T7.5-21013.wav,998
Mono_Continuous,MGS,C:\TCC\Reproduzir_artigo\data\GUITAR-FX\Mono_Continuous\Audio\MGS\G83-55305-MGS-D5.7T8.9-21014.wav,998
Mono_Continuous,MGS,C:\TCC\Reproduzir_artigo\data\GUITAR-FX\Mono_Continuous\Audio\MGS\G83-55400-MGS-D6T2.6-21022.wav,998
Mono_Continuous,MGS,C:\TCC\Reproduzir_artigo\data\GUITAR-FX\Mono_Continuous\Audio\MGS\G83-56211-MGS-D6.6T3-21007.wav,998
Mono_Continuous,MGS,C:\TCC\Reproduzir_artigo\data\GUITAR-FX\Mono_Continuous\Audio\MGS\G83-57307-MGS-D3.6T3.3-21016.wav,998
Mono_Continuous,MGS,C:\TCC\Reproduzir_artigo\data\GUITAR-FX\Mono_Continuous\Audio\MGS\G83-58308-MGS-D2.7T0.8-21017.wav,998
Mono_Continuous,MGS,C:\TCC\Reproduzir_artigo\data\GUITAR-FX\Mono_Continuous\Audio\MGS\G83-61406-MGS-D3.3T5.1-21028.wav,998
Mono_Continuous,MGS,C:\TCC\Reproduzir_artigo\data\GUITAR-FX\Mono_Continuous\Audio\MGS\G83-62312-MGS-D2.4T1-21021.wav,998
Mono_Continuous,MGS,C:\TCC\Reproduzir_artigo\data\GUITAR-FX\Mono_Continuous\Audio\MGS\G83-63504-MGS-D7.4T9.1-21039.wav,998
Mono_Continuous,MGS,C:\TCC\Reproduzir_artigo\data\GUITAR-FX\Mono_Continuous\Audio\MGS\G83-64600-MGS-D6.4T7.5-21048.wav,998
Mono_Continuous,MGS,C:\TCC\Reproduzir_artigo\data\GUITAR-FX\Mono_Continuous\Audio\MGS\G83-66507-MGS-D4.3T7.2-21042.wav,998
Mono_Continuous,MGS,C:\TCC\Reproduzir_artigo\data\GUITAR-FX\Mono_Continuous\Audio\MGS\G83-66507-MGS-D7.2T6.1-21042.wav,998
Mono_Continuous,MGS,C:\TCC\Reproduzir_artigo\data\GUITAR-FX\Mono_Continuous\Audio\MGS\G83-66602-MGS-D9.6T6.3-21050.wav,998
Mono_Continuous,MGS,C:\TCC\Reproduzir_artigo\data\GUITAR-FX\Mono_Continuous\Audio\MGS\G83-67508-MGS-D3.1T1.4-21043.wav,998
Mono_Continuous,MGS,C:\TCC\Reproduzir_artigo\data\GUITAR-FX\Mono_Continuous\Audio\MGS\G83-69605-MGS-D3.9T7.5-21053.wav,998
Mono_Continuous,MGS,C:\TCC\Reproduzir_artigo\data\GUITAR-FX\Mono_Continuous\Audio\MGS\G83-70511-MGS-D5.9T0-21046.wav,998
Mono_Continuous,MGS,C:\TCC\Reproduzir_artigo\data\GUITAR-FX\Mono_Continuous\Audio\MGS\G83-71512-MGS-D9T4.8-21047.wav,998
Mono_Continuous,MGS,C:\TCC\Reproduzir_artigo\data\GUITAR-FX\Mono_Continuous\Audio\MGS\G83-72608-MGS-D3.1T6-21056.wav,998
Mono_Continuous,MGS,C:\TCC\Reproduzir_artigo\data\GUITAR-FX\Mono_Continuous\Audio\MGS\G83-76612-MGS-D3.1T0.2-21060.wav,998
Mono_Continuous,MGS,C:\TCC\Reproduzir_artigo\data\GUITAR-FX\Mono_Continuous\Audio\MGS\G83-76612-MGS-D4.6T2-21060.wav,998
Mono_Continuous,MGS,C:\TCC\Reproduzir_artigo\data\GUITAR-FX\Mono_Continuous\Audio\MGS\G83-76612-MGS-D7T7.5-21060.wav,998
Mono_Continuous,MGS,C:\TCC\Reproduzir_artigo\data\GUITAR-FX\Mono_Continuous\Audio\MGS\G91-40100-MGS-D7.2T9.8-21061.wav,998
Mono_Continuous,MGS,C:\TCC\Reproduzir_artigo\data\GUITAR-FX\Mono_Continuous\Audio\MGS\G91-42102-MGS-D4.6T2.9-21063.wav,998
Mono_Continuous,MGS,C:\TCC\Reproduzir_artigo\data\GUITAR-FX\Mono_Continuous\Audio\MGS\G91-47202-MGS-D9.1T1.8-21076.wav,998
Mono_Continuous,MGS,C:\TCC\Reproduzir_artigo\data\GUITAR-FX\Mono_Continuous\Audio\MGS\G91-48108-MGS-D2.2T6.3-21069.wav,998
Mono_Continuous,MGS,C:\TCC\Reproduzir_artigo\data\GUITAR-FX\Mono_Continuous\Audio\MGS\G91-48108-MGS-D3.9T6.5-21069.wav,998
Mono_Continuous,MGS,C:\TCC\Reproduzir_artigo\data\GUITAR-FX\Mono_Continuous\Audio\MGS\G91-49109-MGS-D3T7.5-21070.wav,998
Mono_Continuous,MGS,C:\TCC\Reproduzir_artigo\data\GUITAR-FX\Mono_Continuous\Audio\MGS\G91-49204-MGS-D5.7T9.1-21078.wav,998
Mono_Continuous,MGS,C:\TCC\Reproduzir_artigo\data\GUITAR-FX\Mono_Continuous\Audio\MGS\G91-50110-MGS-D5.1T0.6-21071.wav,998
Mono_Continuous,MGS,C:\TCC\Reproduzir_artigo\data\GUITAR-FX\Mono_Continuous\Audio\MGS\G91-51301-MGS-D4.7T9.4-21088.wav,998
Mono_Continuous,MGS,C:\TCC\Reproduzir_artigo\data\GUITAR-FX\Mono_Continuous\Audio\MGS\G91-51301-MGS-D6.2T9.1-21088.wav,998
Mono_Continuous,MGS,C:\TCC\Reproduzir_artigo\data\GUITAR-FX\Mono_Continuous\Audio\MGS\G91-53303-MGS-D3.2T8.7-21090.wav,998
Mono_Continuous,MGS,C:\TCC\Reproduzir_artigo\data\GUITAR-FX\Mono_Continuous\Audio\MGS\G91-53303-MGS-D3.4T1.8-21090.wav,998
Mono_Continuous,MGS,C:\TCC\Reproduzir_artigo\data\GUITAR-FX\Mono_Continuous\Audio\MGS\G91-55305-MGS-D3.2T7.3-21092.wav,998
Mono_Continuous,MGS,C:\TCC\Reproduzir_artigo\data\GUITAR-FX\Mono_Continuous\Audio\MGS\G91-55400-MGS-D5.5T9-21100.wav,998
Mono_Continuous,MGS,C:\TCC\Reproduzir_artigo\data\GUITAR-FX\Mono_Continuous\Audio\MGS\G91-57212-MGS-D5.7T1.7-21086.wav,998
Mono_Continuous,MGS,C:\TCC\Reproduzir_artigo\data\GUITAR-FX\Mono_Continuous\Audio\MGS\G91-57402-MGS-D5.1T1.8-21102.wav,998
Mono_Continuous,MGS,C:\TCC\Reproduzir_artigo\data\GUITAR-FX\Mono_Continuous\Audio\MGS\G91-57402-MGS-D5T7.5-21102.wav,998
Mono_Continuous,MGS,C:\TCC\Reproduzir_artigo\data\GUITAR-FX\Mono_Continuous\Audio\MGS\G91-59309-MGS-D9.9T3.1-21096.wav,998
Mono_Continuous,MGS,C:\TCC\Reproduzir_artigo\data\GUITAR-FX\Mono_Continuous\Audio\MGS\G91-59404-MGS-D8.4T3.8-21104.wav,998
Mono_Continuous,MGS,C:\TCC\Reproduzir_artigo\data\GUITAR-FX\Mono_Continuous\Audio\MGS\G91-60501-MGS-D5.3T9.1-21114.wav,998
Mono_Continuous,MGS,C:\TCC\Reproduzir_artigo\data\GUITAR-FX\Mono_Continuous\Audio\MGS\G91-61502-MGS-D4.5T5.7-21115.wav,998
Mono_Continuous,MGS,C:\TCC\Reproduzir_artigo\data\GUITAR-FX\Mono_Continuous\Audio\MGS\G91-63504-MGS-D4.9T7.3-21117.wav,998
Mono_Continuous,MGS,C:\TCC\Reproduzir_artigo\data\GUITAR-FX\Mono_Continuous\Audio\MGS\G91-65506-MGS-D8T9.9-21119.wav,998
Mono_Continuous,MGS,C:\TCC\Reproduzir_artigo\data\GUITAR-FX\Mono_Continuous\Audio\MGS\G91-65601-MGS-D5.3T7.7-21127.wav,998
Mono_Continuous,MGS,C:\TCC\Reproduzir_artigo\data\GUITAR-FX\Mono_Continuous\Audio\MGS\G91-66507-MGS-D9.7T5.8-21120.wav,998
Mono_Continuous,MGS,C:\TCC\Reproduzir_artigo\data\GUITAR-FX\Mono_Continuous\Audio\MGS\G91-67508-MGS-D7.5T6.1-21121.wav,998
Mono_Continuous,MGS,C:\TCC\Reproduzir_artigo\data\GUITAR-FX\Mono_Continuous\Audio\MGS\G91-68509-MGS-D3T2.2-21122.wav,998
Mono_Continuous,MGS,C:\TCC\Reproduzir_artigo\data\GUITAR-FX\Mono_Continuous\Audio\MGS\G91-69510-MGS-D6.4T2.8-21123.wav,998
Mono_Continuous,MGS,C:\TCC\Reproduzir_artigo\data\GUITAR-FX\Mono_Continuous\Audio\MGS\G91-71607-MGS-D9.1T1.7-21133.wav,998
Mono_Continuous,MGS,C:\TCC\Reproduzir_artigo\data\GUITAR-FX\Mono_Continuous\Audio\MGS\G91-72608-MGS-D7.2T2.5-21134.wav,998
Mono_Continuous,MGS,C:\TCC\Reproduzir_artigo\data\GUITAR-FX\Mono_Continuous\Audio\MGS\G93-43103-MGS-D2.4T5.7-21142.wav,998
Mono_Continuous,MGS,C:\TCC\Reproduzir_artigo\data\GUITAR-FX\Mono_Continuous\Audio\MGS\G93-46201-MGS-D8.1T6.9-21153.wav,998
Mono_Continuous,MGS,C:\TCC\Reproduzir_artigo\data\GUITAR-FX\Mono_Continuous\Audio\MGS\G93-48108-MGS-D4.4T1.1-21147.wav,998
Mono_Continuous,MGS,C:\TCC\Reproduzir_artigo\data\GUITAR-FX\Mono_Continuous\Audio\MGS\G93-48108-MGS-D5T1.7-21147.wav,998
Mono_Continuous,MGS,C:\TCC\Reproduzir_artigo\data\GUITAR-FX\Mono_Continuous\Audio\MGS\G93-50300-MGS-D4.9T9.8-21165.wav,998
Mono_Continuous,MGS,C:\TCC\Reproduzir_artigo\data\GUITAR-FX\Mono_Continuous\Audio\MGS\G93-51111-MGS-D4.8T1.7-21150.wav,998
Mono_Continuous,MGS,C:\TCC\Reproduzir_artigo\data\GUITAR-FX\Mono_Continuous\Audio\MGS\G93-52207-MGS-D3.4T1.5-21159.wav,998
Mono_Continuous,MGS,C:\TCC\Reproduzir_artigo\data\GUITAR-FX\Mono_Continuous\Audio\MGS\G93-52207-MGS-D9.1T8-21159.wav,998
Mono_Continuous,MGS,C:\TCC\Reproduzir_artigo\data\GUITAR-FX\Mono_Continuous\Audio\MGS\G93-53208-MGS-D4.1T4.3-21160.wav,998
Mono_Continuous,MGS,C:\TCC\Reproduzir_artigo\data\GUITAR-FX\Mono_Continuous\Audio\MGS\G93-53303-MGS-D4.6T7.8-21168.wav,998
Mono_Continuous,MGS,C:\TCC\Reproduzir_artigo\data\GUITAR-FX\Mono_Continuous\Audio\MGS\G93-55210-MGS-D8.7T6.6-21162.wav,998
Mono_Continuous,MGS,C:\TCC\Reproduzir_artigo\data\GUITAR-FX\Mono_Continuous\Audio\MGS\G93-55400-MGS-D4.6T0.1-21178.wav,998
Mono_Continuous,MGS,C:\TCC\Reproduzir_artigo\data\GUITAR-FX\Mono_Continuous\Audio\MGS\G93-55400-MGS-D7.7T6.7-21178.wav,998
Mono_Continuous,MGS,C:\TCC\Reproduzir_artigo\data\GUITAR-FX\Mono_Continuous\Audio\MGS\G93-56306-MGS-D3.4T5.9-21171.wav,998
Mono_Continuous,MGS,C:\TCC\Reproduzir_artigo\data\GUITAR-FX\Mono_Continuous\Audio\MGS\G93-56401-MGS-D9.8T9.1-21179.wav,998
Mono_Continuous,MGS,C:\TCC\Reproduzir_artigo\data\GUITAR-FX\Mono_Continuous\Audio\MGS\G93-57212-MGS-D2.4T8.8-21164.wav,998
Mono_Continuous,MGS,C:\TCC\Reproduzir_artigo\data\GUITAR-FX\Mono_Continuous\Audio\MGS\G93-58308-MGS-D3.7T10-21173.wav,998
Mono_Continuous,MGS,C:\TCC\Reproduzir_artigo\data\GUITAR-FX\Mono_Continuous\Audio\MGS\G93-58308-MGS-D5.2T7-21173.wav,998
Mono_Continuous,MGS,C:\TCC\Reproduzir_artigo\data\GUITAR-FX\Mono_Continuous\Audio\MGS\G93-59309-MGS-D5.8T7.1-21174.wav,998
Mono_Continuous,MGS,C:\TCC\Reproduzir_artigo\data\GUITAR-FX\Mono_Continuous\Audio\MGS\G93-59404-MGS-D5.9T1.1-21182.wav,998
Mono_Continuous,MGS,C:\TCC\Reproduzir_artigo\data\GUITAR-FX\Mono_Continuous\Audio\MGS\G93-59500-MGS-D8.2T3.4-21191.wav,998
Mono_Continuous,MGS,C:\TCC\Reproduzir_artigo\data\GUITAR-FX\Mono_Continuous\Audio\MGS\G93-60405-MGS-D6.6T7.6-21183.wav,998
Mono_Continuous,MGS,C:\TCC\Reproduzir_artigo\data\GUITAR-FX\Mono_Continuous\Audio\MGS\G93-61311-MGS-D7.9T1.9-21176.wav,998
Mono_Continuous,MGS,C:\TCC\Reproduzir_artigo\data\GUITAR-FX\Mono_Continuous\Audio\MGS\G93-61311-MGS-D9.1T7.8-21176.wav,998
Mono_Continuous,MGS,C:\TCC\Reproduzir_artigo\data\GUITAR-FX\Mono_Continuous\Audio\MGS\G93-61502-MGS-D2.1T5.4-21193.wav,998
Mono_Continuous,MGS,C:\TCC\Reproduzir_artigo\data\GUITAR-FX\Mono_Continuous\Audio\MGS\G93-62312-MGS-D6.5T8.2-21177.wav,998
Mono_Continuous,MGS,C:\TCC\Reproduzir_artigo\data\GUITAR-FX\Mono_Continuous\Audio\MGS\G93-63408-MGS-D2.9T6.6-21186.wav,998
Mono_Continuous,MGS,C:\TCC\Reproduzir_artigo\data\GUITAR-FX\Mono_Continuous\Audio\MGS\G93-64409-MGS-D3.9T4.9-21187.wav,998
Mono_Continuous,MGS,C:\TCC\Reproduzir_artigo\data\GUITAR-FX\Mono_Continuous\Audio\MGS\G93-64600-MGS-D2.6T0.8-21204.wav,998
Mono_Continuous,MGS,C:\TCC\Reproduzir_artigo\data\GUITAR-FX\Mono_Continuous\Audio\MGS\G93-68604-MGS-D5.6T3.2-21208.wav,998
Mono_Continuous,MGS,C:\TCC\Reproduzir_artigo\data\GUITAR-FX\Mono_Continuous\Audio\MGS\G93-69605-MGS-D7.7T9.6-21209.wav,998
Mono_Continuous,MGS,C:\TCC\Reproduzir_artigo\data\GUITAR-FX\Mono_Continuous\Audio\MGS\G93-70606-MGS-D8T6.9-21210.wav,998
Mono_Continuous,MGS,C:\TCC\Reproduzir_artigo\data\GUITAR-FX\Mono_Continuous\Audio\MGS\G93-71512-MGS-D4.2T2.1-21203.wav,998
Mono_Continuous,MGS,C:\TCC\Reproduzir_artigo\data\GUITAR-FX\Mono_Continuous\Audio\MGS\G93-71512-MGS-D9.1T5.8-21203.wav,998
Mono_Continuous,MGS,C:\TCC\Reproduzir_artigo\data\GUITAR-FX\Mono_Continuous\Audio\MGS\G93-73609-MGS-D4.4T3.4-21213.wav,998
Mono_Continuous,MT2,C:\TCC\Reproduzir_artigo\data\GUITAR-FX\Mono_Continuous\Audio\MT2\G61-40100-MT2-G7.9B6.5T8.8ML7.2MF6.6-20593.wav,998
Mono_Continuous,MT2,C:\TCC\Reproduzir_artigo\data\GUITAR-FX\Mono_Continuous\Audio\MT2\G61-44104-MT2-G2.9B0.8T1.5ML4.3MF5.2-20597.wav,998
Mono_Continuous,MT2,C:\TCC\Reproduzir_artigo\data\GUITAR-FX\Mono_Continuous\Audio\MT2\G61-46201-MT2-G2.1B9.8T5.2ML1.8MF3.7-20607.wav,998
Mono_Continuous,MT2,C:\TCC\Reproduzir_artigo\data\GUITAR-FX\Mono_Continuous\Audio\MT2\G61-47107-MT2-G7.1B0.8T5ML3MF8.6-20600.wav,998
Mono_Continuous,MT2,C:\TCC\Reproduzir_artigo\data\GUITAR-FX\Mono_Continuous\Audio\MT2\G61-49109-MT2-G5.5B8.2T3.9ML2.5MF8.5-20602.wav,998
Mono_Continuous,MT2,C:\TCC\Reproduzir_artigo\data\GUITAR-FX\Mono_Continuous\Audio\MT2\G61-49204-MT2-G3.4B0.1T4.5ML7.1MF4.4-20610.wav,998
Mono_Continuous,MT2,C:\TCC\Reproduzir_artigo\data\GUITAR-FX\Mono_Continuous\Audio\MT2\G61-51206-MT2-G7.5B4.8T6.8ML2.1MF5.1-20612.wav,998
Mono_Continuous,MT2,C:\TCC\Reproduzir_artigo\data\GUITAR-FX\Mono_Continuous\Audio\MT2\G61-52207-MT2-G7.4B9.3T9ML0.1MF1.6-20613.wav,998
Mono_Continuous,MT2,C:\TCC\Reproduzir_artigo\data\GUITAR-FX\Mono_Continuous\Audio\MT2\G61-53208-MT2-G4.2B10T2.3ML5.9MF6.9-20614.wav,998
Mono_Continuous,MT2,C:\TCC\Reproduzir_artigo\data\GUITAR-FX\Mono_Continuous\Audio\MT2\G61-54304-MT2-G2B8T5ML0.3MF5-20623.wav,998
Mono_Continuous,MT2,C:\TCC\Reproduzir_artigo\data\GUITAR-FX\Mono_Continuous\Audio\MT2\G61-55210-MT2-G3.9B4.3T5.9ML8.9MF5.5-20616.wav,998
Mono_Continuous,MT2,C:\TCC\Reproduzir_artigo\data\GUITAR-FX\Mono_Continuous\Audio\MT2\G61-56306-MT2-G4.4B0.8T9.5ML8MF9.5-20625.wav,998
Mono_Continuous,MT2,C:\TCC\Reproduzir_artigo\data\GUITAR-FX\Mono_Continuous\Audio\MT2\G61-56401-MT2-G5.3B2.6T6.6ML9.9MF3.9-20633.wav,998
Mono_Continuous,MT2,C:\TCC\Reproduzir_artigo\data\GUITAR-FX\Mono_Continuous\Audio\MT2\G61-57307-MT2-G5.5B6.5T5.3ML2.6MF5.1-20626.wav,998
Mono_Continuous,MT2,C:\TCC\Reproduzir_artigo\data\GUITAR-FX\Mono_Continuous\Audio\MT2\G61-57402-MT2-G2.6B6.1T8.8ML6.1MF8.1-20634.wav,998
Mono_Continuous,MT2,C:\TCC\Reproduzir_artigo\data\GUITAR-FX\Mono_Continuous\Audio\MT2\G61-58403-MT2-G9.1B4.8T1.2ML8.7MF8.3-20635.wav,998
Mono_Continuous,MT2,C:\TCC\Reproduzir_artigo\data\GUITAR-FX\Mono_Continuous\Audio\MT2\G61-59500-MT2-G3.2B8.5T7.4ML0.3MF2.2-20645.wav,998
Mono_Continuous,MT2,C:\TCC\Reproduzir_artigo\data\GUITAR-FX\Mono_Continuous\Audio\MT2\G61-59500-MT2-G8.2B0.7T3ML2.1MF7.8-20645.wav,998
Mono_Continuous,MT2,C:\TCC\Reproduzir_artigo\data\GUITAR-FX\Mono_Continuous\Audio\MT2\G61-60405-MT2-G9B5.2T3.1ML7.8MF0.1-20637.wav,998
Mono_Continuous,MT2,C:\TCC\Reproduzir_artigo\data\GUITAR-FX\Mono_Continuous\Audio\MT2\G61-61406-MT2-G6.6B7.8T1.8ML9.4MF8.8-20638.wav,998
Mono_Continuous,MT2,C:\TCC\Reproduzir_artigo\data\GUITAR-FX\Mono_Continuous\Audio\MT2\G61-61502-MT2-G2.2B3.9T6ML5MF4.7-20647.wav,998
Mono_Continuous,MT2,C:\TCC\Reproduzir_artigo\data\GUITAR-FX\Mono_Continuous\Audio\MT2\G61-61502-MT2-G6.7B0.4T1.3ML8.4MF5.4-20647.wav,998
Mono_Continuous,MT2,C:\TCC\Reproduzir_artigo\data\GUITAR-FX\Mono_Continuous\Audio\MT2\G61-62312-MT2-G2.6B5.1T3.9ML5.6MF9.6-20631.wav,998
Mono_Continuous,MT2,C:\TCC\Reproduzir_artigo\data\GUITAR-FX\Mono_Continuous\Audio\MT2\G61-62312-MT2-G4.1B1.9T1.9ML3.5MF1.2-20631.wav,998
Mono_Continuous,MT2,C:\TCC\Reproduzir_artigo\data\GUITAR-FX\Mono_Continuous\Audio\MT2\G61-62407-MT2-G7.4B0.6T5.7ML9MF3.3-20639.wav,998
Mono_Continuous,MT2,C:\TCC\Reproduzir_artigo\data\GUITAR-FX\Mono_Continuous\Audio\MT2\G61-62503-MT2-G6.4B4.4T3.6ML2.1MF4.1-20648.wav,998
Mono_Continuous,MT2,C:\TCC\Reproduzir_artigo\data\GUITAR-FX\Mono_Continuous\Audio\MT2\G61-65506-MT2-G9.5B1.4T5.5ML8.7MF0.3-20651.wav,998
Mono_Continuous,MT2,C:\TCC\Reproduzir_artigo\data\GUITAR-FX\Mono_Continuous\Audio\MT2\G61-65601-MT2-G5.2B9.2T1.5ML9.3MF4-20659.wav,998
Mono_Continuous,MT2,C:\TCC\Reproduzir_artigo\data\GUITAR-FX\Mono_Continuous\Audio\MT2\G61-66411-MT2-G3.3B8.7T3.5ML8.4MF5.3-20643.wav,998
Mono_Continuous,MT2,C:\TCC\Reproduzir_artigo\data\GUITAR-FX\Mono_Continuous\Audio\MT2\G61-66411-MT2-G5B0.3T5ML0.7MF5.1-20643.wav,998
Mono_Continuous,MT2,C:\TCC\Reproduzir_artigo\data\GUITAR-FX\Mono_Continuous\Audio\MT2\G61-68509-MT2-G8.7B7.4T1.3ML6.9MF7.1-20654.wav,998
Mono_Continuous,MT2,C:\TCC\Reproduzir_artigo\data\GUITAR-FX\Mono_Continuous\Audio\MT2\G61-69510-MT2-G6.6B5.5T1.1ML10MF0.5-20655.wav,998
Mono_Continuous,MT2,C:\TCC\Reproduzir_artigo\data\GUITAR-FX\Mono_Continuous\Audio\MT2\G61-72608-MT2-G3B4.8T0.7ML6.4MF8.1-20666.wav,998
Mono_Continuous,MT2,C:\TCC\Reproduzir_artigo\data\GUITAR-FX\Mono_Continuous\Audio\MT2\G63-41101-MT2-G5.9B1.3T7ML9.8MF0.7-20672.wav,998
Mono_Continuous,MT2,C:\TCC\Reproduzir_artigo\data\GUITAR-FX\Mono_Continuous\Audio\MT2\G63-42102-MT2-G5.8B3T3.6ML2.1MF3.4-20673.wav,998
Mono_Continuous,MT2,C:\TCC\Reproduzir_artigo\data\GUITAR-FX\Mono_Continuous\Audio\MT2\G63-43103-MT2-G9.2B4.6T3.1ML4.7MF1.3-20674.wav,998
Mono_Continuous,MT2,C:\TCC\Reproduzir_artigo\data\GUITAR-FX\Mono_Continuous\Audio\MT2\G63-45105-MT2-G2.1B6.2T1.2ML4.7MF8.6-20676.wav,998
Mono_Continuous,MT2,C:\TCC\Reproduzir_artigo\data\GUITAR-FX\Mono_Continuous\Audio\MT2\G63-45105-MT2-G5.4B9.5T2.3ML6.2MF2.4-20676.wav,998
Mono_Continuous,MT2,C:\TCC\Reproduzir_artigo\data\GUITAR-FX\Mono_Continuous\Audio\MT2\G63-45200-MT2-G4.4B6.9T2.6ML1.4MF3.3-20684.wav,998
Mono_Continuous,MT2,C:\TCC\Reproduzir_artigo\data\GUITAR-FX\Mono_Continuous\Audio\MT2\G63-45200-MT2-G5.9B9T4.4ML4.9MF7-20684.wav,998
Mono_Continuous,MT2,C:\TCC\Reproduzir_artigo\data\GUITAR-FX\Mono_Continuous\Audio\MT2\G63-47202-MT2-G5.1B9.5T1.8ML4MF9.5-20686.wav,998
Mono_Continuous,MT2,C:\TCC\Reproduzir_artigo\data\GUITAR-FX\Mono_Continuous\Audio\MT2\G63-51111-MT2-G9.1B0.5T0.9ML6.9MF9.5-20682.wav,998
Mono_Continuous,MT2,C:\TCC\Reproduzir_artigo\data\GUITAR-FX\Mono_Continuous\Audio\MT2\G63-51206-MT2-G4.4B1.4T8.4ML9.4MF3-20690.wav,998
Mono_Continuous,MT2,C:\TCC\Reproduzir_artigo\data\GUITAR-FX\Mono_Continuous\Audio\MT2\G63-52112-MT2-G8B6.3T5.4ML2.4MF6.8-20683.wav,998
Mono_Continuous,MT2,C:\TCC\Reproduzir_artigo\data\GUITAR-FX\Mono_Continuous\Audio\MT2\G63-52207-MT2-G4.7B3.9T8.1ML5MF3.3-20691.wav,998
Mono_Continuous,MT2,C:\TCC\Reproduzir_artigo\data\GUITAR-FX\Mono_Continuous\Audio\MT2\G63-52207-MT2-G9.2B8.2T0.1ML4.6MF0.9-20691.wav,998
Mono_Continuous,MT2,C:\TCC\Reproduzir_artigo\data\GUITAR-FX\Mono_Continuous\Audio\MT2\G63-52302-MT2-G8.9B5.3T7.6ML2MF4.9-20699.wav,998
Mono_Continuous,MT2,C:\TCC\Reproduzir_artigo\data\GUITAR-FX\Mono_Continuous\Audio\MT2\G63-53208-MT2-G3.3B6.3T7.7ML6.9MF7.2-20692.wav,998
Mono_Continuous,MT2,C:\TCC\Reproduzir_artigo\data\GUITAR-FX\Mono_Continuous\Audio\MT2\G63-53208-MT2-G4.8B7.4T4.2ML7.5MF2.5-20692.wav,998
Mono_Continuous,MT2,C:\TCC\Reproduzir_artigo\data\GUITAR-FX\Mono_Continuous\Audio\MT2\G63-56211-MT2-G6.2B8T8.6ML1.4MF0.6-20695.wav,998
Mono_Continuous,MT2,C:\TCC\Reproduzir_artigo\data\GUITAR-FX\Mono_Continuous\Audio\MT2\G63-56306-MT2-G6.2B3.6T4.3ML1.4MF4.4-20703.wav,998
Mono_Continuous,MT2,C:\TCC\Reproduzir_artigo\data\GUITAR-FX\Mono_Continuous\Audio\MT2\G63-57212-MT2-G7.8B3.3T9.1ML4.9MF1.6-20696.wav,998
Mono_Continuous,MT2,C:\TCC\Reproduzir_artigo\data\GUITAR-FX\Mono_Continuous\Audio\MT2\G63-58308-MT2-G9B6.7T9.5ML7.4MF9.4-20705.wav,998
Mono_Continuous,MT2,C:\TCC\Reproduzir_artigo\data\GUITAR-FX\Mono_Continuous\Audio\MT2\G63-60405-MT2-G9.5B4.6T8.9ML1.1MF3.6-20715.wav,998
Mono_Continuous,MT2,C:\TCC\Reproduzir_artigo\data\GUITAR-FX\Mono_Continuous\Audio\MT2\G63-61311-MT2-G6B0.1T4.7ML4.5MF5.6-20708.wav,998
Mono_Continuous,MT2,C:\TCC\Reproduzir_artigo\data\GUITAR-FX\Mono_Continuous\Audio\MT2\G63-61406-MT2-G8.5B2.7T5.8ML2.1MF1.8-20716.wav,998
Mono_Continuous,MT2,C:\TCC\Reproduzir_artigo\data\GUITAR-FX\Mono_Continuous\Audio\MT2\G63-61502-MT2-G7.7B3.3T3.3ML5.8MF5.1-20725.wav,998
Mono_Continuous,MT2,C:\TCC\Reproduzir_artigo\data\GUITAR-FX\Mono_Continuous\Audio\MT2\G63-64505-MT2-G2.8B3.7T9.6ML1.5MF9.5-20728.wav,998
Mono_Continuous,MT2,C:\TCC\Reproduzir_artigo\data\GUITAR-FX\Mono_Continuous\Audio\MT2\G63-64505-MT2-G9B1.9T8ML2.1MF7.1-20728.wav,998
Mono_Continuous,MT2,C:\TCC\Reproduzir_artigo\data\GUITAR-FX\Mono_Continuous\Audio\MT2\G63-65601-MT2-G8.1B1.4T9.3ML9.2MF1.9-20737.wav,998
Mono_Continuous,MT2,C:\TCC\Reproduzir_artigo\data\GUITAR-FX\Mono_Continuous\Audio\MT2\G63-66602-MT2-G7.2B6.4T0.9ML6.3MF1.3-20738.wav,998
Mono_Continuous,MT2,C:\TCC\Reproduzir_artigo\data\GUITAR-FX\Mono_Continuous\Audio\MT2\G63-67603-MT2-G6.3B4.8T7ML7.2MF1.2-20739.wav,998
Mono_Continuous,MT2,C:\TCC\Reproduzir_artigo\data\GUITAR-FX\Mono_Continuous\Audio\MT2\G63-69510-MT2-G2B4.3T7.3ML6.6MF8.2-20733.wav,998
Mono_Continuous,MT2,C:\TCC\Reproduzir_artigo\data\GUITAR-FX\Mono_Continuous\Audio\MT2\G63-70606-MT2-G3.8B8.5T6.6ML7MF2.8-20742.wav,998
Mono_Continuous,MT2,C:\TCC\Reproduzir_artigo\data\GUITAR-FX\Mono_Continuous\Audio\MT2\G63-71512-MT2-G7.1B0.3T0.4ML0.7MF4.9-20735.wav,998
Mono_Continuous,MT2,C:\TCC\Reproduzir_artigo\data\GUITAR-FX\Mono_Continuous\Audio\MT2\G71-41101-MT2-G6B9.6T7.8ML0.3MF2.7-20750.wav,998
Mono_Continuous,MT2,C:\TCC\Reproduzir_artigo\data\GUITAR-FX\Mono_Continuous\Audio\MT2\G71-43103-MT2-G8.6B7.6T8.7ML8.5MF3.4-20752.wav,998
Mono_Continuous,MT2,C:\TCC\Reproduzir_artigo\data\GUITAR-FX\Mono_Continuous\Audio\MT2\G71-44104-MT2-G7.5B7.3T4.6ML1.3MF8.2-20753.wav,998
Mono_Continuous,MT2,C:\TCC\Reproduzir_artigo\data\GUITAR-FX\Mono_Continuous\Audio\MT2\G71-45200-MT2-G2.1B0.9T3.9ML9.7MF2.8-20762.wav,998
Mono_Continuous,MT2,C:\TCC\Reproduzir_artigo\data\GUITAR-FX\Mono_Continuous\Audio\MT2\G71-48108-MT2-G6.5B5.6T4.1ML6.5MF7.1-20757.wav,998
Mono_Continuous,MT2,C:\TCC\Reproduzir_artigo\data\GUITAR-FX\Mono_Continuous\Audio\MT2\G71-48203-MT2-G5.9B5.5T9.1ML1.6MF9.3-20765.wav,998
Mono_Continuous,MT2,C:\TCC\Reproduzir_artigo\data\GUITAR-FX\Mono_Continuous\Audio\MT2\G71-49109-MT2-G4.7B1.6T8.6ML9.7MF9.1-20758.wav,998
Mono_Continuous,MT2,C:\TCC\Reproduzir_artigo\data\GUITAR-FX\Mono_Continuous\Audio\MT2\G71-49109-MT2-G6.8B8.6T9.2ML6.6MF6.8-20758.wav,998
Mono_Continuous,MT2,C:\TCC\Reproduzir_artigo\data\GUITAR-FX\Mono_Continuous\Audio\MT2\G71-49204-MT2-G3.1B8T3.5ML3.5MF4.6-20766.wav,998
Mono_Continuous,MT2,C:\TCC\Reproduzir_artigo\data\GUITAR-FX\Mono_Continuous\Audio\MT2\G71-50110-MT2-G2.5B8.5T4.8ML2.9MF9-20759.wav,998
Mono_Continuous,MT2,C:\TCC\Reproduzir_artigo\data\GUITAR-FX\Mono_Continuous\Audio\MT2\G71-50110-MT2-G3.9B5T9.8ML8.8MF5.4-20759.wav,998
Mono_Continuous,MT2,C:\TCC\Reproduzir_artigo\data\GUITAR-FX\Mono_Continuous\Audio\MT2\G71-50110-MT2-G4B5.1T2.5ML8.1MF7.8-20759.wav,998
Mono_Continuous,MT2,C:\TCC\Reproduzir_artigo\data\GUITAR-FX\Mono_Continuous\Audio\MT2\G71-50300-MT2-G6.2B3.2T8.6ML3.2MF4.5-20775.wav,998
Mono_Continuous,MT2,C:\TCC\Reproduzir_artigo\data\GUITAR-FX\Mono_Continuous\Audio\MT2\G71-51111-MT2-G6.6B0.1T4.6ML3.1MF6.9-20760.wav,998
Mono_Continuous,MT2,C:\TCC\Reproduzir_artigo\data\GUITAR-FX\Mono_Continuous\Audio\MT2\G71-54304-MT2-G9.8B8.4T6ML3.8MF7.5-20779.wav,998
Mono_Continuous,MT2,C:\TCC\Reproduzir_artigo\data\GUITAR-FX\Mono_Continuous\Audio\MT2\G71-56211-MT2-G7.4B2.1T9.2ML9.2MF6.4-20773.wav,998
Mono_Continuous,MT2,C:\TCC\Reproduzir_artigo\data\GUITAR-FX\Mono_Continuous\Audio\MT2\G71-56306-MT2-G6.1B5.7T9.7ML3MF0.6-20781.wav,998
Mono_Continuous,MT2,C:\TCC\Reproduzir_artigo\data\GUITAR-FX\Mono_Continuous\Audio\MT2\G71-58403-MT2-G3.2B6.6T3.5ML8.6MF4.9-20791.wav,998
Mono_Continuous,MT2,C:\TCC\Reproduzir_artigo\data\GUITAR-FX\Mono_Continuous\Audio\MT2\G71-59309-MT2-G4.7B1.5T7ML1.5MF0.2-20784.wav,998
Mono_Continuous,MT2,C:\TCC\Reproduzir_artigo\data\GUITAR-FX\Mono_Continuous\Audio\MT2\G71-59309-MT2-G4.9B6.7T3.2ML0.6MF1.3-20784.wav,998
Mono_Continuous,MT2,C:\TCC\Reproduzir_artigo\data\GUITAR-FX\Mono_Continuous\Audio\MT2\G71-61406-MT2-G4.1B0.7T3.5ML1.4MF5.2-20794.wav,998
Mono_Continuous,MT2,C:\TCC\Reproduzir_artigo\data\GUITAR-FX\Mono_Continuous\Audio\MT2\G71-64409-MT2-G5.4B8.1T5.3ML0.1MF10-20797.wav,998
Mono_Continuous,MT2,C:\TCC\Reproduzir_artigo\data\GUITAR-FX\Mono_Continuous\Audio\MT2\G71-64409-MT2-G5.6B6.4T5.6ML0.8MF3.7-20797.wav,998
Mono_Continuous,MT2,C:\TCC\Reproduzir_artigo\data\GUITAR-FX\Mono_Continuous\Audio\MT2\G71-64409-MT2-G7.4B1T1.1ML4.5MF6.2-20797.wav,998
Mono_Continuous,MT2,C:\TCC\Reproduzir_artigo\data\GUITAR-FX\Mono_Continuous\Audio\MT2\G71-64505-MT2-G7B3.1T0.4ML4.3MF6.3-20806.wav,998
Mono_Continuous,MT2,C:\TCC\Reproduzir_artigo\data\GUITAR-FX\Mono_Continuous\Audio\MT2\G71-65410-MT2-G6.4B5.3T5.5ML7.9MF7.8-20798.wav,998
Mono_Continuous,MT2,C:\TCC\Reproduzir_artigo\data\GUITAR-FX\Mono_Continuous\Audio\MT2\G71-65506-MT2-G4.2B5.1T6.8ML0.4MF1-20807.wav,998
Mono_Continuous,MT2,C:\TCC\Reproduzir_artigo\data\GUITAR-FX\Mono_Continuous\Audio\MT2\G71-65601-MT2-G2.4B5T2.1ML5.7MF6.6-20815.wav,998
Mono_Continuous,MT2,C:\TCC\Reproduzir_artigo\data\GUITAR-FX\Mono_Continuous\Audio\MT2\G71-66507-MT2-G3.2B0.8T5.1ML1MF2.4-20808.wav,998
Mono_Continuous,MT2,C:\TCC\Reproduzir_artigo\data\GUITAR-FX\Mono_Continuous\Audio\MT2\G71-66507-MT2-G5B6.7T3.3ML0.8MF3.3-20808.wav,998
Mono_Continuous,MT2,C:\TCC\Reproduzir_artigo\data\GUITAR-FX\Mono_Continuous\Audio\MT2\G71-66507-MT2-G7.5B6.3T5.2ML5.8MF8.8-20808.wav,998
Mono_Continuous,MT2,C:\TCC\Reproduzir_artigo\data\GUITAR-FX\Mono_Continuous\Audio\MT2\G71-69605-MT2-G6.9B8.2T4.6ML2.7MF1.6-20819.wav,998
Mono_Continuous,MT2,C:\TCC\Reproduzir_artigo\data\GUITAR-FX\Mono_Continuous\Audio\MT2\G71-69605-MT2-G8.4B4.4T3.5ML9.4MF0.8-20819.wav,998
Mono_Continuous,MT2,C:\TCC\Reproduzir_artigo\data\GUITAR-FX\Mono_Continuous\Audio\MT2\G71-74610-MT2-G9.4B0.1T6.5ML1.2MF8.8-20824.wav,998
Mono_Continuous,MT2,C:\TCC\Reproduzir_artigo\data\GUITAR-FX\Mono_Continuous\Audio\MT2\G71-75611-MT2-G4.1B9.8T8.4ML5.2MF3.5-20825.wav,998
Mono_Continuous,MT2,C:\TCC\Reproduzir_artigo\data\GUITAR-FX\Mono_Continuous\Audio\MT2\G73-41101-MT2-G4.9B7.8T0.8ML3.1MF1.8-20828.wav,998
Mono_Continuous,MT2,C:\TCC\Reproduzir_artigo\data\GUITAR-FX\Mono_Continuous\Audio\MT2\G73-41101-MT2-G5.2B8.8T5.7ML7.6MF2.3-20828.wav,998
Mono_Continuous,MT2,C:\TCC\Reproduzir_artigo\data\GUITAR-FX\Mono_Continuous\Audio\MT2\G73-41101-MT2-G9.1B7T9.4ML3.6MF2.7-20828.wav,998
Mono_Continuous,MT2,C:\TCC\Reproduzir_artigo\data\GUITAR-FX\Mono_Continuous\Audio\MT2\G73-43103-MT2-G5.1B3.6T1.3ML5.8MF2.1-20830.wav,998
Mono_Continuous,MT2,C:\TCC\Reproduzir_artigo\data\GUITAR-FX\Mono_Continuous\Audio\MT2\G73-44104-MT2-G3.8B3.5T3.2ML3.3MF7.4-20831.wav,998
Mono_Continuous,MT2,C:\TCC\Reproduzir_artigo\data\GUITAR-FX\Mono_Continuous\Audio\MT2\G73-47202-MT2-G5.9B9.5T0.9ML8.4MF1.2-20842.wav,998
Mono_Continuous,MT2,C:\TCC\Reproduzir_artigo\data\GUITAR-FX\Mono_Continuous\Audio\MT2\G73-48108-MT2-G3.9B5.6T6.2ML2.5MF2.5-20835.wav,998
Mono_Continuous,MT2,C:\TCC\Reproduzir_artigo\data\GUITAR-FX\Mono_Continuous\Audio\MT2\G73-48108-MT2-G5.3B7.7T3.4ML8.9MF8.5-20835.wav,998
Mono_Continuous,MT2,C:\TCC\Reproduzir_artigo\data\GUITAR-FX\Mono_Continuous\Audio\MT2\G73-48108-MT2-G8.2B2.4T1ML0.7MF5.5-20835.wav,998
Mono_Continuous,MT2,C:\TCC\Reproduzir_artigo\data\GUITAR-FX\Mono_Continuous\Audio\MT2\G73-50110-MT2-G8.8B3.6T5.1ML9.4MF1-20837.wav,998
Mono_Continuous,MT2,C:\TCC\Reproduzir_artigo\data\GUITAR-FX\Mono_Continuous\Audio\MT2\G73-50300-MT2-G3.1B5.5T9.4ML5.3MF0.4-20853.wav,998
Mono_Continuous,MT2,C:\TCC\Reproduzir_artigo\data\GUITAR-FX\Mono_Continuous\Audio\MT2\G73-50300-MT2-G3.5B3.1T9.9ML9.4MF3-20853.wav,998
Mono_Continuous,MT2,C:\TCC\Reproduzir_artigo\data\GUITAR-FX\Mono_Continuous\Audio\MT2\G73-52302-MT2-G6.9B6.6T0.4ML2.3MF5.6-20855.wav,998
Mono_Continuous,MT2,C:\TCC\Reproduzir_artigo\data\GUITAR-FX\Mono_Continuous\Audio\MT2\G73-53303-MT2-G7.7B9.2T5.9ML1.2MF9.8-20856.wav,998
Mono_Continuous,MT2,C:\TCC\Reproduzir_artigo\data\GUITAR-FX\Mono_Continuous\Audio\MT2\G73-55210-MT2-G4.7B6.5T5ML0.4MF8.6-20850.wav,998
Mono_Continuous,MT2,C:\TCC\Reproduzir_artigo\data\GUITAR-FX\Mono_Continuous\Audio\MT2\G73-55305-MT2-G5.9B6.5T4.3ML1.4MF8.8-20858.wav,998
Mono_Continuous,MT2,C:\TCC\Reproduzir_artigo\data\GUITAR-FX\Mono_Continuous\Audio\MT2\G73-55400-MT2-G7.5B4.5T5ML2.5MF6.6-20866.wav,998
Mono_Continuous,MT2,C:\TCC\Reproduzir_artigo\data\GUITAR-FX\Mono_Continuous\Audio\MT2\G73-57212-MT2-G4.7B3.7T9.4ML7MF6.2-20852.wav,998
Mono_Continuous,MT2,C:\TCC\Reproduzir_artigo\data\GUITAR-FX\Mono_Continuous\Audio\MT2\G73-58308-MT2-G3.5B2T0.6ML5MF3.7-20861.wav,998
Mono_Continuous,MT2,C:\TCC\Reproduzir_artigo\data\GUITAR-FX\Mono_Continuous\Audio\MT2\G73-58403-MT2-G6.7B4.9T0.5ML7.4MF9.8-20869.wav,998
Mono_Continuous,MT2,C:\TCC\Reproduzir_artigo\data\GUITAR-FX\Mono_Continuous\Audio\MT2\G73-59309-MT2-G5.8B8T4.5ML5.6MF10-20862.wav,998
Mono_Continuous,MT2,C:\TCC\Reproduzir_artigo\data\GUITAR-FX\Mono_Continuous\Audio\MT2\G73-59309-MT2-G7B0.3T3.9ML2.5MF4-20862.wav,998
Mono_Continuous,MT2,C:\TCC\Reproduzir_artigo\data\GUITAR-FX\Mono_Continuous\Audio\MT2\G73-60501-MT2-G5.1B5.1T6.4ML0.2MF0.3-20880.wav,998
Mono_Continuous,MT2,C:\TCC\Reproduzir_artigo\data\GUITAR-FX\Mono_Continuous\Audio\MT2\G73-61502-MT2-G2.4B3T1.9ML6MF1.8-20881.wav,998
Mono_Continuous,MT2,C:\TCC\Reproduzir_artigo\data\GUITAR-FX\Mono_Continuous\Audio\MT2\G73-61502-MT2-G6.9B5.7T5.7ML0.4MF0.7-20881.wav,998
Mono_Continuous,MT2,C:\TCC\Reproduzir_artigo\data\GUITAR-FX\Mono_Continuous\Audio\MT2\G73-62503-MT2-G7.6B1.2T1.8ML5MF5.9-20882.wav,998
Mono_Continuous,MT2,C:\TCC\Reproduzir_artigo\data\GUITAR-FX\Mono_Continuous\Audio\MT2\G73-64409-MT2-G3.3B5.4T4.6ML7.1MF0.9-20875.wav,998
Mono_Continuous,MT2,C:\TCC\Reproduzir_artigo\data\GUITAR-FX\Mono_Continuous\Audio\MT2\G73-64505-MT2-G3B6.9T5.2ML4MF8-20884.wav,998
Mono_Continuous,MT2,C:\TCC\Reproduzir_artigo\data\GUITAR-FX\Mono_Continuous\Audio\MT2\G73-65410-MT2-G5.2B3.6T7.5ML4MF4.4-20876.wav,998
Mono_Continuous,MT2,C:\TCC\Reproduzir_artigo\data\GUITAR-FX\Mono_Continuous\Audio\MT2\G73-65601-MT2-G2.8B0.4T7.9ML0.8MF6.9-20893.wav,998
Mono_Continuous,MT2,C:\TCC\Reproduzir_artigo\data\GUITAR-FX\Mono_Continuous\Audio\MT2\G73-67412-MT2-G4.3B3.2T4.6ML4.4MF5.2-20878.wav,998
Mono_Continuous,MT2,C:\TCC\Reproduzir_artigo\data\GUITAR-FX\Mono_Continuous\Audio\MT2\G73-67412-MT2-G4.4B7.4T8.5ML5.2MF9.2-20878.wav,998
Mono_Continuous,MT2,C:\TCC\Reproduzir_artigo\data\GUITAR-FX\Mono_Continuous\Audio\MT2\G73-67603-MT2-G2.2B6.8T6.3ML1.7MF7.7-20895.wav,998
Mono_Continuous,MT2,C:\TCC\Reproduzir_artigo\data\GUITAR-FX\Mono_Continuous\Audio\MT2\G73-67603-MT2-G4.1B9.9T8.9ML7.9MF5-20895.wav,998
Mono_Continuous,MT2,C:\TCC\Reproduzir_artigo\data\GUITAR-FX\Mono_Continuous\Audio\MT2\G73-68604-MT2-G8.8B8T6.7ML1.3MF1.6-20896.wav,998
Mono_Continuous,MT2,C:\TCC\Reproduzir_artigo\data\GUITAR-FX\Mono_Continuous\Audio\MT2\G73-70606-MT2-G6.9B4.1T8.4ML5.8MF7.4-20898.wav,998
Mono_Continuous,MT2,C:\TCC\Reproduzir_artigo\data\GUITAR-FX\Mono_Continuous\Audio\MT2\G73-71512-MT2-G8.5B7.2T2.9ML4.3MF7.6-20891.wav,998
Mono_Continuous,MT2,C:\TCC\Reproduzir_artigo\data\GUITAR-FX\Mono_Continuous\Audio\MT2\G73-74610-MT2-G7.7B9.6T0.3ML3.4MF4.6-20902.wav,998
Mono_Continuous,MT2,C:\TCC\Reproduzir_artigo\data\GUITAR-FX\Mono_Continuous\Audio\MT2\G73-76612-MT2-G3.7B3T7.7ML8.4MF6.9-20904.wav,998
Mono_Continuous,MT2,C:\TCC\Reproduzir_artigo\data\GUITAR-FX\Mono_Continuous\Audio\MT2\G73-76612-MT2-G4.7B9.1T2ML3.3MF6.5-20904.wav,998
Mono_Continuous,MT2,C:\TCC\Reproduzir_artigo\data\GUITAR-FX\Mono_Continuous\Audio\MT2\G81-43103-MT2-G8.5B7.3T6.2ML9.9MF7.3-20908.wav,998
Mono_Continuous,MT2,C:\TCC\Reproduzir_artigo\data\GUITAR-FX\Mono_Continuous\Audio\MT2\G81-47202-MT2-G4.6B3.8T8.4ML8.9MF4.2-20920.wav,998
Mono_Continuous,MT2,C:\TCC\Reproduzir_artigo\data\GUITAR-FX\Mono_Continuous\Audio\MT2\G81-48108-MT2-G9.6B5.9T4.4ML0MF8.4-20913.wav,998
Mono_Continuous,MT2,C:\TCC\Reproduzir_artigo\data\GUITAR-FX\Mono_Continuous\Audio\MT2\G81-49109-MT2-G4.4B5.3T1.2ML0.7MF7.4-20914.wav,998
Mono_Continuous,MT2,C:\TCC\Reproduzir_artigo\data\GUITAR-FX\Mono_Continuous\Audio\MT2\G81-51301-MT2-G9.7B1.7T9.4ML6.5MF7.7-20932.wav,998
Mono_Continuous,MT2,C:\TCC\Reproduzir_artigo\data\GUITAR-FX\Mono_Continuous\Audio\MT2\G81-52302-MT2-G2.2B5T2.9ML0.8MF4.9-20933.wav,998
Mono_Continuous,MT2,C:\TCC\Reproduzir_artigo\data\GUITAR-FX\Mono_Continuous\Audio\MT2\G81-54209-MT2-G5.7B8.9T8ML2.1MF1-20927.wav,998
Mono_Continuous,MT2,C:\TCC\Reproduzir_artigo\data\GUITAR-FX\Mono_Continuous\Audio\MT2\G81-54304-MT2-G7B9.7T4.1ML9.8MF8.2-20935.wav,998
Mono_Continuous,MT2,C:\TCC\Reproduzir_artigo\data\GUITAR-FX\Mono_Continuous\Audio\MT2\G81-55305-MT2-G6.9B4T1.5ML7.6MF1.6-20936.wav,998
Mono_Continuous,MT2,C:\TCC\Reproduzir_artigo\data\GUITAR-FX\Mono_Continuous\Audio\MT2\G81-56211-MT2-G8.9B1.2T4.8ML6.5MF3.7-20929.wav,998
Mono_Continuous,MT2,C:\TCC\Reproduzir_artigo\data\GUITAR-FX\Mono_Continuous\Audio\MT2\G81-57212-MT2-G6.5B7.8T8.7ML3MF0.4-20930.wav,998
Mono_Continuous,MT2,C:\TCC\Reproduzir_artigo\data\GUITAR-FX\Mono_Continuous\Audio\MT2\G81-57402-MT2-G7.7B0.2T5.6ML10MF4.7-20946.wav,998
Mono_Continuous,MT2,C:\TCC\Reproduzir_artigo\data\GUITAR-FX\Mono_Continuous\Audio\MT2\G81-58308-MT2-G4.2B3T0.1ML8.5MF2.9-20939.wav,998
Mono_Continuous,MT2,C:\TCC\Reproduzir_artigo\data\GUITAR-FX\Mono_Continuous\Audio\MT2\G81-58403-MT2-G6.7B0.3T8.9ML9.1MF8.6-20947.wav,998
Mono_Continuous,MT2,C:\TCC\Reproduzir_artigo\data\GUITAR-FX\Mono_Continuous\Audio\MT2\G81-59404-MT2-G7.1B5.3T8ML4.4MF2.6-20948.wav,998
Mono_Continuous,MT2,C:\TCC\Reproduzir_artigo\data\GUITAR-FX\Mono_Continuous\Audio\MT2\G81-65506-MT2-G4.5B0.5T4.9ML2.1MF1.3-20963.wav,998
Mono_Continuous,MT2,C:\TCC\Reproduzir_artigo\data\GUITAR-FX\Mono_Continuous\Audio\MT2\G81-65506-MT2-G6B8.7T8.9ML9.3MF2.6-20963.wav,998
Mono_Continuous,MT2,C:\TCC\Reproduzir_artigo\data\GUITAR-FX\Mono_Continuous\Audio\MT2\G81-67603-MT2-G5.8B4.1T5.9ML7.3MF9.8-20973.wav,998
Mono_Continuous,MT2,C:\TCC\Reproduzir_artigo\data\GUITAR-FX\Mono_Continuous\Audio\MT2\G81-68604-MT2-G2.5B7.8T2.7ML1.7MF1.4-20974.wav,998
Mono_Continuous,MT2,C:\TCC\Reproduzir_artigo\data\GUITAR-FX\Mono_Continuous\Audio\MT2\G81-70511-MT2-G6.5B9.8T9.3ML5.1MF3.4-20968.wav,998
Mono_Continuous,MT2,C:\TCC\Reproduzir_artigo\data\GUITAR-FX\Mono_Continuous\Audio\MT2\G81-71512-MT2-G6.2B8.8T8.6ML6.7MF5.5-20969.wav,998
Mono_Continuous,MT2,C:\TCC\Reproduzir_artigo\data\GUITAR-FX\Mono_Continuous\Audio\MT2\G81-71607-MT2-G4.1B3T5.3ML6MF6.9-20977.wav,998
Mono_Continuous,MT2,C:\TCC\Reproduzir_artigo\data\GUITAR-FX\Mono_Continuous\Audio\MT2\G81-73609-MT2-G3.1B1.4T0.1ML1.1MF4.1-20979.wav,998
Mono_Continuous,MT2,C:\TCC\Reproduzir_artigo\data\GUITAR-FX\Mono_Continuous\Audio\MT2\G81-74610-MT2-G6.6B6.4T8.2ML8.2MF1.5-20980.wav,998
Mono_Continuous,MT2,C:\TCC\Reproduzir_artigo\data\GUITAR-FX\Mono_Continuous\Audio\MT2\G81-74610-MT2-G7B1.3T9.8ML0.3MF9.9-20980.wav,998
Mono_Continuous,MT2,C:\TCC\Reproduzir_artigo\data\GUITAR-FX\Mono_Continuous\Audio\MT2\G81-76612-MT2-G3.9B0.1T5.8ML1.7MF1.5-20982.wav,998
Mono_Continuous,MT2,C:\TCC\Reproduzir_artigo\data\GUITAR-FX\Mono_Continuous\Audio\MT2\G83-41101-MT2-G3.4B6.8T4.1ML6MF2.9-20984.wav,998
Mono_Continuous,MT2,C:\TCC\Reproduzir_artigo\data\GUITAR-FX\Mono_Continuous\Audio\MT2\G83-44104-MT2-G7.8B5.4T2ML3.2MF6-20987.wav,998
Mono_Continuous,MT2,C:\TCC\Reproduzir_artigo\data\GUITAR-FX\Mono_Continuous\Audio\MT2\G83-46106-MT2-G4.7B9.3T9.9ML8.4MF3.9-20989.wav,998
Mono_Continuous,MT2,C:\TCC\Reproduzir_artigo\data\GUITAR-FX\Mono_Continuous\Audio\MT2\G83-47107-MT2-G2.3B1.3T6.7ML8.5MF1.8-20990.wav,998
Mono_Continuous,MT2,C:\TCC\Reproduzir_artigo\data\GUITAR-FX\Mono_Continuous\Audio\MT2\G83-47202-MT2-G9.6B2.9T3.9ML4MF4.7-20998.wav,998
Mono_Continuous,MT2,C:\TCC\Reproduzir_artigo\data\GUITAR-FX\Mono_Continuous\Audio\MT2\G83-49109-MT2-G5.8B6.3T4.3ML6.9MF1.4-20992.wav,998
Mono_Continuous,MT2,C:\TCC\Reproduzir_artigo\data\GUITAR-FX\Mono_Continuous\Audio\MT2\G83-49204-MT2-G8.5B9.5T5.8ML9.5MF2.7-21000.wav,998
Mono_Continuous,MT2,C:\TCC\Reproduzir_artigo\data\GUITAR-FX\Mono_Continuous\Audio\MT2\G83-51111-MT2-G2.9B4.6T9.7ML5.8MF6.4-20994.wav,998
Mono_Continuous,MT2,C:\TCC\Reproduzir_artigo\data\GUITAR-FX\Mono_Continuous\Audio\MT2\G83-56401-MT2-G8.8B2.7T6ML3.5MF2.2-21023.wav,998
Mono_Continuous,MT2,C:\TCC\Reproduzir_artigo\data\GUITAR-FX\Mono_Continuous\Audio\MT2\G83-60310-MT2-G8.5B9.2T7.3ML3.6MF7.3-21019.wav,998
Mono_Continuous,MT2,C:\TCC\Reproduzir_artigo\data\GUITAR-FX\Mono_Continuous\Audio\MT2\G83-61406-MT2-G6.1B0.4T4.8ML1.3MF6.2-21028.wav,998
Mono_Continuous,MT2,C:\TCC\Reproduzir_artigo\data\GUITAR-FX\Mono_Continuous\Audio\MT2\G83-61502-MT2-G6.7B1.6T4.8ML2.7MF5.3-21037.wav,998
Mono_Continuous,MT2,C:\TCC\Reproduzir_artigo\data\GUITAR-FX\Mono_Continuous\Audio\MT2\G83-63408-MT2-G6.2B3.1T6.9ML1.7MF2-21030.wav,998
Mono_Continuous,MT2,C:\TCC\Reproduzir_artigo\data\GUITAR-FX\Mono_Continuous\Audio\MT2\G83-64600-MT2-G8.6B1.3T3.6ML9.7MF8.9-21048.wav,998
Mono_Continuous,MT2,C:\TCC\Reproduzir_artigo\data\GUITAR-FX\Mono_Continuous\Audio\MT2\G83-65410-MT2-G2B2.5T8.1ML4.3MF6.9-21032.wav,998
Mono_Continuous,MT2,C:\TCC\Reproduzir_artigo\data\GUITAR-FX\Mono_Continuous\Audio\MT2\G83-66411-MT2-G5.6B6.1T3.7ML5.4MF7.1-21033.wav,998
Mono_Continuous,MT2,C:\TCC\Reproduzir_artigo\data\GUITAR-FX\Mono_Continuous\Audio\MT2\G83-66602-MT2-G5.9B2.6T9.8ML8MF8.4-21050.wav,998
Mono_Continuous,MT2,C:\TCC\Reproduzir_artigo\data\GUITAR-FX\Mono_Continuous\Audio\MT2\G83-67508-MT2-G4.6B4.4T8ML4MF8.5-21043.wav,998
Mono_Continuous,MT2,C:\TCC\Reproduzir_artigo\data\GUITAR-FX\Mono_Continuous\Audio\MT2\G83-68604-MT2-G7.4B1.1T8.3ML2.7MF0-21052.wav,998
Mono_Continuous,MT2,C:\TCC\Reproduzir_artigo\data\GUITAR-FX\Mono_Continuous\Audio\MT2\G83-68604-MT2-G9.7B5.1T9.5ML1.4MF4.5-21052.wav,998
Mono_Continuous,MT2,C:\TCC\Reproduzir_artigo\data\GUITAR-FX\Mono_Continuous\Audio\MT2\G83-70511-MT2-G4B8.1T9.5ML8.4MF7.7-21046.wav,998
Mono_Continuous,MT2,C:\TCC\Reproduzir_artigo\data\GUITAR-FX\Mono_Continuous\Audio\MT2\G83-71607-MT2-G4.8B3.2T8.1ML3.8MF6-21055.wav,998
Mono_Continuous,MT2,C:\TCC\Reproduzir_artigo\data\GUITAR-FX\Mono_Continuous\Audio\MT2\G91-40100-MT2-G9.7B3.1T1.2ML9.6MF8.8-21061.wav,998
Mono_Continuous,MT2,C:\TCC\Reproduzir_artigo\data\GUITAR-FX\Mono_Continuous\Audio\MT2\G91-46106-MT2-G4.6B2.4T3.2ML6MF8.6-21067.wav,998
Mono_Continuous,MT2,C:\TCC\Reproduzir_artigo\data\GUITAR-FX\Mono_Continuous\Audio\MT2\G91-47202-MT2-G2.2B8.5T9.7ML3MF4.1-21076.wav,998
Mono_Continuous,MT2,C:\TCC\Reproduzir_artigo\data\GUITAR-FX\Mono_Continuous\Audio\MT2\G91-50110-MT2-G3.8B2.2T8ML4.1MF5-21071.wav,998
Mono_Continuous,MT2,C:\TCC\Reproduzir_artigo\data\GUITAR-FX\Mono_Continuous\Audio\MT2\G91-51111-MT2-G3.7B4.7T1.6ML1.8MF8.6-21072.wav,998
Mono_Continuous,MT2,C:\TCC\Reproduzir_artigo\data\GUITAR-FX\Mono_Continuous\Audio\MT2\G91-52112-MT2-G4.7B1.5T6.9ML6.3MF7.6-21073.wav,998
Mono_Continuous,MT2,C:\TCC\Reproduzir_artigo\data\GUITAR-FX\Mono_Continuous\Audio\MT2\G91-52302-MT2-G6.1B3.2T1.4ML4.1MF5.3-21089.wav,998
Mono_Continuous,MT2,C:\TCC\Reproduzir_artigo\data\GUITAR-FX\Mono_Continuous\Audio\MT2\G91-55305-MT2-G3.7B10T5.9ML7.4MF7.2-21092.wav,998
Mono_Continuous,MT2,C:\TCC\Reproduzir_artigo\data\GUITAR-FX\Mono_Continuous\Audio\MT2\G91-56306-MT2-G8.8B3.3T2.3ML8.4MF9.2-21093.wav,998
Mono_Continuous,MT2,C:\TCC\Reproduzir_artigo\data\GUITAR-FX\Mono_Continuous\Audio\MT2\G91-57402-MT2-G8.9B9.5T9.3ML8.9MF9.2-21102.wav,998
Mono_Continuous,MT2,C:\TCC\Reproduzir_artigo\data\GUITAR-FX\Mono_Continuous\Audio\MT2\G91-58308-MT2-G9.7B7.8T5.6ML0.6MF6.2-21095.wav,998
Mono_Continuous,MT2,C:\TCC\Reproduzir_artigo\data\GUITAR-FX\Mono_Continuous\Audio\MT2\G91-60310-MT2-G6.1B5.3T1.8ML0.8MF2-21097.wav,998
Mono_Continuous,MT2,C:\TCC\Reproduzir_artigo\data\GUITAR-FX\Mono_Continuous\Audio\MT2\G91-61311-MT2-G7.3B1.4T4.7ML10MF3.7-21098.wav,998
Mono_Continuous,MT2,C:\TCC\Reproduzir_artigo\data\GUITAR-FX\Mono_Continuous\Audio\MT2\G91-61406-MT2-G3.4B3T2ML7.3MF0.9-21106.wav,998
Mono_Continuous,MT2,C:\TCC\Reproduzir_artigo\data\GUITAR-FX\Mono_Continuous\Audio\MT2\G91-62503-MT2-G7.4B6.8T4.3ML3.7MF2.7-21116.wav,998
Mono_Continuous,MT2,C:\TCC\Reproduzir_artigo\data\GUITAR-FX\Mono_Continuous\Audio\MT2\G91-63408-MT2-G9.9B7.3T5.6ML7.1MF5.2-21108.wav,998
Mono_Continuous,MT2,C:\TCC\Reproduzir_artigo\data\GUITAR-FX\Mono_Continuous\Audio\MT2\G91-63504-MT2-G4B7.9T1.2ML8MF4.3-21117.wav,998
Mono_Continuous,MT2,C:\TCC\Reproduzir_artigo\data\GUITAR-FX\Mono_Continuous\Audio\MT2\G91-63504-MT2-G5.8B5.2T9.3ML6.3MF9.8-21117.wav,998
Mono_Continuous,MT2,C:\TCC\Reproduzir_artigo\data\GUITAR-FX\Mono_Continuous\Audio\MT2\G91-65410-MT2-G8.4B6.4T9.7ML2MF8.9-21110.wav,998
Mono_Continuous,MT2,C:\TCC\Reproduzir_artigo\data\GUITAR-FX\Mono_Continuous\Audio\MT2\G91-66507-MT2-G3B4.8T1.3ML4.3MF3.1-21120.wav,998
Mono_Continuous,MT2,C:\TCC\Reproduzir_artigo\data\GUITAR-FX\Mono_Continuous\Audio\MT2\G91-66507-MT2-G7.1B3.5T8.8ML7.5MF3-21120.wav,998
Mono_Continuous,MT2,C:\TCC\Reproduzir_artigo\data\GUITAR-FX\Mono_Continuous\Audio\MT2\G91-66602-MT2-G2.3B3.1T2.3ML2MF8.7-21128.wav,998
Mono_Continuous,MT2,C:\TCC\Reproduzir_artigo\data\GUITAR-FX\Mono_Continuous\Audio\MT2\G91-66602-MT2-G2.5B3.6T0.8ML0.2MF9.1-21128.wav,998
Mono_Continuous,MT2,C:\TCC\Reproduzir_artigo\data\GUITAR-FX\Mono_Continuous\Audio\MT2\G91-67508-MT2-G4.1B2.2T3.1ML3.4MF6.6-21121.wav,998
Mono_Continuous,MT2,C:\TCC\Reproduzir_artigo\data\GUITAR-FX\Mono_Continuous\Audio\MT2\G91-68604-MT2-G7.6B1.3T9.8ML4MF3.2-21130.wav,998
Mono_Continuous,MT2,C:\TCC\Reproduzir_artigo\data\GUITAR-FX\Mono_Continuous\Audio\MT2\G91-70606-MT2-G7.2B9.1T8.7ML9.2MF3.2-21132.wav,998
Mono_Continuous,MT2,C:\TCC\Reproduzir_artigo\data\GUITAR-FX\Mono_Continuous\Audio\MT2\G91-70606-MT2-G7.5B7.5T3.9ML0.9MF7.5-21132.wav,998
Mono_Continuous,MT2,C:\TCC\Reproduzir_artigo\data\GUITAR-FX\Mono_Continuous\Audio\MT2\G91-71512-MT2-G3.8B0.2T0.9ML2.4MF5.3-21125.wav,998
Mono_Continuous,MT2,C:\TCC\Reproduzir_artigo\data\GUITAR-FX\Mono_Continuous\Audio\MT2\G91-71512-MT2-G6.6B2.6T4.8ML2.3MF5-21125.wav,998
Mono_Continuous,MT2,C:\TCC\Reproduzir_artigo\data\GUITAR-FX\Mono_Continuous\Audio\MT2\G91-72608-MT2-G9.8B6.6T9.4ML1.1MF4.3-21134.wav,998
Mono_Continuous,MT2,C:\TCC\Reproduzir_artigo\data\GUITAR-FX\Mono_Continuous\Audio\MT2\G91-76612-MT2-G3B0.2T0ML5.7MF3.8-21138.wav,998
Mono_Continuous,MT2,C:\TCC\Reproduzir_artigo\data\GUITAR-FX\Mono_Continuous\Audio\MT2\G93-40100-MT2-G2.4B0.9T8.1ML5.7MF7.6-21139.wav,998
Mono_Continuous,MT2,C:\TCC\Reproduzir_artigo\data\GUITAR-FX\Mono_Continuous\Audio\MT2\G93-40100-MT2-G4.5B1.3T7.3ML8.3MF6.8-21139.wav,998
Mono_Continuous,MT2,C:\TCC\Reproduzir_artigo\data\GUITAR-FX\Mono_Continuous\Audio\MT2\G93-41101-MT2-G2.9B8.1T7.9ML2.9MF5.3-21140.wav,998
Mono_Continuous,MT2,C:\TCC\Reproduzir_artigo\data\GUITAR-FX\Mono_Continuous\Audio\MT2\G93-43103-MT2-G2.8B9.6T7.3ML4.2MF0.4-21142.wav,998
Mono_Continuous,MT2,C:\TCC\Reproduzir_artigo\data\GUITAR-FX\Mono_Continuous\Audio\MT2\G93-45105-MT2-G6.3B2.5T9.3ML7.8MF9.9-21144.wav,998
Mono_Continuous,MT2,C:\TCC\Reproduzir_artigo\data\GUITAR-FX\Mono_Continuous\Audio\MT2\G93-46106-MT2-G2B8.8T3.3ML2.4MF9.7-21145.wav,998
Mono_Continuous,MT2,C:\TCC\Reproduzir_artigo\data\GUITAR-FX\Mono_Continuous\Audio\MT2\G93-49109-MT2-G5.3B4.3T7.2ML5.8MF9-21148.wav,998
Mono_Continuous,MT2,C:\TCC\Reproduzir_artigo\data\GUITAR-FX\Mono_Continuous\Audio\MT2\G93-49204-MT2-G6.2B5T9.1ML9.4MF4.1-21156.wav,998
Mono_Continuous,MT2,C:\TCC\Reproduzir_artigo\data\GUITAR-FX\Mono_Continuous\Audio\MT2\G93-49204-MT2-G7.1B5.3T2.7ML7.6MF0.8-21156.wav,998
Mono_Continuous,MT2,C:\TCC\Reproduzir_artigo\data\GUITAR-FX\Mono_Continuous\Audio\MT2\G93-50300-MT2-G6.8B6.2T0.5ML0.6MF1.4-21165.wav,998
Mono_Continuous,MT2,C:\TCC\Reproduzir_artigo\data\GUITAR-FX\Mono_Continuous\Audio\MT2\G93-51111-MT2-G5.5B4.3T0.5ML5.7MF10-21150.wav,998
Mono_Continuous,MT2,C:\TCC\Reproduzir_artigo\data\GUITAR-FX\Mono_Continuous\Audio\MT2\G93-52207-MT2-G4.5B2.3T7.4ML0.6MF3.7-21159.wav,998
Mono_Continuous,MT2,C:\TCC\Reproduzir_artigo\data\GUITAR-FX\Mono_Continuous\Audio\MT2\G93-56211-MT2-G2.5B0.4T4.5ML6MF2.7-21163.wav,998
Mono_Continuous,MT2,C:\TCC\Reproduzir_artigo\data\GUITAR-FX\Mono_Continuous\Audio\MT2\G93-56211-MT2-G9.8B4.4T2.8ML3.8MF1-21163.wav,998
Mono_Continuous,MT2,C:\TCC\Reproduzir_artigo\data\GUITAR-FX\Mono_Continuous\Audio\MT2\G93-56401-MT2-G9.2B1.9T9.4ML3.2MF5.1-21179.wav,998
Mono_Continuous,MT2,C:\TCC\Reproduzir_artigo\data\GUITAR-FX\Mono_Continuous\Audio\MT2\G93-57402-MT2-G3.9B3.4T0.5ML6.1MF5.4-21180.wav,998
Mono_Continuous,MT2,C:\TCC\Reproduzir_artigo\data\GUITAR-FX\Mono_Continuous\Audio\MT2\G93-59309-MT2-G4.8B6.5T6ML2.5MF1.4-21174.wav,998
Mono_Continuous,MT2,C:\TCC\Reproduzir_artigo\data\GUITAR-FX\Mono_Continuous\Audio\MT2\G93-59404-MT2-G6.6B3.9T3.2ML2.3MF7.3-21182.wav,998
Mono_Continuous,MT2,C:\TCC\Reproduzir_artigo\data\GUITAR-FX\Mono_Continuous\Audio\MT2\G93-59500-MT2-G8.3B4.3T3.6ML1.4MF3.1-21191.wav,998
Mono_Continuous,MT2,C:\TCC\Reproduzir_artigo\data\GUITAR-FX\Mono_Continuous\Audio\MT2\G93-60405-MT2-G9.5B8T9.1ML0.4MF4.6-21183.wav,998
Mono_Continuous,MT2,C:\TCC\Reproduzir_artigo\data\GUITAR-FX\Mono_Continuous\Audio\MT2\G93-62312-MT2-G8.5B4.4T0.9ML2.8MF4.3-21177.wav,998
Mono_Continuous,MT2,C:\TCC\Reproduzir_artigo\data\GUITAR-FX\Mono_Continuous\Audio\MT2\G93-63504-MT2-G5.7B9.6T6.8ML4.2MF1.1-21195.wav,998
Mono_Continuous,MT2,C:\TCC\Reproduzir_artigo\data\GUITAR-FX\Mono_Continuous\Audio\MT2\G93-64600-MT2-G6.4B5.1T6.1ML6.3MF1.4-21204.wav,998
Mono_Continuous,MT2,C:\TCC\Reproduzir_artigo\data\GUITAR-FX\Mono_Continuous\Audio\MT2\G93-67508-MT2-G7.5B4.8T9.1ML3.8MF3.4-21199.wav,998
Mono_Continuous,MT2,C:\TCC\Reproduzir_artigo\data\GUITAR-FX\Mono_Continuous\Audio\MT2\G93-68604-MT2-G6.1B5.4T6.1ML6.9MF7.9-21208.wav,998
Mono_Continuous,MT2,C:\TCC\Reproduzir_artigo\data\GUITAR-FX\Mono_Continuous\Audio\MT2\G93-69510-MT2-G5.1B1.2T2.5ML4.6MF8.7-21201.wav,998
Mono_Continuous,MT2,C:\TCC\Reproduzir_artigo\data\GUITAR-FX\Mono_Continuous\Audio\MT2\G93-69510-MT2-G5.8B6.4T5.9ML4.7MF1.7-21201.wav,998
Mono_Continuous,MT2,C:\TCC\Reproduzir_artigo\data\GUITAR-FX\Mono_Continuous\Audio\MT2\G93-70511-MT2-G5.1B2.3T9.1ML4.3MF9.4-21202.wav,998
Mono_Continuous,MT2,C:\TCC\Reproduzir_artigo\data\GUITAR-FX\Mono_Continuous\Audio\MT2\G93-70511-MT2-G5.4B8.7T4.9ML3.1MF1.4-21202.wav,998
Mono_Continuous,MT2,C:\TCC\Reproduzir_artigo\data\GUITAR-FX\Mono_Continuous\Audio\MT2\G93-72608-MT2-G5.2B2.5T9.7ML2.1MF7.2-21212.wav,998
Mono_Continuous,MT2,C:\TCC\Reproduzir_artigo\data\GUITAR-FX\Mono_Continuous\Audio\MT2\G93-74610-MT2-G4.4B5.9T0.6ML3.2MF8.5-21214.wav,998
Mono_Continuous,OD1,C:\TCC\Reproduzir_artigo\data\GUITAR-FX\Mono_Continuous\Audio\OD1\G61-40100-OD1-D5-20593.wav,998
Mono_Continuous,OD1,C:\TCC\Reproduzir_artigo\data\GUITAR-FX\Mono_Continuous\Audio\OD1\G61-45105-OD1-D8.1-20598.wav,998
Mono_Continuous,OD1,C:\TCC\Reproduzir_artigo\data\GUITAR-FX\Mono_Continuous\Audio\OD1\G61-46106-OD1-D3-20599.wav,998
Mono_Continuous,OD1,C:\TCC\Reproduzir_artigo\data\GUITAR-FX\Mono_Continuous\Audio\OD1\G61-46201-OD1-D3.4-20607.wav,998
Mono_Continuous,OD1,C:\TCC\Reproduzir_artigo\data\GUITAR-FX\Mono_Continuous\Audio\OD1\G61-46201-OD1-D8.3-20607.wav,998
Mono_Continuous,OD1,C:\TCC\Reproduzir_artigo\data\GUITAR-FX\Mono_Continuous\Audio\OD1\G61-47107-OD1-D7.2-20600.wav,998
Mono_Continuous,OD1,C:\TCC\Reproduzir_artigo\data\GUITAR-FX\Mono_Continuous\Audio\OD1\G61-48203-OD1-D8.3-20609.wav,998
Mono_Continuous,OD1,C:\TCC\Reproduzir_artigo\data\GUITAR-FX\Mono_Continuous\Audio\OD1\G61-50110-OD1-D8.5-20603.wav,998
Mono_Continuous,OD1,C:\TCC\Reproduzir_artigo\data\GUITAR-FX\Mono_Continuous\Audio\OD1\G61-51206-OD1-D6.3-20612.wav,998
Mono_Continuous,OD1,C:\TCC\Reproduzir_artigo\data\GUITAR-FX\Mono_Continuous\Audio\OD1\G61-53208-OD1-D9.9-20614.wav,998
Mono_Continuous,OD1,C:\TCC\Reproduzir_artigo\data\GUITAR-FX\Mono_Continuous\Audio\OD1\G61-53303-OD1-D6.6-20622.wav,998
Mono_Continuous,OD1,C:\TCC\Reproduzir_artigo\data\GUITAR-FX\Mono_Continuous\Audio\OD1\G61-54209-OD1-D3.8-20615.wav,998
Mono_Continuous,OD1,C:\TCC\Reproduzir_artigo\data\GUITAR-FX\Mono_Continuous\Audio\OD1\G61-54304-OD1-D4.2-20623.wav,998
Mono_Continuous,OD1,C:\TCC\Reproduzir_artigo\data\GUITAR-FX\Mono_Continuous\Audio\OD1\G61-56211-OD1-D4.4-20617.wav,998
Mono_Continuous,OD1,C:\TCC\Reproduzir_artigo\data\GUITAR-FX\Mono_Continuous\Audio\OD1\G61-56211-OD1-D7.3-20617.wav,998
Mono_Continuous,OD1,C:\TCC\Reproduzir_artigo\data\GUITAR-FX\Mono_Continuous\Audio\OD1\G61-56306-OD1-D5.8-20625.wav,998
Mono_Continuous,OD1,C:\TCC\Reproduzir_artigo\data\GUITAR-FX\Mono_Continuous\Audio\OD1\G61-57212-OD1-D4.1-20618.wav,998
Mono_Continuous,OD1,C:\TCC\Reproduzir_artigo\data\GUITAR-FX\Mono_Continuous\Audio\OD1\G61-57402-OD1-D3-20634.wav,998
Mono_Continuous,OD1,C:\TCC\Reproduzir_artigo\data\GUITAR-FX\Mono_Continuous\Audio\OD1\G61-59404-OD1-D5.8-20636.wav,998
Mono_Continuous,OD1,C:\TCC\Reproduzir_artigo\data\GUITAR-FX\Mono_Continuous\Audio\OD1\G61-59404-OD1-D6.3-20636.wav,998
Mono_Continuous,OD1,C:\TCC\Reproduzir_artigo\data\GUITAR-FX\Mono_Continuous\Audio\OD1\G61-59404-OD1-D8.9-20636.wav,998
Mono_Continuous,OD1,C:\TCC\Reproduzir_artigo\data\GUITAR-FX\Mono_Continuous\Audio\OD1\G61-60501-OD1-D5.9-20646.wav,998
Mono_Continuous,OD1,C:\TCC\Reproduzir_artigo\data\GUITAR-FX\Mono_Continuous\Audio\OD1\G61-61502-OD1-D4.9-20647.wav,998
Mono_Continuous,OD1,C:\TCC\Reproduzir_artigo\data\GUITAR-FX\Mono_Continuous\Audio\OD1\G61-62312-OD1-D3.2-20631.wav,998
Mono_Continuous,OD1,C:\TCC\Reproduzir_artigo\data\GUITAR-FX\Mono_Continuous\Audio\OD1\G61-62407-OD1-D9.1-20639.wav,998
Mono_Continuous,OD1,C:\TCC\Reproduzir_artigo\data\GUITAR-FX\Mono_Continuous\Audio\OD1\G61-62503-OD1-D3.4-20648.wav,998
Mono_Continuous,OD1,C:\TCC\Reproduzir_artigo\data\GUITAR-FX\Mono_Continuous\Audio\OD1\G61-62503-OD1-D8.6-20648.wav,998
Mono_Continuous,OD1,C:\TCC\Reproduzir_artigo\data\GUITAR-FX\Mono_Continuous\Audio\OD1\G61-65410-OD1-D6.5-20642.wav,998
Mono_Continuous,OD1,C:\TCC\Reproduzir_artigo\data\GUITAR-FX\Mono_Continuous\Audio\OD1\G61-65601-OD1-D2.5-20659.wav,998
Mono_Continuous,OD1,C:\TCC\Reproduzir_artigo\data\GUITAR-FX\Mono_Continuous\Audio\OD1\G61-67412-OD1-D3.5-20644.wav,998
Mono_Continuous,OD1,C:\TCC\Reproduzir_artigo\data\GUITAR-FX\Mono_Continuous\Audio\OD1\G61-71607-OD1-D5.2-20665.wav,998
Mono_Continuous,OD1,C:\TCC\Reproduzir_artigo\data\GUITAR-FX\Mono_Continuous\Audio\OD1\G61-73609-OD1-D7.1-20667.wav,998
Mono_Continuous,OD1,C:\TCC\Reproduzir_artigo\data\GUITAR-FX\Mono_Continuous\Audio\OD1\G61-74610-OD1-D5-20668.wav,998
Mono_Continuous,OD1,C:\TCC\Reproduzir_artigo\data\GUITAR-FX\Mono_Continuous\Audio\OD1\G63-45105-OD1-D4.3-20676.wav,998
Mono_Continuous,OD1,C:\TCC\Reproduzir_artigo\data\GUITAR-FX\Mono_Continuous\Audio\OD1\G63-45105-OD1-D7.3-20676.wav,998
Mono_Continuous,OD1,C:\TCC\Reproduzir_artigo\data\GUITAR-FX\Mono_Continuous\Audio\OD1\G63-46106-OD1-D5.5-20677.wav,998
Mono_Continuous,OD1,C:\TCC\Reproduzir_artigo\data\GUITAR-FX\Mono_Continuous\Audio\OD1\G63-46201-OD1-D5.8-20685.wav,998
Mono_Continuous,OD1,C:\TCC\Reproduzir_artigo\data\GUITAR-FX\Mono_Continuous\Audio\OD1\G63-47202-OD1-D6.6-20686.wav,998
Mono_Continuous,OD1,C:\TCC\Reproduzir_artigo\data\GUITAR-FX\Mono_Continuous\Audio\OD1\G63-49204-OD1-D8.8-20688.wav,998
Mono_Continuous,OD1,C:\TCC\Reproduzir_artigo\data\GUITAR-FX\Mono_Continuous\Audio\OD1\G63-50110-OD1-D8.5-20681.wav,998
Mono_Continuous,OD1,C:\TCC\Reproduzir_artigo\data\GUITAR-FX\Mono_Continuous\Audio\OD1\G63-50300-OD1-D8.8-20697.wav,998
Mono_Continuous,OD1,C:\TCC\Reproduzir_artigo\data\GUITAR-FX\Mono_Continuous\Audio\OD1\G63-51111-OD1-D3.6-20682.wav,998
Mono_Continuous,OD1,C:\TCC\Reproduzir_artigo\data\GUITAR-FX\Mono_Continuous\Audio\OD1\G63-52302-OD1-D4.8-20699.wav,998
Mono_Continuous,OD1,C:\TCC\Reproduzir_artigo\data\GUITAR-FX\Mono_Continuous\Audio\OD1\G63-52302-OD1-D6.1-20699.wav,998
Mono_Continuous,OD1,C:\TCC\Reproduzir_artigo\data\GUITAR-FX\Mono_Continuous\Audio\OD1\G63-52302-OD1-D9.9-20699.wav,998
Mono_Continuous,OD1,C:\TCC\Reproduzir_artigo\data\GUITAR-FX\Mono_Continuous\Audio\OD1\G63-57212-OD1-D3.8-20696.wav,998
Mono_Continuous,OD1,C:\TCC\Reproduzir_artigo\data\GUITAR-FX\Mono_Continuous\Audio\OD1\G63-57402-OD1-D6-20712.wav,998
Mono_Continuous,OD1,C:\TCC\Reproduzir_artigo\data\GUITAR-FX\Mono_Continuous\Audio\OD1\G63-59309-OD1-D6.2-20706.wav,998
Mono_Continuous,OD1,C:\TCC\Reproduzir_artigo\data\GUITAR-FX\Mono_Continuous\Audio\OD1\G63-59500-OD1-D6.1-20723.wav,998
Mono_Continuous,OD1,C:\TCC\Reproduzir_artigo\data\GUITAR-FX\Mono_Continuous\Audio\OD1\G63-60501-OD1-D6.9-20724.wav,998
Mono_Continuous,OD1,C:\TCC\Reproduzir_artigo\data\GUITAR-FX\Mono_Continuous\Audio\OD1\G63-61406-OD1-D5-20716.wav,998
Mono_Continuous,OD1,C:\TCC\Reproduzir_artigo\data\GUITAR-FX\Mono_Continuous\Audio\OD1\G63-61502-OD1-D3.2-20725.wav,998
Mono_Continuous,OD1,C:\TCC\Reproduzir_artigo\data\GUITAR-FX\Mono_Continuous\Audio\OD1\G63-61502-OD1-D9.2-20725.wav,998
Mono_Continuous,OD1,C:\TCC\Reproduzir_artigo\data\GUITAR-FX\Mono_Continuous\Audio\OD1\G63-62312-OD1-D7.8-20709.wav,998
Mono_Continuous,OD1,C:\TCC\Reproduzir_artigo\data\GUITAR-FX\Mono_Continuous\Audio\OD1\G63-62503-OD1-D4-20726.wav,998
Mono_Continuous,OD1,C:\TCC\Reproduzir_artigo\data\GUITAR-FX\Mono_Continuous\Audio\OD1\G63-64600-OD1-D2.8-20736.wav,998
Mono_Continuous,OD1,C:\TCC\Reproduzir_artigo\data\GUITAR-FX\Mono_Continuous\Audio\OD1\G63-66411-OD1-D6.8-20721.wav,998
Mono_Continuous,OD1,C:\TCC\Reproduzir_artigo\data\GUITAR-FX\Mono_Continuous\Audio\OD1\G63-66507-OD1-D4.2-20730.wav,998
Mono_Continuous,OD1,C:\TCC\Reproduzir_artigo\data\GUITAR-FX\Mono_Continuous\Audio\OD1\G63-66507-OD1-D7.5-20730.wav,998
Mono_Continuous,OD1,C:\TCC\Reproduzir_artigo\data\GUITAR-FX\Mono_Continuous\Audio\OD1\G63-67412-OD1-D8.1-20722.wav,998
Mono_Continuous,OD1,C:\TCC\Reproduzir_artigo\data\GUITAR-FX\Mono_Continuous\Audio\OD1\G63-67508-OD1-D7-20731.wav,998
Mono_Continuous,OD1,C:\TCC\Reproduzir_artigo\data\GUITAR-FX\Mono_Continuous\Audio\OD1\G63-73609-OD1-D3.1-20745.wav,998
Mono_Continuous,OD1,C:\TCC\Reproduzir_artigo\data\GUITAR-FX\Mono_Continuous\Audio\OD1\G63-76612-OD1-D4.1-20748.wav,998
Mono_Continuous,OD1,C:\TCC\Reproduzir_artigo\data\GUITAR-FX\Mono_Continuous\Audio\OD1\G71-42102-OD1-D4.8-20751.wav,998
Mono_Continuous,OD1,C:\TCC\Reproduzir_artigo\data\GUITAR-FX\Mono_Continuous\Audio\OD1\G71-45200-OD1-D7.6-20762.wav,998
Mono_Continuous,OD1,C:\TCC\Reproduzir_artigo\data\GUITAR-FX\Mono_Continuous\Audio\OD1\G71-46201-OD1-D4.2-20763.wav,998
Mono_Continuous,OD1,C:\TCC\Reproduzir_artigo\data\GUITAR-FX\Mono_Continuous\Audio\OD1\G71-48108-OD1-D6-20757.wav,998
Mono_Continuous,OD1,C:\TCC\Reproduzir_artigo\data\GUITAR-FX\Mono_Continuous\Audio\OD1\G71-49109-OD1-D3.3-20758.wav,998
Mono_Continuous,OD1,C:\TCC\Reproduzir_artigo\data\GUITAR-FX\Mono_Continuous\Audio\OD1\G71-51111-OD1-D6.1-20760.wav,998
Mono_Continuous,OD1,C:\TCC\Reproduzir_artigo\data\GUITAR-FX\Mono_Continuous\Audio\OD1\G71-51206-OD1-D3.2-20768.wav,998
Mono_Continuous,OD1,C:\TCC\Reproduzir_artigo\data\GUITAR-FX\Mono_Continuous\Audio\OD1\G71-52112-OD1-D2.3-20761.wav,998
Mono_Continuous,OD1,C:\TCC\Reproduzir_artigo\data\GUITAR-FX\Mono_Continuous\Audio\OD1\G71-52302-OD1-D9.8-20777.wav,998
Mono_Continuous,OD1,C:\TCC\Reproduzir_artigo\data\GUITAR-FX\Mono_Continuous\Audio\OD1\G71-53208-OD1-D5.1-20770.wav,998
Mono_Continuous,OD1,C:\TCC\Reproduzir_artigo\data\GUITAR-FX\Mono_Continuous\Audio\OD1\G71-54304-OD1-D2.8-20779.wav,998
Mono_Continuous,OD1,C:\TCC\Reproduzir_artigo\data\GUITAR-FX\Mono_Continuous\Audio\OD1\G71-56306-OD1-D6.8-20781.wav,998
Mono_Continuous,OD1,C:\TCC\Reproduzir_artigo\data\GUITAR-FX\Mono_Continuous\Audio\OD1\G71-57212-OD1-D5.4-20774.wav,998
Mono_Continuous,OD1,C:\TCC\Reproduzir_artigo\data\GUITAR-FX\Mono_Continuous\Audio\OD1\G71-59309-OD1-D3.8-20784.wav,998
Mono_Continuous,OD1,C:\TCC\Reproduzir_artigo\data\GUITAR-FX\Mono_Continuous\Audio\OD1\G71-60310-OD1-D3.7-20785.wav,998
Mono_Continuous,OD1,C:\TCC\Reproduzir_artigo\data\GUITAR-FX\Mono_Continuous\Audio\OD1\G71-60310-OD1-D9.9-20785.wav,998
Mono_Continuous,OD1,C:\TCC\Reproduzir_artigo\data\GUITAR-FX\Mono_Continuous\Audio\OD1\G71-62503-OD1-D10-20804.wav,998
Mono_Continuous,OD1,C:\TCC\Reproduzir_artigo\data\GUITAR-FX\Mono_Continuous\Audio\OD1\G71-64409-OD1-D6-20797.wav,998
Mono_Continuous,OD1,C:\TCC\Reproduzir_artigo\data\GUITAR-FX\Mono_Continuous\Audio\OD1\G71-64409-OD1-D7.6-20797.wav,998
Mono_Continuous,OD1,C:\TCC\Reproduzir_artigo\data\GUITAR-FX\Mono_Continuous\Audio\OD1\G71-65506-OD1-D6.9-20807.wav,998
Mono_Continuous,OD1,C:\TCC\Reproduzir_artigo\data\GUITAR-FX\Mono_Continuous\Audio\OD1\G71-67508-OD1-D4.6-20809.wav,998
Mono_Continuous,OD1,C:\TCC\Reproduzir_artigo\data\GUITAR-FX\Mono_Continuous\Audio\OD1\G71-67603-OD1-D9.5-20817.wav,998
Mono_Continuous,OD1,C:\TCC\Reproduzir_artigo\data\GUITAR-FX\Mono_Continuous\Audio\OD1\G71-68509-OD1-D10-20810.wav,998
Mono_Continuous,OD1,C:\TCC\Reproduzir_artigo\data\GUITAR-FX\Mono_Continuous\Audio\OD1\G71-68509-OD1-D5.6-20810.wav,998
Mono_Continuous,OD1,C:\TCC\Reproduzir_artigo\data\GUITAR-FX\Mono_Continuous\Audio\OD1\G71-69605-OD1-D7.3-20819.wav,998
Mono_Continuous,OD1,C:\TCC\Reproduzir_artigo\data\GUITAR-FX\Mono_Continuous\Audio\OD1\G71-69605-OD1-D9-20819.wav,998
Mono_Continuous,OD1,C:\TCC\Reproduzir_artigo\data\GUITAR-FX\Mono_Continuous\Audio\OD1\G71-70606-OD1-D6.9-20820.wav,998
Mono_Continuous,OD1,C:\TCC\Reproduzir_artigo\data\GUITAR-FX\Mono_Continuous\Audio\OD1\G71-71512-OD1-D3.2-20813.wav,998
Mono_Continuous,OD1,C:\TCC\Reproduzir_artigo\data\GUITAR-FX\Mono_Continuous\Audio\OD1\G71-71512-OD1-D7.4-20813.wav,998
Mono_Continuous,OD1,C:\TCC\Reproduzir_artigo\data\GUITAR-FX\Mono_Continuous\Audio\OD1\G71-71607-OD1-D8.1-20821.wav,998
Mono_Continuous,OD1,C:\TCC\Reproduzir_artigo\data\GUITAR-FX\Mono_Continuous\Audio\OD1\G71-71607-OD1-D8.8-20821.wav,998
Mono_Continuous,OD1,C:\TCC\Reproduzir_artigo\data\GUITAR-FX\Mono_Continuous\Audio\OD1\G71-74610-OD1-D9.1-20824.wav,998
Mono_Continuous,OD1,C:\TCC\Reproduzir_artigo\data\GUITAR-FX\Mono_Continuous\Audio\OD1\G73-41101-OD1-D8.9-20828.wav,998
Mono_Continuous,OD1,C:\TCC\Reproduzir_artigo\data\GUITAR-FX\Mono_Continuous\Audio\OD1\G73-45105-OD1-D8.6-20832.wav,998
Mono_Continuous,OD1,C:\TCC\Reproduzir_artigo\data\GUITAR-FX\Mono_Continuous\Audio\OD1\G73-47202-OD1-D8.2-20842.wav,998
Mono_Continuous,OD1,C:\TCC\Reproduzir_artigo\data\GUITAR-FX\Mono_Continuous\Audio\OD1\G73-48203-OD1-D9.7-20843.wav,998
Mono_Continuous,OD1,C:\TCC\Reproduzir_artigo\data\GUITAR-FX\Mono_Continuous\Audio\OD1\G73-49109-OD1-D5.8-20836.wav,998
Mono_Continuous,OD1,C:\TCC\Reproduzir_artigo\data\GUITAR-FX\Mono_Continuous\Audio\OD1\G73-50300-OD1-D4.8-20853.wav,998
Mono_Continuous,OD1,C:\TCC\Reproduzir_artigo\data\GUITAR-FX\Mono_Continuous\Audio\OD1\G73-51206-OD1-D2.9-20846.wav,998
Mono_Continuous,OD1,C:\TCC\Reproduzir_artigo\data\GUITAR-FX\Mono_Continuous\Audio\OD1\G73-51301-OD1-D7.5-20854.wav,998
Mono_Continuous,OD1,C:\TCC\Reproduzir_artigo\data\GUITAR-FX\Mono_Continuous\Audio\OD1\G73-55210-OD1-D6.8-20850.wav,998
Mono_Continuous,OD1,C:\TCC\Reproduzir_artigo\data\GUITAR-FX\Mono_Continuous\Audio\OD1\G73-55400-OD1-D4.5-20866.wav,998
Mono_Continuous,OD1,C:\TCC\Reproduzir_artigo\data\GUITAR-FX\Mono_Continuous\Audio\OD1\G73-56401-OD1-D5.1-20867.wav,998
Mono_Continuous,OD1,C:\TCC\Reproduzir_artigo\data\GUITAR-FX\Mono_Continuous\Audio\OD1\G73-58308-OD1-D6.5-20861.wav,998
Mono_Continuous,OD1,C:\TCC\Reproduzir_artigo\data\GUITAR-FX\Mono_Continuous\Audio\OD1\G73-58403-OD1-D3.4-20869.wav,998
Mono_Continuous,OD1,C:\TCC\Reproduzir_artigo\data\GUITAR-FX\Mono_Continuous\Audio\OD1\G73-59404-OD1-D8.3-20870.wav,998
Mono_Continuous,OD1,C:\TCC\Reproduzir_artigo\data\GUITAR-FX\Mono_Continuous\Audio\OD1\G73-60405-OD1-D6-20871.wav,998
Mono_Continuous,OD1,C:\TCC\Reproduzir_artigo\data\GUITAR-FX\Mono_Continuous\Audio\OD1\G73-60501-OD1-D8.8-20880.wav,998
Mono_Continuous,OD1,C:\TCC\Reproduzir_artigo\data\GUITAR-FX\Mono_Continuous\Audio\OD1\G73-61502-OD1-D3.1-20881.wav,998
Mono_Continuous,OD1,C:\TCC\Reproduzir_artigo\data\GUITAR-FX\Mono_Continuous\Audio\OD1\G73-63408-OD1-D6.2-20874.wav,998
Mono_Continuous,OD1,C:\TCC\Reproduzir_artigo\data\GUITAR-FX\Mono_Continuous\Audio\OD1\G73-63504-OD1-D8.6-20883.wav,998
Mono_Continuous,OD1,C:\TCC\Reproduzir_artigo\data\GUITAR-FX\Mono_Continuous\Audio\OD1\G73-64409-OD1-D6.4-20875.wav,998
Mono_Continuous,OD1,C:\TCC\Reproduzir_artigo\data\GUITAR-FX\Mono_Continuous\Audio\OD1\G73-66411-OD1-D7.4-20877.wav,998
Mono_Continuous,OD1,C:\TCC\Reproduzir_artigo\data\GUITAR-FX\Mono_Continuous\Audio\OD1\G73-66602-OD1-D8.4-20894.wav,998
Mono_Continuous,OD1,C:\TCC\Reproduzir_artigo\data\GUITAR-FX\Mono_Continuous\Audio\OD1\G73-67412-OD1-D5-20878.wav,998
Mono_Continuous,OD1,C:\TCC\Reproduzir_artigo\data\GUITAR-FX\Mono_Continuous\Audio\OD1\G73-71512-OD1-D8.2-20891.wav,998
Mono_Continuous,OD1,C:\TCC\Reproduzir_artigo\data\GUITAR-FX\Mono_Continuous\Audio\OD1\G73-71607-OD1-D5.3-20899.wav,998
Mono_Continuous,OD1,C:\TCC\Reproduzir_artigo\data\GUITAR-FX\Mono_Continuous\Audio\OD1\G73-72608-OD1-D7.1-20900.wav,998
Mono_Continuous,OD1,C:\TCC\Reproduzir_artigo\data\GUITAR-FX\Mono_Continuous\Audio\OD1\G73-73609-OD1-D8.7-20901.wav,998
Mono_Continuous,OD1,C:\TCC\Reproduzir_artigo\data\GUITAR-FX\Mono_Continuous\Audio\OD1\G81-43103-OD1-D2.3-20908.wav,998
Mono_Continuous,OD1,C:\TCC\Reproduzir_artigo\data\GUITAR-FX\Mono_Continuous\Audio\OD1\G81-47107-OD1-D3.9-20912.wav,998
Mono_Continuous,OD1,C:\TCC\Reproduzir_artigo\data\GUITAR-FX\Mono_Continuous\Audio\OD1\G81-48203-OD1-D6.9-20921.wav,998
Mono_Continuous,OD1,C:\TCC\Reproduzir_artigo\data\GUITAR-FX\Mono_Continuous\Audio\OD1\G81-48203-OD1-D7.3-20921.wav,998
Mono_Continuous,OD1,C:\TCC\Reproduzir_artigo\data\GUITAR-FX\Mono_Continuous\Audio\OD1\G81-49204-OD1-D5.6-20922.wav,998
Mono_Continuous,OD1,C:\TCC\Reproduzir_artigo\data\GUITAR-FX\Mono_Continuous\Audio\OD1\G81-49204-OD1-D7.7-20922.wav,998
Mono_Continuous,OD1,C:\TCC\Reproduzir_artigo\data\GUITAR-FX\Mono_Continuous\Audio\OD1\G81-50110-OD1-D9.2-20915.wav,998
Mono_Continuous,OD1,C:\TCC\Reproduzir_artigo\data\GUITAR-FX\Mono_Continuous\Audio\OD1\G81-53208-OD1-D8.7-20926.wav,998
Mono_Continuous,OD1,C:\TCC\Reproduzir_artigo\data\GUITAR-FX\Mono_Continuous\Audio\OD1\G81-55210-OD1-D3.5-20928.wav,998
Mono_Continuous,OD1,C:\TCC\Reproduzir_artigo\data\GUITAR-FX\Mono_Continuous\Audio\OD1\G81-56211-OD1-D8.8-20929.wav,998
Mono_Continuous,OD1,C:\TCC\Reproduzir_artigo\data\GUITAR-FX\Mono_Continuous\Audio\OD1\G81-57212-OD1-D5.9-20930.wav,998
Mono_Continuous,OD1,C:\TCC\Reproduzir_artigo\data\GUITAR-FX\Mono_Continuous\Audio\OD1\G81-57307-OD1-D4.7-20938.wav,998
Mono_Continuous,OD1,C:\TCC\Reproduzir_artigo\data\GUITAR-FX\Mono_Continuous\Audio\OD1\G81-57402-OD1-D8.2-20946.wav,998
Mono_Continuous,OD1,C:\TCC\Reproduzir_artigo\data\GUITAR-FX\Mono_Continuous\Audio\OD1\G81-58403-OD1-D8.9-20947.wav,998
Mono_Continuous,OD1,C:\TCC\Reproduzir_artigo\data\GUITAR-FX\Mono_Continuous\Audio\OD1\G81-59309-OD1-D2.1-20940.wav,998
Mono_Continuous,OD1,C:\TCC\Reproduzir_artigo\data\GUITAR-FX\Mono_Continuous\Audio\OD1\G81-59309-OD1-D3.2-20940.wav,998
Mono_Continuous,OD1,C:\TCC\Reproduzir_artigo\data\GUITAR-FX\Mono_Continuous\Audio\OD1\G81-59404-OD1-D2.8-20948.wav,998
Mono_Continuous,OD1,C:\TCC\Reproduzir_artigo\data\GUITAR-FX\Mono_Continuous\Audio\OD1\G81-59404-OD1-D6.7-20948.wav,998
Mono_Continuous,OD1,C:\TCC\Reproduzir_artigo\data\GUITAR-FX\Mono_Continuous\Audio\OD1\G81-61406-OD1-D3.1-20950.wav,998
Mono_Continuous,OD1,C:\TCC\Reproduzir_artigo\data\GUITAR-FX\Mono_Continuous\Audio\OD1\G81-61406-OD1-D4.8-20950.wav,998
Mono_Continuous,OD1,C:\TCC\Reproduzir_artigo\data\GUITAR-FX\Mono_Continuous\Audio\OD1\G81-61406-OD1-D7.9-20950.wav,998
Mono_Continuous,OD1,C:\TCC\Reproduzir_artigo\data\GUITAR-FX\Mono_Continuous\Audio\OD1\G81-62407-OD1-D9.5-20951.wav,998
Mono_Continuous,OD1,C:\TCC\Reproduzir_artigo\data\GUITAR-FX\Mono_Continuous\Audio\OD1\G81-62503-OD1-D5.8-20960.wav,998
Mono_Continuous,OD1,C:\TCC\Reproduzir_artigo\data\GUITAR-FX\Mono_Continuous\Audio\OD1\G81-63408-OD1-D9.1-20952.wav,998
Mono_Continuous,OD1,C:\TCC\Reproduzir_artigo\data\GUITAR-FX\Mono_Continuous\Audio\OD1\G81-65601-OD1-D4.2-20971.wav,998
Mono_Continuous,OD1,C:\TCC\Reproduzir_artigo\data\GUITAR-FX\Mono_Continuous\Audio\OD1\G81-66602-OD1-D7.2-20972.wav,998
Mono_Continuous,OD1,C:\TCC\Reproduzir_artigo\data\GUITAR-FX\Mono_Continuous\Audio\OD1\G81-67508-OD1-D3-20965.wav,998
Mono_Continuous,OD1,C:\TCC\Reproduzir_artigo\data\GUITAR-FX\Mono_Continuous\Audio\OD1\G81-67603-OD1-D8.6-20973.wav,998
Mono_Continuous,OD1,C:\TCC\Reproduzir_artigo\data\GUITAR-FX\Mono_Continuous\Audio\OD1\G81-67603-OD1-D8.8-20973.wav,998
Mono_Continuous,OD1,C:\TCC\Reproduzir_artigo\data\GUITAR-FX\Mono_Continuous\Audio\OD1\G81-68604-OD1-D5.2-20974.wav,998
Mono_Continuous,OD1,C:\TCC\Reproduzir_artigo\data\GUITAR-FX\Mono_Continuous\Audio\OD1\G81-69605-OD1-D4.8-20975.wav,998
Mono_Continuous,OD1,C:\TCC\Reproduzir_artigo\data\GUITAR-FX\Mono_Continuous\Audio\OD1\G81-72608-OD1-D8.8-20978.wav,998
Mono_Continuous,OD1,C:\TCC\Reproduzir_artigo\data\GUITAR-FX\Mono_Continuous\Audio\OD1\G81-75611-OD1-D3.3-20981.wav,998
Mono_Continuous,OD1,C:\TCC\Reproduzir_artigo\data\GUITAR-FX\Mono_Continuous\Audio\OD1\G83-41101-OD1-D7.6-20984.wav,998
Mono_Continuous,OD1,C:\TCC\Reproduzir_artigo\data\GUITAR-FX\Mono_Continuous\Audio\OD1\G83-43103-OD1-D3.6-20986.wav,998
Mono_Continuous,OD1,C:\TCC\Reproduzir_artigo\data\GUITAR-FX\Mono_Continuous\Audio\OD1\G83-46106-OD1-D2.2-20989.wav,998
Mono_Continuous,OD1,C:\TCC\Reproduzir_artigo\data\GUITAR-FX\Mono_Continuous\Audio\OD1\G83-46106-OD1-D6.7-20989.wav,998
Mono_Continuous,OD1,C:\TCC\Reproduzir_artigo\data\GUITAR-FX\Mono_Continuous\Audio\OD1\G83-49109-OD1-D7.6-20992.wav,998
Mono_Continuous,OD1,C:\TCC\Reproduzir_artigo\data\GUITAR-FX\Mono_Continuous\Audio\OD1\G83-50110-OD1-D9.8-20993.wav,998
Mono_Continuous,OD1,C:\TCC\Reproduzir_artigo\data\GUITAR-FX\Mono_Continuous\Audio\OD1\G83-51111-OD1-D7.9-20994.wav,998
Mono_Continuous,OD1,C:\TCC\Reproduzir_artigo\data\GUITAR-FX\Mono_Continuous\Audio\OD1\G83-51301-OD1-D5.4-21010.wav,998
Mono_Continuous,OD1,C:\TCC\Reproduzir_artigo\data\GUITAR-FX\Mono_Continuous\Audio\OD1\G83-52302-OD1-D5.6-21011.wav,998
Mono_Continuous,OD1,C:\TCC\Reproduzir_artigo\data\GUITAR-FX\Mono_Continuous\Audio\OD1\G83-53303-OD1-D3-21012.wav,998
Mono_Continuous,OD1,C:\TCC\Reproduzir_artigo\data\GUITAR-FX\Mono_Continuous\Audio\OD1\G83-54209-OD1-D3.3-21005.wav,998
Mono_Continuous,OD1,C:\TCC\Reproduzir_artigo\data\GUITAR-FX\Mono_Continuous\Audio\OD1\G83-54209-OD1-D8.8-21005.wav,998
Mono_Continuous,OD1,C:\TCC\Reproduzir_artigo\data\GUITAR-FX\Mono_Continuous\Audio\OD1\G83-55305-OD1-D6.2-21014.wav,998
Mono_Continuous,OD1,C:\TCC\Reproduzir_artigo\data\GUITAR-FX\Mono_Continuous\Audio\OD1\G83-55400-OD1-D10-21022.wav,998
Mono_Continuous,OD1,C:\TCC\Reproduzir_artigo\data\GUITAR-FX\Mono_Continuous\Audio\OD1\G83-55400-OD1-D9.8-21022.wav,998
Mono_Continuous,OD1,C:\TCC\Reproduzir_artigo\data\GUITAR-FX\Mono_Continuous\Audio\OD1\G83-56211-OD1-D4.7-21007.wav,998
Mono_Continuous,OD1,C:\TCC\Reproduzir_artigo\data\GUITAR-FX\Mono_Continuous\Audio\OD1\G83-57212-OD1-D7-21008.wav,998
Mono_Continuous,OD1,C:\TCC\Reproduzir_artigo\data\GUITAR-FX\Mono_Continuous\Audio\OD1\G83-57307-OD1-D5.6-21016.wav,998
Mono_Continuous,OD1,C:\TCC\Reproduzir_artigo\data\GUITAR-FX\Mono_Continuous\Audio\OD1\G83-58403-OD1-D2.5-21025.wav,998
Mono_Continuous,OD1,C:\TCC\Reproduzir_artigo\data\GUITAR-FX\Mono_Continuous\Audio\OD1\G83-59404-OD1-D9.2-21026.wav,998
Mono_Continuous,OD1,C:\TCC\Reproduzir_artigo\data\GUITAR-FX\Mono_Continuous\Audio\OD1\G83-61502-OD1-D2.2-21037.wav,998
Mono_Continuous,OD1,C:\TCC\Reproduzir_artigo\data\GUITAR-FX\Mono_Continuous\Audio\OD1\G83-61502-OD1-D6-21037.wav,998
Mono_Continuous,OD1,C:\TCC\Reproduzir_artigo\data\GUITAR-FX\Mono_Continuous\Audio\OD1\G83-62407-OD1-D5.6-21029.wav,998
Mono_Continuous,OD1,C:\TCC\Reproduzir_artigo\data\GUITAR-FX\Mono_Continuous\Audio\OD1\G83-62503-OD1-D5.7-21038.wav,998
Mono_Continuous,OD1,C:\TCC\Reproduzir_artigo\data\GUITAR-FX\Mono_Continuous\Audio\OD1\G83-65410-OD1-D2.1-21032.wav,998
Mono_Continuous,OD1,C:\TCC\Reproduzir_artigo\data\GUITAR-FX\Mono_Continuous\Audio\OD1\G83-65506-OD1-D5.7-21041.wav,998
Mono_Continuous,OD1,C:\TCC\Reproduzir_artigo\data\GUITAR-FX\Mono_Continuous\Audio\OD1\G83-65601-OD1-D5.7-21049.wav,998
Mono_Continuous,OD1,C:\TCC\Reproduzir_artigo\data\GUITAR-FX\Mono_Continuous\Audio\OD1\G83-69605-OD1-D3.2-21053.wav,998
Mono_Continuous,OD1,C:\TCC\Reproduzir_artigo\data\GUITAR-FX\Mono_Continuous\Audio\OD1\G83-69605-OD1-D5.1-21053.wav,998
Mono_Continuous,OD1,C:\TCC\Reproduzir_artigo\data\GUITAR-FX\Mono_Continuous\Audio\OD1\G83-69605-OD1-D9.3-21053.wav,998
Mono_Continuous,OD1,C:\TCC\Reproduzir_artigo\data\GUITAR-FX\Mono_Continuous\Audio\OD1\G83-74610-OD1-D9.3-21058.wav,998
Mono_Continuous,OD1,C:\TCC\Reproduzir_artigo\data\GUITAR-FX\Mono_Continuous\Audio\OD1\G91-43103-OD1-D9-21064.wav,998
Mono_Continuous,OD1,C:\TCC\Reproduzir_artigo\data\GUITAR-FX\Mono_Continuous\Audio\OD1\G91-47202-OD1-D7.3-21076.wav,998
Mono_Continuous,OD1,C:\TCC\Reproduzir_artigo\data\GUITAR-FX\Mono_Continuous\Audio\OD1\G91-48108-OD1-D9.7-21069.wav,998
Mono_Continuous,OD1,C:\TCC\Reproduzir_artigo\data\GUITAR-FX\Mono_Continuous\Audio\OD1\G91-50205-OD1-D3-21079.wav,998
Mono_Continuous,OD1,C:\TCC\Reproduzir_artigo\data\GUITAR-FX\Mono_Continuous\Audio\OD1\G91-50205-OD1-D8.5-21079.wav,998
Mono_Continuous,OD1,C:\TCC\Reproduzir_artigo\data\GUITAR-FX\Mono_Continuous\Audio\OD1\G91-50205-OD1-D8.6-21079.wav,998
Mono_Continuous,OD1,C:\TCC\Reproduzir_artigo\data\GUITAR-FX\Mono_Continuous\Audio\OD1\G91-51111-OD1-D7.6-21072.wav,998
Mono_Continuous,OD1,C:\TCC\Reproduzir_artigo\data\GUITAR-FX\Mono_Continuous\Audio\OD1\G91-51206-OD1-D7.5-21080.wav,998
Mono_Continuous,OD1,C:\TCC\Reproduzir_artigo\data\GUITAR-FX\Mono_Continuous\Audio\OD1\G91-52207-OD1-D2.6-21081.wav,998
Mono_Continuous,OD1,C:\TCC\Reproduzir_artigo\data\GUITAR-FX\Mono_Continuous\Audio\OD1\G91-54304-OD1-D3.6-21091.wav,998
Mono_Continuous,OD1,C:\TCC\Reproduzir_artigo\data\GUITAR-FX\Mono_Continuous\Audio\OD1\G91-56211-OD1-D5.2-21085.wav,998
Mono_Continuous,OD1,C:\TCC\Reproduzir_artigo\data\GUITAR-FX\Mono_Continuous\Audio\OD1\G91-56211-OD1-D8.1-21085.wav,998
Mono_Continuous,OD1,C:\TCC\Reproduzir_artigo\data\GUITAR-FX\Mono_Continuous\Audio\OD1\G91-56306-OD1-D7.1-21093.wav,998
Mono_Continuous,OD1,C:\TCC\Reproduzir_artigo\data\GUITAR-FX\Mono_Continuous\Audio\OD1\G91-57307-OD1-D4.9-21094.wav,998
Mono_Continuous,OD1,C:\TCC\Reproduzir_artigo\data\GUITAR-FX\Mono_Continuous\Audio\OD1\G91-57402-OD1-D5.9-21102.wav,998
Mono_Continuous,OD1,C:\TCC\Reproduzir_artigo\data\GUITAR-FX\Mono_Continuous\Audio\OD1\G91-60310-OD1-D2.9-21097.wav,998
Mono_Continuous,OD1,C:\TCC\Reproduzir_artigo\data\GUITAR-FX\Mono_Continuous\Audio\OD1\G91-60310-OD1-D3.5-21097.wav,998
Mono_Continuous,OD1,C:\TCC\Reproduzir_artigo\data\GUITAR-FX\Mono_Continuous\Audio\OD1\G91-60405-OD1-D9.8-21105.wav,998
Mono_Continuous,OD1,C:\TCC\Reproduzir_artigo\data\GUITAR-FX\Mono_Continuous\Audio\OD1\G91-61502-OD1-D3.6-21115.wav,998
Mono_Continuous,OD1,C:\TCC\Reproduzir_artigo\data\GUITAR-FX\Mono_Continuous\Audio\OD1\G91-62312-OD1-D4.2-21099.wav,998
Mono_Continuous,OD1,C:\TCC\Reproduzir_artigo\data\GUITAR-FX\Mono_Continuous\Audio\OD1\G91-64409-OD1-D9-21109.wav,998
Mono_Continuous,OD1,C:\TCC\Reproduzir_artigo\data\GUITAR-FX\Mono_Continuous\Audio\OD1\G91-64600-OD1-D10-21126.wav,998
Mono_Continuous,OD1,C:\TCC\Reproduzir_artigo\data\GUITAR-FX\Mono_Continuous\Audio\OD1\G91-64600-OD1-D5.2-21126.wav,998
Mono_Continuous,OD1,C:\TCC\Reproduzir_artigo\data\GUITAR-FX\Mono_Continuous\Audio\OD1\G91-65506-OD1-D6.7-21119.wav,998
Mono_Continuous,OD1,C:\TCC\Reproduzir_artigo\data\GUITAR-FX\Mono_Continuous\Audio\OD1\G91-66507-OD1-D3.9-21120.wav,998
Mono_Continuous,OD1,C:\TCC\Reproduzir_artigo\data\GUITAR-FX\Mono_Continuous\Audio\OD1\G91-67412-OD1-D9.9-21112.wav,998
Mono_Continuous,OD1,C:\TCC\Reproduzir_artigo\data\GUITAR-FX\Mono_Continuous\Audio\OD1\G91-68604-OD1-D10-21130.wav,998
Mono_Continuous,OD1,C:\TCC\Reproduzir_artigo\data\GUITAR-FX\Mono_Continuous\Audio\OD1\G91-69510-OD1-D5.1-21123.wav,998
Mono_Continuous,OD1,C:\TCC\Reproduzir_artigo\data\GUITAR-FX\Mono_Continuous\Audio\OD1\G91-70606-OD1-D8.7-21132.wav,998
Mono_Continuous,OD1,C:\TCC\Reproduzir_artigo\data\GUITAR-FX\Mono_Continuous\Audio\OD1\G91-73609-OD1-D2.5-21135.wav,998
Mono_Continuous,OD1,C:\TCC\Reproduzir_artigo\data\GUITAR-FX\Mono_Continuous\Audio\OD1\G91-73609-OD1-D5.1-21135.wav,998
Mono_Continuous,OD1,C:\TCC\Reproduzir_artigo\data\GUITAR-FX\Mono_Continuous\Audio\OD1\G91-74610-OD1-D8.1-21136.wav,998
Mono_Continuous,OD1,C:\TCC\Reproduzir_artigo\data\GUITAR-FX\Mono_Continuous\Audio\OD1\G93-45105-OD1-D3.6-21144.wav,998
Mono_Continuous,OD1,C:\TCC\Reproduzir_artigo\data\GUITAR-FX\Mono_Continuous\Audio\OD1\G93-45200-OD1-D4.2-21152.wav,998
Mono_Continuous,OD1,C:\TCC\Reproduzir_artigo\data\GUITAR-FX\Mono_Continuous\Audio\OD1\G93-47202-OD1-D7.7-21154.wav,998
Mono_Continuous,OD1,C:\TCC\Reproduzir_artigo\data\GUITAR-FX\Mono_Continuous\Audio\OD1\G93-49109-OD1-D2.1-21148.wav,998
Mono_Continuous,OD1,C:\TCC\Reproduzir_artigo\data\GUITAR-FX\Mono_Continuous\Audio\OD1\G93-49204-OD1-D4.2-21156.wav,998
Mono_Continuous,OD1,C:\TCC\Reproduzir_artigo\data\GUITAR-FX\Mono_Continuous\Audio\OD1\G93-49204-OD1-D5.4-21156.wav,998
Mono_Continuous,OD1,C:\TCC\Reproduzir_artigo\data\GUITAR-FX\Mono_Continuous\Audio\OD1\G93-50110-OD1-D2.1-21149.wav,998
Mono_Continuous,OD1,C:\TCC\Reproduzir_artigo\data\GUITAR-FX\Mono_Continuous\Audio\OD1\G93-50110-OD1-D4.3-21149.wav,998
Mono_Continuous,OD1,C:\TCC\Reproduzir_artigo\data\GUITAR-FX\Mono_Continuous\Audio\OD1\G93-50110-OD1-D9.7-21149.wav,998
Mono_Continuous,OD1,C:\TCC\Reproduzir_artigo\data\GUITAR-FX\Mono_Continuous\Audio\OD1\G93-51111-OD1-D5.1-21150.wav,998
Mono_Continuous,OD1,C:\TCC\Reproduzir_artigo\data\GUITAR-FX\Mono_Continuous\Audio\OD1\G93-51206-OD1-D4.1-21158.wav,998
Mono_Continuous,OD1,C:\TCC\Reproduzir_artigo\data\GUITAR-FX\Mono_Continuous\Audio\OD1\G93-53208-OD1-D2.6-21160.wav,998
Mono_Continuous,OD1,C:\TCC\Reproduzir_artigo\data\GUITAR-FX\Mono_Continuous\Audio\OD1\G93-54304-OD1-D7.5-21169.wav,998
Mono_Continuous,OD1,C:\TCC\Reproduzir_artigo\data\GUITAR-FX\Mono_Continuous\Audio\OD1\G93-56306-OD1-D3.8-21171.wav,998
Mono_Continuous,OD1,C:\TCC\Reproduzir_artigo\data\GUITAR-FX\Mono_Continuous\Audio\OD1\G93-57402-OD1-D2.4-21180.wav,998
Mono_Continuous,OD1,C:\TCC\Reproduzir_artigo\data\GUITAR-FX\Mono_Continuous\Audio\OD1\G93-58308-OD1-D5.1-21173.wav,998
Mono_Continuous,OD1,C:\TCC\Reproduzir_artigo\data\GUITAR-FX\Mono_Continuous\Audio\OD1\G93-58308-OD1-D7-21173.wav,998
Mono_Continuous,OD1,C:\TCC\Reproduzir_artigo\data\GUITAR-FX\Mono_Continuous\Audio\OD1\G93-58308-OD1-D9.4-21173.wav,998
Mono_Continuous,OD1,C:\TCC\Reproduzir_artigo\data\GUITAR-FX\Mono_Continuous\Audio\OD1\G93-60310-OD1-D3.1-21175.wav,998
Mono_Continuous,OD1,C:\TCC\Reproduzir_artigo\data\GUITAR-FX\Mono_Continuous\Audio\OD1\G93-62312-OD1-D5.6-21177.wav,998
Mono_Continuous,OD1,C:\TCC\Reproduzir_artigo\data\GUITAR-FX\Mono_Continuous\Audio\OD1\G93-63504-OD1-D2.7-21195.wav,998
Mono_Continuous,OD1,C:\TCC\Reproduzir_artigo\data\GUITAR-FX\Mono_Continuous\Audio\OD1\G93-64505-OD1-D6.2-21196.wav,998
Mono_Continuous,OD1,C:\TCC\Reproduzir_artigo\data\GUITAR-FX\Mono_Continuous\Audio\OD1\G93-65506-OD1-D8.2-21197.wav,998
Mono_Continuous,OD1,C:\TCC\Reproduzir_artigo\data\GUITAR-FX\Mono_Continuous\Audio\OD1\G93-66507-OD1-D2.7-21198.wav,998
Mono_Continuous,OD1,C:\TCC\Reproduzir_artigo\data\GUITAR-FX\Mono_Continuous\Audio\OD1\G93-67412-OD1-D4.1-21190.wav,998
Mono_Continuous,OD1,C:\TCC\Reproduzir_artigo\data\GUITAR-FX\Mono_Continuous\Audio\OD1\G93-67508-OD1-D10-21199.wav,998
Mono_Continuous,OD1,C:\TCC\Reproduzir_artigo\data\GUITAR-FX\Mono_Continuous\Audio\OD1\G93-67508-OD1-D9.2-21199.wav,998
Mono_Continuous,OD1,C:\TCC\Reproduzir_artigo\data\GUITAR-FX\Mono_Continuous\Audio\OD1\G93-68509-OD1-D9.9-21200.wav,998
Mono_Continuous,OD1,C:\TCC\Reproduzir_artigo\data\GUITAR-FX\Mono_Continuous\Audio\OD1\G93-70511-OD1-D3.9-21202.wav,998
Mono_Continuous,OD1,C:\TCC\Reproduzir_artigo\data\GUITAR-FX\Mono_Continuous\Audio\OD1\G93-70606-OD1-D8.8-21210.wav,998
Mono_Continuous,OD1,C:\TCC\Reproduzir_artigo\data\GUITAR-FX\Mono_Continuous\Audio\OD1\G93-75611-OD1-D2.7-21215.wav,998
Mono_Continuous,OD1,C:\TCC\Reproduzir_artigo\data\GUITAR-FX\Mono_Continuous\Audio\OD1\G93-75611-OD1-D8.2-21215.wav,998
Mono_Continuous,RAT,C:\TCC\Reproduzir_artigo\data\GUITAR-FX\Mono_Continuous\Audio\RAT\G61-45105-RAT-D7.6F10-20598.wav,998
Mono_Continuous,RAT,C:\TCC\Reproduzir_artigo\data\GUITAR-FX\Mono_Continuous\Audio\RAT\G61-47202-RAT-D8.8F9.5-20608.wav,998
Mono_Continuous,RAT,C:\TCC\Reproduzir_artigo\data\GUITAR-FX\Mono_Continuous\Audio\RAT\G61-48108-RAT-D2.3F9.6-20601.wav,998
Mono_Continuous,RAT,C:\TCC\Reproduzir_artigo\data\GUITAR-FX\Mono_Continuous\Audio\RAT\G61-48108-RAT-D5.1F9.3-20601.wav,998
Mono_Continuous,RAT,C:\TCC\Reproduzir_artigo\data\GUITAR-FX\Mono_Continuous\Audio\RAT\G61-48108-RAT-D8.2F7-20601.wav,998
Mono_Continuous,RAT,C:\TCC\Reproduzir_artigo\data\GUITAR-FX\Mono_Continuous\Audio\RAT\G61-49109-RAT-D6.6F3.2-20602.wav,998
Mono_Continuous,RAT,C:\TCC\Reproduzir_artigo\data\GUITAR-FX\Mono_Continuous\Audio\RAT\G61-49204-RAT-D7.2F5-20610.wav,998
Mono_Continuous,RAT,C:\TCC\Reproduzir_artigo\data\GUITAR-FX\Mono_Continuous\Audio\RAT\G61-49204-RAT-D8.6F3.3-20610.wav,998
Mono_Continuous,RAT,C:\TCC\Reproduzir_artigo\data\GUITAR-FX\Mono_Continuous\Audio\RAT\G61-50300-RAT-D4.9F5.2-20619.wav,998
Mono_Continuous,RAT,C:\TCC\Reproduzir_artigo\data\GUITAR-FX\Mono_Continuous\Audio\RAT\G61-52112-RAT-D5.4F0.3-20605.wav,998
Mono_Continuous,RAT,C:\TCC\Reproduzir_artigo\data\GUITAR-FX\Mono_Continuous\Audio\RAT\G61-52207-RAT-D2.6F5.4-20613.wav,998
Mono_Continuous,RAT,C:\TCC\Reproduzir_artigo\data\GUITAR-FX\Mono_Continuous\Audio\RAT\G61-52207-RAT-D8.4F6.5-20613.wav,998
Mono_Continuous,RAT,C:\TCC\Reproduzir_artigo\data\GUITAR-FX\Mono_Continuous\Audio\RAT\G61-53208-RAT-D6.5F0.1-20614.wav,998
Mono_Continuous,RAT,C:\TCC\Reproduzir_artigo\data\GUITAR-FX\Mono_Continuous\Audio\RAT\G61-53303-RAT-D9.9F1.6-20622.wav,998
Mono_Continuous,RAT,C:\TCC\Reproduzir_artigo\data\GUITAR-FX\Mono_Continuous\Audio\RAT\G61-55210-RAT-D9.1F1.2-20616.wav,998
Mono_Continuous,RAT,C:\TCC\Reproduzir_artigo\data\GUITAR-FX\Mono_Continuous\Audio\RAT\G61-55305-RAT-D8.6F1.9-20624.wav,998
Mono_Continuous,RAT,C:\TCC\Reproduzir_artigo\data\GUITAR-FX\Mono_Continuous\Audio\RAT\G61-56401-RAT-D8.4F6.5-20633.wav,998
Mono_Continuous,RAT,C:\TCC\Reproduzir_artigo\data\GUITAR-FX\Mono_Continuous\Audio\RAT\G61-57307-RAT-D8F9.9-20626.wav,998
Mono_Continuous,RAT,C:\TCC\Reproduzir_artigo\data\GUITAR-FX\Mono_Continuous\Audio\RAT\G61-58308-RAT-D9.5F4.3-20627.wav,998
Mono_Continuous,RAT,C:\TCC\Reproduzir_artigo\data\GUITAR-FX\Mono_Continuous\Audio\RAT\G61-58403-RAT-D3.6F3.2-20635.wav,998
Mono_Continuous,RAT,C:\TCC\Reproduzir_artigo\data\GUITAR-FX\Mono_Continuous\Audio\RAT\G61-59309-RAT-D7.4F8.1-20628.wav,998
Mono_Continuous,RAT,C:\TCC\Reproduzir_artigo\data\GUITAR-FX\Mono_Continuous\Audio\RAT\G61-59309-RAT-D7.4F9.8-20628.wav,998
Mono_Continuous,RAT,C:\TCC\Reproduzir_artigo\data\GUITAR-FX\Mono_Continuous\Audio\RAT\G61-59404-RAT-D8F5.4-20636.wav,998
Mono_Continuous,RAT,C:\TCC\Reproduzir_artigo\data\GUITAR-FX\Mono_Continuous\Audio\RAT\G61-60310-RAT-D3.1F2.2-20629.wav,998
Mono_Continuous,RAT,C:\TCC\Reproduzir_artigo\data\GUITAR-FX\Mono_Continuous\Audio\RAT\G61-60501-RAT-D4.8F9.9-20646.wav,998
Mono_Continuous,RAT,C:\TCC\Reproduzir_artigo\data\GUITAR-FX\Mono_Continuous\Audio\RAT\G61-60501-RAT-D8.1F4.6-20646.wav,998
Mono_Continuous,RAT,C:\TCC\Reproduzir_artigo\data\GUITAR-FX\Mono_Continuous\Audio\RAT\G61-62312-RAT-D5.1F4.4-20631.wav,998
Mono_Continuous,RAT,C:\TCC\Reproduzir_artigo\data\GUITAR-FX\Mono_Continuous\Audio\RAT\G61-62407-RAT-D2.7F0-20639.wav,998
Mono_Continuous,RAT,C:\TCC\Reproduzir_artigo\data\GUITAR-FX\Mono_Continuous\Audio\RAT\G61-62503-RAT-D4.9F8.6-20648.wav,998
Mono_Continuous,RAT,C:\TCC\Reproduzir_artigo\data\GUITAR-FX\Mono_Continuous\Audio\RAT\G61-63408-RAT-D2.5F8.3-20640.wav,998
Mono_Continuous,RAT,C:\TCC\Reproduzir_artigo\data\GUITAR-FX\Mono_Continuous\Audio\RAT\G61-63408-RAT-D6.8F0.3-20640.wav,998
Mono_Continuous,RAT,C:\TCC\Reproduzir_artigo\data\GUITAR-FX\Mono_Continuous\Audio\RAT\G61-63504-RAT-D8.2F7.6-20649.wav,998
Mono_Continuous,RAT,C:\TCC\Reproduzir_artigo\data\GUITAR-FX\Mono_Continuous\Audio\RAT\G61-64409-RAT-D3.3F6.5-20641.wav,998
Mono_Continuous,RAT,C:\TCC\Reproduzir_artigo\data\GUITAR-FX\Mono_Continuous\Audio\RAT\G61-65506-RAT-D3.8F4.6-20651.wav,998
Mono_Continuous,RAT,C:\TCC\Reproduzir_artigo\data\GUITAR-FX\Mono_Continuous\Audio\RAT\G61-65601-RAT-D8.1F3.5-20659.wav,998
Mono_Continuous,RAT,C:\TCC\Reproduzir_artigo\data\GUITAR-FX\Mono_Continuous\Audio\RAT\G61-65601-RAT-D9.9F8.3-20659.wav,998
Mono_Continuous,RAT,C:\TCC\Reproduzir_artigo\data\GUITAR-FX\Mono_Continuous\Audio\RAT\G61-68509-RAT-D6.8F4-20654.wav,998
Mono_Continuous,RAT,C:\TCC\Reproduzir_artigo\data\GUITAR-FX\Mono_Continuous\Audio\RAT\G61-70606-RAT-D7.8F6.4-20664.wav,998
Mono_Continuous,RAT,C:\TCC\Reproduzir_artigo\data\GUITAR-FX\Mono_Continuous\Audio\RAT\G61-73609-RAT-D2.9F6-20667.wav,998
Mono_Continuous,RAT,C:\TCC\Reproduzir_artigo\data\GUITAR-FX\Mono_Continuous\Audio\RAT\G61-73609-RAT-D7F8.5-20667.wav,998
Mono_Continuous,RAT,C:\TCC\Reproduzir_artigo\data\GUITAR-FX\Mono_Continuous\Audio\RAT\G61-74610-RAT-D6.8F7.4-20668.wav,998
Mono_Continuous,RAT,C:\TCC\Reproduzir_artigo\data\GUITAR-FX\Mono_Continuous\Audio\RAT\G63-42102-RAT-D7.7F8.3-20673.wav,998
Mono_Continuous,RAT,C:\TCC\Reproduzir_artigo\data\GUITAR-FX\Mono_Continuous\Audio\RAT\G63-42102-RAT-D9.9F6.1-20673.wav,998
Mono_Continuous,RAT,C:\TCC\Reproduzir_artigo\data\GUITAR-FX\Mono_Continuous\Audio\RAT\G63-44104-RAT-D4.9F9.5-20675.wav,998
Mono_Continuous,RAT,C:\TCC\Reproduzir_artigo\data\GUITAR-FX\Mono_Continuous\Audio\RAT\G63-48108-RAT-D9.2F1.5-20679.wav,998
Mono_Continuous,RAT,C:\TCC\Reproduzir_artigo\data\GUITAR-FX\Mono_Continuous\Audio\RAT\G63-53303-RAT-D8.3F2.7-20700.wav,998
Mono_Continuous,RAT,C:\TCC\Reproduzir_artigo\data\GUITAR-FX\Mono_Continuous\Audio\RAT\G63-53303-RAT-D9.8F4.1-20700.wav,998
Mono_Continuous,RAT,C:\TCC\Reproduzir_artigo\data\GUITAR-FX\Mono_Continuous\Audio\RAT\G63-54209-RAT-D3.7F4.5-20693.wav,998
Mono_Continuous,RAT,C:\TCC\Reproduzir_artigo\data\GUITAR-FX\Mono_Continuous\Audio\RAT\G63-56306-RAT-D6.8F5-20703.wav,998
Mono_Continuous,RAT,C:\TCC\Reproduzir_artigo\data\GUITAR-FX\Mono_Continuous\Audio\RAT\G63-57307-RAT-D2.1F6.5-20704.wav,998
Mono_Continuous,RAT,C:\TCC\Reproduzir_artigo\data\GUITAR-FX\Mono_Continuous\Audio\RAT\G63-57402-RAT-D3.1F5.8-20712.wav,998
Mono_Continuous,RAT,C:\TCC\Reproduzir_artigo\data\GUITAR-FX\Mono_Continuous\Audio\RAT\G63-59500-RAT-D3.2F4.2-20723.wav,998
Mono_Continuous,RAT,C:\TCC\Reproduzir_artigo\data\GUITAR-FX\Mono_Continuous\Audio\RAT\G63-61406-RAT-D6F7.3-20716.wav,998
Mono_Continuous,RAT,C:\TCC\Reproduzir_artigo\data\GUITAR-FX\Mono_Continuous\Audio\RAT\G63-66411-RAT-D8.3F6.3-20721.wav,998
Mono_Continuous,RAT,C:\TCC\Reproduzir_artigo\data\GUITAR-FX\Mono_Continuous\Audio\RAT\G63-66507-RAT-D3.8F5.5-20730.wav,998
Mono_Continuous,RAT,C:\TCC\Reproduzir_artigo\data\GUITAR-FX\Mono_Continuous\Audio\RAT\G63-66507-RAT-D8F8.7-20730.wav,998
Mono_Continuous,RAT,C:\TCC\Reproduzir_artigo\data\GUITAR-FX\Mono_Continuous\Audio\RAT\G63-66602-RAT-D6F4.6-20738.wav,998
Mono_Continuous,RAT,C:\TCC\Reproduzir_artigo\data\GUITAR-FX\Mono_Continuous\Audio\RAT\G63-66602-RAT-D8.4F7.4-20738.wav,998
Mono_Continuous,RAT,C:\TCC\Reproduzir_artigo\data\GUITAR-FX\Mono_Continuous\Audio\RAT\G63-68604-RAT-D8.9F0.1-20740.wav,998
Mono_Continuous,RAT,C:\TCC\Reproduzir_artigo\data\GUITAR-FX\Mono_Continuous\Audio\RAT\G63-70606-RAT-D4.9F3.7-20742.wav,998
Mono_Continuous,RAT,C:\TCC\Reproduzir_artigo\data\GUITAR-FX\Mono_Continuous\Audio\RAT\G63-71512-RAT-D8.7F1.8-20735.wav,998
Mono_Continuous,RAT,C:\TCC\Reproduzir_artigo\data\GUITAR-FX\Mono_Continuous\Audio\RAT\G63-75611-RAT-D4.5F8-20747.wav,998
Mono_Continuous,RAT,C:\TCC\Reproduzir_artigo\data\GUITAR-FX\Mono_Continuous\Audio\RAT\G71-42102-RAT-D9.2F5.5-20751.wav,998
Mono_Continuous,RAT,C:\TCC\Reproduzir_artigo\data\GUITAR-FX\Mono_Continuous\Audio\RAT\G71-45200-RAT-D2.8F6.2-20762.wav,998
Mono_Continuous,RAT,C:\TCC\Reproduzir_artigo\data\GUITAR-FX\Mono_Continuous\Audio\RAT\G71-48108-RAT-D4.6F9.2-20757.wav,998
Mono_Continuous,RAT,C:\TCC\Reproduzir_artigo\data\GUITAR-FX\Mono_Continuous\Audio\RAT\G71-48203-RAT-D2.8F8.8-20765.wav,998
Mono_Continuous,RAT,C:\TCC\Reproduzir_artigo\data\GUITAR-FX\Mono_Continuous\Audio\RAT\G71-49109-RAT-D2.5F1-20758.wav,998
Mono_Continuous,RAT,C:\TCC\Reproduzir_artigo\data\GUITAR-FX\Mono_Continuous\Audio\RAT\G71-49204-RAT-D8.9F1.7-20766.wav,998
Mono_Continuous,RAT,C:\TCC\Reproduzir_artigo\data\GUITAR-FX\Mono_Continuous\Audio\RAT\G71-50205-RAT-D3.4F3-20767.wav,998
Mono_Continuous,RAT,C:\TCC\Reproduzir_artigo\data\GUITAR-FX\Mono_Continuous\Audio\RAT\G71-50205-RAT-D7.9F5.2-20767.wav,998
Mono_Continuous,RAT,C:\TCC\Reproduzir_artigo\data\GUITAR-FX\Mono_Continuous\Audio\RAT\G71-51301-RAT-D6.2F0.3-20776.wav,998
Mono_Continuous,RAT,C:\TCC\Reproduzir_artigo\data\GUITAR-FX\Mono_Continuous\Audio\RAT\G71-53303-RAT-D5.4F6.9-20778.wav,998
Mono_Continuous,RAT,C:\TCC\Reproduzir_artigo\data\GUITAR-FX\Mono_Continuous\Audio\RAT\G71-54304-RAT-D7.3F8.4-20779.wav,998
Mono_Continuous,RAT,C:\TCC\Reproduzir_artigo\data\GUITAR-FX\Mono_Continuous\Audio\RAT\G71-56306-RAT-D4F6.5-20781.wav,998
Mono_Continuous,RAT,C:\TCC\Reproduzir_artigo\data\GUITAR-FX\Mono_Continuous\Audio\RAT\G71-59404-RAT-D8.3F1.3-20792.wav,998
Mono_Continuous,RAT,C:\TCC\Reproduzir_artigo\data\GUITAR-FX\Mono_Continuous\Audio\RAT\G71-59500-RAT-D3F9.5-20801.wav,998
Mono_Continuous,RAT,C:\TCC\Reproduzir_artigo\data\GUITAR-FX\Mono_Continuous\Audio\RAT\G71-59500-RAT-D7.1F6.5-20801.wav,998
Mono_Continuous,RAT,C:\TCC\Reproduzir_artigo\data\GUITAR-FX\Mono_Continuous\Audio\RAT\G71-62312-RAT-D3.5F3.3-20787.wav,998
Mono_Continuous,RAT,C:\TCC\Reproduzir_artigo\data\GUITAR-FX\Mono_Continuous\Audio\RAT\G71-63408-RAT-D7F3.5-20796.wav,998
Mono_Continuous,RAT,C:\TCC\Reproduzir_artigo\data\GUITAR-FX\Mono_Continuous\Audio\RAT\G71-63504-RAT-D2.3F3.7-20805.wav,998
Mono_Continuous,RAT,C:\TCC\Reproduzir_artigo\data\GUITAR-FX\Mono_Continuous\Audio\RAT\G71-63504-RAT-D4.2F7.6-20805.wav,998
Mono_Continuous,RAT,C:\TCC\Reproduzir_artigo\data\GUITAR-FX\Mono_Continuous\Audio\RAT\G71-63504-RAT-D8.5F2.3-20805.wav,998
Mono_Continuous,RAT,C:\TCC\Reproduzir_artigo\data\GUITAR-FX\Mono_Continuous\Audio\RAT\G71-64600-RAT-D3.9F2-20814.wav,998
Mono_Continuous,RAT,C:\TCC\Reproduzir_artigo\data\GUITAR-FX\Mono_Continuous\Audio\RAT\G71-65601-RAT-D3.8F5.3-20815.wav,998
Mono_Continuous,RAT,C:\TCC\Reproduzir_artigo\data\GUITAR-FX\Mono_Continuous\Audio\RAT\G71-66507-RAT-D9.5F9-20808.wav,998
Mono_Continuous,RAT,C:\TCC\Reproduzir_artigo\data\GUITAR-FX\Mono_Continuous\Audio\RAT\G71-68509-RAT-D2.3F5.8-20810.wav,998
Mono_Continuous,RAT,C:\TCC\Reproduzir_artigo\data\GUITAR-FX\Mono_Continuous\Audio\RAT\G71-70511-RAT-D8.8F5.7-20812.wav,998
Mono_Continuous,RAT,C:\TCC\Reproduzir_artigo\data\GUITAR-FX\Mono_Continuous\Audio\RAT\G71-70606-RAT-D8.4F1.7-20820.wav,998
Mono_Continuous,RAT,C:\TCC\Reproduzir_artigo\data\GUITAR-FX\Mono_Continuous\Audio\RAT\G71-73609-RAT-D8.1F1.9-20823.wav,998
Mono_Continuous,RAT,C:\TCC\Reproduzir_artigo\data\GUITAR-FX\Mono_Continuous\Audio\RAT\G71-75611-RAT-D7.4F3.7-20825.wav,998
Mono_Continuous,RAT,C:\TCC\Reproduzir_artigo\data\GUITAR-FX\Mono_Continuous\Audio\RAT\G73-40100-RAT-D7.5F4.5-20827.wav,998
Mono_Continuous,RAT,C:\TCC\Reproduzir_artigo\data\GUITAR-FX\Mono_Continuous\Audio\RAT\G73-44104-RAT-D8.5F1.3-20831.wav,998
Mono_Continuous,RAT,C:\TCC\Reproduzir_artigo\data\GUITAR-FX\Mono_Continuous\Audio\RAT\G73-45105-RAT-D5.2F1.8-20832.wav,998
Mono_Continuous,RAT,C:\TCC\Reproduzir_artigo\data\GUITAR-FX\Mono_Continuous\Audio\RAT\G73-45105-RAT-D5.7F7.9-20832.wav,998
Mono_Continuous,RAT,C:\TCC\Reproduzir_artigo\data\GUITAR-FX\Mono_Continuous\Audio\RAT\G73-45105-RAT-D8.9F1.4-20832.wav,998
Mono_Continuous,RAT,C:\TCC\Reproduzir_artigo\data\GUITAR-FX\Mono_Continuous\Audio\RAT\G73-46201-RAT-D7.5F0.5-20841.wav,998
Mono_Continuous,RAT,C:\TCC\Reproduzir_artigo\data\GUITAR-FX\Mono_Continuous\Audio\RAT\G73-49109-RAT-D4.3F8.9-20836.wav,998
Mono_Continuous,RAT,C:\TCC\Reproduzir_artigo\data\GUITAR-FX\Mono_Continuous\Audio\RAT\G73-50110-RAT-D4.8F4.1-20837.wav,998
Mono_Continuous,RAT,C:\TCC\Reproduzir_artigo\data\GUITAR-FX\Mono_Continuous\Audio\RAT\G73-50300-RAT-D2.5F3.1-20853.wav,998
Mono_Continuous,RAT,C:\TCC\Reproduzir_artigo\data\GUITAR-FX\Mono_Continuous\Audio\RAT\G73-50300-RAT-D2.5F7.3-20853.wav,998
Mono_Continuous,RAT,C:\TCC\Reproduzir_artigo\data\GUITAR-FX\Mono_Continuous\Audio\RAT\G73-53303-RAT-D6.6F6.6-20856.wav,998
Mono_Continuous,RAT,C:\TCC\Reproduzir_artigo\data\GUITAR-FX\Mono_Continuous\Audio\RAT\G73-55400-RAT-D2.5F3.4-20866.wav,998
Mono_Continuous,RAT,C:\TCC\Reproduzir_artigo\data\GUITAR-FX\Mono_Continuous\Audio\RAT\G73-55400-RAT-D3.3F3.8-20866.wav,998
Mono_Continuous,RAT,C:\TCC\Reproduzir_artigo\data\GUITAR-FX\Mono_Continuous\Audio\RAT\G73-55400-RAT-D3.8F7.2-20866.wav,998
Mono_Continuous,RAT,C:\TCC\Reproduzir_artigo\data\GUITAR-FX\Mono_Continuous\Audio\RAT\G73-56211-RAT-D6.1F7.5-20851.wav,998
Mono_Continuous,RAT,C:\TCC\Reproduzir_artigo\data\GUITAR-FX\Mono_Continuous\Audio\RAT\G73-57212-RAT-D4.7F3.8-20852.wav,998
Mono_Continuous,RAT,C:\TCC\Reproduzir_artigo\data\GUITAR-FX\Mono_Continuous\Audio\RAT\G73-57212-RAT-D5.5F0.6-20852.wav,998
Mono_Continuous,RAT,C:\TCC\Reproduzir_artigo\data\GUITAR-FX\Mono_Continuous\Audio\RAT\G73-57402-RAT-D2.3F1-20868.wav,998
Mono_Continuous,RAT,C:\TCC\Reproduzir_artigo\data\GUITAR-FX\Mono_Continuous\Audio\RAT\G73-57402-RAT-D3.5F2.6-20868.wav,998
Mono_Continuous,RAT,C:\TCC\Reproduzir_artigo\data\GUITAR-FX\Mono_Continuous\Audio\RAT\G73-58308-RAT-D5.5F9.3-20861.wav,998
Mono_Continuous,RAT,C:\TCC\Reproduzir_artigo\data\GUITAR-FX\Mono_Continuous\Audio\RAT\G73-59404-RAT-D5.2F1.2-20870.wav,998
Mono_Continuous,RAT,C:\TCC\Reproduzir_artigo\data\GUITAR-FX\Mono_Continuous\Audio\RAT\G73-60310-RAT-D9.7F4.6-20863.wav,998
Mono_Continuous,RAT,C:\TCC\Reproduzir_artigo\data\GUITAR-FX\Mono_Continuous\Audio\RAT\G73-60501-RAT-D7.3F1.3-20880.wav,998
Mono_Continuous,RAT,C:\TCC\Reproduzir_artigo\data\GUITAR-FX\Mono_Continuous\Audio\RAT\G73-60501-RAT-D9F7.5-20880.wav,998
Mono_Continuous,RAT,C:\TCC\Reproduzir_artigo\data\GUITAR-FX\Mono_Continuous\Audio\RAT\G73-62407-RAT-D3.1F0.6-20873.wav,998
Mono_Continuous,RAT,C:\TCC\Reproduzir_artigo\data\GUITAR-FX\Mono_Continuous\Audio\RAT\G73-62503-RAT-D7F0.7-20882.wav,998
Mono_Continuous,RAT,C:\TCC\Reproduzir_artigo\data\GUITAR-FX\Mono_Continuous\Audio\RAT\G73-63504-RAT-D7.9F3.6-20883.wav,998
Mono_Continuous,RAT,C:\TCC\Reproduzir_artigo\data\GUITAR-FX\Mono_Continuous\Audio\RAT\G73-65410-RAT-D4.8F8.7-20876.wav,998
Mono_Continuous,RAT,C:\TCC\Reproduzir_artigo\data\GUITAR-FX\Mono_Continuous\Audio\RAT\G73-65506-RAT-D9.9F2-20885.wav,998
Mono_Continuous,RAT,C:\TCC\Reproduzir_artigo\data\GUITAR-FX\Mono_Continuous\Audio\RAT\G73-66507-RAT-D4.5F7-20886.wav,998
Mono_Continuous,RAT,C:\TCC\Reproduzir_artigo\data\GUITAR-FX\Mono_Continuous\Audio\RAT\G73-67508-RAT-D8.1F9.7-20887.wav,998
Mono_Continuous,RAT,C:\TCC\Reproduzir_artigo\data\GUITAR-FX\Mono_Continuous\Audio\RAT\G73-67508-RAT-D8.9F9-20887.wav,998
Mono_Continuous,RAT,C:\TCC\Reproduzir_artigo\data\GUITAR-FX\Mono_Continuous\Audio\RAT\G73-67603-RAT-D2.1F6.7-20895.wav,998
Mono_Continuous,RAT,C:\TCC\Reproduzir_artigo\data\GUITAR-FX\Mono_Continuous\Audio\RAT\G73-72608-RAT-D9F5.2-20900.wav,998
Mono_Continuous,RAT,C:\TCC\Reproduzir_artigo\data\GUITAR-FX\Mono_Continuous\Audio\RAT\G73-75611-RAT-D7F3.5-20903.wav,998
Mono_Continuous,RAT,C:\TCC\Reproduzir_artigo\data\GUITAR-FX\Mono_Continuous\Audio\RAT\G73-76612-RAT-D7.8F3.3-20904.wav,998
Mono_Continuous,RAT,C:\TCC\Reproduzir_artigo\data\GUITAR-FX\Mono_Continuous\Audio\RAT\G81-43103-RAT-D2.6F0.8-20908.wav,998
Mono_Continuous,RAT,C:\TCC\Reproduzir_artigo\data\GUITAR-FX\Mono_Continuous\Audio\RAT\G81-43103-RAT-D7.3F1.2-20908.wav,998
Mono_Continuous,RAT,C:\TCC\Reproduzir_artigo\data\GUITAR-FX\Mono_Continuous\Audio\RAT\G81-45200-RAT-D5.9F9.4-20918.wav,998
Mono_Continuous,RAT,C:\TCC\Reproduzir_artigo\data\GUITAR-FX\Mono_Continuous\Audio\RAT\G81-47107-RAT-D3.1F2.9-20912.wav,998
Mono_Continuous,RAT,C:\TCC\Reproduzir_artigo\data\GUITAR-FX\Mono_Continuous\Audio\RAT\G81-47202-RAT-D7.5F9-20920.wav,998
Mono_Continuous,RAT,C:\TCC\Reproduzir_artigo\data\GUITAR-FX\Mono_Continuous\Audio\RAT\G81-48108-RAT-D3.2F0.3-20913.wav,998
Mono_Continuous,RAT,C:\TCC\Reproduzir_artigo\data\GUITAR-FX\Mono_Continuous\Audio\RAT\G81-51111-RAT-D9.4F9.7-20916.wav,998
Mono_Continuous,RAT,C:\TCC\Reproduzir_artigo\data\GUITAR-FX\Mono_Continuous\Audio\RAT\G81-51206-RAT-D3F6.8-20924.wav,998
Mono_Continuous,RAT,C:\TCC\Reproduzir_artigo\data\GUITAR-FX\Mono_Continuous\Audio\RAT\G81-51301-RAT-D9F6.5-20932.wav,998
Mono_Continuous,RAT,C:\TCC\Reproduzir_artigo\data\GUITAR-FX\Mono_Continuous\Audio\RAT\G81-52207-RAT-D4.3F3.7-20925.wav,998
Mono_Continuous,RAT,C:\TCC\Reproduzir_artigo\data\GUITAR-FX\Mono_Continuous\Audio\RAT\G81-52302-RAT-D7.9F8.5-20933.wav,998
Mono_Continuous,RAT,C:\TCC\Reproduzir_artigo\data\GUITAR-FX\Mono_Continuous\Audio\RAT\G81-53208-RAT-D5.5F2.3-20926.wav,998
Mono_Continuous,RAT,C:\TCC\Reproduzir_artigo\data\GUITAR-FX\Mono_Continuous\Audio\RAT\G81-54209-RAT-D3.6F6.9-20927.wav,998
Mono_Continuous,RAT,C:\TCC\Reproduzir_artigo\data\GUITAR-FX\Mono_Continuous\Audio\RAT\G81-55305-RAT-D8F6.1-20936.wav,998
Mono_Continuous,RAT,C:\TCC\Reproduzir_artigo\data\GUITAR-FX\Mono_Continuous\Audio\RAT\G81-56211-RAT-D5.2F6-20929.wav,998
Mono_Continuous,RAT,C:\TCC\Reproduzir_artigo\data\GUITAR-FX\Mono_Continuous\Audio\RAT\G81-56211-RAT-D8.4F2.6-20929.wav,998
Mono_Continuous,RAT,C:\TCC\Reproduzir_artigo\data\GUITAR-FX\Mono_Continuous\Audio\RAT\G81-56401-RAT-D5.7F5.4-20945.wav,998
Mono_Continuous,RAT,C:\TCC\Reproduzir_artigo\data\GUITAR-FX\Mono_Continuous\Audio\RAT\G81-57212-RAT-D6.2F9.6-20930.wav,998
Mono_Continuous,RAT,C:\TCC\Reproduzir_artigo\data\GUITAR-FX\Mono_Continuous\Audio\RAT\G81-57402-RAT-D9.2F9.5-20946.wav,998
Mono_Continuous,RAT,C:\TCC\Reproduzir_artigo\data\GUITAR-FX\Mono_Continuous\Audio\RAT\G81-58403-RAT-D4.9F8.6-20947.wav,998
Mono_Continuous,RAT,C:\TCC\Reproduzir_artigo\data\GUITAR-FX\Mono_Continuous\Audio\RAT\G81-59500-RAT-D9.7F3.3-20957.wav,998
Mono_Continuous,RAT,C:\TCC\Reproduzir_artigo\data\GUITAR-FX\Mono_Continuous\Audio\RAT\G81-60405-RAT-D3.9F3.9-20949.wav,998
Mono_Continuous,RAT,C:\TCC\Reproduzir_artigo\data\GUITAR-FX\Mono_Continuous\Audio\RAT\G81-60405-RAT-D5.7F0.6-20949.wav,998
Mono_Continuous,RAT,C:\TCC\Reproduzir_artigo\data\GUITAR-FX\Mono_Continuous\Audio\RAT\G81-61406-RAT-D7.2F7.4-20950.wav,998
Mono_Continuous,RAT,C:\TCC\Reproduzir_artigo\data\GUITAR-FX\Mono_Continuous\Audio\RAT\G81-62503-RAT-D2.9F8.1-20960.wav,998
Mono_Continuous,RAT,C:\TCC\Reproduzir_artigo\data\GUITAR-FX\Mono_Continuous\Audio\RAT\G81-63408-RAT-D6.6F4.9-20952.wav,998
Mono_Continuous,RAT,C:\TCC\Reproduzir_artigo\data\GUITAR-FX\Mono_Continuous\Audio\RAT\G81-64409-RAT-D6.1F7.4-20953.wav,998
Mono_Continuous,RAT,C:\TCC\Reproduzir_artigo\data\GUITAR-FX\Mono_Continuous\Audio\RAT\G81-64409-RAT-D9.1F2-20953.wav,998
Mono_Continuous,RAT,C:\TCC\Reproduzir_artigo\data\GUITAR-FX\Mono_Continuous\Audio\RAT\G81-66411-RAT-D8.5F9-20955.wav,998
Mono_Continuous,RAT,C:\TCC\Reproduzir_artigo\data\GUITAR-FX\Mono_Continuous\Audio\RAT\G81-73609-RAT-D4.9F4.9-20979.wav,998
Mono_Continuous,RAT,C:\TCC\Reproduzir_artigo\data\GUITAR-FX\Mono_Continuous\Audio\RAT\G81-73609-RAT-D8.2F2.8-20979.wav,998
Mono_Continuous,RAT,C:\TCC\Reproduzir_artigo\data\GUITAR-FX\Mono_Continuous\Audio\RAT\G81-74610-RAT-D9.6F9.2-20980.wav,998
Mono_Continuous,RAT,C:\TCC\Reproduzir_artigo\data\GUITAR-FX\Mono_Continuous\Audio\RAT\G81-75611-RAT-D2.6F7.9-20981.wav,998
Mono_Continuous,RAT,C:\TCC\Reproduzir_artigo\data\GUITAR-FX\Mono_Continuous\Audio\RAT\G83-40100-RAT-D4.6F5.2-20983.wav,998
Mono_Continuous,RAT,C:\TCC\Reproduzir_artigo\data\GUITAR-FX\Mono_Continuous\Audio\RAT\G83-41101-RAT-D8.9F8-20984.wav,998
Mono_Continuous,RAT,C:\TCC\Reproduzir_artigo\data\GUITAR-FX\Mono_Continuous\Audio\RAT\G83-43103-RAT-D6.8F3.8-20986.wav,998
Mono_Continuous,RAT,C:\TCC\Reproduzir_artigo\data\GUITAR-FX\Mono_Continuous\Audio\RAT\G83-43103-RAT-D7.9F2.6-20986.wav,998
Mono_Continuous,RAT,C:\TCC\Reproduzir_artigo\data\GUITAR-FX\Mono_Continuous\Audio\RAT\G83-45200-RAT-D8.4F4-20996.wav,998
Mono_Continuous,RAT,C:\TCC\Reproduzir_artigo\data\GUITAR-FX\Mono_Continuous\Audio\RAT\G83-46106-RAT-D7.6F1.9-20989.wav,998
Mono_Continuous,RAT,C:\TCC\Reproduzir_artigo\data\GUITAR-FX\Mono_Continuous\Audio\RAT\G83-49204-RAT-D5.4F3.5-21000.wav,998
Mono_Continuous,RAT,C:\TCC\Reproduzir_artigo\data\GUITAR-FX\Mono_Continuous\Audio\RAT\G83-50110-RAT-D8.1F3.3-20993.wav,998
Mono_Continuous,RAT,C:\TCC\Reproduzir_artigo\data\GUITAR-FX\Mono_Continuous\Audio\RAT\G83-50205-RAT-D3.6F2.5-21001.wav,998
Mono_Continuous,RAT,C:\TCC\Reproduzir_artigo\data\GUITAR-FX\Mono_Continuous\Audio\RAT\G83-50300-RAT-D3.1F0.3-21009.wav,998
Mono_Continuous,RAT,C:\TCC\Reproduzir_artigo\data\GUITAR-FX\Mono_Continuous\Audio\RAT\G83-50300-RAT-D8.7F2.6-21009.wav,998
Mono_Continuous,RAT,C:\TCC\Reproduzir_artigo\data\GUITAR-FX\Mono_Continuous\Audio\RAT\G83-52302-RAT-D3.1F1.2-21011.wav,998
Mono_Continuous,RAT,C:\TCC\Reproduzir_artigo\data\GUITAR-FX\Mono_Continuous\Audio\RAT\G83-53208-RAT-D8.2F8.4-21004.wav,998
Mono_Continuous,RAT,C:\TCC\Reproduzir_artigo\data\GUITAR-FX\Mono_Continuous\Audio\RAT\G83-55210-RAT-D5.6F1.3-21006.wav,998
Mono_Continuous,RAT,C:\TCC\Reproduzir_artigo\data\GUITAR-FX\Mono_Continuous\Audio\RAT\G83-56401-RAT-D6F6.9-21023.wav,998
Mono_Continuous,RAT,C:\TCC\Reproduzir_artigo\data\GUITAR-FX\Mono_Continuous\Audio\RAT\G83-57307-RAT-D3F4.3-21016.wav,998
Mono_Continuous,RAT,C:\TCC\Reproduzir_artigo\data\GUITAR-FX\Mono_Continuous\Audio\RAT\G83-57402-RAT-D2.2F6.1-21024.wav,998
Mono_Continuous,RAT,C:\TCC\Reproduzir_artigo\data\GUITAR-FX\Mono_Continuous\Audio\RAT\G83-57402-RAT-D6.7F9.4-21024.wav,998
Mono_Continuous,RAT,C:\TCC\Reproduzir_artigo\data\GUITAR-FX\Mono_Continuous\Audio\RAT\G83-57402-RAT-D7.4F6.7-21024.wav,998
Mono_Continuous,RAT,C:\TCC\Reproduzir_artigo\data\GUITAR-FX\Mono_Continuous\Audio\RAT\G83-58403-RAT-D3.3F2.6-21025.wav,998
Mono_Continuous,RAT,C:\TCC\Reproduzir_artigo\data\GUITAR-FX\Mono_Continuous\Audio\RAT\G83-58403-RAT-D4.9F8.8-21025.wav,998
Mono_Continuous,RAT,C:\TCC\Reproduzir_artigo\data\GUITAR-FX\Mono_Continuous\Audio\RAT\G83-59500-RAT-D7.5F1.8-21035.wav,998
Mono_Continuous,RAT,C:\TCC\Reproduzir_artigo\data\GUITAR-FX\Mono_Continuous\Audio\RAT\G83-60501-RAT-D4.3F1.2-21036.wav,998
Mono_Continuous,RAT,C:\TCC\Reproduzir_artigo\data\GUITAR-FX\Mono_Continuous\Audio\RAT\G83-60501-RAT-D4.8F8.1-21036.wav,998
Mono_Continuous,RAT,C:\TCC\Reproduzir_artigo\data\GUITAR-FX\Mono_Continuous\Audio\RAT\G83-62407-RAT-D4.8F5-21029.wav,998
Mono_Continuous,RAT,C:\TCC\Reproduzir_artigo\data\GUITAR-FX\Mono_Continuous\Audio\RAT\G83-63504-RAT-D4.7F9.9-21039.wav,998
Mono_Continuous,RAT,C:\TCC\Reproduzir_artigo\data\GUITAR-FX\Mono_Continuous\Audio\RAT\G83-63504-RAT-D5.9F7.9-21039.wav,998
Mono_Continuous,RAT,C:\TCC\Reproduzir_artigo\data\GUITAR-FX\Mono_Continuous\Audio\RAT\G83-64505-RAT-D5.1F4.7-21040.wav,998
Mono_Continuous,RAT,C:\TCC\Reproduzir_artigo\data\GUITAR-FX\Mono_Continuous\Audio\RAT\G83-66411-RAT-D6.3F1.8-21033.wav,998
Mono_Continuous,RAT,C:\TCC\Reproduzir_artigo\data\GUITAR-FX\Mono_Continuous\Audio\RAT\G83-67412-RAT-D10F4.1-21034.wav,998
Mono_Continuous,RAT,C:\TCC\Reproduzir_artigo\data\GUITAR-FX\Mono_Continuous\Audio\RAT\G83-67508-RAT-D6.8F1.2-21043.wav,998
Mono_Continuous,RAT,C:\TCC\Reproduzir_artigo\data\GUITAR-FX\Mono_Continuous\Audio\RAT\G83-68509-RAT-D5F7.8-21044.wav,998
Mono_Continuous,RAT,C:\TCC\Reproduzir_artigo\data\GUITAR-FX\Mono_Continuous\Audio\RAT\G83-70606-RAT-D7.6F7.9-21054.wav,998
Mono_Continuous,RAT,C:\TCC\Reproduzir_artigo\data\GUITAR-FX\Mono_Continuous\Audio\RAT\G83-71512-RAT-D2F7.9-21047.wav,998
Mono_Continuous,RAT,C:\TCC\Reproduzir_artigo\data\GUITAR-FX\Mono_Continuous\Audio\RAT\G83-71512-RAT-D3.9F1.6-21047.wav,998
Mono_Continuous,RAT,C:\TCC\Reproduzir_artigo\data\GUITAR-FX\Mono_Continuous\Audio\RAT\G83-72608-RAT-D7.3F1.9-21056.wav,998
Mono_Continuous,RAT,C:\TCC\Reproduzir_artigo\data\GUITAR-FX\Mono_Continuous\Audio\RAT\G83-72608-RAT-D7.7F6.8-21056.wav,998
Mono_Continuous,RAT,C:\TCC\Reproduzir_artigo\data\GUITAR-FX\Mono_Continuous\Audio\RAT\G83-75611-RAT-D7.4F2.5-21059.wav,998
Mono_Continuous,RAT,C:\TCC\Reproduzir_artigo\data\GUITAR-FX\Mono_Continuous\Audio\RAT\G83-76612-RAT-D3.2F1.7-21060.wav,998
Mono_Continuous,RAT,C:\TCC\Reproduzir_artigo\data\GUITAR-FX\Mono_Continuous\Audio\RAT\G91-45105-RAT-D8.8F2.9-21066.wav,998
Mono_Continuous,RAT,C:\TCC\Reproduzir_artigo\data\GUITAR-FX\Mono_Continuous\Audio\RAT\G91-50110-RAT-D7.8F0.5-21071.wav,998
Mono_Continuous,RAT,C:\TCC\Reproduzir_artigo\data\GUITAR-FX\Mono_Continuous\Audio\RAT\G91-50205-RAT-D4.5F1.8-21079.wav,998
Mono_Continuous,RAT,C:\TCC\Reproduzir_artigo\data\GUITAR-FX\Mono_Continuous\Audio\RAT\G91-50300-RAT-D3.5F7.5-21087.wav,998
Mono_Continuous,RAT,C:\TCC\Reproduzir_artigo\data\GUITAR-FX\Mono_Continuous\Audio\RAT\G91-52302-RAT-D9.5F9.5-21089.wav,998
Mono_Continuous,RAT,C:\TCC\Reproduzir_artigo\data\GUITAR-FX\Mono_Continuous\Audio\RAT\G91-53208-RAT-D8.4F3.5-21082.wav,998
Mono_Continuous,RAT,C:\TCC\Reproduzir_artigo\data\GUITAR-FX\Mono_Continuous\Audio\RAT\G91-54304-RAT-D6.6F7.8-21091.wav,998
Mono_Continuous,RAT,C:\TCC\Reproduzir_artigo\data\GUITAR-FX\Mono_Continuous\Audio\RAT\G91-55210-RAT-D4.1F3.7-21084.wav,998
Mono_Continuous,RAT,C:\TCC\Reproduzir_artigo\data\GUITAR-FX\Mono_Continuous\Audio\RAT\G91-55305-RAT-D5.8F1.6-21092.wav,998
Mono_Continuous,RAT,C:\TCC\Reproduzir_artigo\data\GUITAR-FX\Mono_Continuous\Audio\RAT\G91-56211-RAT-D5.5F3.9-21085.wav,998
Mono_Continuous,RAT,C:\TCC\Reproduzir_artigo\data\GUITAR-FX\Mono_Continuous\Audio\RAT\G91-56306-RAT-D3.8F6.5-21093.wav,998
Mono_Continuous,RAT,C:\TCC\Reproduzir_artigo\data\GUITAR-FX\Mono_Continuous\Audio\RAT\G91-59500-RAT-D8.1F7.8-21113.wav,998
Mono_Continuous,RAT,C:\TCC\Reproduzir_artigo\data\GUITAR-FX\Mono_Continuous\Audio\RAT\G91-62312-RAT-D8.7F9.6-21099.wav,998
Mono_Continuous,RAT,C:\TCC\Reproduzir_artigo\data\GUITAR-FX\Mono_Continuous\Audio\RAT\G91-64409-RAT-D6.2F7.8-21109.wav,998
Mono_Continuous,RAT,C:\TCC\Reproduzir_artigo\data\GUITAR-FX\Mono_Continuous\Audio\RAT\G91-64409-RAT-D7.5F4-21109.wav,998
Mono_Continuous,RAT,C:\TCC\Reproduzir_artigo\data\GUITAR-FX\Mono_Continuous\Audio\RAT\G91-66507-RAT-D8.8F3-21120.wav,998
Mono_Continuous,RAT,C:\TCC\Reproduzir_artigo\data\GUITAR-FX\Mono_Continuous\Audio\RAT\G91-67508-RAT-D3.7F7.7-21121.wav,998
Mono_Continuous,RAT,C:\TCC\Reproduzir_artigo\data\GUITAR-FX\Mono_Continuous\Audio\RAT\G91-67603-RAT-D8.4F4.3-21129.wav,998
Mono_Continuous,RAT,C:\TCC\Reproduzir_artigo\data\GUITAR-FX\Mono_Continuous\Audio\RAT\G91-67603-RAT-D9F3.7-21129.wav,998
Mono_Continuous,RAT,C:\TCC\Reproduzir_artigo\data\GUITAR-FX\Mono_Continuous\Audio\RAT\G91-70511-RAT-D4.9F1.1-21124.wav,998
Mono_Continuous,RAT,C:\TCC\Reproduzir_artigo\data\GUITAR-FX\Mono_Continuous\Audio\RAT\G91-71512-RAT-D2.6F5-21125.wav,998
Mono_Continuous,RAT,C:\TCC\Reproduzir_artigo\data\GUITAR-FX\Mono_Continuous\Audio\RAT\G91-72608-RAT-D2.1F9.1-21134.wav,998
Mono_Continuous,RAT,C:\TCC\Reproduzir_artigo\data\GUITAR-FX\Mono_Continuous\Audio\RAT\G91-76612-RAT-D4.6F7.5-21138.wav,998
Mono_Continuous,RAT,C:\TCC\Reproduzir_artigo\data\GUITAR-FX\Mono_Continuous\Audio\RAT\G93-44104-RAT-D5.8F6-21143.wav,998
Mono_Continuous,RAT,C:\TCC\Reproduzir_artigo\data\GUITAR-FX\Mono_Continuous\Audio\RAT\G93-45200-RAT-D5.3F2.1-21152.wav,998
Mono_Continuous,RAT,C:\TCC\Reproduzir_artigo\data\GUITAR-FX\Mono_Continuous\Audio\RAT\G93-46201-RAT-D5F0.6-21153.wav,998
Mono_Continuous,RAT,C:\TCC\Reproduzir_artigo\data\GUITAR-FX\Mono_Continuous\Audio\RAT\G93-50205-RAT-D5.9F4.7-21157.wav,998
Mono_Continuous,RAT,C:\TCC\Reproduzir_artigo\data\GUITAR-FX\Mono_Continuous\Audio\RAT\G93-51301-RAT-D3F0.6-21166.wav,998
Mono_Continuous,RAT,C:\TCC\Reproduzir_artigo\data\GUITAR-FX\Mono_Continuous\Audio\RAT\G93-51301-RAT-D9.6F4.2-21166.wav,998
Mono_Continuous,RAT,C:\TCC\Reproduzir_artigo\data\GUITAR-FX\Mono_Continuous\Audio\RAT\G93-52112-RAT-D2.2F9.3-21151.wav,998
Mono_Continuous,RAT,C:\TCC\Reproduzir_artigo\data\GUITAR-FX\Mono_Continuous\Audio\RAT\G93-52112-RAT-D2.5F4.1-21151.wav,998
Mono_Continuous,RAT,C:\TCC\Reproduzir_artigo\data\GUITAR-FX\Mono_Continuous\Audio\RAT\G93-52112-RAT-D6.2F3.4-21151.wav,998
Mono_Continuous,RAT,C:\TCC\Reproduzir_artigo\data\GUITAR-FX\Mono_Continuous\Audio\RAT\G93-52207-RAT-D6.9F6.9-21159.wav,998
Mono_Continuous,RAT,C:\TCC\Reproduzir_artigo\data\GUITAR-FX\Mono_Continuous\Audio\RAT\G93-54209-RAT-D5.3F4.2-21161.wav,998
Mono_Continuous,RAT,C:\TCC\Reproduzir_artigo\data\GUITAR-FX\Mono_Continuous\Audio\RAT\G93-55305-RAT-D9.2F4-21170.wav,998
Mono_Continuous,RAT,C:\TCC\Reproduzir_artigo\data\GUITAR-FX\Mono_Continuous\Audio\RAT\G93-56306-RAT-D5.3F9.2-21171.wav,998
Mono_Continuous,RAT,C:\TCC\Reproduzir_artigo\data\GUITAR-FX\Mono_Continuous\Audio\RAT\G93-57402-RAT-D5F6.2-21180.wav,998
Mono_Continuous,RAT,C:\TCC\Reproduzir_artigo\data\GUITAR-FX\Mono_Continuous\Audio\RAT\G93-58403-RAT-D7.1F3.8-21181.wav,998
Mono_Continuous,RAT,C:\TCC\Reproduzir_artigo\data\GUITAR-FX\Mono_Continuous\Audio\RAT\G93-59404-RAT-D3.7F5-21182.wav,998
Mono_Continuous,RAT,C:\TCC\Reproduzir_artigo\data\GUITAR-FX\Mono_Continuous\Audio\RAT\G93-60501-RAT-D9.5F5.5-21192.wav,998
Mono_Continuous,RAT,C:\TCC\Reproduzir_artigo\data\GUITAR-FX\Mono_Continuous\Audio\RAT\G93-62503-RAT-D3F6.7-21194.wav,998
Mono_Continuous,RAT,C:\TCC\Reproduzir_artigo\data\GUITAR-FX\Mono_Continuous\Audio\RAT\G93-63408-RAT-D3F0.2-21186.wav,998
Mono_Continuous,RAT,C:\TCC\Reproduzir_artigo\data\GUITAR-FX\Mono_Continuous\Audio\RAT\G93-65410-RAT-D7.2F6.4-21188.wav,998
Mono_Continuous,RAT,C:\TCC\Reproduzir_artigo\data\GUITAR-FX\Mono_Continuous\Audio\RAT\G93-65506-RAT-D4.9F4.2-21197.wav,998
Mono_Continuous,RAT,C:\TCC\Reproduzir_artigo\data\GUITAR-FX\Mono_Continuous\Audio\RAT\G93-66411-RAT-D4.9F8.4-21189.wav,998
Mono_Continuous,RAT,C:\TCC\Reproduzir_artigo\data\GUITAR-FX\Mono_Continuous\Audio\RAT\G93-67508-RAT-D10F0.1-21199.wav,998
Mono_Continuous,RAT,C:\TCC\Reproduzir_artigo\data\GUITAR-FX\Mono_Continuous\Audio\RAT\G93-69510-RAT-D8.6F8.3-21201.wav,998
Mono_Continuous,RAT,C:\TCC\Reproduzir_artigo\data\GUITAR-FX\Mono_Continuous\Audio\RAT\G93-70606-RAT-D7.5F7.9-21210.wav,998
Mono_Continuous,RAT,C:\TCC\Reproduzir_artigo\data\GUITAR-FX\Mono_Continuous\Audio\RAT\G93-70606-RAT-D7F1.1-21210.wav,998
Mono_Continuous,RAT,C:\TCC\Reproduzir_artigo\data\GUITAR-FX\Mono_Continuous\Audio\RAT\G93-72608-RAT-D8.1F4.2-21212.wav,998
Mono_Continuous,RAT,C:\TCC\Reproduzir_artigo\data\GUITAR-FX\Mono_Continuous\Audio\RAT\G93-73609-RAT-D8.9F7.7-21213.wav,998
Mono_Continuous,RAT,C:\TCC\Reproduzir_artigo\data\GUITAR-FX\Mono_Continuous\Audio\RAT\G93-74610-RAT-D8.4F9.2-21214.wav,998
Mono_Continuous,RBM,C:\TCC\Reproduzir_artigo\data\GUITAR-FX\Mono_Continuous\Audio\RBM\G61-41101-RBM-T4S9.5-20594.wav,998
Mono_Continuous,RBM,C:\TCC\Reproduzir_artigo\data\GUITAR-FX\Mono_Continuous\Audio\RBM\G61-41101-RBM-T8.7S9.2-20594.wav,998
Mono_Continuous,RBM,C:\TCC\Reproduzir_artigo\data\GUITAR-FX\Mono_Continuous\Audio\RBM\G61-43103-RBM-T2.7S6.4-20596.wav,998
Mono_Continuous,RBM,C:\TCC\Reproduzir_artigo\data\GUITAR-FX\Mono_Continuous\Audio\RBM\G61-44104-RBM-T2.8S4.5-20597.wav,998
Mono_Continuous,RBM,C:\TCC\Reproduzir_artigo\data\GUITAR-FX\Mono_Continuous\Audio\RBM\G61-48108-RBM-T6.9S9.1-20601.wav,998
Mono_Continuous,RBM,C:\TCC\Reproduzir_artigo\data\GUITAR-FX\Mono_Continuous\Audio\RBM\G61-48108-RBM-T7.6S3-20601.wav,998
Mono_Continuous,RBM,C:\TCC\Reproduzir_artigo\data\GUITAR-FX\Mono_Continuous\Audio\RBM\G61-48203-RBM-T9.7S7.3-20609.wav,998
Mono_Continuous,RBM,C:\TCC\Reproduzir_artigo\data\GUITAR-FX\Mono_Continuous\Audio\RBM\G61-49109-RBM-T5.9S4.7-20602.wav,998
Mono_Continuous,RBM,C:\TCC\Reproduzir_artigo\data\GUITAR-FX\Mono_Continuous\Audio\RBM\G61-49204-RBM-T3.6S9.4-20610.wav,998
Mono_Continuous,RBM,C:\TCC\Reproduzir_artigo\data\GUITAR-FX\Mono_Continuous\Audio\RBM\G61-50205-RBM-T0S6.1-20611.wav,998
Mono_Continuous,RBM,C:\TCC\Reproduzir_artigo\data\GUITAR-FX\Mono_Continuous\Audio\RBM\G61-50205-RBM-T6S5.6-20611.wav,998
Mono_Continuous,RBM,C:\TCC\Reproduzir_artigo\data\GUITAR-FX\Mono_Continuous\Audio\RBM\G61-53303-RBM-T8.6S6.7-20622.wav,998
Mono_Continuous,RBM,C:\TCC\Reproduzir_artigo\data\GUITAR-FX\Mono_Continuous\Audio\RBM\G61-54304-RBM-T0.6S8.1-20623.wav,998
Mono_Continuous,RBM,C:\TCC\Reproduzir_artigo\data\GUITAR-FX\Mono_Continuous\Audio\RBM\G61-55305-RBM-T0.3S2-20624.wav,998
Mono_Continuous,RBM,C:\TCC\Reproduzir_artigo\data\GUITAR-FX\Mono_Continuous\Audio\RBM\G61-56306-RBM-T6.7S8.4-20625.wav,998
Mono_Continuous,RBM,C:\TCC\Reproduzir_artigo\data\GUITAR-FX\Mono_Continuous\Audio\RBM\G61-56401-RBM-T2.3S5.4-20633.wav,998
Mono_Continuous,RBM,C:\TCC\Reproduzir_artigo\data\GUITAR-FX\Mono_Continuous\Audio\RBM\G61-58308-RBM-T1S4.5-20627.wav,998
Mono_Continuous,RBM,C:\TCC\Reproduzir_artigo\data\GUITAR-FX\Mono_Continuous\Audio\RBM\G61-58308-RBM-T6.3S8.6-20627.wav,998
Mono_Continuous,RBM,C:\TCC\Reproduzir_artigo\data\GUITAR-FX\Mono_Continuous\Audio\RBM\G61-59309-RBM-T9.1S2.6-20628.wav,998
Mono_Continuous,RBM,C:\TCC\Reproduzir_artigo\data\GUITAR-FX\Mono_Continuous\Audio\RBM\G61-59500-RBM-T0.5S4.2-20645.wav,998
Mono_Continuous,RBM,C:\TCC\Reproduzir_artigo\data\GUITAR-FX\Mono_Continuous\Audio\RBM\G61-60405-RBM-T1.4S7.7-20637.wav,998
Mono_Continuous,RBM,C:\TCC\Reproduzir_artigo\data\GUITAR-FX\Mono_Continuous\Audio\RBM\G61-62503-RBM-T1S7.3-20648.wav,998
Mono_Continuous,RBM,C:\TCC\Reproduzir_artigo\data\GUITAR-FX\Mono_Continuous\Audio\RBM\G61-63408-RBM-T0.8S9.5-20640.wav,998
Mono_Continuous,RBM,C:\TCC\Reproduzir_artigo\data\GUITAR-FX\Mono_Continuous\Audio\RBM\G61-64409-RBM-T7.1S6-20641.wav,998
Mono_Continuous,RBM,C:\TCC\Reproduzir_artigo\data\GUITAR-FX\Mono_Continuous\Audio\RBM\G61-64600-RBM-T9.3S3.9-20658.wav,998
Mono_Continuous,RBM,C:\TCC\Reproduzir_artigo\data\GUITAR-FX\Mono_Continuous\Audio\RBM\G61-65506-RBM-T3.8S8-20651.wav,998
Mono_Continuous,RBM,C:\TCC\Reproduzir_artigo\data\GUITAR-FX\Mono_Continuous\Audio\RBM\G61-65601-RBM-T8.2S3.4-20659.wav,998
Mono_Continuous,RBM,C:\TCC\Reproduzir_artigo\data\GUITAR-FX\Mono_Continuous\Audio\RBM\G61-66507-RBM-T6.9S6.8-20652.wav,998
Mono_Continuous,RBM,C:\TCC\Reproduzir_artigo\data\GUITAR-FX\Mono_Continuous\Audio\RBM\G61-66602-RBM-T3.3S9-20660.wav,998
Mono_Continuous,RBM,C:\TCC\Reproduzir_artigo\data\GUITAR-FX\Mono_Continuous\Audio\RBM\G61-68509-RBM-T4.1S5.6-20654.wav,998
Mono_Continuous,RBM,C:\TCC\Reproduzir_artigo\data\GUITAR-FX\Mono_Continuous\Audio\RBM\G61-69510-RBM-T8.7S2.3-20655.wav,998
Mono_Continuous,RBM,C:\TCC\Reproduzir_artigo\data\GUITAR-FX\Mono_Continuous\Audio\RBM\G61-69605-RBM-T0S6.9-20663.wav,998
Mono_Continuous,RBM,C:\TCC\Reproduzir_artigo\data\GUITAR-FX\Mono_Continuous\Audio\RBM\G61-71512-RBM-T9.7S9-20657.wav,998
Mono_Continuous,RBM,C:\TCC\Reproduzir_artigo\data\GUITAR-FX\Mono_Continuous\Audio\RBM\G61-75611-RBM-T2.8S4.7-20669.wav,998
Mono_Continuous,RBM,C:\TCC\Reproduzir_artigo\data\GUITAR-FX\Mono_Continuous\Audio\RBM\G63-41101-RBM-T8.6S7.8-20672.wav,998
Mono_Continuous,RBM,C:\TCC\Reproduzir_artigo\data\GUITAR-FX\Mono_Continuous\Audio\RBM\G63-43103-RBM-T6.3S9.1-20674.wav,998
Mono_Continuous,RBM,C:\TCC\Reproduzir_artigo\data\GUITAR-FX\Mono_Continuous\Audio\RBM\G63-45105-RBM-T6.6S8.4-20676.wav,998
Mono_Continuous,RBM,C:\TCC\Reproduzir_artigo\data\GUITAR-FX\Mono_Continuous\Audio\RBM\G63-45105-RBM-T8.3S2.7-20676.wav,998
Mono_Continuous,RBM,C:\TCC\Reproduzir_artigo\data\GUITAR-FX\Mono_Continuous\Audio\RBM\G63-46201-RBM-T6S6.2-20685.wav,998
Mono_Continuous,RBM,C:\TCC\Reproduzir_artigo\data\GUITAR-FX\Mono_Continuous\Audio\RBM\G63-49109-RBM-T2.1S9.8-20680.wav,998
Mono_Continuous,RBM,C:\TCC\Reproduzir_artigo\data\GUITAR-FX\Mono_Continuous\Audio\RBM\G63-52207-RBM-T8.1S2.5-20691.wav,998
Mono_Continuous,RBM,C:\TCC\Reproduzir_artigo\data\GUITAR-FX\Mono_Continuous\Audio\RBM\G63-53303-RBM-T9.1S3.6-20700.wav,998
Mono_Continuous,RBM,C:\TCC\Reproduzir_artigo\data\GUITAR-FX\Mono_Continuous\Audio\RBM\G63-55305-RBM-T0.9S2.9-20702.wav,998
Mono_Continuous,RBM,C:\TCC\Reproduzir_artigo\data\GUITAR-FX\Mono_Continuous\Audio\RBM\G63-57307-RBM-T3.5S8.7-20704.wav,998
Mono_Continuous,RBM,C:\TCC\Reproduzir_artigo\data\GUITAR-FX\Mono_Continuous\Audio\RBM\G63-58308-RBM-T1.9S4.9-20705.wav,998
Mono_Continuous,RBM,C:\TCC\Reproduzir_artigo\data\GUITAR-FX\Mono_Continuous\Audio\RBM\G63-58403-RBM-T8.9S8.9-20713.wav,998
Mono_Continuous,RBM,C:\TCC\Reproduzir_artigo\data\GUITAR-FX\Mono_Continuous\Audio\RBM\G63-59404-RBM-T2.4S7.5-20714.wav,998
Mono_Continuous,RBM,C:\TCC\Reproduzir_artigo\data\GUITAR-FX\Mono_Continuous\Audio\RBM\G63-59500-RBM-T7.5S7.2-20723.wav,998
Mono_Continuous,RBM,C:\TCC\Reproduzir_artigo\data\GUITAR-FX\Mono_Continuous\Audio\RBM\G63-61311-RBM-T4.6S7.4-20708.wav,998
Mono_Continuous,RBM,C:\TCC\Reproduzir_artigo\data\GUITAR-FX\Mono_Continuous\Audio\RBM\G63-61406-RBM-T0.4S4.7-20716.wav,998
Mono_Continuous,RBM,C:\TCC\Reproduzir_artigo\data\GUITAR-FX\Mono_Continuous\Audio\RBM\G63-61406-RBM-T8.3S4.5-20716.wav,998
Mono_Continuous,RBM,C:\TCC\Reproduzir_artigo\data\GUITAR-FX\Mono_Continuous\Audio\RBM\G63-61502-RBM-T3.1S2.3-20725.wav,998
Mono_Continuous,RBM,C:\TCC\Reproduzir_artigo\data\GUITAR-FX\Mono_Continuous\Audio\RBM\G63-61502-RBM-T9S5.6-20725.wav,998
Mono_Continuous,RBM,C:\TCC\Reproduzir_artigo\data\GUITAR-FX\Mono_Continuous\Audio\RBM\G63-62407-RBM-T3.5S8.7-20717.wav,998
Mono_Continuous,RBM,C:\TCC\Reproduzir_artigo\data\GUITAR-FX\Mono_Continuous\Audio\RBM\G63-63408-RBM-T0.8S3.2-20718.wav,998
Mono_Continuous,RBM,C:\TCC\Reproduzir_artigo\data\GUITAR-FX\Mono_Continuous\Audio\RBM\G63-63408-RBM-T1.9S8.7-20718.wav,998
Mono_Continuous,RBM,C:\TCC\Reproduzir_artigo\data\GUITAR-FX\Mono_Continuous\Audio\RBM\G63-64409-RBM-T5.5S9.9-20719.wav,998
Mono_Continuous,RBM,C:\TCC\Reproduzir_artigo\data\GUITAR-FX\Mono_Continuous\Audio\RBM\G63-64505-RBM-T3.8S6-20728.wav,998
Mono_Continuous,RBM,C:\TCC\Reproduzir_artigo\data\GUITAR-FX\Mono_Continuous\Audio\RBM\G63-64600-RBM-T7.3S4-20736.wav,998
Mono_Continuous,RBM,C:\TCC\Reproduzir_artigo\data\GUITAR-FX\Mono_Continuous\Audio\RBM\G63-67603-RBM-T6S4.7-20739.wav,998
Mono_Continuous,RBM,C:\TCC\Reproduzir_artigo\data\GUITAR-FX\Mono_Continuous\Audio\RBM\G63-67603-RBM-T9.1S3.9-20739.wav,998
Mono_Continuous,RBM,C:\TCC\Reproduzir_artigo\data\GUITAR-FX\Mono_Continuous\Audio\RBM\G71-40100-RBM-T8.7S6.3-20749.wav,998
Mono_Continuous,RBM,C:\TCC\Reproduzir_artigo\data\GUITAR-FX\Mono_Continuous\Audio\RBM\G71-42102-RBM-T0.8S4-20751.wav,998
Mono_Continuous,RBM,C:\TCC\Reproduzir_artigo\data\GUITAR-FX\Mono_Continuous\Audio\RBM\G71-45105-RBM-T2.4S2.2-20754.wav,998
Mono_Continuous,RBM,C:\TCC\Reproduzir_artigo\data\GUITAR-FX\Mono_Continuous\Audio\RBM\G71-45200-RBM-T0.8S7.3-20762.wav,998
Mono_Continuous,RBM,C:\TCC\Reproduzir_artigo\data\GUITAR-FX\Mono_Continuous\Audio\RBM\G71-48203-RBM-T1.5S3.7-20765.wav,998
Mono_Continuous,RBM,C:\TCC\Reproduzir_artigo\data\GUITAR-FX\Mono_Continuous\Audio\RBM\G71-48203-RBM-T6.5S6.1-20765.wav,998
Mono_Continuous,RBM,C:\TCC\Reproduzir_artigo\data\GUITAR-FX\Mono_Continuous\Audio\RBM\G71-49204-RBM-T4.2S6.5-20766.wav,998
Mono_Continuous,RBM,C:\TCC\Reproduzir_artigo\data\GUITAR-FX\Mono_Continuous\Audio\RBM\G71-50300-RBM-T1.1S2.6-20775.wav,998
Mono_Continuous,RBM,C:\TCC\Reproduzir_artigo\data\GUITAR-FX\Mono_Continuous\Audio\RBM\G71-51206-RBM-T6.1S3.9-20768.wav,998
Mono_Continuous,RBM,C:\TCC\Reproduzir_artigo\data\GUITAR-FX\Mono_Continuous\Audio\RBM\G71-51206-RBM-T7.8S3.1-20768.wav,998
Mono_Continuous,RBM,C:\TCC\Reproduzir_artigo\data\GUITAR-FX\Mono_Continuous\Audio\RBM\G71-51301-RBM-T9.8S5-20776.wav,998
Mono_Continuous,RBM,C:\TCC\Reproduzir_artigo\data\GUITAR-FX\Mono_Continuous\Audio\RBM\G71-52207-RBM-T6S9.4-20769.wav,998
Mono_Continuous,RBM,C:\TCC\Reproduzir_artigo\data\GUITAR-FX\Mono_Continuous\Audio\RBM\G71-52207-RBM-T9.5S5-20769.wav,998
Mono_Continuous,RBM,C:\TCC\Reproduzir_artigo\data\GUITAR-FX\Mono_Continuous\Audio\RBM\G71-52302-RBM-T0.8S6.2-20777.wav,998
Mono_Continuous,RBM,C:\TCC\Reproduzir_artigo\data\GUITAR-FX\Mono_Continuous\Audio\RBM\G71-55305-RBM-T5.5S10-20780.wav,998
Mono_Continuous,RBM,C:\TCC\Reproduzir_artigo\data\GUITAR-FX\Mono_Continuous\Audio\RBM\G71-55400-RBM-T4.1S2.3-20788.wav,998
Mono_Continuous,RBM,C:\TCC\Reproduzir_artigo\data\GUITAR-FX\Mono_Continuous\Audio\RBM\G71-55400-RBM-T9.9S8.8-20788.wav,998
Mono_Continuous,RBM,C:\TCC\Reproduzir_artigo\data\GUITAR-FX\Mono_Continuous\Audio\RBM\G71-57307-RBM-T1.1S7.8-20782.wav,998
Mono_Continuous,RBM,C:\TCC\Reproduzir_artigo\data\GUITAR-FX\Mono_Continuous\Audio\RBM\G71-57402-RBM-T2.2S5.3-20790.wav,998
Mono_Continuous,RBM,C:\TCC\Reproduzir_artigo\data\GUITAR-FX\Mono_Continuous\Audio\RBM\G71-58403-RBM-T1.6S8.2-20791.wav,998
Mono_Continuous,RBM,C:\TCC\Reproduzir_artigo\data\GUITAR-FX\Mono_Continuous\Audio\RBM\G71-59309-RBM-T3.1S4.7-20784.wav,998
Mono_Continuous,RBM,C:\TCC\Reproduzir_artigo\data\GUITAR-FX\Mono_Continuous\Audio\RBM\G71-60405-RBM-T5.1S5.1-20793.wav,998
Mono_Continuous,RBM,C:\TCC\Reproduzir_artigo\data\GUITAR-FX\Mono_Continuous\Audio\RBM\G71-61406-RBM-T5.4S2.5-20794.wav,998
Mono_Continuous,RBM,C:\TCC\Reproduzir_artigo\data\GUITAR-FX\Mono_Continuous\Audio\RBM\G71-62407-RBM-T6.6S8-20795.wav,998
Mono_Continuous,RBM,C:\TCC\Reproduzir_artigo\data\GUITAR-FX\Mono_Continuous\Audio\RBM\G71-63504-RBM-T4.5S3.8-20805.wav,998
Mono_Continuous,RBM,C:\TCC\Reproduzir_artigo\data\GUITAR-FX\Mono_Continuous\Audio\RBM\G71-64409-RBM-T1.4S5.6-20797.wav,998
Mono_Continuous,RBM,C:\TCC\Reproduzir_artigo\data\GUITAR-FX\Mono_Continuous\Audio\RBM\G71-64505-RBM-T0.8S4.2-20806.wav,998
Mono_Continuous,RBM,C:\TCC\Reproduzir_artigo\data\GUITAR-FX\Mono_Continuous\Audio\RBM\G71-64600-RBM-T7.5S5.4-20814.wav,998
Mono_Continuous,RBM,C:\TCC\Reproduzir_artigo\data\GUITAR-FX\Mono_Continuous\Audio\RBM\G71-65601-RBM-T8.2S6.7-20815.wav,998
Mono_Continuous,RBM,C:\TCC\Reproduzir_artigo\data\GUITAR-FX\Mono_Continuous\Audio\RBM\G71-66411-RBM-T3.3S5.7-20799.wav,998
Mono_Continuous,RBM,C:\TCC\Reproduzir_artigo\data\GUITAR-FX\Mono_Continuous\Audio\RBM\G71-67603-RBM-T8.9S6.7-20817.wav,998
Mono_Continuous,RBM,C:\TCC\Reproduzir_artigo\data\GUITAR-FX\Mono_Continuous\Audio\RBM\G71-67603-RBM-T9.7S8.8-20817.wav,998
Mono_Continuous,RBM,C:\TCC\Reproduzir_artigo\data\GUITAR-FX\Mono_Continuous\Audio\RBM\G71-69605-RBM-T7.3S5.3-20819.wav,998
Mono_Continuous,RBM,C:\TCC\Reproduzir_artigo\data\GUITAR-FX\Mono_Continuous\Audio\RBM\G71-70606-RBM-T9.4S5.4-20820.wav,998
Mono_Continuous,RBM,C:\TCC\Reproduzir_artigo\data\GUITAR-FX\Mono_Continuous\Audio\RBM\G71-71512-RBM-T3.1S8.1-20813.wav,998
Mono_Continuous,RBM,C:\TCC\Reproduzir_artigo\data\GUITAR-FX\Mono_Continuous\Audio\RBM\G71-71607-RBM-T3.7S2.6-20821.wav,998
Mono_Continuous,RBM,C:\TCC\Reproduzir_artigo\data\GUITAR-FX\Mono_Continuous\Audio\RBM\G71-73609-RBM-T1.5S8.3-20823.wav,998
Mono_Continuous,RBM,C:\TCC\Reproduzir_artigo\data\GUITAR-FX\Mono_Continuous\Audio\RBM\G71-74610-RBM-T2.6S8.3-20824.wav,998
Mono_Continuous,RBM,C:\TCC\Reproduzir_artigo\data\GUITAR-FX\Mono_Continuous\Audio\RBM\G71-76612-RBM-T7.3S9.3-20826.wav,998
Mono_Continuous,RBM,C:\TCC\Reproduzir_artigo\data\GUITAR-FX\Mono_Continuous\Audio\RBM\G71-76612-RBM-T9.6S4.2-20826.wav,998
Mono_Continuous,RBM,C:\TCC\Reproduzir_artigo\data\GUITAR-FX\Mono_Continuous\Audio\RBM\G73-48108-RBM-T3.1S6.5-20835.wav,998
Mono_Continuous,RBM,C:\TCC\Reproduzir_artigo\data\GUITAR-FX\Mono_Continuous\Audio\RBM\G73-50205-RBM-T5.6S7.8-20845.wav,998
Mono_Continuous,RBM,C:\TCC\Reproduzir_artigo\data\GUITAR-FX\Mono_Continuous\Audio\RBM\G73-50300-RBM-T0.7S2.2-20853.wav,998
Mono_Continuous,RBM,C:\TCC\Reproduzir_artigo\data\GUITAR-FX\Mono_Continuous\Audio\RBM\G73-51206-RBM-T7.3S8.4-20846.wav,998
Mono_Continuous,RBM,C:\TCC\Reproduzir_artigo\data\GUITAR-FX\Mono_Continuous\Audio\RBM\G73-51206-RBM-T7.6S2.5-20846.wav,998
Mono_Continuous,RBM,C:\TCC\Reproduzir_artigo\data\GUITAR-FX\Mono_Continuous\Audio\RBM\G73-52302-RBM-T0.2S4.8-20855.wav,998
Mono_Continuous,RBM,C:\TCC\Reproduzir_artigo\data\GUITAR-FX\Mono_Continuous\Audio\RBM\G73-53208-RBM-T9.3S7-20848.wav,998
Mono_Continuous,RBM,C:\TCC\Reproduzir_artigo\data\GUITAR-FX\Mono_Continuous\Audio\RBM\G73-53303-RBM-T2.1S7.7-20856.wav,998
Mono_Continuous,RBM,C:\TCC\Reproduzir_artigo\data\GUITAR-FX\Mono_Continuous\Audio\RBM\G73-54304-RBM-T8.5S5.3-20857.wav,998
Mono_Continuous,RBM,C:\TCC\Reproduzir_artigo\data\GUITAR-FX\Mono_Continuous\Audio\RBM\G73-57402-RBM-T1.4S3.4-20868.wav,998
Mono_Continuous,RBM,C:\TCC\Reproduzir_artigo\data\GUITAR-FX\Mono_Continuous\Audio\RBM\G73-58308-RBM-T1.8S6.1-20861.wav,998
Mono_Continuous,RBM,C:\TCC\Reproduzir_artigo\data\GUITAR-FX\Mono_Continuous\Audio\RBM\G73-59500-RBM-T1S9.7-20879.wav,998
Mono_Continuous,RBM,C:\TCC\Reproduzir_artigo\data\GUITAR-FX\Mono_Continuous\Audio\RBM\G73-59500-RBM-T6.4S2.8-20879.wav,998
Mono_Continuous,RBM,C:\TCC\Reproduzir_artigo\data\GUITAR-FX\Mono_Continuous\Audio\RBM\G73-61406-RBM-T5.1S3.9-20872.wav,998
Mono_Continuous,RBM,C:\TCC\Reproduzir_artigo\data\GUITAR-FX\Mono_Continuous\Audio\RBM\G73-61502-RBM-T2.8S5.2-20881.wav,998
Mono_Continuous,RBM,C:\TCC\Reproduzir_artigo\data\GUITAR-FX\Mono_Continuous\Audio\RBM\G73-62503-RBM-T7.7S4-20882.wav,998
Mono_Continuous,RBM,C:\TCC\Reproduzir_artigo\data\GUITAR-FX\Mono_Continuous\Audio\RBM\G73-64409-RBM-T5.9S7.7-20875.wav,998
Mono_Continuous,RBM,C:\TCC\Reproduzir_artigo\data\GUITAR-FX\Mono_Continuous\Audio\RBM\G73-64409-RBM-T8.5S3.6-20875.wav,998
Mono_Continuous,RBM,C:\TCC\Reproduzir_artigo\data\GUITAR-FX\Mono_Continuous\Audio\RBM\G73-66411-RBM-T6.7S4.2-20877.wav,998
Mono_Continuous,RBM,C:\TCC\Reproduzir_artigo\data\GUITAR-FX\Mono_Continuous\Audio\RBM\G73-66602-RBM-T8S4.2-20894.wav,998
Mono_Continuous,RBM,C:\TCC\Reproduzir_artigo\data\GUITAR-FX\Mono_Continuous\Audio\RBM\G73-67603-RBM-T3.1S3.1-20895.wav,998
Mono_Continuous,RBM,C:\TCC\Reproduzir_artigo\data\GUITAR-FX\Mono_Continuous\Audio\RBM\G73-68509-RBM-T7.5S4.1-20888.wav,998
Mono_Continuous,RBM,C:\TCC\Reproduzir_artigo\data\GUITAR-FX\Mono_Continuous\Audio\RBM\G73-69605-RBM-T2S8-20897.wav,998
Mono_Continuous,RBM,C:\TCC\Reproduzir_artigo\data\GUITAR-FX\Mono_Continuous\Audio\RBM\G73-71512-RBM-T7.3S2.4-20891.wav,998
Mono_Continuous,RBM,C:\TCC\Reproduzir_artigo\data\GUITAR-FX\Mono_Continuous\Audio\RBM\G73-76612-RBM-T6.7S8-20904.wav,998
Mono_Continuous,RBM,C:\TCC\Reproduzir_artigo\data\GUITAR-FX\Mono_Continuous\Audio\RBM\G81-44104-RBM-T1.6S3.6-20909.wav,998
Mono_Continuous,RBM,C:\TCC\Reproduzir_artigo\data\GUITAR-FX\Mono_Continuous\Audio\RBM\G81-44104-RBM-T6.8S7.1-20909.wav,998
Mono_Continuous,RBM,C:\TCC\Reproduzir_artigo\data\GUITAR-FX\Mono_Continuous\Audio\RBM\G81-45105-RBM-T8.5S5.2-20910.wav,998
Mono_Continuous,RBM,C:\TCC\Reproduzir_artigo\data\GUITAR-FX\Mono_Continuous\Audio\RBM\G81-47107-RBM-T5.9S4.6-20912.wav,998
Mono_Continuous,RBM,C:\TCC\Reproduzir_artigo\data\GUITAR-FX\Mono_Continuous\Audio\RBM\G81-50300-RBM-T2.1S5.7-20931.wav,998
Mono_Continuous,RBM,C:\TCC\Reproduzir_artigo\data\GUITAR-FX\Mono_Continuous\Audio\RBM\G81-50300-RBM-T8.3S7.8-20931.wav,998
Mono_Continuous,RBM,C:\TCC\Reproduzir_artigo\data\GUITAR-FX\Mono_Continuous\Audio\RBM\G81-51206-RBM-T1.4S3.4-20924.wav,998
Mono_Continuous,RBM,C:\TCC\Reproduzir_artigo\data\GUITAR-FX\Mono_Continuous\Audio\RBM\G81-51301-RBM-T4.5S2.8-20932.wav,998
Mono_Continuous,RBM,C:\TCC\Reproduzir_artigo\data\GUITAR-FX\Mono_Continuous\Audio\RBM\G81-54209-RBM-T0.7S2.7-20927.wav,998
Mono_Continuous,RBM,C:\TCC\Reproduzir_artigo\data\GUITAR-FX\Mono_Continuous\Audio\RBM\G81-56211-RBM-T9.9S7.3-20929.wav,998
Mono_Continuous,RBM,C:\TCC\Reproduzir_artigo\data\GUITAR-FX\Mono_Continuous\Audio\RBM\G81-56401-RBM-T8.8S2.4-20945.wav,998
Mono_Continuous,RBM,C:\TCC\Reproduzir_artigo\data\GUITAR-FX\Mono_Continuous\Audio\RBM\G81-57307-RBM-T6.2S6.4-20938.wav,998
Mono_Continuous,RBM,C:\TCC\Reproduzir_artigo\data\GUITAR-FX\Mono_Continuous\Audio\RBM\G81-57402-RBM-T3.7S8.6-20946.wav,998
Mono_Continuous,RBM,C:\TCC\Reproduzir_artigo\data\GUITAR-FX\Mono_Continuous\Audio\RBM\G81-59309-RBM-T0.2S3.2-20940.wav,998
Mono_Continuous,RBM,C:\TCC\Reproduzir_artigo\data\GUITAR-FX\Mono_Continuous\Audio\RBM\G81-60310-RBM-T0.2S8-20941.wav,998
Mono_Continuous,RBM,C:\TCC\Reproduzir_artigo\data\GUITAR-FX\Mono_Continuous\Audio\RBM\G81-60310-RBM-T9.2S8.7-20941.wav,998
Mono_Continuous,RBM,C:\TCC\Reproduzir_artigo\data\GUITAR-FX\Mono_Continuous\Audio\RBM\G81-60501-RBM-T1S9.7-20958.wav,998
Mono_Continuous,RBM,C:\TCC\Reproduzir_artigo\data\GUITAR-FX\Mono_Continuous\Audio\RBM\G81-60501-RBM-T4.4S6.5-20958.wav,998
Mono_Continuous,RBM,C:\TCC\Reproduzir_artigo\data\GUITAR-FX\Mono_Continuous\Audio\RBM\G81-60501-RBM-T4.5S5.8-20958.wav,998
Mono_Continuous,RBM,C:\TCC\Reproduzir_artigo\data\GUITAR-FX\Mono_Continuous\Audio\RBM\G81-62407-RBM-T4.6S7.5-20951.wav,998
Mono_Continuous,RBM,C:\TCC\Reproduzir_artigo\data\GUITAR-FX\Mono_Continuous\Audio\RBM\G81-63504-RBM-T2.3S3.9-20961.wav,998
Mono_Continuous,RBM,C:\TCC\Reproduzir_artigo\data\GUITAR-FX\Mono_Continuous\Audio\RBM\G81-64505-RBM-T7.1S3.8-20962.wav,998
Mono_Continuous,RBM,C:\TCC\Reproduzir_artigo\data\GUITAR-FX\Mono_Continuous\Audio\RBM\G81-64600-RBM-T3S7.1-20970.wav,998
Mono_Continuous,RBM,C:\TCC\Reproduzir_artigo\data\GUITAR-FX\Mono_Continuous\Audio\RBM\G81-64600-RBM-T7.7S2.9-20970.wav,998
Mono_Continuous,RBM,C:\TCC\Reproduzir_artigo\data\GUITAR-FX\Mono_Continuous\Audio\RBM\G81-65410-RBM-T0.2S2.2-20954.wav,998
Mono_Continuous,RBM,C:\TCC\Reproduzir_artigo\data\GUITAR-FX\Mono_Continuous\Audio\RBM\G81-65410-RBM-T3.5S3-20954.wav,998
Mono_Continuous,RBM,C:\TCC\Reproduzir_artigo\data\GUITAR-FX\Mono_Continuous\Audio\RBM\G81-65601-RBM-T8.2S9.3-20971.wav,998
Mono_Continuous,RBM,C:\TCC\Reproduzir_artigo\data\GUITAR-FX\Mono_Continuous\Audio\RBM\G81-66507-RBM-T9.6S8.7-20964.wav,998
Mono_Continuous,RBM,C:\TCC\Reproduzir_artigo\data\GUITAR-FX\Mono_Continuous\Audio\RBM\G81-67412-RBM-T0.1S4.8-20956.wav,998
Mono_Continuous,RBM,C:\TCC\Reproduzir_artigo\data\GUITAR-FX\Mono_Continuous\Audio\RBM\G81-67412-RBM-T9.8S9.2-20956.wav,998
Mono_Continuous,RBM,C:\TCC\Reproduzir_artigo\data\GUITAR-FX\Mono_Continuous\Audio\RBM\G81-67603-RBM-T1.1S7.1-20973.wav,998
Mono_Continuous,RBM,C:\TCC\Reproduzir_artigo\data\GUITAR-FX\Mono_Continuous\Audio\RBM\G81-69605-RBM-T2.1S6-20975.wav,998
Mono_Continuous,RBM,C:\TCC\Reproduzir_artigo\data\GUITAR-FX\Mono_Continuous\Audio\RBM\G81-70606-RBM-T1.3S9.6-20976.wav,998
Mono_Continuous,RBM,C:\TCC\Reproduzir_artigo\data\GUITAR-FX\Mono_Continuous\Audio\RBM\G81-71607-RBM-T2.8S2.8-20977.wav,998
Mono_Continuous,RBM,C:\TCC\Reproduzir_artigo\data\GUITAR-FX\Mono_Continuous\Audio\RBM\G81-74610-RBM-T7.3S4-20980.wav,998
Mono_Continuous,RBM,C:\TCC\Reproduzir_artigo\data\GUITAR-FX\Mono_Continuous\Audio\RBM\G83-41101-RBM-T9.8S9.5-20984.wav,998
Mono_Continuous,RBM,C:\TCC\Reproduzir_artigo\data\GUITAR-FX\Mono_Continuous\Audio\RBM\G83-42102-RBM-T1.6S5.6-20985.wav,998
Mono_Continuous,RBM,C:\TCC\Reproduzir_artigo\data\GUITAR-FX\Mono_Continuous\Audio\RBM\G83-49204-RBM-T0.8S8.5-21000.wav,998
Mono_Continuous,RBM,C:\TCC\Reproduzir_artigo\data\GUITAR-FX\Mono_Continuous\Audio\RBM\G83-51111-RBM-T9.3S4.4-20994.wav,998
Mono_Continuous,RBM,C:\TCC\Reproduzir_artigo\data\GUITAR-FX\Mono_Continuous\Audio\RBM\G83-51206-RBM-T1S8.1-21002.wav,998
Mono_Continuous,RBM,C:\TCC\Reproduzir_artigo\data\GUITAR-FX\Mono_Continuous\Audio\RBM\G83-52112-RBM-T0.5S2.2-20995.wav,998
Mono_Continuous,RBM,C:\TCC\Reproduzir_artigo\data\GUITAR-FX\Mono_Continuous\Audio\RBM\G83-52112-RBM-T6.9S6.3-20995.wav,998
Mono_Continuous,RBM,C:\TCC\Reproduzir_artigo\data\GUITAR-FX\Mono_Continuous\Audio\RBM\G83-53303-RBM-T4.1S9.2-21012.wav,998
Mono_Continuous,RBM,C:\TCC\Reproduzir_artigo\data\GUITAR-FX\Mono_Continuous\Audio\RBM\G83-54304-RBM-T3.1S3.5-21013.wav,998
Mono_Continuous,RBM,C:\TCC\Reproduzir_artigo\data\GUITAR-FX\Mono_Continuous\Audio\RBM\G83-56306-RBM-T2.9S8.5-21015.wav,998
Mono_Continuous,RBM,C:\TCC\Reproduzir_artigo\data\GUITAR-FX\Mono_Continuous\Audio\RBM\G83-59309-RBM-T6.6S5.8-21018.wav,998
Mono_Continuous,RBM,C:\TCC\Reproduzir_artigo\data\GUITAR-FX\Mono_Continuous\Audio\RBM\G83-59404-RBM-T5.3S8.4-21026.wav,998
Mono_Continuous,RBM,C:\TCC\Reproduzir_artigo\data\GUITAR-FX\Mono_Continuous\Audio\RBM\G83-60310-RBM-T1.9S7.3-21019.wav,998
Mono_Continuous,RBM,C:\TCC\Reproduzir_artigo\data\GUITAR-FX\Mono_Continuous\Audio\RBM\G83-61311-RBM-T9.3S4.3-21020.wav,998
Mono_Continuous,RBM,C:\TCC\Reproduzir_artigo\data\GUITAR-FX\Mono_Continuous\Audio\RBM\G83-61406-RBM-T5.8S2.9-21028.wav,998
Mono_Continuous,RBM,C:\TCC\Reproduzir_artigo\data\GUITAR-FX\Mono_Continuous\Audio\RBM\G83-61406-RBM-T6.2S8-21028.wav,998
Mono_Continuous,RBM,C:\TCC\Reproduzir_artigo\data\GUITAR-FX\Mono_Continuous\Audio\RBM\G83-61502-RBM-T9.2S9.7-21037.wav,998
Mono_Continuous,RBM,C:\TCC\Reproduzir_artigo\data\GUITAR-FX\Mono_Continuous\Audio\RBM\G83-62312-RBM-T7.9S8.5-21021.wav,998
Mono_Continuous,RBM,C:\TCC\Reproduzir_artigo\data\GUITAR-FX\Mono_Continuous\Audio\RBM\G83-64600-RBM-T3.4S6.4-21048.wav,998
Mono_Continuous,RBM,C:\TCC\Reproduzir_artigo\data\GUITAR-FX\Mono_Continuous\Audio\RBM\G83-65506-RBM-T7.7S6.9-21041.wav,998
Mono_Continuous,RBM,C:\TCC\Reproduzir_artigo\data\GUITAR-FX\Mono_Continuous\Audio\RBM\G83-65601-RBM-T2S9.1-21049.wav,998
Mono_Continuous,RBM,C:\TCC\Reproduzir_artigo\data\GUITAR-FX\Mono_Continuous\Audio\RBM\G83-65601-RBM-T6S9.3-21049.wav,998
Mono_Continuous,RBM,C:\TCC\Reproduzir_artigo\data\GUITAR-FX\Mono_Continuous\Audio\RBM\G83-66507-RBM-T1.5S6.2-21042.wav,998
Mono_Continuous,RBM,C:\TCC\Reproduzir_artigo\data\GUITAR-FX\Mono_Continuous\Audio\RBM\G83-67412-RBM-T8.6S3-21034.wav,998
Mono_Continuous,RBM,C:\TCC\Reproduzir_artigo\data\GUITAR-FX\Mono_Continuous\Audio\RBM\G83-73609-RBM-T8.9S7.3-21057.wav,998
Mono_Continuous,RBM,C:\TCC\Reproduzir_artigo\data\GUITAR-FX\Mono_Continuous\Audio\RBM\G83-75611-RBM-T3.8S3.2-21059.wav,998
Mono_Continuous,RBM,C:\TCC\Reproduzir_artigo\data\GUITAR-FX\Mono_Continuous\Audio\RBM\G91-40100-RBM-T9.4S3.4-21061.wav,998
Mono_Continuous,RBM,C:\TCC\Reproduzir_artigo\data\GUITAR-FX\Mono_Continuous\Audio\RBM\G91-46201-RBM-T7.2S8.7-21075.wav,998
Mono_Continuous,RBM,C:\TCC\Reproduzir_artigo\data\GUITAR-FX\Mono_Continuous\Audio\RBM\G91-47107-RBM-T5.1S9.9-21068.wav,998
Mono_Continuous,RBM,C:\TCC\Reproduzir_artigo\data\GUITAR-FX\Mono_Continuous\Audio\RBM\G91-47202-RBM-T5.1S9.6-21076.wav,998
Mono_Continuous,RBM,C:\TCC\Reproduzir_artigo\data\GUITAR-FX\Mono_Continuous\Audio\RBM\G91-47202-RBM-T7.7S6.6-21076.wav,998
Mono_Continuous,RBM,C:\TCC\Reproduzir_artigo\data\GUITAR-FX\Mono_Continuous\Audio\RBM\G91-49109-RBM-T6.3S7.6-21070.wav,998
Mono_Continuous,RBM,C:\TCC\Reproduzir_artigo\data\GUITAR-FX\Mono_Continuous\Audio\RBM\G91-49204-RBM-T4.1S3.6-21078.wav,998
Mono_Continuous,RBM,C:\TCC\Reproduzir_artigo\data\GUITAR-FX\Mono_Continuous\Audio\RBM\G91-51111-RBM-T5S8.1-21072.wav,998
Mono_Continuous,RBM,C:\TCC\Reproduzir_artigo\data\GUITAR-FX\Mono_Continuous\Audio\RBM\G91-51301-RBM-T3.7S6.9-21088.wav,998
Mono_Continuous,RBM,C:\TCC\Reproduzir_artigo\data\GUITAR-FX\Mono_Continuous\Audio\RBM\G91-51301-RBM-T4.5S5.6-21088.wav,998
Mono_Continuous,RBM,C:\TCC\Reproduzir_artigo\data\GUITAR-FX\Mono_Continuous\Audio\RBM\G91-52112-RBM-T3.4S8.2-21073.wav,998
Mono_Continuous,RBM,C:\TCC\Reproduzir_artigo\data\GUITAR-FX\Mono_Continuous\Audio\RBM\G91-52302-RBM-T2.7S2.9-21089.wav,998
Mono_Continuous,RBM,C:\TCC\Reproduzir_artigo\data\GUITAR-FX\Mono_Continuous\Audio\RBM\G91-54209-RBM-T2.4S5.1-21083.wav,998
Mono_Continuous,RBM,C:\TCC\Reproduzir_artigo\data\GUITAR-FX\Mono_Continuous\Audio\RBM\G91-55210-RBM-T5.6S9.4-21084.wav,998
Mono_Continuous,RBM,C:\TCC\Reproduzir_artigo\data\GUITAR-FX\Mono_Continuous\Audio\RBM\G91-57307-RBM-T0.8S8.3-21094.wav,998
Mono_Continuous,RBM,C:\TCC\Reproduzir_artigo\data\GUITAR-FX\Mono_Continuous\Audio\RBM\G91-58403-RBM-T2.9S2.7-21103.wav,998
Mono_Continuous,RBM,C:\TCC\Reproduzir_artigo\data\GUITAR-FX\Mono_Continuous\Audio\RBM\G91-58403-RBM-T5.8S9.6-21103.wav,998
Mono_Continuous,RBM,C:\TCC\Reproduzir_artigo\data\GUITAR-FX\Mono_Continuous\Audio\RBM\G91-59404-RBM-T4S5.5-21104.wav,998
Mono_Continuous,RBM,C:\TCC\Reproduzir_artigo\data\GUITAR-FX\Mono_Continuous\Audio\RBM\G91-59500-RBM-T8.2S5.5-21113.wav,998
Mono_Continuous,RBM,C:\TCC\Reproduzir_artigo\data\GUITAR-FX\Mono_Continuous\Audio\RBM\G91-60310-RBM-T6.9S8-21097.wav,998
Mono_Continuous,RBM,C:\TCC\Reproduzir_artigo\data\GUITAR-FX\Mono_Continuous\Audio\RBM\G91-60405-RBM-T4.6S9.6-21105.wav,998
Mono_Continuous,RBM,C:\TCC\Reproduzir_artigo\data\GUITAR-FX\Mono_Continuous\Audio\RBM\G91-61311-RBM-T5.1S8.7-21098.wav,998
Mono_Continuous,RBM,C:\TCC\Reproduzir_artigo\data\GUITAR-FX\Mono_Continuous\Audio\RBM\G91-61311-RBM-T9.8S9.7-21098.wav,998
Mono_Continuous,RBM,C:\TCC\Reproduzir_artigo\data\GUITAR-FX\Mono_Continuous\Audio\RBM\G91-62407-RBM-T5.9S7.5-21107.wav,998
Mono_Continuous,RBM,C:\TCC\Reproduzir_artigo\data\GUITAR-FX\Mono_Continuous\Audio\RBM\G91-64505-RBM-T5.8S6.1-21118.wav,998
Mono_Continuous,RBM,C:\TCC\Reproduzir_artigo\data\GUITAR-FX\Mono_Continuous\Audio\RBM\G91-64600-RBM-T1.7S8.4-21126.wav,998
Mono_Continuous,RBM,C:\TCC\Reproduzir_artigo\data\GUITAR-FX\Mono_Continuous\Audio\RBM\G91-64600-RBM-T6.3S4.6-21126.wav,998
Mono_Continuous,RBM,C:\TCC\Reproduzir_artigo\data\GUITAR-FX\Mono_Continuous\Audio\RBM\G91-65410-RBM-T1.7S2.8-21110.wav,998
Mono_Continuous,RBM,C:\TCC\Reproduzir_artigo\data\GUITAR-FX\Mono_Continuous\Audio\RBM\G91-66507-RBM-T9.8S8.8-21120.wav,998
Mono_Continuous,RBM,C:\TCC\Reproduzir_artigo\data\GUITAR-FX\Mono_Continuous\Audio\RBM\G91-68509-RBM-T2.9S2.7-21122.wav,998
Mono_Continuous,RBM,C:\TCC\Reproduzir_artigo\data\GUITAR-FX\Mono_Continuous\Audio\RBM\G91-68604-RBM-T0.9S8.3-21130.wav,998
Mono_Continuous,RBM,C:\TCC\Reproduzir_artigo\data\GUITAR-FX\Mono_Continuous\Audio\RBM\G91-68604-RBM-T2.3S6.4-21130.wav,998
Mono_Continuous,RBM,C:\TCC\Reproduzir_artigo\data\GUITAR-FX\Mono_Continuous\Audio\RBM\G91-69510-RBM-T7.9S5.2-21123.wav,998
Mono_Continuous,RBM,C:\TCC\Reproduzir_artigo\data\GUITAR-FX\Mono_Continuous\Audio\RBM\G91-70511-RBM-T6.3S7-21124.wav,998
Mono_Continuous,RBM,C:\TCC\Reproduzir_artigo\data\GUITAR-FX\Mono_Continuous\Audio\RBM\G91-70606-RBM-T0.3S5.5-21132.wav,998
Mono_Continuous,RBM,C:\TCC\Reproduzir_artigo\data\GUITAR-FX\Mono_Continuous\Audio\RBM\G91-71512-RBM-T1.8S7.6-21125.wav,998
Mono_Continuous,RBM,C:\TCC\Reproduzir_artigo\data\GUITAR-FX\Mono_Continuous\Audio\RBM\G93-41101-RBM-T4.9S8.2-21140.wav,998
Mono_Continuous,RBM,C:\TCC\Reproduzir_artigo\data\GUITAR-FX\Mono_Continuous\Audio\RBM\G93-46106-RBM-T1.3S5.7-21145.wav,998
Mono_Continuous,RBM,C:\TCC\Reproduzir_artigo\data\GUITAR-FX\Mono_Continuous\Audio\RBM\G93-48108-RBM-T1.1S8.5-21147.wav,998
Mono_Continuous,RBM,C:\TCC\Reproduzir_artigo\data\GUITAR-FX\Mono_Continuous\Audio\RBM\G93-48108-RBM-T4.4S8.6-21147.wav,998
Mono_Continuous,RBM,C:\TCC\Reproduzir_artigo\data\GUITAR-FX\Mono_Continuous\Audio\RBM\G93-49204-RBM-T3.8S2.9-21156.wav,998
Mono_Continuous,RBM,C:\TCC\Reproduzir_artigo\data\GUITAR-FX\Mono_Continuous\Audio\RBM\G93-49204-RBM-T3S2.5-21156.wav,998
Mono_Continuous,RBM,C:\TCC\Reproduzir_artigo\data\GUITAR-FX\Mono_Continuous\Audio\RBM\G93-50205-RBM-T3.3S9.8-21157.wav,998
Mono_Continuous,RBM,C:\TCC\Reproduzir_artigo\data\GUITAR-FX\Mono_Continuous\Audio\RBM\G93-51111-RBM-T4S6.6-21150.wav,998
Mono_Continuous,RBM,C:\TCC\Reproduzir_artigo\data\GUITAR-FX\Mono_Continuous\Audio\RBM\G93-51111-RBM-T5.3S6.4-21150.wav,998
Mono_Continuous,RBM,C:\TCC\Reproduzir_artigo\data\GUITAR-FX\Mono_Continuous\Audio\RBM\G93-51301-RBM-T10S3.1-21166.wav,998
Mono_Continuous,RBM,C:\TCC\Reproduzir_artigo\data\GUITAR-FX\Mono_Continuous\Audio\RBM\G93-54209-RBM-T8.1S2.3-21161.wav,998
Mono_Continuous,RBM,C:\TCC\Reproduzir_artigo\data\GUITAR-FX\Mono_Continuous\Audio\RBM\G93-55305-RBM-T4.1S6.2-21170.wav,998
Mono_Continuous,RBM,C:\TCC\Reproduzir_artigo\data\GUITAR-FX\Mono_Continuous\Audio\RBM\G93-56306-RBM-T3.3S8.2-21171.wav,998
Mono_Continuous,RBM,C:\TCC\Reproduzir_artigo\data\GUITAR-FX\Mono_Continuous\Audio\RBM\G93-57212-RBM-T8.7S6-21164.wav,998
Mono_Continuous,RBM,C:\TCC\Reproduzir_artigo\data\GUITAR-FX\Mono_Continuous\Audio\RBM\G93-57402-RBM-T3.9S5.1-21180.wav,998
Mono_Continuous,RBM,C:\TCC\Reproduzir_artigo\data\GUITAR-FX\Mono_Continuous\Audio\RBM\G93-59500-RBM-T5.1S8.7-21191.wav,998
Mono_Continuous,RBM,C:\TCC\Reproduzir_artigo\data\GUITAR-FX\Mono_Continuous\Audio\RBM\G93-61502-RBM-T2.5S3.3-21193.wav,998
Mono_Continuous,RBM,C:\TCC\Reproduzir_artigo\data\GUITAR-FX\Mono_Continuous\Audio\RBM\G93-62312-RBM-T3.2S8.8-21177.wav,998
Mono_Continuous,RBM,C:\TCC\Reproduzir_artigo\data\GUITAR-FX\Mono_Continuous\Audio\RBM\G93-62407-RBM-T0.5S5.3-21185.wav,998
Mono_Continuous,RBM,C:\TCC\Reproduzir_artigo\data\GUITAR-FX\Mono_Continuous\Audio\RBM\G93-62503-RBM-T5.2S9.2-21194.wav,998
Mono_Continuous,RBM,C:\TCC\Reproduzir_artigo\data\GUITAR-FX\Mono_Continuous\Audio\RBM\G93-64409-RBM-T0.1S9.9-21187.wav,998
Mono_Continuous,RBM,C:\TCC\Reproduzir_artigo\data\GUITAR-FX\Mono_Continuous\Audio\RBM\G93-65601-RBM-T1.4S9.6-21205.wav,998
Mono_Continuous,RBM,C:\TCC\Reproduzir_artigo\data\GUITAR-FX\Mono_Continuous\Audio\RBM\G93-65601-RBM-T3.6S5.7-21205.wav,998
Mono_Continuous,RBM,C:\TCC\Reproduzir_artigo\data\GUITAR-FX\Mono_Continuous\Audio\RBM\G93-65601-RBM-T3.9S8.5-21205.wav,998
Mono_Continuous,RBM,C:\TCC\Reproduzir_artigo\data\GUITAR-FX\Mono_Continuous\Audio\RBM\G93-67508-RBM-T0.5S6.9-21199.wav,998
Mono_Continuous,RBM,C:\TCC\Reproduzir_artigo\data\GUITAR-FX\Mono_Continuous\Audio\RBM\G93-68509-RBM-T1.6S7.8-21200.wav,998
Mono_Continuous,RBM,C:\TCC\Reproduzir_artigo\data\GUITAR-FX\Mono_Continuous\Audio\RBM\G93-68509-RBM-T4.9S4.6-21200.wav,998
Mono_Continuous,SD1,C:\TCC\Reproduzir_artigo\data\GUITAR-FX\Mono_Continuous\Audio\SD1\G61-41101-SD1-D8.4T3.7-20594.wav,998
Mono_Continuous,SD1,C:\TCC\Reproduzir_artigo\data\GUITAR-FX\Mono_Continuous\Audio\SD1\G61-43103-SD1-D4.1T3.4-20596.wav,998
Mono_Continuous,SD1,C:\TCC\Reproduzir_artigo\data\GUITAR-FX\Mono_Continuous\Audio\SD1\G61-44104-SD1-D3.3T6.3-20597.wav,998
Mono_Continuous,SD1,C:\TCC\Reproduzir_artigo\data\GUITAR-FX\Mono_Continuous\Audio\SD1\G61-46201-SD1-D7.8T8.8-20607.wav,998
Mono_Continuous,SD1,C:\TCC\Reproduzir_artigo\data\GUITAR-FX\Mono_Continuous\Audio\SD1\G61-47202-SD1-D4.7T7.2-20608.wav,998
Mono_Continuous,SD1,C:\TCC\Reproduzir_artigo\data\GUITAR-FX\Mono_Continuous\Audio\SD1\G61-48203-SD1-D7.5T6.7-20609.wav,998
Mono_Continuous,SD1,C:\TCC\Reproduzir_artigo\data\GUITAR-FX\Mono_Continuous\Audio\SD1\G61-49109-SD1-D3T8.6-20602.wav,998
Mono_Continuous,SD1,C:\TCC\Reproduzir_artigo\data\GUITAR-FX\Mono_Continuous\Audio\SD1\G61-50110-SD1-D10T2.8-20603.wav,998
Mono_Continuous,SD1,C:\TCC\Reproduzir_artigo\data\GUITAR-FX\Mono_Continuous\Audio\SD1\G61-50110-SD1-D9.5T7-20603.wav,998
Mono_Continuous,SD1,C:\TCC\Reproduzir_artigo\data\GUITAR-FX\Mono_Continuous\Audio\SD1\G61-52112-SD1-D2.4T6.4-20605.wav,998
Mono_Continuous,SD1,C:\TCC\Reproduzir_artigo\data\GUITAR-FX\Mono_Continuous\Audio\SD1\G61-52207-SD1-D7.1T3.2-20613.wav,998
Mono_Continuous,SD1,C:\TCC\Reproduzir_artigo\data\GUITAR-FX\Mono_Continuous\Audio\SD1\G61-52207-SD1-D7.8T7.5-20613.wav,998
Mono_Continuous,SD1,C:\TCC\Reproduzir_artigo\data\GUITAR-FX\Mono_Continuous\Audio\SD1\G61-52207-SD1-D9.1T2.5-20613.wav,998
Mono_Continuous,SD1,C:\TCC\Reproduzir_artigo\data\GUITAR-FX\Mono_Continuous\Audio\SD1\G61-54304-SD1-D3T4.6-20623.wav,998
Mono_Continuous,SD1,C:\TCC\Reproduzir_artigo\data\GUITAR-FX\Mono_Continuous\Audio\SD1\G61-55400-SD1-D3.5T4.7-20632.wav,998
Mono_Continuous,SD1,C:\TCC\Reproduzir_artigo\data\GUITAR-FX\Mono_Continuous\Audio\SD1\G61-56211-SD1-D3.5T0.5-20617.wav,998
Mono_Continuous,SD1,C:\TCC\Reproduzir_artigo\data\GUITAR-FX\Mono_Continuous\Audio\SD1\G61-56401-SD1-D5T9.4-20633.wav,998
Mono_Continuous,SD1,C:\TCC\Reproduzir_artigo\data\GUITAR-FX\Mono_Continuous\Audio\SD1\G61-59309-SD1-D2.6T7.9-20628.wav,998
Mono_Continuous,SD1,C:\TCC\Reproduzir_artigo\data\GUITAR-FX\Mono_Continuous\Audio\SD1\G61-59309-SD1-D9.5T9-20628.wav,998
Mono_Continuous,SD1,C:\TCC\Reproduzir_artigo\data\GUITAR-FX\Mono_Continuous\Audio\SD1\G61-60501-SD1-D9.3T6.1-20646.wav,998
Mono_Continuous,SD1,C:\TCC\Reproduzir_artigo\data\GUITAR-FX\Mono_Continuous\Audio\SD1\G61-65410-SD1-D2.6T1.8-20642.wav,998
Mono_Continuous,SD1,C:\TCC\Reproduzir_artigo\data\GUITAR-FX\Mono_Continuous\Audio\SD1\G61-65410-SD1-D7.9T6.8-20642.wav,998
Mono_Continuous,SD1,C:\TCC\Reproduzir_artigo\data\GUITAR-FX\Mono_Continuous\Audio\SD1\G61-65410-SD1-D9.7T6.1-20642.wav,998
Mono_Continuous,SD1,C:\TCC\Reproduzir_artigo\data\GUITAR-FX\Mono_Continuous\Audio\SD1\G61-66411-SD1-D4.7T1.4-20643.wav,998
Mono_Continuous,SD1,C:\TCC\Reproduzir_artigo\data\GUITAR-FX\Mono_Continuous\Audio\SD1\G61-67508-SD1-D3.5T0.1-20653.wav,998
Mono_Continuous,SD1,C:\TCC\Reproduzir_artigo\data\GUITAR-FX\Mono_Continuous\Audio\SD1\G61-68604-SD1-D7.6T4.5-20662.wav,998
Mono_Continuous,SD1,C:\TCC\Reproduzir_artigo\data\GUITAR-FX\Mono_Continuous\Audio\SD1\G61-69510-SD1-D9.7T9-20655.wav,998
Mono_Continuous,SD1,C:\TCC\Reproduzir_artigo\data\GUITAR-FX\Mono_Continuous\Audio\SD1\G61-71607-SD1-D4.3T4.1-20665.wav,998
Mono_Continuous,SD1,C:\TCC\Reproduzir_artigo\data\GUITAR-FX\Mono_Continuous\Audio\SD1\G61-72608-SD1-D4.9T3.3-20666.wav,998
Mono_Continuous,SD1,C:\TCC\Reproduzir_artigo\data\GUITAR-FX\Mono_Continuous\Audio\SD1\G61-75611-SD1-D4.8T2.3-20669.wav,998
Mono_Continuous,SD1,C:\TCC\Reproduzir_artigo\data\GUITAR-FX\Mono_Continuous\Audio\SD1\G63-41101-SD1-D3.1T1.3-20672.wav,998
Mono_Continuous,SD1,C:\TCC\Reproduzir_artigo\data\GUITAR-FX\Mono_Continuous\Audio\SD1\G63-41101-SD1-D6.3T3.8-20672.wav,998
Mono_Continuous,SD1,C:\TCC\Reproduzir_artigo\data\GUITAR-FX\Mono_Continuous\Audio\SD1\G63-41101-SD1-D8T3.1-20672.wav,998
Mono_Continuous,SD1,C:\TCC\Reproduzir_artigo\data\GUITAR-FX\Mono_Continuous\Audio\SD1\G63-43103-SD1-D3.7T8.3-20674.wav,998
Mono_Continuous,SD1,C:\TCC\Reproduzir_artigo\data\GUITAR-FX\Mono_Continuous\Audio\SD1\G63-43103-SD1-D3.8T3.5-20674.wav,998
Mono_Continuous,SD1,C:\TCC\Reproduzir_artigo\data\GUITAR-FX\Mono_Continuous\Audio\SD1\G63-48108-SD1-D5.8T2.6-20679.wav,998
Mono_Continuous,SD1,C:\TCC\Reproduzir_artigo\data\GUITAR-FX\Mono_Continuous\Audio\SD1\G63-49109-SD1-D3.5T0.4-20680.wav,998
Mono_Continuous,SD1,C:\TCC\Reproduzir_artigo\data\GUITAR-FX\Mono_Continuous\Audio\SD1\G63-49204-SD1-D2.6T5.5-20688.wav,998
Mono_Continuous,SD1,C:\TCC\Reproduzir_artigo\data\GUITAR-FX\Mono_Continuous\Audio\SD1\G63-52207-SD1-D4T4.8-20691.wav,998
Mono_Continuous,SD1,C:\TCC\Reproduzir_artigo\data\GUITAR-FX\Mono_Continuous\Audio\SD1\G63-53208-SD1-D6.1T6.3-20692.wav,998
Mono_Continuous,SD1,C:\TCC\Reproduzir_artigo\data\GUITAR-FX\Mono_Continuous\Audio\SD1\G63-53303-SD1-D9.1T6.7-20700.wav,998
Mono_Continuous,SD1,C:\TCC\Reproduzir_artigo\data\GUITAR-FX\Mono_Continuous\Audio\SD1\G63-55305-SD1-D4.6T2.7-20702.wav,998
Mono_Continuous,SD1,C:\TCC\Reproduzir_artigo\data\GUITAR-FX\Mono_Continuous\Audio\SD1\G63-56306-SD1-D3.9T2.8-20703.wav,998
Mono_Continuous,SD1,C:\TCC\Reproduzir_artigo\data\GUITAR-FX\Mono_Continuous\Audio\SD1\G63-56401-SD1-D2.8T1.3-20711.wav,998
Mono_Continuous,SD1,C:\TCC\Reproduzir_artigo\data\GUITAR-FX\Mono_Continuous\Audio\SD1\G63-56401-SD1-D4.4T0.5-20711.wav,998
Mono_Continuous,SD1,C:\TCC\Reproduzir_artigo\data\GUITAR-FX\Mono_Continuous\Audio\SD1\G63-57402-SD1-D9.9T8.6-20712.wav,998
Mono_Continuous,SD1,C:\TCC\Reproduzir_artigo\data\GUITAR-FX\Mono_Continuous\Audio\SD1\G63-59309-SD1-D4.2T7.5-20706.wav,998
Mono_Continuous,SD1,C:\TCC\Reproduzir_artigo\data\GUITAR-FX\Mono_Continuous\Audio\SD1\G63-59309-SD1-D5.7T1.7-20706.wav,998
Mono_Continuous,SD1,C:\TCC\Reproduzir_artigo\data\GUITAR-FX\Mono_Continuous\Audio\SD1\G63-59404-SD1-D3.7T7.1-20714.wav,998
Mono_Continuous,SD1,C:\TCC\Reproduzir_artigo\data\GUITAR-FX\Mono_Continuous\Audio\SD1\G63-59404-SD1-D8.3T4.6-20714.wav,998
Mono_Continuous,SD1,C:\TCC\Reproduzir_artigo\data\GUITAR-FX\Mono_Continuous\Audio\SD1\G63-60405-SD1-D8.6T4.9-20715.wav,998
Mono_Continuous,SD1,C:\TCC\Reproduzir_artigo\data\GUITAR-FX\Mono_Continuous\Audio\SD1\G63-60501-SD1-D9.2T8.2-20724.wav,998
Mono_Continuous,SD1,C:\TCC\Reproduzir_artigo\data\GUITAR-FX\Mono_Continuous\Audio\SD1\G63-61502-SD1-D3.8T5.6-20725.wav,998
Mono_Continuous,SD1,C:\TCC\Reproduzir_artigo\data\GUITAR-FX\Mono_Continuous\Audio\SD1\G63-62503-SD1-D2.8T1.4-20726.wav,998
Mono_Continuous,SD1,C:\TCC\Reproduzir_artigo\data\GUITAR-FX\Mono_Continuous\Audio\SD1\G63-63408-SD1-D3.7T9.8-20718.wav,998
Mono_Continuous,SD1,C:\TCC\Reproduzir_artigo\data\GUITAR-FX\Mono_Continuous\Audio\SD1\G63-63408-SD1-D6.9T3.5-20718.wav,998
Mono_Continuous,SD1,C:\TCC\Reproduzir_artigo\data\GUITAR-FX\Mono_Continuous\Audio\SD1\G63-63504-SD1-D8.7T8.6-20727.wav,998
Mono_Continuous,SD1,C:\TCC\Reproduzir_artigo\data\GUITAR-FX\Mono_Continuous\Audio\SD1\G63-64600-SD1-D6.2T6.7-20736.wav,998
Mono_Continuous,SD1,C:\TCC\Reproduzir_artigo\data\GUITAR-FX\Mono_Continuous\Audio\SD1\G63-66411-SD1-D4.8T2.7-20721.wav,998
Mono_Continuous,SD1,C:\TCC\Reproduzir_artigo\data\GUITAR-FX\Mono_Continuous\Audio\SD1\G63-66507-SD1-D7.1T7.8-20730.wav,998
Mono_Continuous,SD1,C:\TCC\Reproduzir_artigo\data\GUITAR-FX\Mono_Continuous\Audio\SD1\G63-67412-SD1-D4.9T1.7-20722.wav,998
Mono_Continuous,SD1,C:\TCC\Reproduzir_artigo\data\GUITAR-FX\Mono_Continuous\Audio\SD1\G63-67508-SD1-D4.5T1.1-20731.wav,998
Mono_Continuous,SD1,C:\TCC\Reproduzir_artigo\data\GUITAR-FX\Mono_Continuous\Audio\SD1\G63-68604-SD1-D9T7.3-20740.wav,998
Mono_Continuous,SD1,C:\TCC\Reproduzir_artigo\data\GUITAR-FX\Mono_Continuous\Audio\SD1\G63-70511-SD1-D5.9T7.6-20734.wav,998
Mono_Continuous,SD1,C:\TCC\Reproduzir_artigo\data\GUITAR-FX\Mono_Continuous\Audio\SD1\G63-71607-SD1-D7.1T1.1-20743.wav,998
Mono_Continuous,SD1,C:\TCC\Reproduzir_artigo\data\GUITAR-FX\Mono_Continuous\Audio\SD1\G63-73609-SD1-D3.2T0.4-20745.wav,998
Mono_Continuous,SD1,C:\TCC\Reproduzir_artigo\data\GUITAR-FX\Mono_Continuous\Audio\SD1\G63-73609-SD1-D4.4T6.8-20745.wav,998
Mono_Continuous,SD1,C:\TCC\Reproduzir_artigo\data\GUITAR-FX\Mono_Continuous\Audio\SD1\G63-73609-SD1-D8T3.9-20745.wav,998
Mono_Continuous,SD1,C:\TCC\Reproduzir_artigo\data\GUITAR-FX\Mono_Continuous\Audio\SD1\G63-73609-SD1-D9.8T7.2-20745.wav,998
Mono_Continuous,SD1,C:\TCC\Reproduzir_artigo\data\GUITAR-FX\Mono_Continuous\Audio\SD1\G63-74610-SD1-D5.5T1.4-20746.wav,998
Mono_Continuous,SD1,C:\TCC\Reproduzir_artigo\data\GUITAR-FX\Mono_Continuous\Audio\SD1\G71-41101-SD1-D4.3T6.2-20750.wav,998
Mono_Continuous,SD1,C:\TCC\Reproduzir_artigo\data\GUITAR-FX\Mono_Continuous\Audio\SD1\G71-41101-SD1-D9.6T6.2-20750.wav,998
Mono_Continuous,SD1,C:\TCC\Reproduzir_artigo\data\GUITAR-FX\Mono_Continuous\Audio\SD1\G71-46201-SD1-D3.9T6.2-20763.wav,998
Mono_Continuous,SD1,C:\TCC\Reproduzir_artigo\data\GUITAR-FX\Mono_Continuous\Audio\SD1\G71-47107-SD1-D6.4T1.4-20756.wav,998
Mono_Continuous,SD1,C:\TCC\Reproduzir_artigo\data\GUITAR-FX\Mono_Continuous\Audio\SD1\G71-50205-SD1-D3.3T7.8-20767.wav,998
Mono_Continuous,SD1,C:\TCC\Reproduzir_artigo\data\GUITAR-FX\Mono_Continuous\Audio\SD1\G71-50205-SD1-D4.6T8.9-20767.wav,998
Mono_Continuous,SD1,C:\TCC\Reproduzir_artigo\data\GUITAR-FX\Mono_Continuous\Audio\SD1\G71-52112-SD1-D8.7T9-20761.wav,998
Mono_Continuous,SD1,C:\TCC\Reproduzir_artigo\data\GUITAR-FX\Mono_Continuous\Audio\SD1\G71-52207-SD1-D4.2T5.1-20769.wav,998
Mono_Continuous,SD1,C:\TCC\Reproduzir_artigo\data\GUITAR-FX\Mono_Continuous\Audio\SD1\G71-52302-SD1-D6.7T7.5-20777.wav,998
Mono_Continuous,SD1,C:\TCC\Reproduzir_artigo\data\GUITAR-FX\Mono_Continuous\Audio\SD1\G71-53208-SD1-D2.5T0.8-20770.wav,998
Mono_Continuous,SD1,C:\TCC\Reproduzir_artigo\data\GUITAR-FX\Mono_Continuous\Audio\SD1\G71-53208-SD1-D9.2T1.6-20770.wav,998
Mono_Continuous,SD1,C:\TCC\Reproduzir_artigo\data\GUITAR-FX\Mono_Continuous\Audio\SD1\G71-54209-SD1-D5.2T5-20771.wav,998
Mono_Continuous,SD1,C:\TCC\Reproduzir_artigo\data\GUITAR-FX\Mono_Continuous\Audio\SD1\G71-54209-SD1-D5.8T3.9-20771.wav,998
Mono_Continuous,SD1,C:\TCC\Reproduzir_artigo\data\GUITAR-FX\Mono_Continuous\Audio\SD1\G71-54304-SD1-D3.4T9.3-20779.wav,998
Mono_Continuous,SD1,C:\TCC\Reproduzir_artigo\data\GUITAR-FX\Mono_Continuous\Audio\SD1\G71-54304-SD1-D6.4T7.4-20779.wav,998
Mono_Continuous,SD1,C:\TCC\Reproduzir_artigo\data\GUITAR-FX\Mono_Continuous\Audio\SD1\G71-55210-SD1-D4.1T2.8-20772.wav,998
Mono_Continuous,SD1,C:\TCC\Reproduzir_artigo\data\GUITAR-FX\Mono_Continuous\Audio\SD1\G71-55305-SD1-D2.2T9.2-20780.wav,998
Mono_Continuous,SD1,C:\TCC\Reproduzir_artigo\data\GUITAR-FX\Mono_Continuous\Audio\SD1\G71-57212-SD1-D7.2T2.9-20774.wav,998
Mono_Continuous,SD1,C:\TCC\Reproduzir_artigo\data\GUITAR-FX\Mono_Continuous\Audio\SD1\G71-57307-SD1-D5.5T3.1-20782.wav,998
Mono_Continuous,SD1,C:\TCC\Reproduzir_artigo\data\GUITAR-FX\Mono_Continuous\Audio\SD1\G71-57402-SD1-D3.4T7.2-20790.wav,998
Mono_Continuous,SD1,C:\TCC\Reproduzir_artigo\data\GUITAR-FX\Mono_Continuous\Audio\SD1\G71-58403-SD1-D5.7T2.1-20791.wav,998
Mono_Continuous,SD1,C:\TCC\Reproduzir_artigo\data\GUITAR-FX\Mono_Continuous\Audio\SD1\G71-60310-SD1-D7.9T8.2-20785.wav,998
Mono_Continuous,SD1,C:\TCC\Reproduzir_artigo\data\GUITAR-FX\Mono_Continuous\Audio\SD1\G71-60405-SD1-D6.3T3.3-20793.wav,998
Mono_Continuous,SD1,C:\TCC\Reproduzir_artigo\data\GUITAR-FX\Mono_Continuous\Audio\SD1\G71-62407-SD1-D4.2T4.3-20795.wav,998
Mono_Continuous,SD1,C:\TCC\Reproduzir_artigo\data\GUITAR-FX\Mono_Continuous\Audio\SD1\G71-63408-SD1-D9.2T5-20796.wav,998
Mono_Continuous,SD1,C:\TCC\Reproduzir_artigo\data\GUITAR-FX\Mono_Continuous\Audio\SD1\G71-63504-SD1-D3.1T7.7-20805.wav,998
Mono_Continuous,SD1,C:\TCC\Reproduzir_artigo\data\GUITAR-FX\Mono_Continuous\Audio\SD1\G71-65410-SD1-D9.1T8.6-20798.wav,998
Mono_Continuous,SD1,C:\TCC\Reproduzir_artigo\data\GUITAR-FX\Mono_Continuous\Audio\SD1\G71-65601-SD1-D7.8T2.9-20815.wav,998
Mono_Continuous,SD1,C:\TCC\Reproduzir_artigo\data\GUITAR-FX\Mono_Continuous\Audio\SD1\G71-67603-SD1-D3.3T8.7-20817.wav,998
Mono_Continuous,SD1,C:\TCC\Reproduzir_artigo\data\GUITAR-FX\Mono_Continuous\Audio\SD1\G71-68604-SD1-D2.6T5.9-20818.wav,998
Mono_Continuous,SD1,C:\TCC\Reproduzir_artigo\data\GUITAR-FX\Mono_Continuous\Audio\SD1\G71-68604-SD1-D8.9T4.2-20818.wav,998
Mono_Continuous,SD1,C:\TCC\Reproduzir_artigo\data\GUITAR-FX\Mono_Continuous\Audio\SD1\G71-71512-SD1-D7.5T0.4-20813.wav,998
Mono_Continuous,SD1,C:\TCC\Reproduzir_artigo\data\GUITAR-FX\Mono_Continuous\Audio\SD1\G71-75611-SD1-D8.7T7.5-20825.wav,998
Mono_Continuous,SD1,C:\TCC\Reproduzir_artigo\data\GUITAR-FX\Mono_Continuous\Audio\SD1\G73-41101-SD1-D4.6T8.9-20828.wav,998
Mono_Continuous,SD1,C:\TCC\Reproduzir_artigo\data\GUITAR-FX\Mono_Continuous\Audio\SD1\G73-45105-SD1-D2.7T9.7-20832.wav,998
Mono_Continuous,SD1,C:\TCC\Reproduzir_artigo\data\GUITAR-FX\Mono_Continuous\Audio\SD1\G73-45105-SD1-D4.4T6.9-20832.wav,998
Mono_Continuous,SD1,C:\TCC\Reproduzir_artigo\data\GUITAR-FX\Mono_Continuous\Audio\SD1\G73-45105-SD1-D5.9T7.7-20832.wav,998
Mono_Continuous,SD1,C:\TCC\Reproduzir_artigo\data\GUITAR-FX\Mono_Continuous\Audio\SD1\G73-49109-SD1-D4.9T6.6-20836.wav,998
Mono_Continuous,SD1,C:\TCC\Reproduzir_artigo\data\GUITAR-FX\Mono_Continuous\Audio\SD1\G73-50110-SD1-D8.1T1.6-20837.wav,998
Mono_Continuous,SD1,C:\TCC\Reproduzir_artigo\data\GUITAR-FX\Mono_Continuous\Audio\SD1\G73-52302-SD1-D2.9T4.9-20855.wav,998
Mono_Continuous,SD1,C:\TCC\Reproduzir_artigo\data\GUITAR-FX\Mono_Continuous\Audio\SD1\G73-53208-SD1-D7.8T1.4-20848.wav,998
Mono_Continuous,SD1,C:\TCC\Reproduzir_artigo\data\GUITAR-FX\Mono_Continuous\Audio\SD1\G73-55210-SD1-D7.3T4.2-20850.wav,998
Mono_Continuous,SD1,C:\TCC\Reproduzir_artigo\data\GUITAR-FX\Mono_Continuous\Audio\SD1\G73-56401-SD1-D4.7T6-20867.wav,998
Mono_Continuous,SD1,C:\TCC\Reproduzir_artigo\data\GUITAR-FX\Mono_Continuous\Audio\SD1\G73-57212-SD1-D6.6T7-20852.wav,998
Mono_Continuous,SD1,C:\TCC\Reproduzir_artigo\data\GUITAR-FX\Mono_Continuous\Audio\SD1\G73-57307-SD1-D10T9.3-20860.wav,998
Mono_Continuous,SD1,C:\TCC\Reproduzir_artigo\data\GUITAR-FX\Mono_Continuous\Audio\SD1\G73-57307-SD1-D7.1T8.3-20860.wav,998
Mono_Continuous,SD1,C:\TCC\Reproduzir_artigo\data\GUITAR-FX\Mono_Continuous\Audio\SD1\G73-57402-SD1-D3.1T3.8-20868.wav,998
Mono_Continuous,SD1,C:\TCC\Reproduzir_artigo\data\GUITAR-FX\Mono_Continuous\Audio\SD1\G73-59500-SD1-D6.7T1.1-20879.wav,998
Mono_Continuous,SD1,C:\TCC\Reproduzir_artigo\data\GUITAR-FX\Mono_Continuous\Audio\SD1\G73-59500-SD1-D9.7T6.8-20879.wav,998
Mono_Continuous,SD1,C:\TCC\Reproduzir_artigo\data\GUITAR-FX\Mono_Continuous\Audio\SD1\G73-60310-SD1-D6.4T9.6-20863.wav,998
Mono_Continuous,SD1,C:\TCC\Reproduzir_artigo\data\GUITAR-FX\Mono_Continuous\Audio\SD1\G73-60405-SD1-D3.8T7.2-20871.wav,998
Mono_Continuous,SD1,C:\TCC\Reproduzir_artigo\data\GUITAR-FX\Mono_Continuous\Audio\SD1\G73-60501-SD1-D8.8T9-20880.wav,998
Mono_Continuous,SD1,C:\TCC\Reproduzir_artigo\data\GUITAR-FX\Mono_Continuous\Audio\SD1\G73-61311-SD1-D2.3T0.6-20864.wav,998
Mono_Continuous,SD1,C:\TCC\Reproduzir_artigo\data\GUITAR-FX\Mono_Continuous\Audio\SD1\G73-61311-SD1-D7.1T6.5-20864.wav,998
Mono_Continuous,SD1,C:\TCC\Reproduzir_artigo\data\GUITAR-FX\Mono_Continuous\Audio\SD1\G73-61311-SD1-D8.9T1.4-20864.wav,998
Mono_Continuous,SD1,C:\TCC\Reproduzir_artigo\data\GUITAR-FX\Mono_Continuous\Audio\SD1\G73-61502-SD1-D6.4T8.1-20881.wav,998
Mono_Continuous,SD1,C:\TCC\Reproduzir_artigo\data\GUITAR-FX\Mono_Continuous\Audio\SD1\G73-62312-SD1-D2.1T3.2-20865.wav,998
Mono_Continuous,SD1,C:\TCC\Reproduzir_artigo\data\GUITAR-FX\Mono_Continuous\Audio\SD1\G73-62312-SD1-D5.9T3.5-20865.wav,998
Mono_Continuous,SD1,C:\TCC\Reproduzir_artigo\data\GUITAR-FX\Mono_Continuous\Audio\SD1\G73-62503-SD1-D3.4T7.5-20882.wav,998
Mono_Continuous,SD1,C:\TCC\Reproduzir_artigo\data\GUITAR-FX\Mono_Continuous\Audio\SD1\G73-62503-SD1-D9.7T2-20882.wav,998
Mono_Continuous,SD1,C:\TCC\Reproduzir_artigo\data\GUITAR-FX\Mono_Continuous\Audio\SD1\G73-63504-SD1-D8.9T7.8-20883.wav,998
Mono_Continuous,SD1,C:\TCC\Reproduzir_artigo\data\GUITAR-FX\Mono_Continuous\Audio\SD1\G73-64600-SD1-D2.8T5.7-20892.wav,998
Mono_Continuous,SD1,C:\TCC\Reproduzir_artigo\data\GUITAR-FX\Mono_Continuous\Audio\SD1\G73-64600-SD1-D3.7T7-20892.wav,998
Mono_Continuous,SD1,C:\TCC\Reproduzir_artigo\data\GUITAR-FX\Mono_Continuous\Audio\SD1\G73-65601-SD1-D6.7T0.9-20893.wav,998
Mono_Continuous,SD1,C:\TCC\Reproduzir_artigo\data\GUITAR-FX\Mono_Continuous\Audio\SD1\G73-66507-SD1-D3.3T8.1-20886.wav,998
Mono_Continuous,SD1,C:\TCC\Reproduzir_artigo\data\GUITAR-FX\Mono_Continuous\Audio\SD1\G73-67508-SD1-D5.8T0.7-20887.wav,998
Mono_Continuous,SD1,C:\TCC\Reproduzir_artigo\data\GUITAR-FX\Mono_Continuous\Audio\SD1\G73-70511-SD1-D7.9T5.4-20890.wav,998
Mono_Continuous,SD1,C:\TCC\Reproduzir_artigo\data\GUITAR-FX\Mono_Continuous\Audio\SD1\G73-72608-SD1-D4.2T6.6-20900.wav,998
Mono_Continuous,SD1,C:\TCC\Reproduzir_artigo\data\GUITAR-FX\Mono_Continuous\Audio\SD1\G73-74610-SD1-D4.1T6.2-20902.wav,998
Mono_Continuous,SD1,C:\TCC\Reproduzir_artigo\data\GUITAR-FX\Mono_Continuous\Audio\SD1\G73-74610-SD1-D4.1T7.3-20902.wav,998
Mono_Continuous,SD1,C:\TCC\Reproduzir_artigo\data\GUITAR-FX\Mono_Continuous\Audio\SD1\G81-47202-SD1-D6.3T1.6-20920.wav,998
Mono_Continuous,SD1,C:\TCC\Reproduzir_artigo\data\GUITAR-FX\Mono_Continuous\Audio\SD1\G81-49204-SD1-D2.5T8.1-20922.wav,998
Mono_Continuous,SD1,C:\TCC\Reproduzir_artigo\data\GUITAR-FX\Mono_Continuous\Audio\SD1\G81-49204-SD1-D4.1T4.9-20922.wav,998
Mono_Continuous,SD1,C:\TCC\Reproduzir_artigo\data\GUITAR-FX\Mono_Continuous\Audio\SD1\G81-51206-SD1-D2.6T8.5-20924.wav,998
Mono_Continuous,SD1,C:\TCC\Reproduzir_artigo\data\GUITAR-FX\Mono_Continuous\Audio\SD1\G81-51206-SD1-D4.6T1.1-20924.wav,998
Mono_Continuous,SD1,C:\TCC\Reproduzir_artigo\data\GUITAR-FX\Mono_Continuous\Audio\SD1\G81-52112-SD1-D2.8T4.5-20917.wav,998
Mono_Continuous,SD1,C:\TCC\Reproduzir_artigo\data\GUITAR-FX\Mono_Continuous\Audio\SD1\G81-53208-SD1-D7.6T6.7-20926.wav,998
Mono_Continuous,SD1,C:\TCC\Reproduzir_artigo\data\GUITAR-FX\Mono_Continuous\Audio\SD1\G81-53303-SD1-D8.3T8.7-20934.wav,998
Mono_Continuous,SD1,C:\TCC\Reproduzir_artigo\data\GUITAR-FX\Mono_Continuous\Audio\SD1\G81-55210-SD1-D7.1T3.2-20928.wav,998
Mono_Continuous,SD1,C:\TCC\Reproduzir_artigo\data\GUITAR-FX\Mono_Continuous\Audio\SD1\G81-55305-SD1-D6.2T2.3-20936.wav,998
Mono_Continuous,SD1,C:\TCC\Reproduzir_artigo\data\GUITAR-FX\Mono_Continuous\Audio\SD1\G81-57307-SD1-D4.3T0.1-20938.wav,998
Mono_Continuous,SD1,C:\TCC\Reproduzir_artigo\data\GUITAR-FX\Mono_Continuous\Audio\SD1\G81-58308-SD1-D6.2T2.2-20939.wav,998
Mono_Continuous,SD1,C:\TCC\Reproduzir_artigo\data\GUITAR-FX\Mono_Continuous\Audio\SD1\G81-58403-SD1-D7.6T4.3-20947.wav,998
Mono_Continuous,SD1,C:\TCC\Reproduzir_artigo\data\GUITAR-FX\Mono_Continuous\Audio\SD1\G81-58403-SD1-D9.5T6.9-20947.wav,998
Mono_Continuous,SD1,C:\TCC\Reproduzir_artigo\data\GUITAR-FX\Mono_Continuous\Audio\SD1\G81-59404-SD1-D2.4T2.6-20948.wav,998
Mono_Continuous,SD1,C:\TCC\Reproduzir_artigo\data\GUITAR-FX\Mono_Continuous\Audio\SD1\G81-60405-SD1-D6.2T8.6-20949.wav,998
Mono_Continuous,SD1,C:\TCC\Reproduzir_artigo\data\GUITAR-FX\Mono_Continuous\Audio\SD1\G81-60501-SD1-D2.6T3.6-20958.wav,998
Mono_Continuous,SD1,C:\TCC\Reproduzir_artigo\data\GUITAR-FX\Mono_Continuous\Audio\SD1\G81-61502-SD1-D4.4T2.9-20959.wav,998
Mono_Continuous,SD1,C:\TCC\Reproduzir_artigo\data\GUITAR-FX\Mono_Continuous\Audio\SD1\G81-62312-SD1-D8.1T2.5-20943.wav,998
Mono_Continuous,SD1,C:\TCC\Reproduzir_artigo\data\GUITAR-FX\Mono_Continuous\Audio\SD1\G81-63408-SD1-D6.2T4.5-20952.wav,998
Mono_Continuous,SD1,C:\TCC\Reproduzir_artigo\data\GUITAR-FX\Mono_Continuous\Audio\SD1\G81-63408-SD1-D6.3T8.7-20952.wav,998
Mono_Continuous,SD1,C:\TCC\Reproduzir_artigo\data\GUITAR-FX\Mono_Continuous\Audio\SD1\G81-63408-SD1-D7.9T2.3-20952.wav,998
Mono_Continuous,SD1,C:\TCC\Reproduzir_artigo\data\GUITAR-FX\Mono_Continuous\Audio\SD1\G81-63408-SD1-D9.3T9-20952.wav,998
Mono_Continuous,SD1,C:\TCC\Reproduzir_artigo\data\GUITAR-FX\Mono_Continuous\Audio\SD1\G81-66602-SD1-D9.3T1.3-20972.wav,998
Mono_Continuous,SD1,C:\TCC\Reproduzir_artigo\data\GUITAR-FX\Mono_Continuous\Audio\SD1\G81-67412-SD1-D5.6T1.5-20956.wav,998
Mono_Continuous,SD1,C:\TCC\Reproduzir_artigo\data\GUITAR-FX\Mono_Continuous\Audio\SD1\G81-67508-SD1-D5.7T8.2-20965.wav,998
Mono_Continuous,SD1,C:\TCC\Reproduzir_artigo\data\GUITAR-FX\Mono_Continuous\Audio\SD1\G81-69510-SD1-D9.6T7.6-20967.wav,998
Mono_Continuous,SD1,C:\TCC\Reproduzir_artigo\data\GUITAR-FX\Mono_Continuous\Audio\SD1\G81-69605-SD1-D6.9T2.3-20975.wav,998
Mono_Continuous,SD1,C:\TCC\Reproduzir_artigo\data\GUITAR-FX\Mono_Continuous\Audio\SD1\G81-71512-SD1-D3.6T8.6-20969.wav,998
Mono_Continuous,SD1,C:\TCC\Reproduzir_artigo\data\GUITAR-FX\Mono_Continuous\Audio\SD1\G81-72608-SD1-D7.9T9.4-20978.wav,998
Mono_Continuous,SD1,C:\TCC\Reproduzir_artigo\data\GUITAR-FX\Mono_Continuous\Audio\SD1\G81-74610-SD1-D5.2T3.6-20980.wav,998
Mono_Continuous,SD1,C:\TCC\Reproduzir_artigo\data\GUITAR-FX\Mono_Continuous\Audio\SD1\G83-44104-SD1-D8.8T7.5-20987.wav,998
Mono_Continuous,SD1,C:\TCC\Reproduzir_artigo\data\GUITAR-FX\Mono_Continuous\Audio\SD1\G83-45200-SD1-D6.9T0.8-20996.wav,998
Mono_Continuous,SD1,C:\TCC\Reproduzir_artigo\data\GUITAR-FX\Mono_Continuous\Audio\SD1\G83-45200-SD1-D8.4T5-20996.wav,998
Mono_Continuous,SD1,C:\TCC\Reproduzir_artigo\data\GUITAR-FX\Mono_Continuous\Audio\SD1\G83-47107-SD1-D6.1T7-20990.wav,998
Mono_Continuous,SD1,C:\TCC\Reproduzir_artigo\data\GUITAR-FX\Mono_Continuous\Audio\SD1\G83-49109-SD1-D2.6T2.2-20992.wav,998
Mono_Continuous,SD1,C:\TCC\Reproduzir_artigo\data\GUITAR-FX\Mono_Continuous\Audio\SD1\G83-50300-SD1-D5T3.3-21009.wav,998
Mono_Continuous,SD1,C:\TCC\Reproduzir_artigo\data\GUITAR-FX\Mono_Continuous\Audio\SD1\G83-51206-SD1-D3.4T6.2-21002.wav,998
Mono_Continuous,SD1,C:\TCC\Reproduzir_artigo\data\GUITAR-FX\Mono_Continuous\Audio\SD1\G83-51301-SD1-D9.2T10-21010.wav,998
Mono_Continuous,SD1,C:\TCC\Reproduzir_artigo\data\GUITAR-FX\Mono_Continuous\Audio\SD1\G83-52112-SD1-D4.4T9.3-20995.wav,998
Mono_Continuous,SD1,C:\TCC\Reproduzir_artigo\data\GUITAR-FX\Mono_Continuous\Audio\SD1\G83-54209-SD1-D5T0.7-21005.wav,998
Mono_Continuous,SD1,C:\TCC\Reproduzir_artigo\data\GUITAR-FX\Mono_Continuous\Audio\SD1\G83-55400-SD1-D3.9T1.7-21022.wav,998
Mono_Continuous,SD1,C:\TCC\Reproduzir_artigo\data\GUITAR-FX\Mono_Continuous\Audio\SD1\G83-57402-SD1-D4.5T0.3-21024.wav,998
Mono_Continuous,SD1,C:\TCC\Reproduzir_artigo\data\GUITAR-FX\Mono_Continuous\Audio\SD1\G83-59500-SD1-D3.9T9.5-21035.wav,998
Mono_Continuous,SD1,C:\TCC\Reproduzir_artigo\data\GUITAR-FX\Mono_Continuous\Audio\SD1\G83-60405-SD1-D2T6.4-21027.wav,998
Mono_Continuous,SD1,C:\TCC\Reproduzir_artigo\data\GUITAR-FX\Mono_Continuous\Audio\SD1\G83-61311-SD1-D6.4T2-21020.wav,998
Mono_Continuous,SD1,C:\TCC\Reproduzir_artigo\data\GUITAR-FX\Mono_Continuous\Audio\SD1\G83-64409-SD1-D4.6T5.2-21031.wav,998
Mono_Continuous,SD1,C:\TCC\Reproduzir_artigo\data\GUITAR-FX\Mono_Continuous\Audio\SD1\G83-64505-SD1-D4.7T0.5-21040.wav,998
Mono_Continuous,SD1,C:\TCC\Reproduzir_artigo\data\GUITAR-FX\Mono_Continuous\Audio\SD1\G83-65410-SD1-D6.3T0.7-21032.wav,998
Mono_Continuous,SD1,C:\TCC\Reproduzir_artigo\data\GUITAR-FX\Mono_Continuous\Audio\SD1\G83-65601-SD1-D4.7T0.1-21049.wav,998
Mono_Continuous,SD1,C:\TCC\Reproduzir_artigo\data\GUITAR-FX\Mono_Continuous\Audio\SD1\G83-66411-SD1-D7.4T0.6-21033.wav,998
Mono_Continuous,SD1,C:\TCC\Reproduzir_artigo\data\GUITAR-FX\Mono_Continuous\Audio\SD1\G83-69510-SD1-D7T0.3-21045.wav,998
Mono_Continuous,SD1,C:\TCC\Reproduzir_artigo\data\GUITAR-FX\Mono_Continuous\Audio\SD1\G83-74610-SD1-D8.8T6.7-21058.wav,998
Mono_Continuous,SD1,C:\TCC\Reproduzir_artigo\data\GUITAR-FX\Mono_Continuous\Audio\SD1\G83-76612-SD1-D3.3T0.6-21060.wav,998
Mono_Continuous,SD1,C:\TCC\Reproduzir_artigo\data\GUITAR-FX\Mono_Continuous\Audio\SD1\G83-76612-SD1-D8.8T1-21060.wav,998
Mono_Continuous,SD1,C:\TCC\Reproduzir_artigo\data\GUITAR-FX\Mono_Continuous\Audio\SD1\G91-40100-SD1-D3.2T3.6-21061.wav,998
Mono_Continuous,SD1,C:\TCC\Reproduzir_artigo\data\GUITAR-FX\Mono_Continuous\Audio\SD1\G91-40100-SD1-D4.3T8-21061.wav,998
Mono_Continuous,SD1,C:\TCC\Reproduzir_artigo\data\GUITAR-FX\Mono_Continuous\Audio\SD1\G91-42102-SD1-D7.2T6.8-21063.wav,998
Mono_Continuous,SD1,C:\TCC\Reproduzir_artigo\data\GUITAR-FX\Mono_Continuous\Audio\SD1\G91-43103-SD1-D4.6T7.3-21064.wav,998
Mono_Continuous,SD1,C:\TCC\Reproduzir_artigo\data\GUITAR-FX\Mono_Continuous\Audio\SD1\G91-44104-SD1-D6.4T2-21065.wav,998
Mono_Continuous,SD1,C:\TCC\Reproduzir_artigo\data\GUITAR-FX\Mono_Continuous\Audio\SD1\G91-44104-SD1-D6.9T9.7-21065.wav,998
Mono_Continuous,SD1,C:\TCC\Reproduzir_artigo\data\GUITAR-FX\Mono_Continuous\Audio\SD1\G91-45105-SD1-D2.1T1.9-21066.wav,998
Mono_Continuous,SD1,C:\TCC\Reproduzir_artigo\data\GUITAR-FX\Mono_Continuous\Audio\SD1\G91-45200-SD1-D3.4T8.6-21074.wav,998
Mono_Continuous,SD1,C:\TCC\Reproduzir_artigo\data\GUITAR-FX\Mono_Continuous\Audio\SD1\G91-46106-SD1-D2.6T9.4-21067.wav,998
Mono_Continuous,SD1,C:\TCC\Reproduzir_artigo\data\GUITAR-FX\Mono_Continuous\Audio\SD1\G91-46201-SD1-D3.9T6.8-21075.wav,998
Mono_Continuous,SD1,C:\TCC\Reproduzir_artigo\data\GUITAR-FX\Mono_Continuous\Audio\SD1\G91-46201-SD1-D7.4T7.3-21075.wav,998
Mono_Continuous,SD1,C:\TCC\Reproduzir_artigo\data\GUITAR-FX\Mono_Continuous\Audio\SD1\G91-48108-SD1-D7.9T2.2-21069.wav,998
Mono_Continuous,SD1,C:\TCC\Reproduzir_artigo\data\GUITAR-FX\Mono_Continuous\Audio\SD1\G91-49109-SD1-D2.2T8.8-21070.wav,998
Mono_Continuous,SD1,C:\TCC\Reproduzir_artigo\data\GUITAR-FX\Mono_Continuous\Audio\SD1\G91-49109-SD1-D8T4.4-21070.wav,998
Mono_Continuous,SD1,C:\TCC\Reproduzir_artigo\data\GUITAR-FX\Mono_Continuous\Audio\SD1\G91-49204-SD1-D3.7T1.7-21078.wav,998
Mono_Continuous,SD1,C:\TCC\Reproduzir_artigo\data\GUITAR-FX\Mono_Continuous\Audio\SD1\G91-50205-SD1-D7.5T3.2-21079.wav,998
Mono_Continuous,SD1,C:\TCC\Reproduzir_artigo\data\GUITAR-FX\Mono_Continuous\Audio\SD1\G91-50300-SD1-D4.4T8.6-21087.wav,998
Mono_Continuous,SD1,C:\TCC\Reproduzir_artigo\data\GUITAR-FX\Mono_Continuous\Audio\SD1\G91-51111-SD1-D2.9T6.9-21072.wav,998
Mono_Continuous,SD1,C:\TCC\Reproduzir_artigo\data\GUITAR-FX\Mono_Continuous\Audio\SD1\G91-54304-SD1-D3.1T6.1-21091.wav,998
Mono_Continuous,SD1,C:\TCC\Reproduzir_artigo\data\GUITAR-FX\Mono_Continuous\Audio\SD1\G91-55210-SD1-D7.8T5.7-21084.wav,998
Mono_Continuous,SD1,C:\TCC\Reproduzir_artigo\data\GUITAR-FX\Mono_Continuous\Audio\SD1\G91-55305-SD1-D6.4T8-21092.wav,998
Mono_Continuous,SD1,C:\TCC\Reproduzir_artigo\data\GUITAR-FX\Mono_Continuous\Audio\SD1\G91-57212-SD1-D2.8T4.7-21086.wav,998
Mono_Continuous,SD1,C:\TCC\Reproduzir_artigo\data\GUITAR-FX\Mono_Continuous\Audio\SD1\G91-57307-SD1-D6T4.9-21094.wav,998
Mono_Continuous,SD1,C:\TCC\Reproduzir_artigo\data\GUITAR-FX\Mono_Continuous\Audio\SD1\G91-59309-SD1-D6.8T4.1-21096.wav,998
Mono_Continuous,SD1,C:\TCC\Reproduzir_artigo\data\GUITAR-FX\Mono_Continuous\Audio\SD1\G91-59404-SD1-D3.7T7-21104.wav,998
Mono_Continuous,SD1,C:\TCC\Reproduzir_artigo\data\GUITAR-FX\Mono_Continuous\Audio\SD1\G91-60405-SD1-D9.6T0.8-21105.wav,998
Mono_Continuous,SD1,C:\TCC\Reproduzir_artigo\data\GUITAR-FX\Mono_Continuous\Audio\SD1\G91-62312-SD1-D7T6.1-21099.wav,998
Mono_Continuous,SD1,C:\TCC\Reproduzir_artigo\data\GUITAR-FX\Mono_Continuous\Audio\SD1\G91-64409-SD1-D6.5T0-21109.wav,998
Mono_Continuous,SD1,C:\TCC\Reproduzir_artigo\data\GUITAR-FX\Mono_Continuous\Audio\SD1\G91-64505-SD1-D4.8T9.7-21118.wav,998
Mono_Continuous,SD1,C:\TCC\Reproduzir_artigo\data\GUITAR-FX\Mono_Continuous\Audio\SD1\G91-66411-SD1-D9T7.5-21111.wav,998
Mono_Continuous,SD1,C:\TCC\Reproduzir_artigo\data\GUITAR-FX\Mono_Continuous\Audio\SD1\G91-66602-SD1-D8.8T2.4-21128.wav,998
Mono_Continuous,SD1,C:\TCC\Reproduzir_artigo\data\GUITAR-FX\Mono_Continuous\Audio\SD1\G91-69510-SD1-D4.8T9.6-21123.wav,998
Mono_Continuous,SD1,C:\TCC\Reproduzir_artigo\data\GUITAR-FX\Mono_Continuous\Audio\SD1\G91-70511-SD1-D7.7T8.7-21124.wav,998
Mono_Continuous,SD1,C:\TCC\Reproduzir_artigo\data\GUITAR-FX\Mono_Continuous\Audio\SD1\G91-70606-SD1-D7.2T2.8-21132.wav,998
Mono_Continuous,SD1,C:\TCC\Reproduzir_artigo\data\GUITAR-FX\Mono_Continuous\Audio\SD1\G91-71512-SD1-D8.4T5.5-21125.wav,998
Mono_Continuous,SD1,C:\TCC\Reproduzir_artigo\data\GUITAR-FX\Mono_Continuous\Audio\SD1\G91-74610-SD1-D9.3T9.1-21136.wav,998
Mono_Continuous,SD1,C:\TCC\Reproduzir_artigo\data\GUITAR-FX\Mono_Continuous\Audio\SD1\G93-41101-SD1-D6.4T3.2-21140.wav,998
Mono_Continuous,SD1,C:\TCC\Reproduzir_artigo\data\GUITAR-FX\Mono_Continuous\Audio\SD1\G93-47107-SD1-D7.8T2-21146.wav,998
Mono_Continuous,SD1,C:\TCC\Reproduzir_artigo\data\GUITAR-FX\Mono_Continuous\Audio\SD1\G93-51206-SD1-D3.7T8.7-21158.wav,998
Mono_Continuous,SD1,C:\TCC\Reproduzir_artigo\data\GUITAR-FX\Mono_Continuous\Audio\SD1\G93-52112-SD1-D3.2T4.3-21151.wav,998
Mono_Continuous,SD1,C:\TCC\Reproduzir_artigo\data\GUITAR-FX\Mono_Continuous\Audio\SD1\G93-54209-SD1-D8.6T9.5-21161.wav,998
Mono_Continuous,SD1,C:\TCC\Reproduzir_artigo\data\GUITAR-FX\Mono_Continuous\Audio\SD1\G93-54304-SD1-D4.9T1.1-21169.wav,998
Mono_Continuous,SD1,C:\TCC\Reproduzir_artigo\data\GUITAR-FX\Mono_Continuous\Audio\SD1\G93-56306-SD1-D2T4.7-21171.wav,998
Mono_Continuous,SD1,C:\TCC\Reproduzir_artigo\data\GUITAR-FX\Mono_Continuous\Audio\SD1\G93-56401-SD1-D6.3T2-21179.wav,998
Mono_Continuous,SD1,C:\TCC\Reproduzir_artigo\data\GUITAR-FX\Mono_Continuous\Audio\SD1\G93-59500-SD1-D4.6T8.9-21191.wav,998
Mono_Continuous,SD1,C:\TCC\Reproduzir_artigo\data\GUITAR-FX\Mono_Continuous\Audio\SD1\G93-60405-SD1-D3.7T6.9-21183.wav,998
Mono_Continuous,SD1,C:\TCC\Reproduzir_artigo\data\GUITAR-FX\Mono_Continuous\Audio\SD1\G93-61406-SD1-D3.9T2.2-21184.wav,998
Mono_Continuous,SD1,C:\TCC\Reproduzir_artigo\data\GUITAR-FX\Mono_Continuous\Audio\SD1\G93-62312-SD1-D9T5.1-21177.wav,998
Mono_Continuous,SD1,C:\TCC\Reproduzir_artigo\data\GUITAR-FX\Mono_Continuous\Audio\SD1\G93-63504-SD1-D5.3T9.2-21195.wav,998
Mono_Continuous,SD1,C:\TCC\Reproduzir_artigo\data\GUITAR-FX\Mono_Continuous\Audio\SD1\G93-66411-SD1-D9.9T8.6-21189.wav,998
Mono_Continuous,SD1,C:\TCC\Reproduzir_artigo\data\GUITAR-FX\Mono_Continuous\Audio\SD1\G93-67508-SD1-D5.6T5-21199.wav,998
Mono_Continuous,SD1,C:\TCC\Reproduzir_artigo\data\GUITAR-FX\Mono_Continuous\Audio\SD1\G93-68604-SD1-D8.5T1.9-21208.wav,998
Mono_Continuous,SD1,C:\TCC\Reproduzir_artigo\data\GUITAR-FX\Mono_Continuous\Audio\SD1\G93-70511-SD1-D6T2.7-21202.wav,998
Mono_Continuous,SD1,C:\TCC\Reproduzir_artigo\data\GUITAR-FX\Mono_Continuous\Audio\SD1\G93-70511-SD1-D9.6T7.8-21202.wav,998
Mono_Continuous,SD1,C:\TCC\Reproduzir_artigo\data\GUITAR-FX\Mono_Continuous\Audio\SD1\G93-70606-SD1-D6.3T7.1-21210.wav,998
Mono_Continuous,TS9,C:\TCC\Reproduzir_artigo\data\GUITAR-FX\Mono_Continuous\Audio\TS9\G61-40100-TS9-D2.2T9.8-20593.wav,998
Mono_Continuous,TS9,C:\TCC\Reproduzir_artigo\data\GUITAR-FX\Mono_Continuous\Audio\TS9\G61-44104-TS9-D8.7T4.2-20597.wav,998
Mono_Continuous,TS9,C:\TCC\Reproduzir_artigo\data\GUITAR-FX\Mono_Continuous\Audio\TS9\G61-45105-TS9-D4.3T6.8-20598.wav,998
Mono_Continuous,TS9,C:\TCC\Reproduzir_artigo\data\GUITAR-FX\Mono_Continuous\Audio\TS9\G61-45105-TS9-D8.4T6.1-20598.wav,998
Mono_Continuous,TS9,C:\TCC\Reproduzir_artigo\data\GUITAR-FX\Mono_Continuous\Audio\TS9\G61-45200-TS9-D3.1T2.5-20606.wav,998
Mono_Continuous,TS9,C:\TCC\Reproduzir_artigo\data\GUITAR-FX\Mono_Continuous\Audio\TS9\G61-46106-TS9-D10T4.7-20599.wav,998
Mono_Continuous,TS9,C:\TCC\Reproduzir_artigo\data\GUITAR-FX\Mono_Continuous\Audio\TS9\G61-46106-TS9-D2.2T6.5-20599.wav,998
Mono_Continuous,TS9,C:\TCC\Reproduzir_artigo\data\GUITAR-FX\Mono_Continuous\Audio\TS9\G61-46201-TS9-D6.2T2.1-20607.wav,998
Mono_Continuous,TS9,C:\TCC\Reproduzir_artigo\data\GUITAR-FX\Mono_Continuous\Audio\TS9\G61-48108-TS9-D10T9.6-20601.wav,998
Mono_Continuous,TS9,C:\TCC\Reproduzir_artigo\data\GUITAR-FX\Mono_Continuous\Audio\TS9\G61-49204-TS9-D9.9T0.8-20610.wav,998
Mono_Continuous,TS9,C:\TCC\Reproduzir_artigo\data\GUITAR-FX\Mono_Continuous\Audio\TS9\G61-50110-TS9-D2.8T8-20603.wav,998
Mono_Continuous,TS9,C:\TCC\Reproduzir_artigo\data\GUITAR-FX\Mono_Continuous\Audio\TS9\G61-50110-TS9-D4T2.5-20603.wav,998
Mono_Continuous,TS9,C:\TCC\Reproduzir_artigo\data\GUITAR-FX\Mono_Continuous\Audio\TS9\G61-50205-TS9-D2.4T1.8-20611.wav,998
Mono_Continuous,TS9,C:\TCC\Reproduzir_artigo\data\GUITAR-FX\Mono_Continuous\Audio\TS9\G61-51111-TS9-D9.4T8.9-20604.wav,998
Mono_Continuous,TS9,C:\TCC\Reproduzir_artigo\data\GUITAR-FX\Mono_Continuous\Audio\TS9\G61-51206-TS9-D3.2T5-20612.wav,998
Mono_Continuous,TS9,C:\TCC\Reproduzir_artigo\data\GUITAR-FX\Mono_Continuous\Audio\TS9\G61-51301-TS9-D5.4T8.6-20620.wav,998
Mono_Continuous,TS9,C:\TCC\Reproduzir_artigo\data\GUITAR-FX\Mono_Continuous\Audio\TS9\G61-51301-TS9-D7T6.6-20620.wav,998
Mono_Continuous,TS9,C:\TCC\Reproduzir_artigo\data\GUITAR-FX\Mono_Continuous\Audio\TS9\G61-52112-TS9-D5.1T0.1-20605.wav,998
Mono_Continuous,TS9,C:\TCC\Reproduzir_artigo\data\GUITAR-FX\Mono_Continuous\Audio\TS9\G61-52112-TS9-D9.2T7.2-20605.wav,998
Mono_Continuous,TS9,C:\TCC\Reproduzir_artigo\data\GUITAR-FX\Mono_Continuous\Audio\TS9\G61-56211-TS9-D5.9T8.2-20617.wav,998
Mono_Continuous,TS9,C:\TCC\Reproduzir_artigo\data\GUITAR-FX\Mono_Continuous\Audio\TS9\G61-56211-TS9-D6.4T9.3-20617.wav,998
Mono_Continuous,TS9,C:\TCC\Reproduzir_artigo\data\GUITAR-FX\Mono_Continuous\Audio\TS9\G61-57212-TS9-D7.1T5-20618.wav,998
Mono_Continuous,TS9,C:\TCC\Reproduzir_artigo\data\GUITAR-FX\Mono_Continuous\Audio\TS9\G61-57212-TS9-D7.2T0.9-20618.wav,998
Mono_Continuous,TS9,C:\TCC\Reproduzir_artigo\data\GUITAR-FX\Mono_Continuous\Audio\TS9\G61-59404-TS9-D3.5T8.2-20636.wav,998
Mono_Continuous,TS9,C:\TCC\Reproduzir_artigo\data\GUITAR-FX\Mono_Continuous\Audio\TS9\G61-60501-TS9-D9.5T7.1-20646.wav,998
Mono_Continuous,TS9,C:\TCC\Reproduzir_artigo\data\GUITAR-FX\Mono_Continuous\Audio\TS9\G61-62503-TS9-D7.2T2.1-20648.wav,998
Mono_Continuous,TS9,C:\TCC\Reproduzir_artigo\data\GUITAR-FX\Mono_Continuous\Audio\TS9\G61-62503-TS9-D7.6T4.5-20648.wav,998
Mono_Continuous,TS9,C:\TCC\Reproduzir_artigo\data\GUITAR-FX\Mono_Continuous\Audio\TS9\G61-64505-TS9-D5T0.9-20650.wav,998
Mono_Continuous,TS9,C:\TCC\Reproduzir_artigo\data\GUITAR-FX\Mono_Continuous\Audio\TS9\G61-64600-TS9-D4.9T3.9-20658.wav,998
Mono_Continuous,TS9,C:\TCC\Reproduzir_artigo\data\GUITAR-FX\Mono_Continuous\Audio\TS9\G61-65601-TS9-D3.8T9.9-20659.wav,998
Mono_Continuous,TS9,C:\TCC\Reproduzir_artigo\data\GUITAR-FX\Mono_Continuous\Audio\TS9\G61-65601-TS9-D5.9T4.6-20659.wav,998
Mono_Continuous,TS9,C:\TCC\Reproduzir_artigo\data\GUITAR-FX\Mono_Continuous\Audio\TS9\G61-67508-TS9-D6.5T1.7-20653.wav,998
Mono_Continuous,TS9,C:\TCC\Reproduzir_artigo\data\GUITAR-FX\Mono_Continuous\Audio\TS9\G61-68604-TS9-D9.4T1.8-20662.wav,998
Mono_Continuous,TS9,C:\TCC\Reproduzir_artigo\data\GUITAR-FX\Mono_Continuous\Audio\TS9\G61-69510-TS9-D8T9-20655.wav,998
Mono_Continuous,TS9,C:\TCC\Reproduzir_artigo\data\GUITAR-FX\Mono_Continuous\Audio\TS9\G61-69605-TS9-D8T3.7-20663.wav,998
Mono_Continuous,TS9,C:\TCC\Reproduzir_artigo\data\GUITAR-FX\Mono_Continuous\Audio\TS9\G61-71512-TS9-D5.3T8.3-20657.wav,998
Mono_Continuous,TS9,C:\TCC\Reproduzir_artigo\data\GUITAR-FX\Mono_Continuous\Audio\TS9\G61-71607-TS9-D7T7.8-20665.wav,998
Mono_Continuous,TS9,C:\TCC\Reproduzir_artigo\data\GUITAR-FX\Mono_Continuous\Audio\TS9\G63-40100-TS9-D3.4T9.3-20671.wav,998
Mono_Continuous,TS9,C:\TCC\Reproduzir_artigo\data\GUITAR-FX\Mono_Continuous\Audio\TS9\G63-44104-TS9-D5.6T4.7-20675.wav,998
Mono_Continuous,TS9,C:\TCC\Reproduzir_artigo\data\GUITAR-FX\Mono_Continuous\Audio\TS9\G63-45200-TS9-D6T0.7-20684.wav,998
Mono_Continuous,TS9,C:\TCC\Reproduzir_artigo\data\GUITAR-FX\Mono_Continuous\Audio\TS9\G63-46106-TS9-D6.2T8.9-20677.wav,998
Mono_Continuous,TS9,C:\TCC\Reproduzir_artigo\data\GUITAR-FX\Mono_Continuous\Audio\TS9\G63-47107-TS9-D7.2T9.5-20678.wav,998
Mono_Continuous,TS9,C:\TCC\Reproduzir_artigo\data\GUITAR-FX\Mono_Continuous\Audio\TS9\G63-49109-TS9-D2.7T4.7-20680.wav,998
Mono_Continuous,TS9,C:\TCC\Reproduzir_artigo\data\GUITAR-FX\Mono_Continuous\Audio\TS9\G63-49204-TS9-D4.2T7.6-20688.wav,998
Mono_Continuous,TS9,C:\TCC\Reproduzir_artigo\data\GUITAR-FX\Mono_Continuous\Audio\TS9\G63-50300-TS9-D4.5T2.9-20697.wav,998
Mono_Continuous,TS9,C:\TCC\Reproduzir_artigo\data\GUITAR-FX\Mono_Continuous\Audio\TS9\G63-51111-TS9-D4.5T1.6-20682.wav,998
Mono_Continuous,TS9,C:\TCC\Reproduzir_artigo\data\GUITAR-FX\Mono_Continuous\Audio\TS9\G63-51206-TS9-D9.2T4.2-20690.wav,998
Mono_Continuous,TS9,C:\TCC\Reproduzir_artigo\data\GUITAR-FX\Mono_Continuous\Audio\TS9\G63-53208-TS9-D3.8T2.1-20692.wav,998
Mono_Continuous,TS9,C:\TCC\Reproduzir_artigo\data\GUITAR-FX\Mono_Continuous\Audio\TS9\G63-54304-TS9-D7.4T3.3-20701.wav,998
Mono_Continuous,TS9,C:\TCC\Reproduzir_artigo\data\GUITAR-FX\Mono_Continuous\Audio\TS9\G63-56211-TS9-D6.7T4-20695.wav,998
Mono_Continuous,TS9,C:\TCC\Reproduzir_artigo\data\GUITAR-FX\Mono_Continuous\Audio\TS9\G63-60310-TS9-D9.3T7.9-20707.wav,998
Mono_Continuous,TS9,C:\TCC\Reproduzir_artigo\data\GUITAR-FX\Mono_Continuous\Audio\TS9\G63-60405-TS9-D8.9T9.9-20715.wav,998
Mono_Continuous,TS9,C:\TCC\Reproduzir_artigo\data\GUITAR-FX\Mono_Continuous\Audio\TS9\G63-62312-TS9-D9.5T7.3-20709.wav,998
Mono_Continuous,TS9,C:\TCC\Reproduzir_artigo\data\GUITAR-FX\Mono_Continuous\Audio\TS9\G63-65410-TS9-D6.9T4.3-20720.wav,998
Mono_Continuous,TS9,C:\TCC\Reproduzir_artigo\data\GUITAR-FX\Mono_Continuous\Audio\TS9\G63-65506-TS9-D2.8T7.9-20729.wav,998
Mono_Continuous,TS9,C:\TCC\Reproduzir_artigo\data\GUITAR-FX\Mono_Continuous\Audio\TS9\G63-66411-TS9-D7.9T9.4-20721.wav,998
Mono_Continuous,TS9,C:\TCC\Reproduzir_artigo\data\GUITAR-FX\Mono_Continuous\Audio\TS9\G63-67412-TS9-D6T7.4-20722.wav,998
Mono_Continuous,TS9,C:\TCC\Reproduzir_artigo\data\GUITAR-FX\Mono_Continuous\Audio\TS9\G63-67603-TS9-D2.4T6.7-20739.wav,998
Mono_Continuous,TS9,C:\TCC\Reproduzir_artigo\data\GUITAR-FX\Mono_Continuous\Audio\TS9\G63-73609-TS9-D4.3T7.9-20745.wav,998
Mono_Continuous,TS9,C:\TCC\Reproduzir_artigo\data\GUITAR-FX\Mono_Continuous\Audio\TS9\G63-75611-TS9-D3T9.8-20747.wav,998
Mono_Continuous,TS9,C:\TCC\Reproduzir_artigo\data\GUITAR-FX\Mono_Continuous\Audio\TS9\G63-75611-TS9-D8.1T7.7-20747.wav,998
Mono_Continuous,TS9,C:\TCC\Reproduzir_artigo\data\GUITAR-FX\Mono_Continuous\Audio\TS9\G71-43103-TS9-D5.2T4.5-20752.wav,998
Mono_Continuous,TS9,C:\TCC\Reproduzir_artigo\data\GUITAR-FX\Mono_Continuous\Audio\TS9\G71-45105-TS9-D8.3T0.7-20754.wav,998
Mono_Continuous,TS9,C:\TCC\Reproduzir_artigo\data\GUITAR-FX\Mono_Continuous\Audio\TS9\G71-46201-TS9-D8.5T8.4-20763.wav,998
Mono_Continuous,TS9,C:\TCC\Reproduzir_artigo\data\GUITAR-FX\Mono_Continuous\Audio\TS9\G71-48203-TS9-D4.4T0.1-20765.wav,998
Mono_Continuous,TS9,C:\TCC\Reproduzir_artigo\data\GUITAR-FX\Mono_Continuous\Audio\TS9\G71-48203-TS9-D4.4T9.5-20765.wav,998
Mono_Continuous,TS9,C:\TCC\Reproduzir_artigo\data\GUITAR-FX\Mono_Continuous\Audio\TS9\G71-50110-TS9-D3.3T2.8-20759.wav,998
Mono_Continuous,TS9,C:\TCC\Reproduzir_artigo\data\GUITAR-FX\Mono_Continuous\Audio\TS9\G71-50205-TS9-D8.7T7-20767.wav,998
Mono_Continuous,TS9,C:\TCC\Reproduzir_artigo\data\GUITAR-FX\Mono_Continuous\Audio\TS9\G71-50300-TS9-D8.8T2.3-20775.wav,998
Mono_Continuous,TS9,C:\TCC\Reproduzir_artigo\data\GUITAR-FX\Mono_Continuous\Audio\TS9\G71-51301-TS9-D8.7T2.3-20776.wav,998
Mono_Continuous,TS9,C:\TCC\Reproduzir_artigo\data\GUITAR-FX\Mono_Continuous\Audio\TS9\G71-52207-TS9-D6.4T7-20769.wav,998
Mono_Continuous,TS9,C:\TCC\Reproduzir_artigo\data\GUITAR-FX\Mono_Continuous\Audio\TS9\G71-52302-TS9-D2.6T3.7-20777.wav,998
Mono_Continuous,TS9,C:\TCC\Reproduzir_artigo\data\GUITAR-FX\Mono_Continuous\Audio\TS9\G71-53208-TS9-D5.6T6.8-20770.wav,998
Mono_Continuous,TS9,C:\TCC\Reproduzir_artigo\data\GUITAR-FX\Mono_Continuous\Audio\TS9\G71-54209-TS9-D6.6T5.6-20771.wav,998
Mono_Continuous,TS9,C:\TCC\Reproduzir_artigo\data\GUITAR-FX\Mono_Continuous\Audio\TS9\G71-54209-TS9-D7.7T5.9-20771.wav,998
Mono_Continuous,TS9,C:\TCC\Reproduzir_artigo\data\GUITAR-FX\Mono_Continuous\Audio\TS9\G71-56211-TS9-D9.8T0.1-20773.wav,998
Mono_Continuous,TS9,C:\TCC\Reproduzir_artigo\data\GUITAR-FX\Mono_Continuous\Audio\TS9\G71-58403-TS9-D4.3T5.2-20791.wav,998
Mono_Continuous,TS9,C:\TCC\Reproduzir_artigo\data\GUITAR-FX\Mono_Continuous\Audio\TS9\G71-59404-TS9-D6.9T3.1-20792.wav,998
Mono_Continuous,TS9,C:\TCC\Reproduzir_artigo\data\GUITAR-FX\Mono_Continuous\Audio\TS9\G71-60310-TS9-D8.6T3.6-20785.wav,998
Mono_Continuous,TS9,C:\TCC\Reproduzir_artigo\data\GUITAR-FX\Mono_Continuous\Audio\TS9\G71-60501-TS9-D7.5T2.4-20802.wav,998
Mono_Continuous,TS9,C:\TCC\Reproduzir_artigo\data\GUITAR-FX\Mono_Continuous\Audio\TS9\G71-61502-TS9-D8.5T8.5-20803.wav,998
Mono_Continuous,TS9,C:\TCC\Reproduzir_artigo\data\GUITAR-FX\Mono_Continuous\Audio\TS9\G71-61502-TS9-D9.2T1.5-20803.wav,998
Mono_Continuous,TS9,C:\TCC\Reproduzir_artigo\data\GUITAR-FX\Mono_Continuous\Audio\TS9\G71-62312-TS9-D4.8T5.1-20787.wav,998
Mono_Continuous,TS9,C:\TCC\Reproduzir_artigo\data\GUITAR-FX\Mono_Continuous\Audio\TS9\G71-62503-TS9-D9.7T8.6-20804.wav,998
Mono_Continuous,TS9,C:\TCC\Reproduzir_artigo\data\GUITAR-FX\Mono_Continuous\Audio\TS9\G71-63504-TS9-D9.2T1.5-20805.wav,998
Mono_Continuous,TS9,C:\TCC\Reproduzir_artigo\data\GUITAR-FX\Mono_Continuous\Audio\TS9\G71-64409-TS9-D5.7T8.8-20797.wav,998
Mono_Continuous,TS9,C:\TCC\Reproduzir_artigo\data\GUITAR-FX\Mono_Continuous\Audio\TS9\G71-64505-TS9-D5.5T7.9-20806.wav,998
Mono_Continuous,TS9,C:\TCC\Reproduzir_artigo\data\GUITAR-FX\Mono_Continuous\Audio\TS9\G71-67412-TS9-D4.6T2-20800.wav,998
Mono_Continuous,TS9,C:\TCC\Reproduzir_artigo\data\GUITAR-FX\Mono_Continuous\Audio\TS9\G71-68604-TS9-D2.4T9.1-20818.wav,998
Mono_Continuous,TS9,C:\TCC\Reproduzir_artigo\data\GUITAR-FX\Mono_Continuous\Audio\TS9\G71-68604-TS9-D7.5T5.4-20818.wav,998
Mono_Continuous,TS9,C:\TCC\Reproduzir_artigo\data\GUITAR-FX\Mono_Continuous\Audio\TS9\G71-68604-TS9-D8.6T6-20818.wav,998
Mono_Continuous,TS9,C:\TCC\Reproduzir_artigo\data\GUITAR-FX\Mono_Continuous\Audio\TS9\G71-69510-TS9-D2.2T0.7-20811.wav,998
Mono_Continuous,TS9,C:\TCC\Reproduzir_artigo\data\GUITAR-FX\Mono_Continuous\Audio\TS9\G71-69605-TS9-D2.7T6.6-20819.wav,998
Mono_Continuous,TS9,C:\TCC\Reproduzir_artigo\data\GUITAR-FX\Mono_Continuous\Audio\TS9\G71-72608-TS9-D4.4T8.1-20822.wav,998
Mono_Continuous,TS9,C:\TCC\Reproduzir_artigo\data\GUITAR-FX\Mono_Continuous\Audio\TS9\G73-40100-TS9-D5.6T4.3-20827.wav,998
Mono_Continuous,TS9,C:\TCC\Reproduzir_artigo\data\GUITAR-FX\Mono_Continuous\Audio\TS9\G73-41101-TS9-D8.4T9.7-20828.wav,998
Mono_Continuous,TS9,C:\TCC\Reproduzir_artigo\data\GUITAR-FX\Mono_Continuous\Audio\TS9\G73-43103-TS9-D3.6T6.1-20830.wav,998
Mono_Continuous,TS9,C:\TCC\Reproduzir_artigo\data\GUITAR-FX\Mono_Continuous\Audio\TS9\G73-50205-TS9-D6.5T9.8-20845.wav,998
Mono_Continuous,TS9,C:\TCC\Reproduzir_artigo\data\GUITAR-FX\Mono_Continuous\Audio\TS9\G73-51206-TS9-D9.5T1.8-20846.wav,998
Mono_Continuous,TS9,C:\TCC\Reproduzir_artigo\data\GUITAR-FX\Mono_Continuous\Audio\TS9\G73-52112-TS9-D7.3T3.7-20839.wav,998
Mono_Continuous,TS9,C:\TCC\Reproduzir_artigo\data\GUITAR-FX\Mono_Continuous\Audio\TS9\G73-53208-TS9-D5.2T3.7-20848.wav,998
Mono_Continuous,TS9,C:\TCC\Reproduzir_artigo\data\GUITAR-FX\Mono_Continuous\Audio\TS9\G73-54209-TS9-D2.2T8-20849.wav,998
Mono_Continuous,TS9,C:\TCC\Reproduzir_artigo\data\GUITAR-FX\Mono_Continuous\Audio\TS9\G73-54209-TS9-D6.3T8.7-20849.wav,998
Mono_Continuous,TS9,C:\TCC\Reproduzir_artigo\data\GUITAR-FX\Mono_Continuous\Audio\TS9\G73-55210-TS9-D2.6T0.9-20850.wav,998
Mono_Continuous,TS9,C:\TCC\Reproduzir_artigo\data\GUITAR-FX\Mono_Continuous\Audio\TS9\G73-55210-TS9-D3.5T4.4-20850.wav,998
Mono_Continuous,TS9,C:\TCC\Reproduzir_artigo\data\GUITAR-FX\Mono_Continuous\Audio\TS9\G73-55305-TS9-D4.5T5.1-20858.wav,998
Mono_Continuous,TS9,C:\TCC\Reproduzir_artigo\data\GUITAR-FX\Mono_Continuous\Audio\TS9\G73-56211-TS9-D2.3T1.5-20851.wav,998
Mono_Continuous,TS9,C:\TCC\Reproduzir_artigo\data\GUITAR-FX\Mono_Continuous\Audio\TS9\G73-56211-TS9-D2.6T3.4-20851.wav,998
Mono_Continuous,TS9,C:\TCC\Reproduzir_artigo\data\GUITAR-FX\Mono_Continuous\Audio\TS9\G73-56211-TS9-D5.9T0.7-20851.wav,998
Mono_Continuous,TS9,C:\TCC\Reproduzir_artigo\data\GUITAR-FX\Mono_Continuous\Audio\TS9\G73-56211-TS9-D6T1.9-20851.wav,998
Mono_Continuous,TS9,C:\TCC\Reproduzir_artigo\data\GUITAR-FX\Mono_Continuous\Audio\TS9\G73-56211-TS9-D9.7T0.7-20851.wav,998
Mono_Continuous,TS9,C:\TCC\Reproduzir_artigo\data\GUITAR-FX\Mono_Continuous\Audio\TS9\G73-57212-TS9-D9.7T8.1-20852.wav,998
Mono_Continuous,TS9,C:\TCC\Reproduzir_artigo\data\GUITAR-FX\Mono_Continuous\Audio\TS9\G73-58308-TS9-D6.5T7.8-20861.wav,998
Mono_Continuous,TS9,C:\TCC\Reproduzir_artigo\data\GUITAR-FX\Mono_Continuous\Audio\TS9\G73-58403-TS9-D8.1T2.6-20869.wav,998
Mono_Continuous,TS9,C:\TCC\Reproduzir_artigo\data\GUITAR-FX\Mono_Continuous\Audio\TS9\G73-59309-TS9-D8.6T2.8-20862.wav,998
Mono_Continuous,TS9,C:\TCC\Reproduzir_artigo\data\GUITAR-FX\Mono_Continuous\Audio\TS9\G73-59500-TS9-D3.5T8.3-20879.wav,998
Mono_Continuous,TS9,C:\TCC\Reproduzir_artigo\data\GUITAR-FX\Mono_Continuous\Audio\TS9\G73-60310-TS9-D3.1T7.4-20863.wav,998
Mono_Continuous,TS9,C:\TCC\Reproduzir_artigo\data\GUITAR-FX\Mono_Continuous\Audio\TS9\G73-60501-TS9-D5.4T7.9-20880.wav,998
Mono_Continuous,TS9,C:\TCC\Reproduzir_artigo\data\GUITAR-FX\Mono_Continuous\Audio\TS9\G73-61311-TS9-D7.7T3.6-20864.wav,998
Mono_Continuous,TS9,C:\TCC\Reproduzir_artigo\data\GUITAR-FX\Mono_Continuous\Audio\TS9\G73-62312-TS9-D7.3T5.7-20865.wav,998
Mono_Continuous,TS9,C:\TCC\Reproduzir_artigo\data\GUITAR-FX\Mono_Continuous\Audio\TS9\G73-62407-TS9-D3.1T9.9-20873.wav,998
Mono_Continuous,TS9,C:\TCC\Reproduzir_artigo\data\GUITAR-FX\Mono_Continuous\Audio\TS9\G73-63408-TS9-D9.8T8.8-20874.wav,998
Mono_Continuous,TS9,C:\TCC\Reproduzir_artigo\data\GUITAR-FX\Mono_Continuous\Audio\TS9\G73-64505-TS9-D4.6T2.9-20884.wav,998
Mono_Continuous,TS9,C:\TCC\Reproduzir_artigo\data\GUITAR-FX\Mono_Continuous\Audio\TS9\G73-69605-TS9-D7.6T2.9-20897.wav,998
Mono_Continuous,TS9,C:\TCC\Reproduzir_artigo\data\GUITAR-FX\Mono_Continuous\Audio\TS9\G73-70511-TS9-D5.6T0.7-20890.wav,998
Mono_Continuous,TS9,C:\TCC\Reproduzir_artigo\data\GUITAR-FX\Mono_Continuous\Audio\TS9\G73-75611-TS9-D6.4T2.2-20903.wav,998
Mono_Continuous,TS9,C:\TCC\Reproduzir_artigo\data\GUITAR-FX\Mono_Continuous\Audio\TS9\G81-42102-TS9-D2.7T6.7-20907.wav,998
Mono_Continuous,TS9,C:\TCC\Reproduzir_artigo\data\GUITAR-FX\Mono_Continuous\Audio\TS9\G81-42102-TS9-D3.9T0.4-20907.wav,998
Mono_Continuous,TS9,C:\TCC\Reproduzir_artigo\data\GUITAR-FX\Mono_Continuous\Audio\TS9\G81-44104-TS9-D4.2T5.4-20909.wav,998
Mono_Continuous,TS9,C:\TCC\Reproduzir_artigo\data\GUITAR-FX\Mono_Continuous\Audio\TS9\G81-45200-TS9-D8.2T2.5-20918.wav,998
Mono_Continuous,TS9,C:\TCC\Reproduzir_artigo\data\GUITAR-FX\Mono_Continuous\Audio\TS9\G81-46201-TS9-D4.2T6.1-20919.wav,998
Mono_Continuous,TS9,C:\TCC\Reproduzir_artigo\data\GUITAR-FX\Mono_Continuous\Audio\TS9\G81-48203-TS9-D6.1T2.6-20921.wav,998
Mono_Continuous,TS9,C:\TCC\Reproduzir_artigo\data\GUITAR-FX\Mono_Continuous\Audio\TS9\G81-49109-TS9-D6.8T0.8-20914.wav,998
Mono_Continuous,TS9,C:\TCC\Reproduzir_artigo\data\GUITAR-FX\Mono_Continuous\Audio\TS9\G81-50205-TS9-D8.2T1.3-20923.wav,998
Mono_Continuous,TS9,C:\TCC\Reproduzir_artigo\data\GUITAR-FX\Mono_Continuous\Audio\TS9\G81-50300-TS9-D2.9T8.5-20931.wav,998
Mono_Continuous,TS9,C:\TCC\Reproduzir_artigo\data\GUITAR-FX\Mono_Continuous\Audio\TS9\G81-51206-TS9-D3.2T8.3-20924.wav,998
Mono_Continuous,TS9,C:\TCC\Reproduzir_artigo\data\GUITAR-FX\Mono_Continuous\Audio\TS9\G81-51301-TS9-D7.7T8-20932.wav,998
Mono_Continuous,TS9,C:\TCC\Reproduzir_artigo\data\GUITAR-FX\Mono_Continuous\Audio\TS9\G81-51301-TS9-D8.3T4.1-20932.wav,998
Mono_Continuous,TS9,C:\TCC\Reproduzir_artigo\data\GUITAR-FX\Mono_Continuous\Audio\TS9\G81-52207-TS9-D8.8T7.3-20925.wav,998
Mono_Continuous,TS9,C:\TCC\Reproduzir_artigo\data\GUITAR-FX\Mono_Continuous\Audio\TS9\G81-53303-TS9-D8.5T3.1-20934.wav,998
Mono_Continuous,TS9,C:\TCC\Reproduzir_artigo\data\GUITAR-FX\Mono_Continuous\Audio\TS9\G81-54209-TS9-D7.6T6.5-20927.wav,998
Mono_Continuous,TS9,C:\TCC\Reproduzir_artigo\data\GUITAR-FX\Mono_Continuous\Audio\TS9\G81-54304-TS9-D5.4T4.2-20935.wav,998
Mono_Continuous,TS9,C:\TCC\Reproduzir_artigo\data\GUITAR-FX\Mono_Continuous\Audio\TS9\G81-55400-TS9-D3.9T9-20944.wav,998
Mono_Continuous,TS9,C:\TCC\Reproduzir_artigo\data\GUITAR-FX\Mono_Continuous\Audio\TS9\G81-55400-TS9-D8.5T10-20944.wav,998
Mono_Continuous,TS9,C:\TCC\Reproduzir_artigo\data\GUITAR-FX\Mono_Continuous\Audio\TS9\G81-56306-TS9-D2.9T6.9-20937.wav,998
Mono_Continuous,TS9,C:\TCC\Reproduzir_artigo\data\GUITAR-FX\Mono_Continuous\Audio\TS9\G81-57212-TS9-D4.5T9-20930.wav,998
Mono_Continuous,TS9,C:\TCC\Reproduzir_artigo\data\GUITAR-FX\Mono_Continuous\Audio\TS9\G81-57307-TS9-D5.6T7-20938.wav,998
Mono_Continuous,TS9,C:\TCC\Reproduzir_artigo\data\GUITAR-FX\Mono_Continuous\Audio\TS9\G81-57402-TS9-D3.6T0.7-20946.wav,998
Mono_Continuous,TS9,C:\TCC\Reproduzir_artigo\data\GUITAR-FX\Mono_Continuous\Audio\TS9\G81-60310-TS9-D3T8.5-20941.wav,998
Mono_Continuous,TS9,C:\TCC\Reproduzir_artigo\data\GUITAR-FX\Mono_Continuous\Audio\TS9\G81-61311-TS9-D3.2T2.2-20942.wav,998
Mono_Continuous,TS9,C:\TCC\Reproduzir_artigo\data\GUITAR-FX\Mono_Continuous\Audio\TS9\G81-61311-TS9-D5.5T5.2-20942.wav,998
Mono_Continuous,TS9,C:\TCC\Reproduzir_artigo\data\GUITAR-FX\Mono_Continuous\Audio\TS9\G81-64409-TS9-D4.1T9.4-20953.wav,998
Mono_Continuous,TS9,C:\TCC\Reproduzir_artigo\data\GUITAR-FX\Mono_Continuous\Audio\TS9\G81-65410-TS9-D3.5T3.8-20954.wav,998
Mono_Continuous,TS9,C:\TCC\Reproduzir_artigo\data\GUITAR-FX\Mono_Continuous\Audio\TS9\G81-65410-TS9-D6.7T1.2-20954.wav,998
Mono_Continuous,TS9,C:\TCC\Reproduzir_artigo\data\GUITAR-FX\Mono_Continuous\Audio\TS9\G81-65410-TS9-D9.7T2.3-20954.wav,998
Mono_Continuous,TS9,C:\TCC\Reproduzir_artigo\data\GUITAR-FX\Mono_Continuous\Audio\TS9\G81-65506-TS9-D2.7T9-20963.wav,998
Mono_Continuous,TS9,C:\TCC\Reproduzir_artigo\data\GUITAR-FX\Mono_Continuous\Audio\TS9\G81-66411-TS9-D5.9T5.1-20955.wav,998
Mono_Continuous,TS9,C:\TCC\Reproduzir_artigo\data\GUITAR-FX\Mono_Continuous\Audio\TS9\G81-67412-TS9-D7.8T7.4-20956.wav,998
Mono_Continuous,TS9,C:\TCC\Reproduzir_artigo\data\GUITAR-FX\Mono_Continuous\Audio\TS9\G81-67508-TS9-D3T1-20965.wav,998
Mono_Continuous,TS9,C:\TCC\Reproduzir_artigo\data\GUITAR-FX\Mono_Continuous\Audio\TS9\G81-67603-TS9-D6.8T6.1-20973.wav,998
Mono_Continuous,TS9,C:\TCC\Reproduzir_artigo\data\GUITAR-FX\Mono_Continuous\Audio\TS9\G81-68509-TS9-D3.6T3.7-20966.wav,998
Mono_Continuous,TS9,C:\TCC\Reproduzir_artigo\data\GUITAR-FX\Mono_Continuous\Audio\TS9\G81-69605-TS9-D2.1T6.3-20975.wav,998
Mono_Continuous,TS9,C:\TCC\Reproduzir_artigo\data\GUITAR-FX\Mono_Continuous\Audio\TS9\G81-69605-TS9-D4.6T2.7-20975.wav,998
Mono_Continuous,TS9,C:\TCC\Reproduzir_artigo\data\GUITAR-FX\Mono_Continuous\Audio\TS9\G81-75611-TS9-D8.6T3.1-20981.wav,998
Mono_Continuous,TS9,C:\TCC\Reproduzir_artigo\data\GUITAR-FX\Mono_Continuous\Audio\TS9\G83-44104-TS9-D3T2.8-20987.wav,998
Mono_Continuous,TS9,C:\TCC\Reproduzir_artigo\data\GUITAR-FX\Mono_Continuous\Audio\TS9\G83-45105-TS9-D9.9T1.2-20988.wav,998
Mono_Continuous,TS9,C:\TCC\Reproduzir_artigo\data\GUITAR-FX\Mono_Continuous\Audio\TS9\G83-48108-TS9-D2.4T9.8-20991.wav,998
Mono_Continuous,TS9,C:\TCC\Reproduzir_artigo\data\GUITAR-FX\Mono_Continuous\Audio\TS9\G83-49204-TS9-D3.3T7.2-21000.wav,998
Mono_Continuous,TS9,C:\TCC\Reproduzir_artigo\data\GUITAR-FX\Mono_Continuous\Audio\TS9\G83-49204-TS9-D9.3T3.7-21000.wav,998
Mono_Continuous,TS9,C:\TCC\Reproduzir_artigo\data\GUITAR-FX\Mono_Continuous\Audio\TS9\G83-50205-TS9-D9.5T2.5-21001.wav,998
Mono_Continuous,TS9,C:\TCC\Reproduzir_artigo\data\GUITAR-FX\Mono_Continuous\Audio\TS9\G83-50300-TS9-D6.8T9.9-21009.wav,998
Mono_Continuous,TS9,C:\TCC\Reproduzir_artigo\data\GUITAR-FX\Mono_Continuous\Audio\TS9\G83-50300-TS9-D9T8.5-21009.wav,998
Mono_Continuous,TS9,C:\TCC\Reproduzir_artigo\data\GUITAR-FX\Mono_Continuous\Audio\TS9\G83-54304-TS9-D4.1T1.1-21013.wav,998
Mono_Continuous,TS9,C:\TCC\Reproduzir_artigo\data\GUITAR-FX\Mono_Continuous\Audio\TS9\G83-54304-TS9-D9.8T7.3-21013.wav,998
Mono_Continuous,TS9,C:\TCC\Reproduzir_artigo\data\GUITAR-FX\Mono_Continuous\Audio\TS9\G83-55305-TS9-D3T8.4-21014.wav,998
Mono_Continuous,TS9,C:\TCC\Reproduzir_artigo\data\GUITAR-FX\Mono_Continuous\Audio\TS9\G83-56306-TS9-D8.4T4-21015.wav,998
Mono_Continuous,TS9,C:\TCC\Reproduzir_artigo\data\GUITAR-FX\Mono_Continuous\Audio\TS9\G83-56401-TS9-D9T0.3-21023.wav,998
Mono_Continuous,TS9,C:\TCC\Reproduzir_artigo\data\GUITAR-FX\Mono_Continuous\Audio\TS9\G83-58308-TS9-D8.5T8.7-21017.wav,998
Mono_Continuous,TS9,C:\TCC\Reproduzir_artigo\data\GUITAR-FX\Mono_Continuous\Audio\TS9\G83-58403-TS9-D9T9.8-21025.wav,998
Mono_Continuous,TS9,C:\TCC\Reproduzir_artigo\data\GUITAR-FX\Mono_Continuous\Audio\TS9\G83-59309-TS9-D10T8.8-21018.wav,998
Mono_Continuous,TS9,C:\TCC\Reproduzir_artigo\data\GUITAR-FX\Mono_Continuous\Audio\TS9\G83-59309-TS9-D2.7T6.7-21018.wav,998
Mono_Continuous,TS9,C:\TCC\Reproduzir_artigo\data\GUITAR-FX\Mono_Continuous\Audio\TS9\G83-59404-TS9-D7.4T8.7-21026.wav,998
Mono_Continuous,TS9,C:\TCC\Reproduzir_artigo\data\GUITAR-FX\Mono_Continuous\Audio\TS9\G83-60405-TS9-D2.8T2.8-21027.wav,998
Mono_Continuous,TS9,C:\TCC\Reproduzir_artigo\data\GUITAR-FX\Mono_Continuous\Audio\TS9\G83-62312-TS9-D3.9T5.4-21021.wav,998
Mono_Continuous,TS9,C:\TCC\Reproduzir_artigo\data\GUITAR-FX\Mono_Continuous\Audio\TS9\G83-63408-TS9-D4.5T4.7-21030.wav,998
Mono_Continuous,TS9,C:\TCC\Reproduzir_artigo\data\GUITAR-FX\Mono_Continuous\Audio\TS9\G83-63408-TS9-D6.1T2.4-21030.wav,998
Mono_Continuous,TS9,C:\TCC\Reproduzir_artigo\data\GUITAR-FX\Mono_Continuous\Audio\TS9\G83-64505-TS9-D2.3T6.2-21040.wav,998
Mono_Continuous,TS9,C:\TCC\Reproduzir_artigo\data\GUITAR-FX\Mono_Continuous\Audio\TS9\G83-64600-TS9-D7.7T8.9-21048.wav,998
Mono_Continuous,TS9,C:\TCC\Reproduzir_artigo\data\GUITAR-FX\Mono_Continuous\Audio\TS9\G83-65410-TS9-D9.7T8.4-21032.wav,998
Mono_Continuous,TS9,C:\TCC\Reproduzir_artigo\data\GUITAR-FX\Mono_Continuous\Audio\TS9\G83-65410-TS9-D9T0.3-21032.wav,998
Mono_Continuous,TS9,C:\TCC\Reproduzir_artigo\data\GUITAR-FX\Mono_Continuous\Audio\TS9\G83-65506-TS9-D3.3T3.9-21041.wav,998
Mono_Continuous,TS9,C:\TCC\Reproduzir_artigo\data\GUITAR-FX\Mono_Continuous\Audio\TS9\G83-65601-TS9-D8.1T4.1-21049.wav,998
Mono_Continuous,TS9,C:\TCC\Reproduzir_artigo\data\GUITAR-FX\Mono_Continuous\Audio\TS9\G83-66507-TS9-D4.3T6.9-21042.wav,998
Mono_Continuous,TS9,C:\TCC\Reproduzir_artigo\data\GUITAR-FX\Mono_Continuous\Audio\TS9\G83-66602-TS9-D4.4T9.7-21050.wav,998
Mono_Continuous,TS9,C:\TCC\Reproduzir_artigo\data\GUITAR-FX\Mono_Continuous\Audio\TS9\G83-68604-TS9-D7.5T4-21052.wav,998
Mono_Continuous,TS9,C:\TCC\Reproduzir_artigo\data\GUITAR-FX\Mono_Continuous\Audio\TS9\G83-70606-TS9-D9.1T7.8-21054.wav,998
Mono_Continuous,TS9,C:\TCC\Reproduzir_artigo\data\GUITAR-FX\Mono_Continuous\Audio\TS9\G83-71607-TS9-D5.8T5.3-21055.wav,998
Mono_Continuous,TS9,C:\TCC\Reproduzir_artigo\data\GUITAR-FX\Mono_Continuous\Audio\TS9\G83-76612-TS9-D8.2T4.4-21060.wav,998
Mono_Continuous,TS9,C:\TCC\Reproduzir_artigo\data\GUITAR-FX\Mono_Continuous\Audio\TS9\G91-44104-TS9-D8.6T4.9-21065.wav,998
Mono_Continuous,TS9,C:\TCC\Reproduzir_artigo\data\GUITAR-FX\Mono_Continuous\Audio\TS9\G91-47107-TS9-D9.7T5.2-21068.wav,998
Mono_Continuous,TS9,C:\TCC\Reproduzir_artigo\data\GUITAR-FX\Mono_Continuous\Audio\TS9\G91-49204-TS9-D9.2T7.2-21078.wav,998
Mono_Continuous,TS9,C:\TCC\Reproduzir_artigo\data\GUITAR-FX\Mono_Continuous\Audio\TS9\G91-51301-TS9-D9.8T6.6-21088.wav,998
Mono_Continuous,TS9,C:\TCC\Reproduzir_artigo\data\GUITAR-FX\Mono_Continuous\Audio\TS9\G91-52112-TS9-D6.1T6.3-21073.wav,998
Mono_Continuous,TS9,C:\TCC\Reproduzir_artigo\data\GUITAR-FX\Mono_Continuous\Audio\TS9\G91-54209-TS9-D5.2T2.1-21083.wav,998
Mono_Continuous,TS9,C:\TCC\Reproduzir_artigo\data\GUITAR-FX\Mono_Continuous\Audio\TS9\G91-54304-TS9-D4.6T3.4-21091.wav,998
Mono_Continuous,TS9,C:\TCC\Reproduzir_artigo\data\GUITAR-FX\Mono_Continuous\Audio\TS9\G91-54304-TS9-D6.6T4.7-21091.wav,998
Mono_Continuous,TS9,C:\TCC\Reproduzir_artigo\data\GUITAR-FX\Mono_Continuous\Audio\TS9\G91-56306-TS9-D8T8.8-21093.wav,998
Mono_Continuous,TS9,C:\TCC\Reproduzir_artigo\data\GUITAR-FX\Mono_Continuous\Audio\TS9\G91-56401-TS9-D4.2T1.1-21101.wav,998
Mono_Continuous,TS9,C:\TCC\Reproduzir_artigo\data\GUITAR-FX\Mono_Continuous\Audio\TS9\G91-56401-TS9-D6.6T5.1-21101.wav,998
Mono_Continuous,TS9,C:\TCC\Reproduzir_artigo\data\GUITAR-FX\Mono_Continuous\Audio\TS9\G91-60501-TS9-D5T5.9-21114.wav,998
Mono_Continuous,TS9,C:\TCC\Reproduzir_artigo\data\GUITAR-FX\Mono_Continuous\Audio\TS9\G91-61406-TS9-D3T5.9-21106.wav,998
Mono_Continuous,TS9,C:\TCC\Reproduzir_artigo\data\GUITAR-FX\Mono_Continuous\Audio\TS9\G91-62407-TS9-D4T5.9-21107.wav,998
Mono_Continuous,TS9,C:\TCC\Reproduzir_artigo\data\GUITAR-FX\Mono_Continuous\Audio\TS9\G91-64409-TS9-D7.4T3.3-21109.wav,998
Mono_Continuous,TS9,C:\TCC\Reproduzir_artigo\data\GUITAR-FX\Mono_Continuous\Audio\TS9\G91-65410-TS9-D8.8T4.2-21110.wav,998
Mono_Continuous,TS9,C:\TCC\Reproduzir_artigo\data\GUITAR-FX\Mono_Continuous\Audio\TS9\G91-67412-TS9-D3.6T7.4-21112.wav,998
Mono_Continuous,TS9,C:\TCC\Reproduzir_artigo\data\GUITAR-FX\Mono_Continuous\Audio\TS9\G91-72608-TS9-D7.2T5.4-21134.wav,998
Mono_Continuous,TS9,C:\TCC\Reproduzir_artigo\data\GUITAR-FX\Mono_Continuous\Audio\TS9\G91-73609-TS9-D3.2T4.1-21135.wav,998
Mono_Continuous,TS9,C:\TCC\Reproduzir_artigo\data\GUITAR-FX\Mono_Continuous\Audio\TS9\G91-74610-TS9-D7.7T6.1-21136.wav,998
Mono_Continuous,TS9,C:\TCC\Reproduzir_artigo\data\GUITAR-FX\Mono_Continuous\Audio\TS9\G93-42102-TS9-D2.2T1-21141.wav,998
Mono_Continuous,TS9,C:\TCC\Reproduzir_artigo\data\GUITAR-FX\Mono_Continuous\Audio\TS9\G93-44104-TS9-D9.4T6.1-21143.wav,998
Mono_Continuous,TS9,C:\TCC\Reproduzir_artigo\data\GUITAR-FX\Mono_Continuous\Audio\TS9\G93-45200-TS9-D2.1T3.2-21152.wav,998
Mono_Continuous,TS9,C:\TCC\Reproduzir_artigo\data\GUITAR-FX\Mono_Continuous\Audio\TS9\G93-47107-TS9-D9T8.5-21146.wav,998
Mono_Continuous,TS9,C:\TCC\Reproduzir_artigo\data\GUITAR-FX\Mono_Continuous\Audio\TS9\G93-48203-TS9-D2.8T8.3-21155.wav,998
Mono_Continuous,TS9,C:\TCC\Reproduzir_artigo\data\GUITAR-FX\Mono_Continuous\Audio\TS9\G93-50110-TS9-D4.8T2.6-21149.wav,998
Mono_Continuous,TS9,C:\TCC\Reproduzir_artigo\data\GUITAR-FX\Mono_Continuous\Audio\TS9\G93-50205-TS9-D10T3.9-21157.wav,998
Mono_Continuous,TS9,C:\TCC\Reproduzir_artigo\data\GUITAR-FX\Mono_Continuous\Audio\TS9\G93-52207-TS9-D3.6T0.1-21159.wav,998
Mono_Continuous,TS9,C:\TCC\Reproduzir_artigo\data\GUITAR-FX\Mono_Continuous\Audio\TS9\G93-52302-TS9-D3.2T8.3-21167.wav,998
Mono_Continuous,TS9,C:\TCC\Reproduzir_artigo\data\GUITAR-FX\Mono_Continuous\Audio\TS9\G93-54209-TS9-D3.9T6.7-21161.wav,998
Mono_Continuous,TS9,C:\TCC\Reproduzir_artigo\data\GUITAR-FX\Mono_Continuous\Audio\TS9\G93-54304-TS9-D8.7T0.1-21169.wav,998
Mono_Continuous,TS9,C:\TCC\Reproduzir_artigo\data\GUITAR-FX\Mono_Continuous\Audio\TS9\G93-55210-TS9-D9.8T1.5-21162.wav,998
Mono_Continuous,TS9,C:\TCC\Reproduzir_artigo\data\GUITAR-FX\Mono_Continuous\Audio\TS9\G93-56211-TS9-D6.3T8.8-21163.wav,998
Mono_Continuous,TS9,C:\TCC\Reproduzir_artigo\data\GUITAR-FX\Mono_Continuous\Audio\TS9\G93-57212-TS9-D7.9T9.6-21164.wav,998
Mono_Continuous,TS9,C:\TCC\Reproduzir_artigo\data\GUITAR-FX\Mono_Continuous\Audio\TS9\G93-58403-TS9-D7.6T4.6-21181.wav,998
Mono_Continuous,TS9,C:\TCC\Reproduzir_artigo\data\GUITAR-FX\Mono_Continuous\Audio\TS9\G93-59500-TS9-D7.5T6.1-21191.wav,998
Mono_Continuous,TS9,C:\TCC\Reproduzir_artigo\data\GUITAR-FX\Mono_Continuous\Audio\TS9\G93-60501-TS9-D8T6.1-21192.wav,998
Mono_Continuous,TS9,C:\TCC\Reproduzir_artigo\data\GUITAR-FX\Mono_Continuous\Audio\TS9\G93-61406-TS9-D8.6T6.2-21184.wav,998
Mono_Continuous,TS9,C:\TCC\Reproduzir_artigo\data\GUITAR-FX\Mono_Continuous\Audio\TS9\G93-61502-TS9-D4.3T4.5-21193.wav,998
Mono_Continuous,TS9,C:\TCC\Reproduzir_artigo\data\GUITAR-FX\Mono_Continuous\Audio\TS9\G93-62407-TS9-D8T7.5-21185.wav,998
Mono_Continuous,TS9,C:\TCC\Reproduzir_artigo\data\GUITAR-FX\Mono_Continuous\Audio\TS9\G93-62503-TS9-D5.4T1.9-21194.wav,998
Mono_Continuous,TS9,C:\TCC\Reproduzir_artigo\data\GUITAR-FX\Mono_Continuous\Audio\TS9\G93-65506-TS9-D3.8T1.4-21197.wav,998
Mono_Continuous,TS9,C:\TCC\Reproduzir_artigo\data\GUITAR-FX\Mono_Continuous\Audio\TS9\G93-66411-TS9-D5.3T6.7-21189.wav,998
Mono_Continuous,TS9,C:\TCC\Reproduzir_artigo\data\GUITAR-FX\Mono_Continuous\Audio\TS9\G93-67603-TS9-D8.6T2.3-21207.wav,998
Mono_Continuous,TS9,C:\TCC\Reproduzir_artigo\data\GUITAR-FX\Mono_Continuous\Audio\TS9\G93-68509-TS9-D10T1.7-21200.wav,998
Mono_Continuous,TS9,C:\TCC\Reproduzir_artigo\data\GUITAR-FX\Mono_Continuous\Audio\TS9\G93-68509-TS9-D10T7.8-21200.wav,998
Mono_Continuous,TS9,C:\TCC\Reproduzir_artigo\data\GUITAR-FX\Mono_Continuous\Audio\TS9\G93-68509-TS9-D8.1T3.4-21200.wav,998
Mono_Continuous,TS9,C:\TCC\Reproduzir_artigo\data\GUITAR-FX\Mono_Continuous\Audio\TS9\G93-69605-TS9-D4.4T3.8-21209.wav,998
Mono_Continuous,TS9,C:\TCC\Reproduzir_artigo\data\GUITAR-FX\Mono_Continuous\Audio\TS9\G93-69605-TS9-D9.8T7.3-21209.wav,998
Mono_Continuous,TS9,C:\TCC\Reproduzir_artigo\data\GUITAR-FX\Mono_Continuous\Audio\TS9\G93-70511-TS9-D7.6T2-21202.wav,998
Mono_Continuous,TS9,C:\TCC\Reproduzir_artigo\data\GUITAR-FX\Mono_Continuous\Audio\TS9\G93-70606-TS9-D5.6T4.2-21210.wav,998
Mono_Continuous,TS9,C:\TCC\Reproduzir_artigo\data\GUITAR-FX\Mono_Continuous\Audio\TS9\G93-71607-TS9-D3.4T1.2-21211.wav,998
Mono_Continuous,VTB,C:\TCC\Reproduzir_artigo\data\GUITAR-FX\Mono_Continuous\Audio\VTB\G61-40100-VTB-F6.3-20593.wav,998
Mono_Continuous,VTB,C:\TCC\Reproduzir_artigo\data\GUITAR-FX\Mono_Continuous\Audio\VTB\G61-41101-VTB-F5.7-20594.wav,998
Mono_Continuous,VTB,C:\TCC\Reproduzir_artigo\data\GUITAR-FX\Mono_Continuous\Audio\VTB\G61-43103-VTB-F4.2-20596.wav,998
Mono_Continuous,VTB,C:\TCC\Reproduzir_artigo\data\GUITAR-FX\Mono_Continuous\Audio\VTB\G61-45200-VTB-F2.2-20606.wav,998
Mono_Continuous,VTB,C:\TCC\Reproduzir_artigo\data\GUITAR-FX\Mono_Continuous\Audio\VTB\G61-47107-VTB-F5.1-20600.wav,998
Mono_Continuous,VTB,C:\TCC\Reproduzir_artigo\data\GUITAR-FX\Mono_Continuous\Audio\VTB\G61-47202-VTB-F9.2-20608.wav,998
Mono_Continuous,VTB,C:\TCC\Reproduzir_artigo\data\GUITAR-FX\Mono_Continuous\Audio\VTB\G61-48108-VTB-F6-20601.wav,998
Mono_Continuous,VTB,C:\TCC\Reproduzir_artigo\data\GUITAR-FX\Mono_Continuous\Audio\VTB\G61-49109-VTB-F4.9-20602.wav,998
Mono_Continuous,VTB,C:\TCC\Reproduzir_artigo\data\GUITAR-FX\Mono_Continuous\Audio\VTB\G61-51111-VTB-F3.3-20604.wav,998
Mono_Continuous,VTB,C:\TCC\Reproduzir_artigo\data\GUITAR-FX\Mono_Continuous\Audio\VTB\G61-55210-VTB-F7.7-20616.wav,998
Mono_Continuous,VTB,C:\TCC\Reproduzir_artigo\data\GUITAR-FX\Mono_Continuous\Audio\VTB\G61-55305-VTB-F7.4-20624.wav,998
Mono_Continuous,VTB,C:\TCC\Reproduzir_artigo\data\GUITAR-FX\Mono_Continuous\Audio\VTB\G61-55305-VTB-F9.7-20624.wav,998
Mono_Continuous,VTB,C:\TCC\Reproduzir_artigo\data\GUITAR-FX\Mono_Continuous\Audio\VTB\G61-55400-VTB-F1.9-20632.wav,998
Mono_Continuous,VTB,C:\TCC\Reproduzir_artigo\data\GUITAR-FX\Mono_Continuous\Audio\VTB\G61-56211-VTB-F4.7-20617.wav,998
Mono_Continuous,VTB,C:\TCC\Reproduzir_artigo\data\GUITAR-FX\Mono_Continuous\Audio\VTB\G61-58308-VTB-F8.5-20627.wav,998
Mono_Continuous,VTB,C:\TCC\Reproduzir_artigo\data\GUITAR-FX\Mono_Continuous\Audio\VTB\G61-58403-VTB-F9.9-20635.wav,998
Mono_Continuous,VTB,C:\TCC\Reproduzir_artigo\data\GUITAR-FX\Mono_Continuous\Audio\VTB\G61-59309-VTB-F4.8-20628.wav,998
Mono_Continuous,VTB,C:\TCC\Reproduzir_artigo\data\GUITAR-FX\Mono_Continuous\Audio\VTB\G61-60310-VTB-F1.3-20629.wav,998
Mono_Continuous,VTB,C:\TCC\Reproduzir_artigo\data\GUITAR-FX\Mono_Continuous\Audio\VTB\G61-60501-VTB-F4-20646.wav,998
Mono_Continuous,VTB,C:\TCC\Reproduzir_artigo\data\GUITAR-FX\Mono_Continuous\Audio\VTB\G61-61311-VTB-F5.3-20630.wav,998
Mono_Continuous,VTB,C:\TCC\Reproduzir_artigo\data\GUITAR-FX\Mono_Continuous\Audio\VTB\G61-62407-VTB-F5.7-20639.wav,998
Mono_Continuous,VTB,C:\TCC\Reproduzir_artigo\data\GUITAR-FX\Mono_Continuous\Audio\VTB\G61-62407-VTB-F9-20639.wav,998
Mono_Continuous,VTB,C:\TCC\Reproduzir_artigo\data\GUITAR-FX\Mono_Continuous\Audio\VTB\G61-63504-VTB-F5.1-20649.wav,998
Mono_Continuous,VTB,C:\TCC\Reproduzir_artigo\data\GUITAR-FX\Mono_Continuous\Audio\VTB\G61-64409-VTB-F1.3-20641.wav,998
Mono_Continuous,VTB,C:\TCC\Reproduzir_artigo\data\GUITAR-FX\Mono_Continuous\Audio\VTB\G61-65506-VTB-F2.9-20651.wav,998
Mono_Continuous,VTB,C:\TCC\Reproduzir_artigo\data\GUITAR-FX\Mono_Continuous\Audio\VTB\G61-67412-VTB-F9.4-20644.wav,998
Mono_Continuous,VTB,C:\TCC\Reproduzir_artigo\data\GUITAR-FX\Mono_Continuous\Audio\VTB\G61-68509-VTB-F1.3-20654.wav,998
Mono_Continuous,VTB,C:\TCC\Reproduzir_artigo\data\GUITAR-FX\Mono_Continuous\Audio\VTB\G61-68509-VTB-F10-20654.wav,998
Mono_Continuous,VTB,C:\TCC\Reproduzir_artigo\data\GUITAR-FX\Mono_Continuous\Audio\VTB\G61-70606-VTB-F5.6-20664.wav,998
Mono_Continuous,VTB,C:\TCC\Reproduzir_artigo\data\GUITAR-FX\Mono_Continuous\Audio\VTB\G61-76612-VTB-F6.9-20670.wav,998
Mono_Continuous,VTB,C:\TCC\Reproduzir_artigo\data\GUITAR-FX\Mono_Continuous\Audio\VTB\G61-76612-VTB-F8.9-20670.wav,998
Mono_Continuous,VTB,C:\TCC\Reproduzir_artigo\data\GUITAR-FX\Mono_Continuous\Audio\VTB\G63-42102-VTB-F2.1-20673.wav,998
Mono_Continuous,VTB,C:\TCC\Reproduzir_artigo\data\GUITAR-FX\Mono_Continuous\Audio\VTB\G63-44104-VTB-F9.3-20675.wav,998
Mono_Continuous,VTB,C:\TCC\Reproduzir_artigo\data\GUITAR-FX\Mono_Continuous\Audio\VTB\G63-46106-VTB-F8.1-20677.wav,998
Mono_Continuous,VTB,C:\TCC\Reproduzir_artigo\data\GUITAR-FX\Mono_Continuous\Audio\VTB\G63-46201-VTB-F5.4-20685.wav,998
Mono_Continuous,VTB,C:\TCC\Reproduzir_artigo\data\GUITAR-FX\Mono_Continuous\Audio\VTB\G63-50205-VTB-F4.9-20689.wav,998
Mono_Continuous,VTB,C:\TCC\Reproduzir_artigo\data\GUITAR-FX\Mono_Continuous\Audio\VTB\G63-51301-VTB-F7.7-20698.wav,998
Mono_Continuous,VTB,C:\TCC\Reproduzir_artigo\data\GUITAR-FX\Mono_Continuous\Audio\VTB\G63-52112-VTB-F3.6-20683.wav,998
Mono_Continuous,VTB,C:\TCC\Reproduzir_artigo\data\GUITAR-FX\Mono_Continuous\Audio\VTB\G63-52207-VTB-F8.6-20691.wav,998
Mono_Continuous,VTB,C:\TCC\Reproduzir_artigo\data\GUITAR-FX\Mono_Continuous\Audio\VTB\G63-53208-VTB-F4.4-20692.wav,998
Mono_Continuous,VTB,C:\TCC\Reproduzir_artigo\data\GUITAR-FX\Mono_Continuous\Audio\VTB\G63-53303-VTB-F1.3-20700.wav,998
Mono_Continuous,VTB,C:\TCC\Reproduzir_artigo\data\GUITAR-FX\Mono_Continuous\Audio\VTB\G63-55210-VTB-F4.6-20694.wav,998
Mono_Continuous,VTB,C:\TCC\Reproduzir_artigo\data\GUITAR-FX\Mono_Continuous\Audio\VTB\G63-55305-VTB-F7.5-20702.wav,998
Mono_Continuous,VTB,C:\TCC\Reproduzir_artigo\data\GUITAR-FX\Mono_Continuous\Audio\VTB\G63-56211-VTB-F9.4-20695.wav,998
Mono_Continuous,VTB,C:\TCC\Reproduzir_artigo\data\GUITAR-FX\Mono_Continuous\Audio\VTB\G63-59404-VTB-F5.1-20714.wav,998
Mono_Continuous,VTB,C:\TCC\Reproduzir_artigo\data\GUITAR-FX\Mono_Continuous\Audio\VTB\G63-60501-VTB-F9.7-20724.wav,998
Mono_Continuous,VTB,C:\TCC\Reproduzir_artigo\data\GUITAR-FX\Mono_Continuous\Audio\VTB\G63-61311-VTB-F4.4-20708.wav,998
Mono_Continuous,VTB,C:\TCC\Reproduzir_artigo\data\GUITAR-FX\Mono_Continuous\Audio\VTB\G63-61406-VTB-F3.1-20716.wav,998
Mono_Continuous,VTB,C:\TCC\Reproduzir_artigo\data\GUITAR-FX\Mono_Continuous\Audio\VTB\G63-62312-VTB-F4.4-20709.wav,998
Mono_Continuous,VTB,C:\TCC\Reproduzir_artigo\data\GUITAR-FX\Mono_Continuous\Audio\VTB\G63-65410-VTB-F5.1-20720.wav,998
Mono_Continuous,VTB,C:\TCC\Reproduzir_artigo\data\GUITAR-FX\Mono_Continuous\Audio\VTB\G63-65506-VTB-F1.5-20729.wav,998
Mono_Continuous,VTB,C:\TCC\Reproduzir_artigo\data\GUITAR-FX\Mono_Continuous\Audio\VTB\G63-66411-VTB-F3.2-20721.wav,998
Mono_Continuous,VTB,C:\TCC\Reproduzir_artigo\data\GUITAR-FX\Mono_Continuous\Audio\VTB\G63-66507-VTB-F8.2-20730.wav,998
Mono_Continuous,VTB,C:\TCC\Reproduzir_artigo\data\GUITAR-FX\Mono_Continuous\Audio\VTB\G63-66602-VTB-F7.8-20738.wav,998
Mono_Continuous,VTB,C:\TCC\Reproduzir_artigo\data\GUITAR-FX\Mono_Continuous\Audio\VTB\G63-67412-VTB-F6-20722.wav,998
Mono_Continuous,VTB,C:\TCC\Reproduzir_artigo\data\GUITAR-FX\Mono_Continuous\Audio\VTB\G63-70511-VTB-F6-20734.wav,998
Mono_Continuous,VTB,C:\TCC\Reproduzir_artigo\data\GUITAR-FX\Mono_Continuous\Audio\VTB\G63-70511-VTB-F7.7-20734.wav,998
Mono_Continuous,VTB,C:\TCC\Reproduzir_artigo\data\GUITAR-FX\Mono_Continuous\Audio\VTB\G63-71512-VTB-F9.1-20735.wav,998
Mono_Continuous,VTB,C:\TCC\Reproduzir_artigo\data\GUITAR-FX\Mono_Continuous\Audio\VTB\G63-71607-VTB-F9.6-20743.wav,998
Mono_Continuous,VTB,C:\TCC\Reproduzir_artigo\data\GUITAR-FX\Mono_Continuous\Audio\VTB\G63-74610-VTB-F6.8-20746.wav,998
Mono_Continuous,VTB,C:\TCC\Reproduzir_artigo\data\GUITAR-FX\Mono_Continuous\Audio\VTB\G63-74610-VTB-F7.5-20746.wav,998
Mono_Continuous,VTB,C:\TCC\Reproduzir_artigo\data\GUITAR-FX\Mono_Continuous\Audio\VTB\G63-76612-VTB-F3-20748.wav,998
Mono_Continuous,VTB,C:\TCC\Reproduzir_artigo\data\GUITAR-FX\Mono_Continuous\Audio\VTB\G71-43103-VTB-F3-20752.wav,998
Mono_Continuous,VTB,C:\TCC\Reproduzir_artigo\data\GUITAR-FX\Mono_Continuous\Audio\VTB\G71-44104-VTB-F2.5-20753.wav,998
Mono_Continuous,VTB,C:\TCC\Reproduzir_artigo\data\GUITAR-FX\Mono_Continuous\Audio\VTB\G71-45200-VTB-F8.3-20762.wav,998
Mono_Continuous,VTB,C:\TCC\Reproduzir_artigo\data\GUITAR-FX\Mono_Continuous\Audio\VTB\G71-45200-VTB-F9.3-20762.wav,998
Mono_Continuous,VTB,C:\TCC\Reproduzir_artigo\data\GUITAR-FX\Mono_Continuous\Audio\VTB\G71-51206-VTB-F5.4-20768.wav,998
Mono_Continuous,VTB,C:\TCC\Reproduzir_artigo\data\GUITAR-FX\Mono_Continuous\Audio\VTB\G71-53208-VTB-F3.5-20770.wav,998
Mono_Continuous,VTB,C:\TCC\Reproduzir_artigo\data\GUITAR-FX\Mono_Continuous\Audio\VTB\G71-53208-VTB-F7.8-20770.wav,998
Mono_Continuous,VTB,C:\TCC\Reproduzir_artigo\data\GUITAR-FX\Mono_Continuous\Audio\VTB\G71-54209-VTB-F3.5-20771.wav,998
Mono_Continuous,VTB,C:\TCC\Reproduzir_artigo\data\GUITAR-FX\Mono_Continuous\Audio\VTB\G71-54304-VTB-F6.3-20779.wav,998
Mono_Continuous,VTB,C:\TCC\Reproduzir_artigo\data\GUITAR-FX\Mono_Continuous\Audio\VTB\G71-54304-VTB-F9.5-20779.wav,998
Mono_Continuous,VTB,C:\TCC\Reproduzir_artigo\data\GUITAR-FX\Mono_Continuous\Audio\VTB\G71-55305-VTB-F6.9-20780.wav,998
Mono_Continuous,VTB,C:\TCC\Reproduzir_artigo\data\GUITAR-FX\Mono_Continuous\Audio\VTB\G71-56211-VTB-F9-20773.wav,998
Mono_Continuous,VTB,C:\TCC\Reproduzir_artigo\data\GUITAR-FX\Mono_Continuous\Audio\VTB\G71-58308-VTB-F2.1-20783.wav,998
Mono_Continuous,VTB,C:\TCC\Reproduzir_artigo\data\GUITAR-FX\Mono_Continuous\Audio\VTB\G71-58403-VTB-F7.4-20791.wav,998
Mono_Continuous,VTB,C:\TCC\Reproduzir_artigo\data\GUITAR-FX\Mono_Continuous\Audio\VTB\G71-61406-VTB-F7.9-20794.wav,998
Mono_Continuous,VTB,C:\TCC\Reproduzir_artigo\data\GUITAR-FX\Mono_Continuous\Audio\VTB\G71-63408-VTB-F5.8-20796.wav,998
Mono_Continuous,VTB,C:\TCC\Reproduzir_artigo\data\GUITAR-FX\Mono_Continuous\Audio\VTB\G71-64409-VTB-F4.6-20797.wav,998
Mono_Continuous,VTB,C:\TCC\Reproduzir_artigo\data\GUITAR-FX\Mono_Continuous\Audio\VTB\G71-64505-VTB-F7.2-20806.wav,998
Mono_Continuous,VTB,C:\TCC\Reproduzir_artigo\data\GUITAR-FX\Mono_Continuous\Audio\VTB\G71-65410-VTB-F5.7-20798.wav,998
Mono_Continuous,VTB,C:\TCC\Reproduzir_artigo\data\GUITAR-FX\Mono_Continuous\Audio\VTB\G71-66602-VTB-F4-20816.wav,998
Mono_Continuous,VTB,C:\TCC\Reproduzir_artigo\data\GUITAR-FX\Mono_Continuous\Audio\VTB\G71-66602-VTB-F6.6-20816.wav,998
Mono_Continuous,VTB,C:\TCC\Reproduzir_artigo\data\GUITAR-FX\Mono_Continuous\Audio\VTB\G71-68509-VTB-F3.5-20810.wav,998
Mono_Continuous,VTB,C:\TCC\Reproduzir_artigo\data\GUITAR-FX\Mono_Continuous\Audio\VTB\G71-68509-VTB-F7.5-20810.wav,998
Mono_Continuous,VTB,C:\TCC\Reproduzir_artigo\data\GUITAR-FX\Mono_Continuous\Audio\VTB\G71-69605-VTB-F7.2-20819.wav,998
Mono_Continuous,VTB,C:\TCC\Reproduzir_artigo\data\GUITAR-FX\Mono_Continuous\Audio\VTB\G71-70606-VTB-F3.8-20820.wav,998
Mono_Continuous,VTB,C:\TCC\Reproduzir_artigo\data\GUITAR-FX\Mono_Continuous\Audio\VTB\G71-71512-VTB-F6.8-20813.wav,998
Mono_Continuous,VTB,C:\TCC\Reproduzir_artigo\data\GUITAR-FX\Mono_Continuous\Audio\VTB\G71-72608-VTB-F3.6-20822.wav,998
Mono_Continuous,VTB,C:\TCC\Reproduzir_artigo\data\GUITAR-FX\Mono_Continuous\Audio\VTB\G71-74610-VTB-F2.3-20824.wav,998
Mono_Continuous,VTB,C:\TCC\Reproduzir_artigo\data\GUITAR-FX\Mono_Continuous\Audio\VTB\G71-76612-VTB-F1.8-20826.wav,998
Mono_Continuous,VTB,C:\TCC\Reproduzir_artigo\data\GUITAR-FX\Mono_Continuous\Audio\VTB\G73-41101-VTB-F3.5-20828.wav,998
Mono_Continuous,VTB,C:\TCC\Reproduzir_artigo\data\GUITAR-FX\Mono_Continuous\Audio\VTB\G73-42102-VTB-F7.3-20829.wav,998
Mono_Continuous,VTB,C:\TCC\Reproduzir_artigo\data\GUITAR-FX\Mono_Continuous\Audio\VTB\G73-47202-VTB-F7.8-20842.wav,998
Mono_Continuous,VTB,C:\TCC\Reproduzir_artigo\data\GUITAR-FX\Mono_Continuous\Audio\VTB\G73-48108-VTB-F2.7-20835.wav,998
Mono_Continuous,VTB,C:\TCC\Reproduzir_artigo\data\GUITAR-FX\Mono_Continuous\Audio\VTB\G73-48108-VTB-F8.5-20835.wav,998
Mono_Continuous,VTB,C:\TCC\Reproduzir_artigo\data\GUITAR-FX\Mono_Continuous\Audio\VTB\G73-49109-VTB-F4.9-20836.wav,998
Mono_Continuous,VTB,C:\TCC\Reproduzir_artigo\data\GUITAR-FX\Mono_Continuous\Audio\VTB\G73-49204-VTB-F1.6-20844.wav,998
Mono_Continuous,VTB,C:\TCC\Reproduzir_artigo\data\GUITAR-FX\Mono_Continuous\Audio\VTB\G73-50205-VTB-F8.7-20845.wav,998
Mono_Continuous,VTB,C:\TCC\Reproduzir_artigo\data\GUITAR-FX\Mono_Continuous\Audio\VTB\G73-51111-VTB-F1.2-20838.wav,998
Mono_Continuous,VTB,C:\TCC\Reproduzir_artigo\data\GUITAR-FX\Mono_Continuous\Audio\VTB\G73-51206-VTB-F4.8-20846.wav,998
Mono_Continuous,VTB,C:\TCC\Reproduzir_artigo\data\GUITAR-FX\Mono_Continuous\Audio\VTB\G73-52112-VTB-F1.1-20839.wav,998
Mono_Continuous,VTB,C:\TCC\Reproduzir_artigo\data\GUITAR-FX\Mono_Continuous\Audio\VTB\G73-52302-VTB-F1.9-20855.wav,998
Mono_Continuous,VTB,C:\TCC\Reproduzir_artigo\data\GUITAR-FX\Mono_Continuous\Audio\VTB\G73-53208-VTB-F5.5-20848.wav,998
Mono_Continuous,VTB,C:\TCC\Reproduzir_artigo\data\GUITAR-FX\Mono_Continuous\Audio\VTB\G73-53303-VTB-F1.5-20856.wav,998
Mono_Continuous,VTB,C:\TCC\Reproduzir_artigo\data\GUITAR-FX\Mono_Continuous\Audio\VTB\G73-55305-VTB-F1.5-20858.wav,998
Mono_Continuous,VTB,C:\TCC\Reproduzir_artigo\data\GUITAR-FX\Mono_Continuous\Audio\VTB\G73-55305-VTB-F2.7-20858.wav,998
Mono_Continuous,VTB,C:\TCC\Reproduzir_artigo\data\GUITAR-FX\Mono_Continuous\Audio\VTB\G73-55305-VTB-F2.9-20858.wav,998
Mono_Continuous,VTB,C:\TCC\Reproduzir_artigo\data\GUITAR-FX\Mono_Continuous\Audio\VTB\G73-55400-VTB-F2.6-20866.wav,998
Mono_Continuous,VTB,C:\TCC\Reproduzir_artigo\data\GUITAR-FX\Mono_Continuous\Audio\VTB\G73-55400-VTB-F4.6-20866.wav,998
Mono_Continuous,VTB,C:\TCC\Reproduzir_artigo\data\GUITAR-FX\Mono_Continuous\Audio\VTB\G73-55400-VTB-F7.2-20866.wav,998
Mono_Continuous,VTB,C:\TCC\Reproduzir_artigo\data\GUITAR-FX\Mono_Continuous\Audio\VTB\G73-58308-VTB-F8.8-20861.wav,998
Mono_Continuous,VTB,C:\TCC\Reproduzir_artigo\data\GUITAR-FX\Mono_Continuous\Audio\VTB\G73-58403-VTB-F9.5-20869.wav,998
Mono_Continuous,VTB,C:\TCC\Reproduzir_artigo\data\GUITAR-FX\Mono_Continuous\Audio\VTB\G73-59309-VTB-F3.7-20862.wav,998
Mono_Continuous,VTB,C:\TCC\Reproduzir_artigo\data\GUITAR-FX\Mono_Continuous\Audio\VTB\G73-59404-VTB-F3.1-20870.wav,998
Mono_Continuous,VTB,C:\TCC\Reproduzir_artigo\data\GUITAR-FX\Mono_Continuous\Audio\VTB\G73-60501-VTB-F9.3-20880.wav,998
Mono_Continuous,VTB,C:\TCC\Reproduzir_artigo\data\GUITAR-FX\Mono_Continuous\Audio\VTB\G73-61502-VTB-F2.4-20881.wav,998
Mono_Continuous,VTB,C:\TCC\Reproduzir_artigo\data\GUITAR-FX\Mono_Continuous\Audio\VTB\G73-63408-VTB-F8.8-20874.wav,998
Mono_Continuous,VTB,C:\TCC\Reproduzir_artigo\data\GUITAR-FX\Mono_Continuous\Audio\VTB\G73-65506-VTB-F3.6-20885.wav,998
Mono_Continuous,VTB,C:\TCC\Reproduzir_artigo\data\GUITAR-FX\Mono_Continuous\Audio\VTB\G73-65506-VTB-F9.9-20885.wav,998
Mono_Continuous,VTB,C:\TCC\Reproduzir_artigo\data\GUITAR-FX\Mono_Continuous\Audio\VTB\G73-65601-VTB-F4.5-20893.wav,998
Mono_Continuous,VTB,C:\TCC\Reproduzir_artigo\data\GUITAR-FX\Mono_Continuous\Audio\VTB\G73-68509-VTB-F7.7-20888.wav,998
Mono_Continuous,VTB,C:\TCC\Reproduzir_artigo\data\GUITAR-FX\Mono_Continuous\Audio\VTB\G73-70606-VTB-F4-20898.wav,998
Mono_Continuous,VTB,C:\TCC\Reproduzir_artigo\data\GUITAR-FX\Mono_Continuous\Audio\VTB\G73-71512-VTB-F9.6-20891.wav,998
Mono_Continuous,VTB,C:\TCC\Reproduzir_artigo\data\GUITAR-FX\Mono_Continuous\Audio\VTB\G81-42102-VTB-F5.1-20907.wav,998
Mono_Continuous,VTB,C:\TCC\Reproduzir_artigo\data\GUITAR-FX\Mono_Continuous\Audio\VTB\G81-48203-VTB-F4-20921.wav,998
Mono_Continuous,VTB,C:\TCC\Reproduzir_artigo\data\GUITAR-FX\Mono_Continuous\Audio\VTB\G81-49109-VTB-F4.5-20914.wav,998
Mono_Continuous,VTB,C:\TCC\Reproduzir_artigo\data\GUITAR-FX\Mono_Continuous\Audio\VTB\G81-49204-VTB-F2.4-20922.wav,998
Mono_Continuous,VTB,C:\TCC\Reproduzir_artigo\data\GUITAR-FX\Mono_Continuous\Audio\VTB\G81-50110-VTB-F7.5-20915.wav,998
Mono_Continuous,VTB,C:\TCC\Reproduzir_artigo\data\GUITAR-FX\Mono_Continuous\Audio\VTB\G81-50110-VTB-F8.6-20915.wav,998
Mono_Continuous,VTB,C:\TCC\Reproduzir_artigo\data\GUITAR-FX\Mono_Continuous\Audio\VTB\G81-51111-VTB-F2.7-20916.wav,998
Mono_Continuous,VTB,C:\TCC\Reproduzir_artigo\data\GUITAR-FX\Mono_Continuous\Audio\VTB\G81-51301-VTB-F8.4-20932.wav,998
Mono_Continuous,VTB,C:\TCC\Reproduzir_artigo\data\GUITAR-FX\Mono_Continuous\Audio\VTB\G81-52112-VTB-F7.9-20917.wav,998
Mono_Continuous,VTB,C:\TCC\Reproduzir_artigo\data\GUITAR-FX\Mono_Continuous\Audio\VTB\G81-52207-VTB-F3.4-20925.wav,998
Mono_Continuous,VTB,C:\TCC\Reproduzir_artigo\data\GUITAR-FX\Mono_Continuous\Audio\VTB\G81-52302-VTB-F9.7-20933.wav,998
Mono_Continuous,VTB,C:\TCC\Reproduzir_artigo\data\GUITAR-FX\Mono_Continuous\Audio\VTB\G81-54304-VTB-F1.3-20935.wav,998
Mono_Continuous,VTB,C:\TCC\Reproduzir_artigo\data\GUITAR-FX\Mono_Continuous\Audio\VTB\G81-54304-VTB-F5.9-20935.wav,998
Mono_Continuous,VTB,C:\TCC\Reproduzir_artigo\data\GUITAR-FX\Mono_Continuous\Audio\VTB\G81-55210-VTB-F6.5-20928.wav,998
Mono_Continuous,VTB,C:\TCC\Reproduzir_artigo\data\GUITAR-FX\Mono_Continuous\Audio\VTB\G81-56211-VTB-F2.5-20929.wav,998
Mono_Continuous,VTB,C:\TCC\Reproduzir_artigo\data\GUITAR-FX\Mono_Continuous\Audio\VTB\G81-59309-VTB-F8.2-20940.wav,998
Mono_Continuous,VTB,C:\TCC\Reproduzir_artigo\data\GUITAR-FX\Mono_Continuous\Audio\VTB\G81-61311-VTB-F8.6-20942.wav,998
Mono_Continuous,VTB,C:\TCC\Reproduzir_artigo\data\GUITAR-FX\Mono_Continuous\Audio\VTB\G81-62503-VTB-F7.7-20960.wav,998
Mono_Continuous,VTB,C:\TCC\Reproduzir_artigo\data\GUITAR-FX\Mono_Continuous\Audio\VTB\G81-64409-VTB-F4.3-20953.wav,998
Mono_Continuous,VTB,C:\TCC\Reproduzir_artigo\data\GUITAR-FX\Mono_Continuous\Audio\VTB\G81-65601-VTB-F8.5-20971.wav,998
Mono_Continuous,VTB,C:\TCC\Reproduzir_artigo\data\GUITAR-FX\Mono_Continuous\Audio\VTB\G81-66507-VTB-F5.8-20964.wav,998
Mono_Continuous,VTB,C:\TCC\Reproduzir_artigo\data\GUITAR-FX\Mono_Continuous\Audio\VTB\G81-66602-VTB-F1.1-20972.wav,998
Mono_Continuous,VTB,C:\TCC\Reproduzir_artigo\data\GUITAR-FX\Mono_Continuous\Audio\VTB\G81-72608-VTB-F3.1-20978.wav,998
Mono_Continuous,VTB,C:\TCC\Reproduzir_artigo\data\GUITAR-FX\Mono_Continuous\Audio\VTB\G81-75611-VTB-F4.9-20981.wav,998
Mono_Continuous,VTB,C:\TCC\Reproduzir_artigo\data\GUITAR-FX\Mono_Continuous\Audio\VTB\G83-46106-VTB-F5.7-20989.wav,998
Mono_Continuous,VTB,C:\TCC\Reproduzir_artigo\data\GUITAR-FX\Mono_Continuous\Audio\VTB\G83-46106-VTB-F8-20989.wav,998
Mono_Continuous,VTB,C:\TCC\Reproduzir_artigo\data\GUITAR-FX\Mono_Continuous\Audio\VTB\G83-46106-VTB-F8.2-20989.wav,998
Mono_Continuous,VTB,C:\TCC\Reproduzir_artigo\data\GUITAR-FX\Mono_Continuous\Audio\VTB\G83-47202-VTB-F3.2-20998.wav,998
Mono_Continuous,VTB,C:\TCC\Reproduzir_artigo\data\GUITAR-FX\Mono_Continuous\Audio\VTB\G83-48108-VTB-F5.4-20991.wav,998
Mono_Continuous,VTB,C:\TCC\Reproduzir_artigo\data\GUITAR-FX\Mono_Continuous\Audio\VTB\G83-49109-VTB-F1.4-20992.wav,998
Mono_Continuous,VTB,C:\TCC\Reproduzir_artigo\data\GUITAR-FX\Mono_Continuous\Audio\VTB\G83-50110-VTB-F7.9-20993.wav,998
Mono_Continuous,VTB,C:\TCC\Reproduzir_artigo\data\GUITAR-FX\Mono_Continuous\Audio\VTB\G83-50300-VTB-F6.2-21009.wav,998
Mono_Continuous,VTB,C:\TCC\Reproduzir_artigo\data\GUITAR-FX\Mono_Continuous\Audio\VTB\G83-51206-VTB-F2.3-21002.wav,998
Mono_Continuous,VTB,C:\TCC\Reproduzir_artigo\data\GUITAR-FX\Mono_Continuous\Audio\VTB\G83-51206-VTB-F4.3-21002.wav,998
Mono_Continuous,VTB,C:\TCC\Reproduzir_artigo\data\GUITAR-FX\Mono_Continuous\Audio\VTB\G83-53208-VTB-F5-21004.wav,998
Mono_Continuous,VTB,C:\TCC\Reproduzir_artigo\data\GUITAR-FX\Mono_Continuous\Audio\VTB\G83-54209-VTB-F4.8-21005.wav,998
Mono_Continuous,VTB,C:\TCC\Reproduzir_artigo\data\GUITAR-FX\Mono_Continuous\Audio\VTB\G83-54209-VTB-F8.8-21005.wav,998
Mono_Continuous,VTB,C:\TCC\Reproduzir_artigo\data\GUITAR-FX\Mono_Continuous\Audio\VTB\G83-54304-VTB-F2-21013.wav,998
Mono_Continuous,VTB,C:\TCC\Reproduzir_artigo\data\GUITAR-FX\Mono_Continuous\Audio\VTB\G83-55210-VTB-F6.9-21006.wav,998
Mono_Continuous,VTB,C:\TCC\Reproduzir_artigo\data\GUITAR-FX\Mono_Continuous\Audio\VTB\G83-55400-VTB-F5.3-21022.wav,998
Mono_Continuous,VTB,C:\TCC\Reproduzir_artigo\data\GUITAR-FX\Mono_Continuous\Audio\VTB\G83-56306-VTB-F9.9-21015.wav,998
Mono_Continuous,VTB,C:\TCC\Reproduzir_artigo\data\GUITAR-FX\Mono_Continuous\Audio\VTB\G83-56401-VTB-F1.8-21023.wav,998
Mono_Continuous,VTB,C:\TCC\Reproduzir_artigo\data\GUITAR-FX\Mono_Continuous\Audio\VTB\G83-57212-VTB-F5-21008.wav,998
Mono_Continuous,VTB,C:\TCC\Reproduzir_artigo\data\GUITAR-FX\Mono_Continuous\Audio\VTB\G83-57307-VTB-F9-21016.wav,998
Mono_Continuous,VTB,C:\TCC\Reproduzir_artigo\data\GUITAR-FX\Mono_Continuous\Audio\VTB\G83-58403-VTB-F1.4-21025.wav,998
Mono_Continuous,VTB,C:\TCC\Reproduzir_artigo\data\GUITAR-FX\Mono_Continuous\Audio\VTB\G83-58403-VTB-F6.1-21025.wav,998
Mono_Continuous,VTB,C:\TCC\Reproduzir_artigo\data\GUITAR-FX\Mono_Continuous\Audio\VTB\G83-60405-VTB-F9.8-21027.wav,998
Mono_Continuous,VTB,C:\TCC\Reproduzir_artigo\data\GUITAR-FX\Mono_Continuous\Audio\VTB\G83-60501-VTB-F1.8-21036.wav,998
Mono_Continuous,VTB,C:\TCC\Reproduzir_artigo\data\GUITAR-FX\Mono_Continuous\Audio\VTB\G83-61406-VTB-F8.4-21028.wav,998
Mono_Continuous,VTB,C:\TCC\Reproduzir_artigo\data\GUITAR-FX\Mono_Continuous\Audio\VTB\G83-63504-VTB-F3.9-21039.wav,998
Mono_Continuous,VTB,C:\TCC\Reproduzir_artigo\data\GUITAR-FX\Mono_Continuous\Audio\VTB\G83-64600-VTB-F6.7-21048.wav,998
Mono_Continuous,VTB,C:\TCC\Reproduzir_artigo\data\GUITAR-FX\Mono_Continuous\Audio\VTB\G83-66411-VTB-F1.2-21033.wav,998
Mono_Continuous,VTB,C:\TCC\Reproduzir_artigo\data\GUITAR-FX\Mono_Continuous\Audio\VTB\G83-66602-VTB-F9.8-21050.wav,998
Mono_Continuous,VTB,C:\TCC\Reproduzir_artigo\data\GUITAR-FX\Mono_Continuous\Audio\VTB\G83-70606-VTB-F2.4-21054.wav,998
Mono_Continuous,VTB,C:\TCC\Reproduzir_artigo\data\GUITAR-FX\Mono_Continuous\Audio\VTB\G83-72608-VTB-F2-21056.wav,998
Mono_Continuous,VTB,C:\TCC\Reproduzir_artigo\data\GUITAR-FX\Mono_Continuous\Audio\VTB\G91-42102-VTB-F3.8-21063.wav,998
Mono_Continuous,VTB,C:\TCC\Reproduzir_artigo\data\GUITAR-FX\Mono_Continuous\Audio\VTB\G91-44104-VTB-F5.9-21065.wav,998
Mono_Continuous,VTB,C:\TCC\Reproduzir_artigo\data\GUITAR-FX\Mono_Continuous\Audio\VTB\G91-44104-VTB-F9.4-21065.wav,998
Mono_Continuous,VTB,C:\TCC\Reproduzir_artigo\data\GUITAR-FX\Mono_Continuous\Audio\VTB\G91-46106-VTB-F9.3-21067.wav,998
Mono_Continuous,VTB,C:\TCC\Reproduzir_artigo\data\GUITAR-FX\Mono_Continuous\Audio\VTB\G91-46201-VTB-F4.4-21075.wav,998
Mono_Continuous,VTB,C:\TCC\Reproduzir_artigo\data\GUITAR-FX\Mono_Continuous\Audio\VTB\G91-47107-VTB-F6.6-21068.wav,998
Mono_Continuous,VTB,C:\TCC\Reproduzir_artigo\data\GUITAR-FX\Mono_Continuous\Audio\VTB\G91-47202-VTB-F3.9-21076.wav,998
Mono_Continuous,VTB,C:\TCC\Reproduzir_artigo\data\GUITAR-FX\Mono_Continuous\Audio\VTB\G91-48108-VTB-F3.3-21069.wav,998
Mono_Continuous,VTB,C:\TCC\Reproduzir_artigo\data\GUITAR-FX\Mono_Continuous\Audio\VTB\G91-50110-VTB-F1.9-21071.wav,998
Mono_Continuous,VTB,C:\TCC\Reproduzir_artigo\data\GUITAR-FX\Mono_Continuous\Audio\VTB\G91-52112-VTB-F7.5-21073.wav,998
Mono_Continuous,VTB,C:\TCC\Reproduzir_artigo\data\GUITAR-FX\Mono_Continuous\Audio\VTB\G91-52207-VTB-F2.5-21081.wav,998
Mono_Continuous,VTB,C:\TCC\Reproduzir_artigo\data\GUITAR-FX\Mono_Continuous\Audio\VTB\G91-52302-VTB-F2.6-21089.wav,998
Mono_Continuous,VTB,C:\TCC\Reproduzir_artigo\data\GUITAR-FX\Mono_Continuous\Audio\VTB\G91-52302-VTB-F9-21089.wav,998
Mono_Continuous,VTB,C:\TCC\Reproduzir_artigo\data\GUITAR-FX\Mono_Continuous\Audio\VTB\G91-53303-VTB-F6.6-21090.wav,998
Mono_Continuous,VTB,C:\TCC\Reproduzir_artigo\data\GUITAR-FX\Mono_Continuous\Audio\VTB\G91-55400-VTB-F5.5-21100.wav,998
Mono_Continuous,VTB,C:\TCC\Reproduzir_artigo\data\GUITAR-FX\Mono_Continuous\Audio\VTB\G91-57402-VTB-F7.9-21102.wav,998
Mono_Continuous,VTB,C:\TCC\Reproduzir_artigo\data\GUITAR-FX\Mono_Continuous\Audio\VTB\G91-59404-VTB-F3.8-21104.wav,998
Mono_Continuous,VTB,C:\TCC\Reproduzir_artigo\data\GUITAR-FX\Mono_Continuous\Audio\VTB\G91-59500-VTB-F7.9-21113.wav,998
Mono_Continuous,VTB,C:\TCC\Reproduzir_artigo\data\GUITAR-FX\Mono_Continuous\Audio\VTB\G91-60501-VTB-F9.1-21114.wav,998
Mono_Continuous,VTB,C:\TCC\Reproduzir_artigo\data\GUITAR-FX\Mono_Continuous\Audio\VTB\G91-62407-VTB-F4.7-21107.wav,998
Mono_Continuous,VTB,C:\TCC\Reproduzir_artigo\data\GUITAR-FX\Mono_Continuous\Audio\VTB\G91-63408-VTB-F9.8-21108.wav,998
Mono_Continuous,VTB,C:\TCC\Reproduzir_artigo\data\GUITAR-FX\Mono_Continuous\Audio\VTB\G91-63504-VTB-F2.6-21117.wav,998
Mono_Continuous,VTB,C:\TCC\Reproduzir_artigo\data\GUITAR-FX\Mono_Continuous\Audio\VTB\G91-64409-VTB-F4.2-21109.wav,998
Mono_Continuous,VTB,C:\TCC\Reproduzir_artigo\data\GUITAR-FX\Mono_Continuous\Audio\VTB\G91-65506-VTB-F5.2-21119.wav,998
Mono_Continuous,VTB,C:\TCC\Reproduzir_artigo\data\GUITAR-FX\Mono_Continuous\Audio\VTB\G91-65506-VTB-F7.7-21119.wav,998
Mono_Continuous,VTB,C:\TCC\Reproduzir_artigo\data\GUITAR-FX\Mono_Continuous\Audio\VTB\G91-66411-VTB-F6.6-21111.wav,998
Mono_Continuous,VTB,C:\TCC\Reproduzir_artigo\data\GUITAR-FX\Mono_Continuous\Audio\VTB\G91-66507-VTB-F2.6-21120.wav,998
Mono_Continuous,VTB,C:\TCC\Reproduzir_artigo\data\GUITAR-FX\Mono_Continuous\Audio\VTB\G91-67412-VTB-F5-21112.wav,998
Mono_Continuous,VTB,C:\TCC\Reproduzir_artigo\data\GUITAR-FX\Mono_Continuous\Audio\VTB\G91-67603-VTB-F8.5-21129.wav,998
Mono_Continuous,VTB,C:\TCC\Reproduzir_artigo\data\GUITAR-FX\Mono_Continuous\Audio\VTB\G91-68604-VTB-F6-21130.wav,998
Mono_Continuous,VTB,C:\TCC\Reproduzir_artigo\data\GUITAR-FX\Mono_Continuous\Audio\VTB\G91-69510-VTB-F2.4-21123.wav,998
Mono_Continuous,VTB,C:\TCC\Reproduzir_artigo\data\GUITAR-FX\Mono_Continuous\Audio\VTB\G91-69605-VTB-F9-21131.wav,998
Mono_Continuous,VTB,C:\TCC\Reproduzir_artigo\data\GUITAR-FX\Mono_Continuous\Audio\VTB\G91-70511-VTB-F7.2-21124.wav,998
Mono_Continuous,VTB,C:\TCC\Reproduzir_artigo\data\GUITAR-FX\Mono_Continuous\Audio\VTB\G91-70606-VTB-F2.1-21132.wav,998
Mono_Continuous,VTB,C:\TCC\Reproduzir_artigo\data\GUITAR-FX\Mono_Continuous\Audio\VTB\G91-71512-VTB-F1.8-21125.wav,998
Mono_Continuous,VTB,C:\TCC\Reproduzir_artigo\data\GUITAR-FX\Mono_Continuous\Audio\VTB\G91-72608-VTB-F7.4-21134.wav,998
Mono_Continuous,VTB,C:\TCC\Reproduzir_artigo\data\GUITAR-FX\Mono_Continuous\Audio\VTB\G93-43103-VTB-F8.4-21142.wav,998
Mono_Continuous,VTB,C:\TCC\Reproduzir_artigo\data\GUITAR-FX\Mono_Continuous\Audio\VTB\G93-45200-VTB-F9.8-21152.wav,998
Mono_Continuous,VTB,C:\TCC\Reproduzir_artigo\data\GUITAR-FX\Mono_Continuous\Audio\VTB\G93-46106-VTB-F1.4-21145.wav,998
Mono_Continuous,VTB,C:\TCC\Reproduzir_artigo\data\GUITAR-FX\Mono_Continuous\Audio\VTB\G93-48203-VTB-F5.4-21155.wav,998
Mono_Continuous,VTB,C:\TCC\Reproduzir_artigo\data\GUITAR-FX\Mono_Continuous\Audio\VTB\G93-53208-VTB-F4.2-21160.wav,998
Mono_Continuous,VTB,C:\TCC\Reproduzir_artigo\data\GUITAR-FX\Mono_Continuous\Audio\VTB\G93-53303-VTB-F3.2-21168.wav,998
Mono_Continuous,VTB,C:\TCC\Reproduzir_artigo\data\GUITAR-FX\Mono_Continuous\Audio\VTB\G93-53303-VTB-F3.8-21168.wav,998
Mono_Continuous,VTB,C:\TCC\Reproduzir_artigo\data\GUITAR-FX\Mono_Continuous\Audio\VTB\G93-55305-VTB-F1.4-21170.wav,998
Mono_Continuous,VTB,C:\TCC\Reproduzir_artigo\data\GUITAR-FX\Mono_Continuous\Audio\VTB\G93-55305-VTB-F9.1-21170.wav,998
Mono_Continuous,VTB,C:\TCC\Reproduzir_artigo\data\GUITAR-FX\Mono_Continuous\Audio\VTB\G93-55400-VTB-F1.2-21178.wav,998
Mono_Continuous,VTB,C:\TCC\Reproduzir_artigo\data\GUITAR-FX\Mono_Continuous\Audio\VTB\G93-56211-VTB-F7.5-21163.wav,998
Mono_Continuous,VTB,C:\TCC\Reproduzir_artigo\data\GUITAR-FX\Mono_Continuous\Audio\VTB\G93-56306-VTB-F2-21171.wav,998
Mono_Continuous,VTB,C:\TCC\Reproduzir_artigo\data\GUITAR-FX\Mono_Continuous\Audio\VTB\G93-57212-VTB-F1.3-21164.wav,998
Mono_Continuous,VTB,C:\TCC\Reproduzir_artigo\data\GUITAR-FX\Mono_Continuous\Audio\VTB\G93-57307-VTB-F3.6-21172.wav,998
Mono_Continuous,VTB,C:\TCC\Reproduzir_artigo\data\GUITAR-FX\Mono_Continuous\Audio\VTB\G93-58308-VTB-F5.9-21173.wav,998
Mono_Continuous,VTB,C:\TCC\Reproduzir_artigo\data\GUITAR-FX\Mono_Continuous\Audio\VTB\G93-59500-VTB-F2.7-21191.wav,998
Mono_Continuous,VTB,C:\TCC\Reproduzir_artigo\data\GUITAR-FX\Mono_Continuous\Audio\VTB\G93-59500-VTB-F4.8-21191.wav,998
Mono_Continuous,VTB,C:\TCC\Reproduzir_artigo\data\GUITAR-FX\Mono_Continuous\Audio\VTB\G93-60310-VTB-F4.6-21175.wav,998
Mono_Continuous,VTB,C:\TCC\Reproduzir_artigo\data\GUITAR-FX\Mono_Continuous\Audio\VTB\G93-61406-VTB-F3-21184.wav,998
Mono_Continuous,VTB,C:\TCC\Reproduzir_artigo\data\GUITAR-FX\Mono_Continuous\Audio\VTB\G93-61502-VTB-F3.1-21193.wav,998
Mono_Continuous,VTB,C:\TCC\Reproduzir_artigo\data\GUITAR-FX\Mono_Continuous\Audio\VTB\G93-61502-VTB-F3.2-21193.wav,998
Mono_Continuous,VTB,C:\TCC\Reproduzir_artigo\data\GUITAR-FX\Mono_Continuous\Audio\VTB\G93-61502-VTB-F4.8-21193.wav,998
Mono_Continuous,VTB,C:\TCC\Reproduzir_artigo\data\GUITAR-FX\Mono_Continuous\Audio\VTB\G93-62503-VTB-F1.2-21194.wav,998
Mono_Continuous,VTB,C:\TCC\Reproduzir_artigo\data\GUITAR-FX\Mono_Continuous\Audio\VTB\G93-64409-VTB-F8.3-21187.wav,998
Mono_Continuous,VTB,C:\TCC\Reproduzir_artigo\data\GUITAR-FX\Mono_Continuous\Audio\VTB\G93-64505-VTB-F4.2-21196.wav,998
Mono_Continuous,VTB,C:\TCC\Reproduzir_artigo\data\GUITAR-FX\Mono_Continuous\Audio\VTB\G93-66411-VTB-F7.5-21189.wav,998
Mono_Continuous,VTB,C:\TCC\Reproduzir_artigo\data\GUITAR-FX\Mono_Continuous\Audio\VTB\G93-67508-VTB-F8.9-21199.wav,998
Mono_Continuous,VTB,C:\TCC\Reproduzir_artigo\data\GUITAR-FX\Mono_Continuous\Audio\VTB\G93-70511-VTB-F1.1-21202.wav,998
Mono_Continuous,VTB,C:\TCC\Reproduzir_artigo\data\GUITAR-FX\Mono_Continuous\Audio\VTB\G93-71512-VTB-F4-21203.wav,998
Mono_Continuous,VTB,C:\TCC\Reproduzir_artigo\data\GUITAR-FX\Mono_Continuous\Audio\VTB\G93-71607-VTB-F2.2-21211.wav,998
Mono_Continuous,VTB,C:\TCC\Reproduzir_artigo\data\GUITAR-FX\Mono_Continuous\Audio\VTB\G93-71607-VTB-F2.7-21211.wav,998
Mono_Continuous,VTB,C:\TCC\Reproduzir_artigo\data\GUITAR-FX\Mono_Continuous\Audio\VTB\G93-72608-VTB-F2.8-21212.wav,998
Mono_Continuous,VTB,C:\TCC\Reproduzir_artigo\data\GUITAR-FX\Mono_Continuous\Audio\VTB\G93-74610-VTB-F6.1-21214.wav,998
Mono_Continuous,VTB,C:\TCC\Reproduzir_artigo\data\GUITAR-FX\Mono_Continuous\Audio\VTB\G93-74610-VTB-F7.6-21214.wav,998
Mono_Continuous,VTB,C:\TCC\Reproduzir_artigo\data\GUITAR-FX\Mono_Continuous\Audio\VTB\G93-75611-VTB-F9.6-21215.wav,998
