pca_x,pca_y,dataset,source_label,wav
-18.06608963,-0.48749050,Mono_Continuous,808,C:\TCC\Reproduzir_artigo\data\GUITAR-FX\Mono_Continuous\Audio\808\G61-42102-808-O7.4T0.8-20595.wav
-16.81699371,-1.20873415,Mono_Continuous,808,C:\TCC\Reproduzir_artigo\data\GUITAR-FX\Mono_Continuous\Audio\808\G61-43103-808-O8.9T3.9-20596.wav
-16.34532738,-1.32866609,Mono_Continuous,808,C:\TCC\Reproduzir_artigo\data\GUITAR-FX\Mono_Continuous\Audio\808\G61-45105-808-O9.5T1.9-20598.wav
-16.50269318,1.78605318,Mono_Continuous,808,C:\TCC\Reproduzir_artigo\data\GUITAR-FX\Mono_Continuous\Audio\808\G61-47107-808-O5.6T8.9-20600.wav
-14.29628468,0.55041951,Mono_Continuous,808,C:\TCC\Reproduzir_artigo\data\GUITAR-FX\Mono_Continuous\Audio\808\G61-47202-808-O8.9T2.4-20608.wav
-13.98630142,-0.20243941,Mono_Continuous,808,C:\TCC\Reproduzir_artigo\data\GUITAR-FX\Mono_Continuous\Audio\808\G61-47202-808-O9.7T4.5-20608.wav
-14.96110249,4.05054092,Mono_Continuous,808,C:\TCC\Reproduzir_artigo\data\GUITAR-FX\Mono_Continuous\Audio\808\G61-49109-808-O8.1T7.7-20602.wav
-14.46315479,4.66524315,Mono_Continuous,808,C:\TCC\Reproduzir_artigo\data\GUITAR-FX\Mono_Continuous\Audio\808\G61-50205-808-O9T3-20611.wav
-12.62402344,1.20380294,Mono_Continuous,808,C:\TCC\Reproduzir_artigo\data\GUITAR-FX\Mono_Continuous\Audio\808\G61-50300-808-O4T6.2-20619.wav
-10.36517048,2.33868408,Mono_Continuous,808,C:\TCC\Reproduzir_artigo\data\GUITAR-FX\Mono_Continuous\Audio\808\G61-51301-808-O4.2T3.8-20620.wav
-11.59449577,7.40754986,Mono_Continuous,808,C:\TCC\Reproduzir_artigo\data\GUITAR-FX\Mono_Continuous\Audio\808\G61-53208-808-O4.2T5.2-20614.wav
-11.39432907,5.16394949,Mono_Continuous,808,C:\TCC\Reproduzir_artigo\data\GUITAR-FX\Mono_Continuous\Audio\808\G61-53208-808-O6.5T0.9-20614.wav
-6.63860655,5.25118637,Mono_Continuous,808,C:\TCC\Reproduzir_artigo\data\GUITAR-FX\Mono_Continuous\Audio\808\G61-55305-808-O3.3T9.5-20624.wav
-7.18714905,6.62338972,Mono_Continuous,808,C:\TCC\Reproduzir_artigo\data\GUITAR-FX\Mono_Continuous\Audio\808\G61-55305-808-O3T5.1-20624.wav
-9.51782131,2.64131165,Mono_Continuous,808,C:\TCC\Reproduzir_artigo\data\GUITAR-FX\Mono_Continuous\Audio\808\G61-55400-808-O2.5T1.2-20632.wav
-5.05699348,1.40891683,Mono_Continuous,808,C:\TCC\Reproduzir_artigo\data\GUITAR-FX\Mono_Continuous\Audio\808\G61-56211-808-O7.3T5.5-20617.wav
-6.51798582,2.50273347,Mono_Continuous,808,C:\TCC\Reproduzir_artigo\data\GUITAR-FX\Mono_Continuous\Audio\808\G61-57307-808-O8.3T2.9-20626.wav
0.16651192,-0.44978300,Mono_Continuous,808,C:\TCC\Reproduzir_artigo\data\GUITAR-FX\Mono_Continuous\Audio\808\G61-59500-808-O9.5T2.3-20645.wav
-6.70226812,9.97544384,Mono_Continuous,808,C:\TCC\Reproduzir_artigo\data\GUITAR-FX\Mono_Continuous\Audio\808\G61-60310-808-O5T2.5-20629.wav
2.02924204,3.42268825,Mono_Continuous,808,C:\TCC\Reproduzir_artigo\data\GUITAR-FX\Mono_Continuous\Audio\808\G61-61311-808-O8T5.3-20630.wav
3.62011743,2.63945127,Mono_Continuous,808,C:\TCC\Reproduzir_artigo\data\GUITAR-FX\Mono_Continuous\Audio\808\G61-61406-808-O9T4.9-20638.wav
-0.21614268,8.24380493,Mono_Continuous,808,C:\TCC\Reproduzir_artigo\data\GUITAR-FX\Mono_Continuous\Audio\808\G61-62312-808-O7.1T0.9-20631.wav
-0.45132682,7.48221350,Mono_Continuous,808,C:\TCC\Reproduzir_artigo\data\GUITAR-FX\Mono_Continuous\Audio\808\G61-62407-808-O5.4T3.9-20639.wav
-0.47044954,6.55865908,Mono_Continuous,808,C:\TCC\Reproduzir_artigo\data\GUITAR-FX\Mono_Continuous\Audio\808\G61-62407-808-O6.6T7.3-20639.wav
4.72847176,7.02867222,Mono_Continuous,808,C:\TCC\Reproduzir_artigo\data\GUITAR-FX\Mono_Continuous\Audio\808\G61-63408-808-O2T2.6-20640.wav
5.39991331,4.58147717,Mono_Continuous,808,C:\TCC\Reproduzir_artigo\data\GUITAR-FX\Mono_Continuous\Audio\808\G61-63408-808-O6.3T3.3-20640.wav
8.97627640,3.34311104,Mono_Continuous,808,C:\TCC\Reproduzir_artigo\data\GUITAR-FX\Mono_Continuous\Audio\808\G61-64505-808-O2.1T1.4-20650.wav
11.62297058,3.30033803,Mono_Continuous,808,C:\TCC\Reproduzir_artigo\data\GUITAR-FX\Mono_Continuous\Audio\808\G61-64600-808-O4.1T2.1-20658.wav
5.69050264,8.32926369,Mono_Continuous,808,C:\TCC\Reproduzir_artigo\data\GUITAR-FX\Mono_Continuous\Audio\808\G61-65410-808-O2.7T4.3-20642.wav
11.06609440,8.16124725,Mono_Continuous,808,C:\TCC\Reproduzir_artigo\data\GUITAR-FX\Mono_Continuous\Audio\808\G61-67603-808-O2.2T4.3-20661.wav
11.09003067,9.21377659,Mono_Continuous,808,C:\TCC\Reproduzir_artigo\data\GUITAR-FX\Mono_Continuous\Audio\808\G61-70511-808-O7.4T7-20656.wav
14.36946297,1.96260881,Mono_Continuous,808,C:\TCC\Reproduzir_artigo\data\GUITAR-FX\Mono_Continuous\Audio\808\G61-71607-808-O4.1T9.5-20665.wav
9.96658039,8.65474319,Mono_Continuous,808,C:\TCC\Reproduzir_artigo\data\GUITAR-FX\Mono_Continuous\Audio\808\G61-73609-808-O4.7T6.1-20667.wav
-16.76187897,2.84349561,Mono_Continuous,808,C:\TCC\Reproduzir_artigo\data\GUITAR-FX\Mono_Continuous\Audio\808\G63-42102-808-O2.1T9.9-20673.wav
-17.00059700,0.72138357,Mono_Continuous,808,C:\TCC\Reproduzir_artigo\data\GUITAR-FX\Mono_Continuous\Audio\808\G63-42102-808-O5.4T3.8-20673.wav
-13.85640717,0.94385302,Mono_Continuous,808,C:\TCC\Reproduzir_artigo\data\GUITAR-FX\Mono_Continuous\Audio\808\G63-46106-808-O4.8T9.1-20677.wav
-12.91721344,0.14811724,Mono_Continuous,808,C:\TCC\Reproduzir_artigo\data\GUITAR-FX\Mono_Continuous\Audio\808\G63-46201-808-O2.2T7.7-20685.wav
-11.40962982,-1.01020908,Mono_Continuous,808,C:\TCC\Reproduzir_artigo\data\GUITAR-FX\Mono_Continuous\Audio\808\G63-48203-808-O6.4T4-20687.wav
-11.38246346,-2.27669406,Mono_Continuous,808,C:\TCC\Reproduzir_artigo\data\GUITAR-FX\Mono_Continuous\Audio\808\G63-48203-808-O7.6T7.7-20687.wav
-10.94713497,-3.11970448,Mono_Continuous,808,C:\TCC\Reproduzir_artigo\data\GUITAR-FX\Mono_Continuous\Audio\808\G63-49109-808-O7.1T6.4-20680.wav
-8.44796181,-0.33903226,Mono_Continuous,808,C:\TCC\Reproduzir_artigo\data\GUITAR-FX\Mono_Continuous\Audio\808\G63-54209-808-O6.5T6.5-20693.wav
-6.98366070,1.63536894,Mono_Continuous,808,C:\TCC\Reproduzir_artigo\data\GUITAR-FX\Mono_Continuous\Audio\808\G63-54304-808-O2.4T1.8-20701.wav
-5.63489008,2.99908662,Mono_Continuous,808,C:\TCC\Reproduzir_artigo\data\GUITAR-FX\Mono_Continuous\Audio\808\G63-57212-808-O8.3T0.6-20696.wav
-5.02589750,2.67967153,Mono_Continuous,808,C:\TCC\Reproduzir_artigo\data\GUITAR-FX\Mono_Continuous\Audio\808\G63-57212-808-O9T8.5-20696.wav
3.86643481,-0.48658150,Mono_Continuous,808,C:\TCC\Reproduzir_artigo\data\GUITAR-FX\Mono_Continuous\Audio\808\G63-59500-808-O6.7T1.1-20723.wav
-2.46884561,3.74216771,Mono_Continuous,808,C:\TCC\Reproduzir_artigo\data\GUITAR-FX\Mono_Continuous\Audio\808\G63-60405-808-O4.4T7.9-20715.wav
-2.54795098,1.68193781,Mono_Continuous,808,C:\TCC\Reproduzir_artigo\data\GUITAR-FX\Mono_Continuous\Audio\808\G63-60405-808-O7.9T8.2-20715.wav
10.76661015,2.26886320,Mono_Continuous,808,C:\TCC\Reproduzir_artigo\data\GUITAR-FX\Mono_Continuous\Audio\808\G63-66602-808-O8.6T8.2-20738.wav
2.56951642,14.73590946,Mono_Continuous,808,C:\TCC\Reproduzir_artigo\data\GUITAR-FX\Mono_Continuous\Audio\808\G63-67508-808-O2T6.1-20731.wav
5.42111826,11.13432789,Mono_Continuous,808,C:\TCC\Reproduzir_artigo\data\GUITAR-FX\Mono_Continuous\Audio\808\G63-67508-808-O8.6T8.7-20731.wav
7.92708683,8.15223503,Mono_Continuous,808,C:\TCC\Reproduzir_artigo\data\GUITAR-FX\Mono_Continuous\Audio\808\G63-67603-808-O5.8T3.5-20739.wav
8.21080017,7.61326647,Mono_Continuous,808,C:\TCC\Reproduzir_artigo\data\GUITAR-FX\Mono_Continuous\Audio\808\G63-67603-808-O6.4T9-20739.wav
10.02663803,6.49761629,Mono_Continuous,808,C:\TCC\Reproduzir_artigo\data\GUITAR-FX\Mono_Continuous\Audio\808\G63-68604-808-O5T6.4-20740.wav
10.74616432,8.13318634,Mono_Continuous,808,C:\TCC\Reproduzir_artigo\data\GUITAR-FX\Mono_Continuous\Audio\808\G63-70511-808-O3T6.4-20734.wav
-12.49279594,-5.26009417,Mono_Continuous,808,C:\TCC\Reproduzir_artigo\data\GUITAR-FX\Mono_Continuous\Audio\808\G71-41101-808-O7.8T6.3-20750.wav
-13.93655872,-1.51537490,Mono_Continuous,808,C:\TCC\Reproduzir_artigo\data\GUITAR-FX\Mono_Continuous\Audio\808\G71-43103-808-O5.4T6.1-20752.wav
-9.99434566,-2.34846640,Mono_Continuous,808,C:\TCC\Reproduzir_artigo\data\GUITAR-FX\Mono_Continuous\Audio\808\G71-47107-808-O3.7T4.5-20756.wav
-10.91892147,-3.86572146,Mono_Continuous,808,C:\TCC\Reproduzir_artigo\data\GUITAR-FX\Mono_Continuous\Audio\808\G71-47107-808-O6.4T5.9-20756.wav
-11.26606369,-3.87019920,Mono_Continuous,808,C:\TCC\Reproduzir_artigo\data\GUITAR-FX\Mono_Continuous\Audio\808\G71-48108-808-O7.5T9.3-20757.wav
-9.88564682,-6.69110298,Mono_Continuous,808,C:\TCC\Reproduzir_artigo\data\GUITAR-FX\Mono_Continuous\Audio\808\G71-48203-808-O8T6.7-20765.wav
-12.93598557,-1.12573910,Mono_Continuous,808,C:\TCC\Reproduzir_artigo\data\GUITAR-FX\Mono_Continuous\Audio\808\G71-49204-808-O5.6T0.4-20766.wav
-12.82526207,2.54983616,Mono_Continuous,808,C:\TCC\Reproduzir_artigo\data\GUITAR-FX\Mono_Continuous\Audio\808\G71-50205-808-O2.6T6.8-20767.wav
-9.95015621,0.48887044,Mono_Continuous,808,C:\TCC\Reproduzir_artigo\data\GUITAR-FX\Mono_Continuous\Audio\808\G71-52112-808-O7.5T3.8-20761.wav
-1.55918276,-4.10163784,Mono_Continuous,808,C:\TCC\Reproduzir_artigo\data\GUITAR-FX\Mono_Continuous\Audio\808\G71-55400-808-O4.2T1.6-20788.wav
-5.93905020,3.44314647,Mono_Continuous,808,C:\TCC\Reproduzir_artigo\data\GUITAR-FX\Mono_Continuous\Audio\808\G71-56211-808-O4.5T6.3-20773.wav
-3.87747979,7.39125443,Mono_Continuous,808,C:\TCC\Reproduzir_artigo\data\GUITAR-FX\Mono_Continuous\Audio\808\G71-57212-808-O2T2.6-20774.wav
-0.22137642,-2.59501505,Mono_Continuous,808,C:\TCC\Reproduzir_artigo\data\GUITAR-FX\Mono_Continuous\Audio\808\G71-57402-808-O5.3T4.5-20790.wav
-6.10529375,6.80117083,Mono_Continuous,808,C:\TCC\Reproduzir_artigo\data\GUITAR-FX\Mono_Continuous\Audio\808\G71-59309-808-O5.1T4.1-20784.wav
0.67905545,1.35510504,Mono_Continuous,808,C:\TCC\Reproduzir_artigo\data\GUITAR-FX\Mono_Continuous\Audio\808\G71-59404-808-O4.8T8.4-20792.wav
1.35073555,0.99155933,Mono_Continuous,808,C:\TCC\Reproduzir_artigo\data\GUITAR-FX\Mono_Continuous\Audio\808\G71-60405-808-O3.1T0.8-20793.wav
7.35921288,-1.88044405,Mono_Continuous,808,C:\TCC\Reproduzir_artigo\data\GUITAR-FX\Mono_Continuous\Audio\808\G71-61406-808-O7.3T8.7-20794.wav
8.97173977,-0.69531882,Mono_Continuous,808,C:\TCC\Reproduzir_artigo\data\GUITAR-FX\Mono_Continuous\Audio\808\G71-61502-808-O9.7T6.1-20803.wav
9.62500763,0.76301682,Mono_Continuous,808,C:\TCC\Reproduzir_artigo\data\GUITAR-FX\Mono_Continuous\Audio\808\G71-63504-808-O2.7T2.3-20805.wav
9.90633106,0.07789251,Mono_Continuous,808,C:\TCC\Reproduzir_artigo\data\GUITAR-FX\Mono_Continuous\Audio\808\G71-63504-808-O6T4.4-20805.wav
9.41490746,4.80714512,Mono_Continuous,808,C:\TCC\Reproduzir_artigo\data\GUITAR-FX\Mono_Continuous\Audio\808\G71-66411-808-O2.3T7.6-20799.wav
10.33654308,4.67794991,Mono_Continuous,808,C:\TCC\Reproduzir_artigo\data\GUITAR-FX\Mono_Continuous\Audio\808\G71-66507-808-O4.4T8.9-20808.wav
11.31798935,6.68620682,Mono_Continuous,808,C:\TCC\Reproduzir_artigo\data\GUITAR-FX\Mono_Continuous\Audio\808\G71-67603-808-O3.3T5.5-20817.wav
14.41847324,6.28236532,Mono_Continuous,808,C:\TCC\Reproduzir_artigo\data\GUITAR-FX\Mono_Continuous\Audio\808\G71-69605-808-O6.6T9.5-20819.wav
13.33670902,6.67903948,Mono_Continuous,808,C:\TCC\Reproduzir_artigo\data\GUITAR-FX\Mono_Continuous\Audio\808\G71-70511-808-O8.2T4.5-20812.wav
13.66143417,5.61964750,Mono_Continuous,808,C:\TCC\Reproduzir_artigo\data\GUITAR-FX\Mono_Continuous\Audio\808\G71-71607-808-O6.1T8.7-20821.wav
11.40651894,7.83178282,Mono_Continuous,808,C:\TCC\Reproduzir_artigo\data\GUITAR-FX\Mono_Continuous\Audio\808\G71-73609-808-O8.7T8.4-20823.wav
14.77141380,4.51751757,Mono_Continuous,808,C:\TCC\Reproduzir_artigo\data\GUITAR-FX\Mono_Continuous\Audio\808\G71-75611-808-O7.9T0.8-20825.wav
10.52870941,11.19431114,Mono_Continuous,808,C:\TCC\Reproduzir_artigo\data\GUITAR-FX\Mono_Continuous\Audio\808\G71-76612-808-O2.6T3.7-20826.wav
-14.22225761,-2.35188890,Mono_Continuous,808,C:\TCC\Reproduzir_artigo\data\GUITAR-FX\Mono_Continuous\Audio\808\G73-41101-808-O7.5T6.6-20828.wav
-14.53073788,-2.66020226,Mono_Continuous,808,C:\TCC\Reproduzir_artigo\data\GUITAR-FX\Mono_Continuous\Audio\808\G73-44104-808-O9.2T6.8-20831.wav
-14.37003899,3.30395055,Mono_Continuous,808,C:\TCC\Reproduzir_artigo\data\GUITAR-FX\Mono_Continuous\Audio\808\G73-45105-808-O3.2T5.9-20832.wav
-11.08477592,-3.83295441,Mono_Continuous,808,C:\TCC\Reproduzir_artigo\data\GUITAR-FX\Mono_Continuous\Audio\808\G73-46201-808-O2.4T4.5-20841.wav
-10.98733616,-4.02678013,Mono_Continuous,808,C:\TCC\Reproduzir_artigo\data\GUITAR-FX\Mono_Continuous\Audio\808\G73-46201-808-O2.8T7.1-20841.wav
-11.13801861,1.38151956,Mono_Continuous,808,C:\TCC\Reproduzir_artigo\data\GUITAR-FX\Mono_Continuous\Audio\808\G73-49109-808-O3.3T9-20836.wav
-8.35599613,-7.92205858,Mono_Continuous,808,C:\TCC\Reproduzir_artigo\data\GUITAR-FX\Mono_Continuous\Audio\808\G73-49204-808-O9.7T1.3-20844.wav
-10.08211803,3.09342122,Mono_Continuous,808,C:\TCC\Reproduzir_artigo\data\GUITAR-FX\Mono_Continuous\Audio\808\G73-51111-808-O4.6T4.7-20838.wav
-8.63573933,-1.14309037,Mono_Continuous,808,C:\TCC\Reproduzir_artigo\data\GUITAR-FX\Mono_Continuous\Audio\808\G73-51206-808-O3.9T4.1-20846.wav
-5.20324707,-2.69595313,Mono_Continuous,808,C:\TCC\Reproduzir_artigo\data\GUITAR-FX\Mono_Continuous\Audio\808\G73-52302-808-O5.2T2.3-20855.wav
-7.61366606,-0.60049427,Mono_Continuous,808,C:\TCC\Reproduzir_artigo\data\GUITAR-FX\Mono_Continuous\Audio\808\G73-53208-808-O7.4T6.6-20848.wav
-4.53988743,-3.28911471,Mono_Continuous,808,C:\TCC\Reproduzir_artigo\data\GUITAR-FX\Mono_Continuous\Audio\808\G73-53303-808-O7.6T2.3-20856.wav
-6.66875648,-0.24896903,Mono_Continuous,808,C:\TCC\Reproduzir_artigo\data\GUITAR-FX\Mono_Continuous\Audio\808\G73-54209-808-O3.5T2.4-20849.wav
-9.17807961,1.50277388,Mono_Continuous,808,C:\TCC\Reproduzir_artigo\data\GUITAR-FX\Mono_Continuous\Audio\808\G73-55210-808-O9.6T5.3-20850.wav
-5.56754875,-3.00464559,Mono_Continuous,808,C:\TCC\Reproduzir_artigo\data\GUITAR-FX\Mono_Continuous\Audio\808\G73-56211-808-O8.6T3.4-20851.wav
-0.07670648,1.26718187,Mono_Continuous,808,C:\TCC\Reproduzir_artigo\data\GUITAR-FX\Mono_Continuous\Audio\808\G73-57307-808-O2.3T8-20860.wav
0.91890949,-4.88068533,Mono_Continuous,808,C:\TCC\Reproduzir_artigo\data\GUITAR-FX\Mono_Continuous\Audio\808\G73-58308-808-O8.4T0.5-20861.wav
5.69695234,-4.96139050,Mono_Continuous,808,C:\TCC\Reproduzir_artigo\data\GUITAR-FX\Mono_Continuous\Audio\808\G73-59500-808-O7.2T4.5-20879.wav
6.43514585,-0.70320654,Mono_Continuous,808,C:\TCC\Reproduzir_artigo\data\GUITAR-FX\Mono_Continuous\Audio\808\G73-60501-808-O2.1T6.6-20880.wav
5.16440630,0.51982886,Mono_Continuous,808,C:\TCC\Reproduzir_artigo\data\GUITAR-FX\Mono_Continuous\Audio\808\G73-62407-808-O4.8T2.4-20873.wav
5.70820999,-1.42951453,Mono_Continuous,808,C:\TCC\Reproduzir_artigo\data\GUITAR-FX\Mono_Continuous\Audio\808\G73-63408-808-O8.2T7.7-20874.wav
13.37684059,3.92868185,Mono_Continuous,808,C:\TCC\Reproduzir_artigo\data\GUITAR-FX\Mono_Continuous\Audio\808\G73-66602-808-O7.2T5.1-20894.wav
8.58198357,6.42054033,Mono_Continuous,808,C:\TCC\Reproduzir_artigo\data\GUITAR-FX\Mono_Continuous\Audio\808\G73-67412-808-O6.3T6-20878.wav
9.44772530,7.71312428,Mono_Continuous,808,C:\TCC\Reproduzir_artigo\data\GUITAR-FX\Mono_Continuous\Audio\808\G73-68604-808-O2.5T0.5-20896.wav
9.54372215,7.34913540,Mono_Continuous,808,C:\TCC\Reproduzir_artigo\data\GUITAR-FX\Mono_Continuous\Audio\808\G73-68604-808-O5.3T5-20896.wav
8.70601940,10.09487629,Mono_Continuous,808,C:\TCC\Reproduzir_artigo\data\GUITAR-FX\Mono_Continuous\Audio\808\G73-74610-808-O4.4T8.4-20902.wav
12.12817287,6.38869905,Mono_Continuous,808,C:\TCC\Reproduzir_artigo\data\GUITAR-FX\Mono_Continuous\Audio\808\G73-75611-808-O2.4T7.3-20903.wav
13.70594692,4.66480780,Mono_Continuous,808,C:\TCC\Reproduzir_artigo\data\GUITAR-FX\Mono_Continuous\Audio\808\G73-75611-808-O6.9T3.7-20903.wav
15.09017467,3.04948902,Mono_Continuous,808,C:\TCC\Reproduzir_artigo\data\GUITAR-FX\Mono_Continuous\Audio\808\G73-75611-808-O9.8T0.7-20903.wav
11.04019260,8.71575832,Mono_Continuous,808,C:\TCC\Reproduzir_artigo\data\GUITAR-FX\Mono_Continuous\Audio\808\G73-76612-808-O8.3T3.4-20904.wav
-17.81213951,3.42042994,Mono_Continuous,808,C:\TCC\Reproduzir_artigo\data\GUITAR-FX\Mono_Continuous\Audio\808\G81-40100-808-O9.6T7-20905.wav
-17.47381592,1.57324111,Mono_Continuous,808,C:\TCC\Reproduzir_artigo\data\GUITAR-FX\Mono_Continuous\Audio\808\G81-41101-808-O7.8T5.4-20906.wav
-16.74607849,7.49263906,Mono_Continuous,808,C:\TCC\Reproduzir_artigo\data\GUITAR-FX\Mono_Continuous\Audio\808\G81-44104-808-O2.2T7.5-20909.wav
-17.20619965,6.68401623,Mono_Continuous,808,C:\TCC\Reproduzir_artigo\data\GUITAR-FX\Mono_Continuous\Audio\808\G81-47107-808-O5.8T8-20912.wav
-15.05774021,6.44193840,Mono_Continuous,808,C:\TCC\Reproduzir_artigo\data\GUITAR-FX\Mono_Continuous\Audio\808\G81-47202-808-O8T1.4-20920.wav
-14.55953979,5.39417171,Mono_Continuous,808,C:\TCC\Reproduzir_artigo\data\GUITAR-FX\Mono_Continuous\Audio\808\G81-48108-808-O5.4T2.3-20913.wav
-14.05336857,0.68989605,Mono_Continuous,808,C:\TCC\Reproduzir_artigo\data\GUITAR-FX\Mono_Continuous\Audio\808\G81-48108-808-O8.6T4.2-20913.wav
-14.64817619,8.21655750,Mono_Continuous,808,C:\TCC\Reproduzir_artigo\data\GUITAR-FX\Mono_Continuous\Audio\808\G81-50110-808-O7.5T7-20915.wav
-11.47588062,3.62808919,Mono_Continuous,808,C:\TCC\Reproduzir_artigo\data\GUITAR-FX\Mono_Continuous\Audio\808\G81-50300-808-O4.2T3.5-20931.wav
-12.80450821,4.02422857,Mono_Continuous,808,C:\TCC\Reproduzir_artigo\data\GUITAR-FX\Mono_Continuous\Audio\808\G81-51206-808-O9.1T5.6-20924.wav
-9.62401772,1.21580851,Mono_Continuous,808,C:\TCC\Reproduzir_artigo\data\GUITAR-FX\Mono_Continuous\Audio\808\G81-51301-808-O9.7T9.1-20932.wav
-11.58897591,4.76396513,Mono_Continuous,808,C:\TCC\Reproduzir_artigo\data\GUITAR-FX\Mono_Continuous\Audio\808\G81-53208-808-O7.2T9.2-20926.wav
-8.39782047,2.49719644,Mono_Continuous,808,C:\TCC\Reproduzir_artigo\data\GUITAR-FX\Mono_Continuous\Audio\808\G81-54304-808-O9T4.6-20935.wav
-2.33462858,-0.11822271,Mono_Continuous,808,C:\TCC\Reproduzir_artigo\data\GUITAR-FX\Mono_Continuous\Audio\808\G81-55400-808-O8.8T8.9-20944.wav
-7.73110008,8.87327003,Mono_Continuous,808,C:\TCC\Reproduzir_artigo\data\GUITAR-FX\Mono_Continuous\Audio\808\G81-59404-808-O5.5T4.2-20948.wav
-7.19187260,7.45724916,Mono_Continuous,808,C:\TCC\Reproduzir_artigo\data\GUITAR-FX\Mono_Continuous\Audio\808\G81-59404-808-O6.7T0.9-20948.wav
-6.39280176,5.39794636,Mono_Continuous,808,C:\TCC\Reproduzir_artigo\data\GUITAR-FX\Mono_Continuous\Audio\808\G81-59404-808-O8.6T8-20948.wav
-3.95363688,6.69324303,Mono_Continuous,808,C:\TCC\Reproduzir_artigo\data\GUITAR-FX\Mono_Continuous\Audio\808\G81-60405-808-O3.1T8.9-20949.wav
-0.84443998,9.86450672,Mono_Continuous,808,C:\TCC\Reproduzir_artigo\data\GUITAR-FX\Mono_Continuous\Audio\808\G81-61311-808-O2.4T2.3-20942.wav
-0.05581282,9.84013367,Mono_Continuous,808,C:\TCC\Reproduzir_artigo\data\GUITAR-FX\Mono_Continuous\Audio\808\G81-62312-808-O2.9T7.6-20943.wav
7.27983093,7.10077906,Mono_Continuous,808,C:\TCC\Reproduzir_artigo\data\GUITAR-FX\Mono_Continuous\Audio\808\G81-64505-808-O5.3T8.2-20962.wav
12.13223934,4.15803194,Mono_Continuous,808,C:\TCC\Reproduzir_artigo\data\GUITAR-FX\Mono_Continuous\Audio\808\G81-65601-808-O7.1T1.9-20971.wav
6.36453867,9.94339085,Mono_Continuous,808,C:\TCC\Reproduzir_artigo\data\GUITAR-FX\Mono_Continuous\Audio\808\G81-67412-808-O2.2T7.1-20956.wav
12.37560940,3.72797036,Mono_Continuous,808,C:\TCC\Reproduzir_artigo\data\GUITAR-FX\Mono_Continuous\Audio\808\G81-68509-808-O6.3T6.3-20966.wav
12.91838264,6.06809998,Mono_Continuous,808,C:\TCC\Reproduzir_artigo\data\GUITAR-FX\Mono_Continuous\Audio\808\G81-71512-808-O7T0.1-20969.wav
14.26276112,3.40430498,Mono_Continuous,808,C:\TCC\Reproduzir_artigo\data\GUITAR-FX\Mono_Continuous\Audio\808\G81-71607-808-O4.4T0.5-20977.wav
14.74122238,0.75680929,Mono_Continuous,808,C:\TCC\Reproduzir_artigo\data\GUITAR-FX\Mono_Continuous\Audio\808\G81-71607-808-O8.5T4.3-20977.wav
13.77952480,9.97581291,Mono_Continuous,808,C:\TCC\Reproduzir_artigo\data\GUITAR-FX\Mono_Continuous\Audio\808\G81-72608-808-O6T5.5-20978.wav
14.65497208,6.82832384,Mono_Continuous,808,C:\TCC\Reproduzir_artigo\data\GUITAR-FX\Mono_Continuous\Audio\808\G81-73609-808-O5.8T5.6-20979.wav
13.34964371,8.01490974,Mono_Continuous,808,C:\TCC\Reproduzir_artigo\data\GUITAR-FX\Mono_Continuous\Audio\808\G81-75611-808-O4.4T0.8-20981.wav
12.98439884,6.36642456,Mono_Continuous,808,C:\TCC\Reproduzir_artigo\data\GUITAR-FX\Mono_Continuous\Audio\808\G81-75611-808-O9.5T3.7-20981.wav
9.24855709,9.08776093,Mono_Continuous,808,C:\TCC\Reproduzir_artigo\data\GUITAR-FX\Mono_Continuous\Audio\808\G81-76612-808-O8.2T5.4-20982.wav
-15.29572773,-3.06101036,Mono_Continuous,808,C:\TCC\Reproduzir_artigo\data\GUITAR-FX\Mono_Continuous\Audio\808\G83-42102-808-O9.6T9.3-20985.wav
-15.98253536,4.29351902,Mono_Continuous,808,C:\TCC\Reproduzir_artigo\data\GUITAR-FX\Mono_Continuous\Audio\808\G83-45105-808-O4.1T5-20988.wav
-15.70067024,2.77053547,Mono_Continuous,808,C:\TCC\Reproduzir_artigo\data\GUITAR-FX\Mono_Continuous\Audio\808\G83-45105-808-O5.2T3.2-20988.wav
-12.94681835,2.36211157,Mono_Continuous,808,C:\TCC\Reproduzir_artigo\data\GUITAR-FX\Mono_Continuous\Audio\808\G83-46201-808-O5.3T8.4-20997.wav
-12.86568356,3.94404316,Mono_Continuous,808,C:\TCC\Reproduzir_artigo\data\GUITAR-FX\Mono_Continuous\Audio\808\G83-50110-808-O4.5T2.1-20993.wav
-12.77176762,6.25248480,Mono_Continuous,808,C:\TCC\Reproduzir_artigo\data\GUITAR-FX\Mono_Continuous\Audio\808\G83-51111-808-O5.7T4.4-20994.wav
-12.98478889,2.39161015,Mono_Continuous,808,C:\TCC\Reproduzir_artigo\data\GUITAR-FX\Mono_Continuous\Audio\808\G83-51111-808-O9.6T2.5-20994.wav
-8.97798347,4.03545141,Mono_Continuous,808,C:\TCC\Reproduzir_artigo\data\GUITAR-FX\Mono_Continuous\Audio\808\G83-51301-808-O2.1T4.4-21010.wav
-10.37973690,6.04553938,Mono_Continuous,808,C:\TCC\Reproduzir_artigo\data\GUITAR-FX\Mono_Continuous\Audio\808\G83-52207-808-O2T9-21003.wav
-10.57063770,5.38379812,Mono_Continuous,808,C:\TCC\Reproduzir_artigo\data\GUITAR-FX\Mono_Continuous\Audio\808\G83-52207-808-O3.6T4.7-21003.wav
-8.92036247,3.87287021,Mono_Continuous,808,C:\TCC\Reproduzir_artigo\data\GUITAR-FX\Mono_Continuous\Audio\808\G83-52302-808-O4.1T9-21011.wav
-8.79932213,2.24173546,Mono_Continuous,808,C:\TCC\Reproduzir_artigo\data\GUITAR-FX\Mono_Continuous\Audio\808\G83-52302-808-O6.9T5.6-21011.wav
-8.72156143,0.20431888,Mono_Continuous,808,C:\TCC\Reproduzir_artigo\data\GUITAR-FX\Mono_Continuous\Audio\808\G83-55210-808-O9.8T2.2-21006.wav
-5.15339184,1.65161991,Mono_Continuous,808,C:\TCC\Reproduzir_artigo\data\GUITAR-FX\Mono_Continuous\Audio\808\G83-55400-808-O9.4T6.6-21022.wav
-5.31426525,2.89890075,Mono_Continuous,808,C:\TCC\Reproduzir_artigo\data\GUITAR-FX\Mono_Continuous\Audio\808\G83-59309-808-O9.4T4.2-21018.wav
4.95151424,-0.46563900,Mono_Continuous,808,C:\TCC\Reproduzir_artigo\data\GUITAR-FX\Mono_Continuous\Audio\808\G83-59500-808-O2.2T9.9-21035.wav
3.97124720,1.75992525,Mono_Continuous,808,C:\TCC\Reproduzir_artigo\data\GUITAR-FX\Mono_Continuous\Audio\808\G83-60501-808-O4.9T7.6-21036.wav
-0.30076760,10.95499611,Mono_Continuous,808,C:\TCC\Reproduzir_artigo\data\GUITAR-FX\Mono_Continuous\Audio\808\G83-62407-808-O2.6T7.5-21029.wav
6.76392317,4.95435953,Mono_Continuous,808,C:\TCC\Reproduzir_artigo\data\GUITAR-FX\Mono_Continuous\Audio\808\G83-62503-808-O8.2T1.2-21038.wav
4.01552153,7.18220663,Mono_Continuous,808,C:\TCC\Reproduzir_artigo\data\GUITAR-FX\Mono_Continuous\Audio\808\G83-63408-808-O2.4T7.4-21030.wav
4.06405783,5.62829781,Mono_Continuous,808,C:\TCC\Reproduzir_artigo\data\GUITAR-FX\Mono_Continuous\Audio\808\G83-63408-808-O5.4T0.7-21030.wav
7.40299797,6.13816595,Mono_Continuous,808,C:\TCC\Reproduzir_artigo\data\GUITAR-FX\Mono_Continuous\Audio\808\G83-63504-808-O2.1T2.8-21039.wav
3.29070878,13.37007713,Mono_Continuous,808,C:\TCC\Reproduzir_artigo\data\GUITAR-FX\Mono_Continuous\Audio\808\G83-64505-808-O2.2T7.7-21040.wav
3.64104891,12.62992287,Mono_Continuous,808,C:\TCC\Reproduzir_artigo\data\GUITAR-FX\Mono_Continuous\Audio\808\G83-64505-808-O5.6T5.1-21040.wav
2.73993421,6.60247660,Mono_Continuous,808,C:\TCC\Reproduzir_artigo\data\GUITAR-FX\Mono_Continuous\Audio\808\G83-65410-808-O9.6T3-21032.wav
5.99704790,7.34851408,Mono_Continuous,808,C:\TCC\Reproduzir_artigo\data\GUITAR-FX\Mono_Continuous\Audio\808\G83-66507-808-O7.3T5.5-21042.wav
9.26088428,10.51331902,Mono_Continuous,808,C:\TCC\Reproduzir_artigo\data\GUITAR-FX\Mono_Continuous\Audio\808\G83-67603-808-O2.9T4.4-21051.wav
8.20153332,8.75921631,Mono_Continuous,808,C:\TCC\Reproduzir_artigo\data\GUITAR-FX\Mono_Continuous\Audio\808\G83-68509-808-O2.4T9.7-21044.wav
9.35862923,9.44160461,Mono_Continuous,808,C:\TCC\Reproduzir_artigo\data\GUITAR-FX\Mono_Continuous\Audio\808\G83-72608-808-O9.2T8.8-21056.wav
13.14745998,7.28391743,Mono_Continuous,808,C:\TCC\Reproduzir_artigo\data\GUITAR-FX\Mono_Continuous\Audio\808\G83-75611-808-O9T2.2-21059.wav
11.27719402,11.08787441,Mono_Continuous,808,C:\TCC\Reproduzir_artigo\data\GUITAR-FX\Mono_Continuous\Audio\808\G83-76612-808-O4.8T9.1-21060.wav
11.54378700,10.09957790,Mono_Continuous,808,C:\TCC\Reproduzir_artigo\data\GUITAR-FX\Mono_Continuous\Audio\808\G83-76612-808-O6.8T2.2-21060.wav
12.13121033,8.85270214,Mono_Continuous,808,C:\TCC\Reproduzir_artigo\data\GUITAR-FX\Mono_Continuous\Audio\808\G83-76612-808-O8.9T3.3-21060.wav
-16.29912949,6.87627792,Mono_Continuous,808,C:\TCC\Reproduzir_artigo\data\GUITAR-FX\Mono_Continuous\Audio\808\G91-41101-808-O2.8T0.7-21062.wav
-16.56215477,3.40008736,Mono_Continuous,808,C:\TCC\Reproduzir_artigo\data\GUITAR-FX\Mono_Continuous\Audio\808\G91-43103-808-O8T7.3-21064.wav
-16.65949440,7.39686537,Mono_Continuous,808,C:\TCC\Reproduzir_artigo\data\GUITAR-FX\Mono_Continuous\Audio\808\G91-44104-808-O3.4T4.1-21065.wav
-16.69807243,5.90536880,Mono_Continuous,808,C:\TCC\Reproduzir_artigo\data\GUITAR-FX\Mono_Continuous\Audio\808\G91-44104-808-O6.6T0.6-21065.wav
-15.72591305,4.67804432,Mono_Continuous,808,C:\TCC\Reproduzir_artigo\data\GUITAR-FX\Mono_Continuous\Audio\808\G91-46106-808-O6.9T5.2-21067.wav
-14.90519047,8.69419289,Mono_Continuous,808,C:\TCC\Reproduzir_artigo\data\GUITAR-FX\Mono_Continuous\Audio\808\G91-50110-808-O5.7T6.2-21071.wav
-12.61776447,7.45413876,Mono_Continuous,808,C:\TCC\Reproduzir_artigo\data\GUITAR-FX\Mono_Continuous\Audio\808\G91-51111-808-O3.5T8.1-21072.wav
-12.41503525,3.97330999,Mono_Continuous,808,C:\TCC\Reproduzir_artigo\data\GUITAR-FX\Mono_Continuous\Audio\808\G91-51111-808-O7.4T0.7-21072.wav
-11.52630234,5.51934338,Mono_Continuous,808,C:\TCC\Reproduzir_artigo\data\GUITAR-FX\Mono_Continuous\Audio\808\G91-52112-808-O7.1T1-21073.wav
-10.85461521,9.75871849,Mono_Continuous,808,C:\TCC\Reproduzir_artigo\data\GUITAR-FX\Mono_Continuous\Audio\808\G91-53208-808-O3.6T3.2-21082.wav
-10.11569977,5.41553450,Mono_Continuous,808,C:\TCC\Reproduzir_artigo\data\GUITAR-FX\Mono_Continuous\Audio\808\G91-54209-808-O7.1T2.3-21083.wav
-11.85116863,7.87320662,Mono_Continuous,808,C:\TCC\Reproduzir_artigo\data\GUITAR-FX\Mono_Continuous\Audio\808\G91-55210-808-O7.6T5.2-21084.wav
-9.87318993,9.12077141,Mono_Continuous,808,C:\TCC\Reproduzir_artigo\data\GUITAR-FX\Mono_Continuous\Audio\808\G91-55305-808-O4.1T8.1-21092.wav
-4.81930399,8.85900784,Mono_Continuous,808,C:\TCC\Reproduzir_artigo\data\GUITAR-FX\Mono_Continuous\Audio\808\G91-58308-808-O4.8T3.1-21095.wav
0.12069523,-2.87887430,Mono_Continuous,808,C:\TCC\Reproduzir_artigo\data\GUITAR-FX\Mono_Continuous\Audio\808\G91-59404-808-O9.4T9.7-21104.wav
5.87389994,-3.05557799,Mono_Continuous,808,C:\TCC\Reproduzir_artigo\data\GUITAR-FX\Mono_Continuous\Audio\808\G91-59500-808-O9.6T2.4-21113.wav
-6.53555155,6.05086946,Mono_Continuous,808,C:\TCC\Reproduzir_artigo\data\GUITAR-FX\Mono_Continuous\Audio\808\G91-60310-808-O9T1.4-21097.wav
6.91696978,1.68449283,Mono_Continuous,808,C:\TCC\Reproduzir_artigo\data\GUITAR-FX\Mono_Continuous\Audio\808\G91-60501-808-O6.5T5.8-21114.wav
2.42540860,-0.79008716,Mono_Continuous,808,C:\TCC\Reproduzir_artigo\data\GUITAR-FX\Mono_Continuous\Audio\808\G91-61406-808-O8.5T6.3-21106.wav
8.62744617,1.54756856,Mono_Continuous,808,C:\TCC\Reproduzir_artigo\data\GUITAR-FX\Mono_Continuous\Audio\808\G91-61502-808-O4.3T0.5-21115.wav
0.35493651,8.54459476,Mono_Continuous,808,C:\TCC\Reproduzir_artigo\data\GUITAR-FX\Mono_Continuous\Audio\808\G91-62312-808-O8.7T1.6-21099.wav
-0.28661692,8.80767250,Mono_Continuous,808,C:\TCC\Reproduzir_artigo\data\GUITAR-FX\Mono_Continuous\Audio\808\G91-62407-808-O3.9T7.4-21107.wav
9.13120556,3.39170003,Mono_Continuous,808,C:\TCC\Reproduzir_artigo\data\GUITAR-FX\Mono_Continuous\Audio\808\G91-64505-808-O5.6T3.8-21118.wav
13.92505741,1.31157279,Mono_Continuous,808,C:\TCC\Reproduzir_artigo\data\GUITAR-FX\Mono_Continuous\Audio\808\G91-64600-808-O9T3.3-21126.wav
12.91899300,-0.15233932,Mono_Continuous,808,C:\TCC\Reproduzir_artigo\data\GUITAR-FX\Mono_Continuous\Audio\808\G91-65601-808-O8.3T6-21127.wav
13.17793083,1.99164689,Mono_Continuous,808,C:\TCC\Reproduzir_artigo\data\GUITAR-FX\Mono_Continuous\Audio\808\G91-66602-808-O7.5T6.1-21128.wav
11.07788467,8.19146347,Mono_Continuous,808,C:\TCC\Reproduzir_artigo\data\GUITAR-FX\Mono_Continuous\Audio\808\G91-69510-808-O4.1T8.9-21123.wav
11.56461048,7.32711315,Mono_Continuous,808,C:\TCC\Reproduzir_artigo\data\GUITAR-FX\Mono_Continuous\Audio\808\G91-69510-808-O6.4T8.7-21123.wav
14.40970230,4.38457823,Mono_Continuous,808,C:\TCC\Reproduzir_artigo\data\GUITAR-FX\Mono_Continuous\Audio\808\G91-70606-808-O9.5T8.1-21132.wav
14.06400681,5.04837847,Mono_Continuous,808,C:\TCC\Reproduzir_artigo\data\GUITAR-FX\Mono_Continuous\Audio\808\G91-71607-808-O2.9T0.1-21133.wav
16.31347466,2.84126043,Mono_Continuous,808,C:\TCC\Reproduzir_artigo\data\GUITAR-FX\Mono_Continuous\Audio\808\G91-75611-808-O6.2T9.9-21137.wav
11.20294857,9.17911625,Mono_Continuous,808,C:\TCC\Reproduzir_artigo\data\GUITAR-FX\Mono_Continuous\Audio\808\G91-76612-808-O5.3T3.9-21138.wav
-15.07124138,4.30971479,Mono_Continuous,808,C:\TCC\Reproduzir_artigo\data\GUITAR-FX\Mono_Continuous\Audio\808\G93-40100-808-O5.6T8-21139.wav
-13.57080650,-2.74894166,Mono_Continuous,808,C:\TCC\Reproduzir_artigo\data\GUITAR-FX\Mono_Continuous\Audio\808\G93-42102-808-O6.3T1.6-21141.wav
-14.08486366,-0.37936094,Mono_Continuous,808,C:\TCC\Reproduzir_artigo\data\GUITAR-FX\Mono_Continuous\Audio\808\G93-43103-808-O9.7T3.6-21142.wav
-14.13395405,3.90482473,Mono_Continuous,808,C:\TCC\Reproduzir_artigo\data\GUITAR-FX\Mono_Continuous\Audio\808\G93-45105-808-O5.8T7.6-21144.wav
-14.09789562,5.38183260,Mono_Continuous,808,C:\TCC\Reproduzir_artigo\data\GUITAR-FX\Mono_Continuous\Audio\808\G93-46106-808-O2.1T4.2-21145.wav
-13.12812996,2.28450036,Mono_Continuous,808,C:\TCC\Reproduzir_artigo\data\GUITAR-FX\Mono_Continuous\Audio\808\G93-46106-808-O6.5T8.9-21145.wav
-9.72835827,-2.95538831,Mono_Continuous,808,C:\TCC\Reproduzir_artigo\data\GUITAR-FX\Mono_Continuous\Audio\808\G93-46201-808-O9.7T6.3-21153.wav
-14.02679062,7.04874325,Mono_Continuous,808,C:\TCC\Reproduzir_artigo\data\GUITAR-FX\Mono_Continuous\Audio\808\G93-47107-808-O2.7T6.2-21146.wav
-10.85373783,4.48559666,Mono_Continuous,808,C:\TCC\Reproduzir_artigo\data\GUITAR-FX\Mono_Continuous\Audio\808\G93-48203-808-O4.5T0.6-21155.wav
-9.55688190,5.58570957,Mono_Continuous,808,C:\TCC\Reproduzir_artigo\data\GUITAR-FX\Mono_Continuous\Audio\808\G93-52207-808-O5.1T1.2-21159.wav
-8.64992905,-0.11006151,Mono_Continuous,808,C:\TCC\Reproduzir_artigo\data\GUITAR-FX\Mono_Continuous\Audio\808\G93-53208-808-O9.1T8.5-21160.wav
-8.13617134,1.89210212,Mono_Continuous,808,C:\TCC\Reproduzir_artigo\data\GUITAR-FX\Mono_Continuous\Audio\808\G93-53303-808-O2.3T5.4-21168.wav
-7.08438349,-1.41527331,Mono_Continuous,808,C:\TCC\Reproduzir_artigo\data\GUITAR-FX\Mono_Continuous\Audio\808\G93-53303-808-O5.8T0.9-21168.wav
-8.37071419,1.10716891,Mono_Continuous,808,C:\TCC\Reproduzir_artigo\data\GUITAR-FX\Mono_Continuous\Audio\808\G93-54209-808-O6.8T1.6-21161.wav
-4.21621847,-0.92339373,Mono_Continuous,808,C:\TCC\Reproduzir_artigo\data\GUITAR-FX\Mono_Continuous\Audio\808\G93-54304-808-O7.1T3.6-21169.wav
-4.68215847,1.30211806,Mono_Continuous,808,C:\TCC\Reproduzir_artigo\data\GUITAR-FX\Mono_Continuous\Audio\808\G93-55400-808-O2T9.2-21178.wav
-4.97530508,-0.44187793,Mono_Continuous,808,C:\TCC\Reproduzir_artigo\data\GUITAR-FX\Mono_Continuous\Audio\808\G93-55400-808-O4.4T9.4-21178.wav
-3.48572111,5.45671415,Mono_Continuous,808,C:\TCC\Reproduzir_artigo\data\GUITAR-FX\Mono_Continuous\Audio\808\G93-56211-808-O5T8.6-21163.wav
-3.01116800,2.85853624,Mono_Continuous,808,C:\TCC\Reproduzir_artigo\data\GUITAR-FX\Mono_Continuous\Audio\808\G93-56211-808-O6.6T0.7-21163.wav
1.71728730,0.19932456,Mono_Continuous,808,C:\TCC\Reproduzir_artigo\data\GUITAR-FX\Mono_Continuous\Audio\808\G93-56401-808-O5.9T8.7-21179.wav
-7.79026175,12.57179928,Mono_Continuous,808,C:\TCC\Reproduzir_artigo\data\GUITAR-FX\Mono_Continuous\Audio\808\G93-57212-808-O2.3T8.6-21164.wav
-2.65782261,1.94197738,Mono_Continuous,808,C:\TCC\Reproduzir_artigo\data\GUITAR-FX\Mono_Continuous\Audio\808\G93-57307-808-O9.6T5.3-21172.wav
-0.55464298,3.51796508,Mono_Continuous,808,C:\TCC\Reproduzir_artigo\data\GUITAR-FX\Mono_Continuous\Audio\808\G93-58308-808-O4.4T1.2-21173.wav
1.18368340,-0.01735872,Mono_Continuous,808,C:\TCC\Reproduzir_artigo\data\GUITAR-FX\Mono_Continuous\Audio\808\G93-59404-808-O2.1T5.9-21182.wav
-0.56900173,1.90131330,Mono_Continuous,808,C:\TCC\Reproduzir_artigo\data\GUITAR-FX\Mono_Continuous\Audio\808\G93-60310-808-O8.6T8-21175.wav
7.96321678,-3.07759142,Mono_Continuous,808,C:\TCC\Reproduzir_artigo\data\GUITAR-FX\Mono_Continuous\Audio\808\G93-60501-808-O9.5T5.8-21192.wav
7.64035559,-2.14479589,Mono_Continuous,808,C:\TCC\Reproduzir_artigo\data\GUITAR-FX\Mono_Continuous\Audio\808\G93-61502-808-O3.6T5.2-21193.wav
9.24583244,0.43349084,Mono_Continuous,808,C:\TCC\Reproduzir_artigo\data\GUITAR-FX\Mono_Continuous\Audio\808\G93-63504-808-O6.4T3-21195.wav
9.43720913,-0.58118713,Mono_Continuous,808,C:\TCC\Reproduzir_artigo\data\GUITAR-FX\Mono_Continuous\Audio\808\G93-63504-808-O7.7T4.1-21195.wav
5.86121607,6.42000151,Mono_Continuous,808,C:\TCC\Reproduzir_artigo\data\GUITAR-FX\Mono_Continuous\Audio\808\G93-64505-808-O6.5T7-21196.wav
12.60014725,2.24689960,Mono_Continuous,808,C:\TCC\Reproduzir_artigo\data\GUITAR-FX\Mono_Continuous\Audio\808\G93-64600-808-O7.6T6.6-21204.wav
6.20459366,4.05717182,Mono_Continuous,808,C:\TCC\Reproduzir_artigo\data\GUITAR-FX\Mono_Continuous\Audio\808\G93-65410-808-O6.9T4.5-21188.wav
6.71724844,2.67336535,Mono_Continuous,808,C:\TCC\Reproduzir_artigo\data\GUITAR-FX\Mono_Continuous\Audio\808\G93-65410-808-O9.2T9-21188.wav
13.09746742,2.57503915,Mono_Continuous,808,C:\TCC\Reproduzir_artigo\data\GUITAR-FX\Mono_Continuous\Audio\808\G93-66602-808-O5.6T9.3-21206.wav
10.93529415,6.21852303,Mono_Continuous,808,C:\TCC\Reproduzir_artigo\data\GUITAR-FX\Mono_Continuous\Audio\808\G93-67508-808-O4.6T1.8-21199.wav
9.53792572,10.67265606,Mono_Continuous,808,C:\TCC\Reproduzir_artigo\data\GUITAR-FX\Mono_Continuous\Audio\808\G93-69510-808-O5.2T8.5-21201.wav
13.09444427,6.64102936,Mono_Continuous,808,C:\TCC\Reproduzir_artigo\data\GUITAR-FX\Mono_Continuous\Audio\808\G93-69605-808-O4.4T3.2-21209.wav
13.85848713,4.86896467,Mono_Continuous,808,C:\TCC\Reproduzir_artigo\data\GUITAR-FX\Mono_Continuous\Audio\808\G93-69605-808-O9.4T2.4-21209.wav
14.49204540,2.64182043,Mono_Continuous,808,C:\TCC\Reproduzir_artigo\data\GUITAR-FX\Mono_Continuous\Audio\808\G93-71607-808-O4.4T1.7-21211.wav
11.43016624,6.37355042,Mono_Continuous,808,C:\TCC\Reproduzir_artigo\data\GUITAR-FX\Mono_Continuous\Audio\808\G93-74610-808-O8.2T8.4-21214.wav
-16.08772087,12.44261074,Mono_Continuous,NoFX,C:\TCC\Reproduzir_artigo\data\GUITAR-FX\Mono_Continuous\Audio\_NoFX_mono_preprocessed\G61-40100-1111-20593.wav
-15.71357727,12.28409481,Mono_Continuous,NoFX,C:\TCC\Reproduzir_artigo\data\GUITAR-FX\Mono_Continuous\Audio\_NoFX_mono_preprocessed\G61-41101-1111-20594.wav
-17.20767975,12.53919601,Mono_Continuous,NoFX,C:\TCC\Reproduzir_artigo\data\GUITAR-FX\Mono_Continuous\Audio\_NoFX_mono_preprocessed\G61-42102-1111-20595.wav
-15.87935257,15.83211708,Mono_Continuous,NoFX,C:\TCC\Reproduzir_artigo\data\GUITAR-FX\Mono_Continuous\Audio\_NoFX_mono_preprocessed\G61-45105-1111-20598.wav
-14.42167091,12.62215328,Mono_Continuous,NoFX,C:\TCC\Reproduzir_artigo\data\GUITAR-FX\Mono_Continuous\Audio\_NoFX_mono_preprocessed\G61-45200-1111-20606.wav
-14.72696018,14.73609638,Mono_Continuous,NoFX,C:\TCC\Reproduzir_artigo\data\GUITAR-FX\Mono_Continuous\Audio\_NoFX_mono_preprocessed\G61-46201-1111-20607.wav
-15.02981377,14.02348900,Mono_Continuous,NoFX,C:\TCC\Reproduzir_artigo\data\GUITAR-FX\Mono_Continuous\Audio\_NoFX_mono_preprocessed\G61-47202-1111-20608.wav
-14.40648937,16.62906456,Mono_Continuous,NoFX,C:\TCC\Reproduzir_artigo\data\GUITAR-FX\Mono_Continuous\Audio\_NoFX_mono_preprocessed\G61-49109-1111-20602.wav
-12.98299408,16.95111084,Mono_Continuous,NoFX,C:\TCC\Reproduzir_artigo\data\GUITAR-FX\Mono_Continuous\Audio\_NoFX_mono_preprocessed\G61-51111-1111-20604.wav
-13.50454044,16.92535400,Mono_Continuous,NoFX,C:\TCC\Reproduzir_artigo\data\GUITAR-FX\Mono_Continuous\Audio\_NoFX_mono_preprocessed\G61-51206-1111-20612.wav
-12.91751003,13.93364620,Mono_Continuous,NoFX,C:\TCC\Reproduzir_artigo\data\GUITAR-FX\Mono_Continuous\Audio\_NoFX_mono_preprocessed\G61-51301-1111-20620.wav
-9.95312786,18.95129585,Mono_Continuous,NoFX,C:\TCC\Reproduzir_artigo\data\GUITAR-FX\Mono_Continuous\Audio\_NoFX_mono_preprocessed\G61-56211-1111-20617.wav
-9.33921432,16.18895912,Mono_Continuous,NoFX,C:\TCC\Reproduzir_artigo\data\GUITAR-FX\Mono_Continuous\Audio\_NoFX_mono_preprocessed\G61-56401-1111-20633.wav
-11.09533310,18.62653732,Mono_Continuous,NoFX,C:\TCC\Reproduzir_artigo\data\GUITAR-FX\Mono_Continuous\Audio\_NoFX_mono_preprocessed\G61-59309-1111-20628.wav
-7.06011295,14.01058960,Mono_Continuous,NoFX,C:\TCC\Reproduzir_artigo\data\GUITAR-FX\Mono_Continuous\Audio\_NoFX_mono_preprocessed\G61-59500-1111-20645.wav
-9.44471169,18.29557800,Mono_Continuous,NoFX,C:\TCC\Reproduzir_artigo\data\GUITAR-FX\Mono_Continuous\Audio\_NoFX_mono_preprocessed\G61-60310-1111-20629.wav
-9.40106201,17.66298485,Mono_Continuous,NoFX,C:\TCC\Reproduzir_artigo\data\GUITAR-FX\Mono_Continuous\Audio\_NoFX_mono_preprocessed\G61-60405-1111-20637.wav
-5.90337324,16.12757111,Mono_Continuous,NoFX,C:\TCC\Reproduzir_artigo\data\GUITAR-FX\Mono_Continuous\Audio\_NoFX_mono_preprocessed\G61-60501-1111-20646.wav
-8.66877174,18.99388885,Mono_Continuous,NoFX,C:\TCC\Reproduzir_artigo\data\GUITAR-FX\Mono_Continuous\Audio\_NoFX_mono_preprocessed\G61-61406-1111-20638.wav
-7.19500113,20.78731537,Mono_Continuous,NoFX,C:\TCC\Reproduzir_artigo\data\GUITAR-FX\Mono_Continuous\Audio\_NoFX_mono_preprocessed\G61-65410-1111-20642.wav
-2.07552481,17.36937141,Mono_Continuous,NoFX,C:\TCC\Reproduzir_artigo\data\GUITAR-FX\Mono_Continuous\Audio\_NoFX_mono_preprocessed\G61-65506-1111-20651.wav
0.04252147,15.06927109,Mono_Continuous,NoFX,C:\TCC\Reproduzir_artigo\data\GUITAR-FX\Mono_Continuous\Audio\_NoFX_mono_preprocessed\G61-65601-1111-20659.wav
2.59928966,13.62690067,Mono_Continuous,NoFX,C:\TCC\Reproduzir_artigo\data\GUITAR-FX\Mono_Continuous\Audio\_NoFX_mono_preprocessed\G61-66602-1111-20660.wav
1.17793322,15.58658314,Mono_Continuous,NoFX,C:\TCC\Reproduzir_artigo\data\GUITAR-FX\Mono_Continuous\Audio\_NoFX_mono_preprocessed\G61-67603-1111-20661.wav
2.20175600,15.23186493,Mono_Continuous,NoFX,C:\TCC\Reproduzir_artigo\data\GUITAR-FX\Mono_Continuous\Audio\_NoFX_mono_preprocessed\G61-68604-1111-20662.wav
1.21539187,16.84246445,Mono_Continuous,NoFX,C:\TCC\Reproduzir_artigo\data\GUITAR-FX\Mono_Continuous\Audio\_NoFX_mono_preprocessed\G61-69605-1111-20663.wav
4.36507273,11.92271614,Mono_Continuous,NoFX,C:\TCC\Reproduzir_artigo\data\GUITAR-FX\Mono_Continuous\Audio\_NoFX_mono_preprocessed\G61-71607-1111-20665.wav
2.61316419,17.07139015,Mono_Continuous,NoFX,C:\TCC\Reproduzir_artigo\data\GUITAR-FX\Mono_Continuous\Audio\_NoFX_mono_preprocessed\G61-74610-1111-20668.wav
-13.62398338,8.88520527,Mono_Continuous,NoFX,C:\TCC\Reproduzir_artigo\data\GUITAR-FX\Mono_Continuous\Audio\_NoFX_mono_preprocessed\G63-41101-1111-20672.wav
-14.07818508,11.44588566,Mono_Continuous,NoFX,C:\TCC\Reproduzir_artigo\data\GUITAR-FX\Mono_Continuous\Audio\_NoFX_mono_preprocessed\G63-42102-1111-20673.wav
-15.13234711,15.24533081,Mono_Continuous,NoFX,C:\TCC\Reproduzir_artigo\data\GUITAR-FX\Mono_Continuous\Audio\_NoFX_mono_preprocessed\G63-45105-1111-20676.wav
-14.48451614,10.36655617,Mono_Continuous,NoFX,C:\TCC\Reproduzir_artigo\data\GUITAR-FX\Mono_Continuous\Audio\_NoFX_mono_preprocessed\G63-45200-1111-20684.wav
-14.14477158,11.72325993,Mono_Continuous,NoFX,C:\TCC\Reproduzir_artigo\data\GUITAR-FX\Mono_Continuous\Audio\_NoFX_mono_preprocessed\G63-47202-1111-20686.wav
-14.29700279,17.06164742,Mono_Continuous,NoFX,C:\TCC\Reproduzir_artigo\data\GUITAR-FX\Mono_Continuous\Audio\_NoFX_mono_preprocessed\G63-48108-1111-20679.wav
-11.36768150,13.56101990,Mono_Continuous,NoFX,C:\TCC\Reproduzir_artigo\data\GUITAR-FX\Mono_Continuous\Audio\_NoFX_mono_preprocessed\G63-48203-1111-20687.wav
-11.36988354,13.14812851,Mono_Continuous,NoFX,C:\TCC\Reproduzir_artigo\data\GUITAR-FX\Mono_Continuous\Audio\_NoFX_mono_preprocessed\G63-49204-1111-20688.wav
-13.72817516,17.50894165,Mono_Continuous,NoFX,C:\TCC\Reproduzir_artigo\data\GUITAR-FX\Mono_Continuous\Audio\_NoFX_mono_preprocessed\G63-50110-1111-20681.wav
-11.15317631,15.53631592,Mono_Continuous,NoFX,C:\TCC\Reproduzir_artigo\data\GUITAR-FX\Mono_Continuous\Audio\_NoFX_mono_preprocessed\G63-51206-1111-20690.wav
-10.92215633,12.14112186,Mono_Continuous,NoFX,C:\TCC\Reproduzir_artigo\data\GUITAR-FX\Mono_Continuous\Audio\_NoFX_mono_preprocessed\G63-51301-1111-20698.wav
-10.04950905,15.36182880,Mono_Continuous,NoFX,C:\TCC\Reproduzir_artigo\data\GUITAR-FX\Mono_Continuous\Audio\_NoFX_mono_preprocessed\G63-52207-1111-20691.wav
-8.17431355,16.40739441,Mono_Continuous,NoFX,C:\TCC\Reproduzir_artigo\data\GUITAR-FX\Mono_Continuous\Audio\_NoFX_mono_preprocessed\G63-53208-1111-20692.wav
-12.01143742,14.53332996,Mono_Continuous,NoFX,C:\TCC\Reproduzir_artigo\data\GUITAR-FX\Mono_Continuous\Audio\_NoFX_mono_preprocessed\G63-54304-1111-20701.wav
-10.95663738,17.23390579,Mono_Continuous,NoFX,C:\TCC\Reproduzir_artigo\data\GUITAR-FX\Mono_Continuous\Audio\_NoFX_mono_preprocessed\G63-55305-1111-20702.wav
-9.16194916,13.01621056,Mono_Continuous,NoFX,C:\TCC\Reproduzir_artigo\data\GUITAR-FX\Mono_Continuous\Audio\_NoFX_mono_preprocessed\G63-55400-1111-20710.wav
-9.38725567,18.73252296,Mono_Continuous,NoFX,C:\TCC\Reproduzir_artigo\data\GUITAR-FX\Mono_Continuous\Audio\_NoFX_mono_preprocessed\G63-56211-1111-20695.wav
-7.52433443,15.94035721,Mono_Continuous,NoFX,C:\TCC\Reproduzir_artigo\data\GUITAR-FX\Mono_Continuous\Audio\_NoFX_mono_preprocessed\G63-58403-1111-20713.wav
-9.06593418,15.74337578,Mono_Continuous,NoFX,C:\TCC\Reproduzir_artigo\data\GUITAR-FX\Mono_Continuous\Audio\_NoFX_mono_preprocessed\G63-59404-1111-20714.wav
-10.63462543,18.59277534,Mono_Continuous,NoFX,C:\TCC\Reproduzir_artigo\data\GUITAR-FX\Mono_Continuous\Audio\_NoFX_mono_preprocessed\G63-60310-1111-20707.wav
-9.20787144,18.34674454,Mono_Continuous,NoFX,C:\TCC\Reproduzir_artigo\data\GUITAR-FX\Mono_Continuous\Audio\_NoFX_mono_preprocessed\G63-61311-1111-20708.wav
-7.26404905,17.73767662,Mono_Continuous,NoFX,C:\TCC\Reproduzir_artigo\data\GUITAR-FX\Mono_Continuous\Audio\_NoFX_mono_preprocessed\G63-61406-1111-20716.wav
-4.72267532,14.25684547,Mono_Continuous,NoFX,C:\TCC\Reproduzir_artigo\data\GUITAR-FX\Mono_Continuous\Audio\_NoFX_mono_preprocessed\G63-61502-1111-20725.wav
-7.26483059,16.98162460,Mono_Continuous,NoFX,C:\TCC\Reproduzir_artigo\data\GUITAR-FX\Mono_Continuous\Audio\_NoFX_mono_preprocessed\G63-62407-1111-20717.wav
-5.35453510,16.11432076,Mono_Continuous,NoFX,C:\TCC\Reproduzir_artigo\data\GUITAR-FX\Mono_Continuous\Audio\_NoFX_mono_preprocessed\G63-62503-1111-20726.wav
-6.62582588,20.04953194,Mono_Continuous,NoFX,C:\TCC\Reproduzir_artigo\data\GUITAR-FX\Mono_Continuous\Audio\_NoFX_mono_preprocessed\G63-64409-1111-20719.wav
-2.15163231,15.60162449,Mono_Continuous,NoFX,C:\TCC\Reproduzir_artigo\data\GUITAR-FX\Mono_Continuous\Audio\_NoFX_mono_preprocessed\G63-64600-1111-20736.wav
-5.38369083,20.00018501,Mono_Continuous,NoFX,C:\TCC\Reproduzir_artigo\data\GUITAR-FX\Mono_Continuous\Audio\_NoFX_mono_preprocessed\G63-65410-1111-20720.wav
-2.85686564,18.27266884,Mono_Continuous,NoFX,C:\TCC\Reproduzir_artigo\data\GUITAR-FX\Mono_Continuous\Audio\_NoFX_mono_preprocessed\G63-65601-1111-20737.wav
-1.54355443,17.31150055,Mono_Continuous,NoFX,C:\TCC\Reproduzir_artigo\data\GUITAR-FX\Mono_Continuous\Audio\_NoFX_mono_preprocessed\G63-66507-1111-20730.wav
0.69594795,14.97098255,Mono_Continuous,NoFX,C:\TCC\Reproduzir_artigo\data\GUITAR-FX\Mono_Continuous\Audio\_NoFX_mono_preprocessed\G63-66602-1111-20738.wav
-5.73382139,20.73938560,Mono_Continuous,NoFX,C:\TCC\Reproduzir_artigo\data\GUITAR-FX\Mono_Continuous\Audio\_NoFX_mono_preprocessed\G63-67412-1111-20722.wav
-1.04631734,16.78638458,Mono_Continuous,NoFX,C:\TCC\Reproduzir_artigo\data\GUITAR-FX\Mono_Continuous\Audio\_NoFX_mono_preprocessed\G63-67603-1111-20739.wav
-2.26288939,19.35125542,Mono_Continuous,NoFX,C:\TCC\Reproduzir_artigo\data\GUITAR-FX\Mono_Continuous\Audio\_NoFX_mono_preprocessed\G63-68509-1111-20732.wav
0.97130823,16.27728653,Mono_Continuous,NoFX,C:\TCC\Reproduzir_artigo\data\GUITAR-FX\Mono_Continuous\Audio\_NoFX_mono_preprocessed\G63-68604-1111-20740.wav
-0.64336151,17.49078560,Mono_Continuous,NoFX,C:\TCC\Reproduzir_artigo\data\GUITAR-FX\Mono_Continuous\Audio\_NoFX_mono_preprocessed\G63-69605-1111-20741.wav
2.57814193,16.43463326,Mono_Continuous,NoFX,C:\TCC\Reproduzir_artigo\data\GUITAR-FX\Mono_Continuous\Audio\_NoFX_mono_preprocessed\G63-75611-1111-20747.wav
-15.57211781,16.32894135,Mono_Continuous,NoFX,C:\TCC\Reproduzir_artigo\data\GUITAR-FX\Mono_Continuous\Audio\_NoFX_mono_preprocessed\G71-44104-1111-20753.wav
-15.42387104,14.74070454,Mono_Continuous,NoFX,C:\TCC\Reproduzir_artigo\data\GUITAR-FX\Mono_Continuous\Audio\_NoFX_mono_preprocessed\G71-45105-1111-20754.wav
-15.58151245,16.35436058,Mono_Continuous,NoFX,C:\TCC\Reproduzir_artigo\data\GUITAR-FX\Mono_Continuous\Audio\_NoFX_mono_preprocessed\G71-46106-1111-20755.wav
-15.34699535,15.54204750,Mono_Continuous,NoFX,C:\TCC\Reproduzir_artigo\data\GUITAR-FX\Mono_Continuous\Audio\_NoFX_mono_preprocessed\G71-47107-1111-20756.wav
-15.11420250,15.61124802,Mono_Continuous,NoFX,C:\TCC\Reproduzir_artigo\data\GUITAR-FX\Mono_Continuous\Audio\_NoFX_mono_preprocessed\G71-47202-1111-20764.wav
-14.83593655,17.82818604,Mono_Continuous,NoFX,C:\TCC\Reproduzir_artigo\data\GUITAR-FX\Mono_Continuous\Audio\_NoFX_mono_preprocessed\G71-48108-1111-20757.wav
-13.29426289,15.86228561,Mono_Continuous,NoFX,C:\TCC\Reproduzir_artigo\data\GUITAR-FX\Mono_Continuous\Audio\_NoFX_mono_preprocessed\G71-48203-1111-20765.wav
-14.22662735,17.15962029,Mono_Continuous,NoFX,C:\TCC\Reproduzir_artigo\data\GUITAR-FX\Mono_Continuous\Audio\_NoFX_mono_preprocessed\G71-49109-1111-20758.wav
-12.92355442,18.42012978,Mono_Continuous,NoFX,C:\TCC\Reproduzir_artigo\data\GUITAR-FX\Mono_Continuous\Audio\_NoFX_mono_preprocessed\G71-50110-1111-20759.wav
-13.94421005,16.14164162,Mono_Continuous,NoFX,C:\TCC\Reproduzir_artigo\data\GUITAR-FX\Mono_Continuous\Audio\_NoFX_mono_preprocessed\G71-50205-1111-20767.wav
-12.74163818,13.66480255,Mono_Continuous,NoFX,C:\TCC\Reproduzir_artigo\data\GUITAR-FX\Mono_Continuous\Audio\_NoFX_mono_preprocessed\G71-50300-1111-20775.wav
-12.78465366,15.69685459,Mono_Continuous,NoFX,C:\TCC\Reproduzir_artigo\data\GUITAR-FX\Mono_Continuous\Audio\_NoFX_mono_preprocessed\G71-51301-1111-20776.wav
-12.09331512,19.39228630,Mono_Continuous,NoFX,C:\TCC\Reproduzir_artigo\data\GUITAR-FX\Mono_Continuous\Audio\_NoFX_mono_preprocessed\G71-52112-1111-20761.wav
-12.66606712,18.96746635,Mono_Continuous,NoFX,C:\TCC\Reproduzir_artigo\data\GUITAR-FX\Mono_Continuous\Audio\_NoFX_mono_preprocessed\G71-52207-1111-20769.wav
-10.58957958,16.06633949,Mono_Continuous,NoFX,C:\TCC\Reproduzir_artigo\data\GUITAR-FX\Mono_Continuous\Audio\_NoFX_mono_preprocessed\G71-53208-1111-20770.wav
-13.56616783,17.30871010,Mono_Continuous,NoFX,C:\TCC\Reproduzir_artigo\data\GUITAR-FX\Mono_Continuous\Audio\_NoFX_mono_preprocessed\G71-54209-1111-20771.wav
-12.29098034,16.90446663,Mono_Continuous,NoFX,C:\TCC\Reproduzir_artigo\data\GUITAR-FX\Mono_Continuous\Audio\_NoFX_mono_preprocessed\G71-54304-1111-20779.wav
-7.92616034,12.18068886,Mono_Continuous,NoFX,C:\TCC\Reproduzir_artigo\data\GUITAR-FX\Mono_Continuous\Audio\_NoFX_mono_preprocessed\G71-55400-1111-20788.wav
-8.50782585,16.23828506,Mono_Continuous,NoFX,C:\TCC\Reproduzir_artigo\data\GUITAR-FX\Mono_Continuous\Audio\_NoFX_mono_preprocessed\G71-57402-1111-20790.wav
-10.24148273,19.31125069,Mono_Continuous,NoFX,C:\TCC\Reproduzir_artigo\data\GUITAR-FX\Mono_Continuous\Audio\_NoFX_mono_preprocessed\G71-58308-1111-20783.wav
-11.49778843,19.05632591,Mono_Continuous,NoFX,C:\TCC\Reproduzir_artigo\data\GUITAR-FX\Mono_Continuous\Audio\_NoFX_mono_preprocessed\G71-59309-1111-20784.wav
-8.38222599,18.65357018,Mono_Continuous,NoFX,C:\TCC\Reproduzir_artigo\data\GUITAR-FX\Mono_Continuous\Audio\_NoFX_mono_preprocessed\G71-59404-1111-20792.wav
0.84622622,11.05441856,Mono_Continuous,NoFX,C:\TCC\Reproduzir_artigo\data\GUITAR-FX\Mono_Continuous\Audio\_NoFX_mono_preprocessed\G71-59500-1111-20801.wav
-10.77331638,18.94415092,Mono_Continuous,NoFX,C:\TCC\Reproduzir_artigo\data\GUITAR-FX\Mono_Continuous\Audio\_NoFX_mono_preprocessed\G71-60310-1111-20785.wav
-5.08418560,17.92497826,Mono_Continuous,NoFX,C:\TCC\Reproduzir_artigo\data\GUITAR-FX\Mono_Continuous\Audio\_NoFX_mono_preprocessed\G71-61406-1111-20794.wav
-3.45269275,20.14780807,Mono_Continuous,NoFX,C:\TCC\Reproduzir_artigo\data\GUITAR-FX\Mono_Continuous\Audio\_NoFX_mono_preprocessed\G71-63408-1111-20796.wav
0.94539416,15.66464520,Mono_Continuous,NoFX,C:\TCC\Reproduzir_artigo\data\GUITAR-FX\Mono_Continuous\Audio\_NoFX_mono_preprocessed\G71-63504-1111-20805.wav
0.02668484,16.19510841,Mono_Continuous,NoFX,C:\TCC\Reproduzir_artigo\data\GUITAR-FX\Mono_Continuous\Audio\_NoFX_mono_preprocessed\G71-64505-1111-20806.wav
-1.08415663,19.89910316,Mono_Continuous,NoFX,C:\TCC\Reproduzir_artigo\data\GUITAR-FX\Mono_Continuous\Audio\_NoFX_mono_preprocessed\G71-67508-1111-20809.wav
3.18909597,15.45277119,Mono_Continuous,NoFX,C:\TCC\Reproduzir_artigo\data\GUITAR-FX\Mono_Continuous\Audio\_NoFX_mono_preprocessed\G71-67603-1111-20817.wav
-1.20643675,19.00454712,Mono_Continuous,NoFX,C:\TCC\Reproduzir_artigo\data\GUITAR-FX\Mono_Continuous\Audio\_NoFX_mono_preprocessed\G71-68509-1111-20810.wav
7.05280447,12.36116982,Mono_Continuous,NoFX,C:\TCC\Reproduzir_artigo\data\GUITAR-FX\Mono_Continuous\Audio\_NoFX_mono_preprocessed\G71-69605-1111-20819.wav
0.07776224,20.55752373,Mono_Continuous,NoFX,C:\TCC\Reproduzir_artigo\data\GUITAR-FX\Mono_Continuous\Audio\_NoFX_mono_preprocessed\G71-70511-1111-20812.wav
2.03235483,18.21352577,Mono_Continuous,NoFX,C:\TCC\Reproduzir_artigo\data\GUITAR-FX\Mono_Continuous\Audio\_NoFX_mono_preprocessed\G71-71512-1111-20813.wav
2.30535197,17.00713348,Mono_Continuous,NoFX,C:\TCC\Reproduzir_artigo\data\GUITAR-FX\Mono_Continuous\Audio\_NoFX_mono_preprocessed\G71-75611-1111-20825.wav
-14.79662704,13.20218086,Mono_Continuous,NoFX,C:\TCC\Reproduzir_artigo\data\GUITAR-FX\Mono_Continuous\Audio\_NoFX_mono_preprocessed\G73-40100-1111-20827.wav
-14.04152489,15.22366333,Mono_Continuous,NoFX,C:\TCC\Reproduzir_artigo\data\GUITAR-FX\Mono_Continuous\Audio\_NoFX_mono_preprocessed\G73-43103-1111-20830.wav
-14.35114765,11.95491600,Mono_Continuous,NoFX,C:\TCC\Reproduzir_artigo\data\GUITAR-FX\Mono_Continuous\Audio\_NoFX_mono_preprocessed\G73-46201-1111-20841.wav
-14.44073677,15.97970486,Mono_Continuous,NoFX,C:\TCC\Reproduzir_artigo\data\GUITAR-FX\Mono_Continuous\Audio\_NoFX_mono_preprocessed\G73-47107-1111-20834.wav
-14.04604435,13.30788898,Mono_Continuous,NoFX,C:\TCC\Reproduzir_artigo\data\GUITAR-FX\Mono_Continuous\Audio\_NoFX_mono_preprocessed\G73-47202-1111-20842.wav
-11.79651833,11.84515572,Mono_Continuous,NoFX,C:\TCC\Reproduzir_artigo\data\GUITAR-FX\Mono_Continuous\Audio\_NoFX_mono_preprocessed\G73-50300-1111-20853.wav
-9.33011627,17.45785522,Mono_Continuous,NoFX,C:\TCC\Reproduzir_artigo\data\GUITAR-FX\Mono_Continuous\Audio\_NoFX_mono_preprocessed\G73-52207-1111-20847.wav
-9.43295860,16.67768097,Mono_Continuous,NoFX,C:\TCC\Reproduzir_artigo\data\GUITAR-FX\Mono_Continuous\Audio\_NoFX_mono_preprocessed\G73-53208-1111-20848.wav
-11.67740345,14.58420563,Mono_Continuous,NoFX,C:\TCC\Reproduzir_artigo\data\GUITAR-FX\Mono_Continuous\Audio\_NoFX_mono_preprocessed\G73-54209-1111-20849.wav
-8.31159210,13.56372166,Mono_Continuous,NoFX,C:\TCC\Reproduzir_artigo\data\GUITAR-FX\Mono_Continuous\Audio\_NoFX_mono_preprocessed\G73-55400-1111-20866.wav
-7.00652122,15.41384029,Mono_Continuous,NoFX,C:\TCC\Reproduzir_artigo\data\GUITAR-FX\Mono_Continuous\Audio\_NoFX_mono_preprocessed\G73-56401-1111-20867.wav
-10.55193806,18.61137772,Mono_Continuous,NoFX,C:\TCC\Reproduzir_artigo\data\GUITAR-FX\Mono_Continuous\Audio\_NoFX_mono_preprocessed\G73-57212-1111-20852.wav
-10.69765472,16.02032280,Mono_Continuous,NoFX,C:\TCC\Reproduzir_artigo\data\GUITAR-FX\Mono_Continuous\Audio\_NoFX_mono_preprocessed\G73-59309-1111-20862.wav
-5.40994167,12.96037388,Mono_Continuous,NoFX,C:\TCC\Reproduzir_artigo\data\GUITAR-FX\Mono_Continuous\Audio\_NoFX_mono_preprocessed\G73-59500-1111-20879.wav
-8.35254574,17.84518433,Mono_Continuous,NoFX,C:\TCC\Reproduzir_artigo\data\GUITAR-FX\Mono_Continuous\Audio\_NoFX_mono_preprocessed\G73-60405-1111-20871.wav
-4.05102491,13.57168770,Mono_Continuous,NoFX,C:\TCC\Reproduzir_artigo\data\GUITAR-FX\Mono_Continuous\Audio\_NoFX_mono_preprocessed\G73-60501-1111-20880.wav
-4.23251534,15.54646301,Mono_Continuous,NoFX,C:\TCC\Reproduzir_artigo\data\GUITAR-FX\Mono_Continuous\Audio\_NoFX_mono_preprocessed\G73-61311-1111-20864.wav
-5.65259218,18.65048027,Mono_Continuous,NoFX,C:\TCC\Reproduzir_artigo\data\GUITAR-FX\Mono_Continuous\Audio\_NoFX_mono_preprocessed\G73-62312-1111-20865.wav
0.09458283,14.64278221,Mono_Continuous,NoFX,C:\TCC\Reproduzir_artigo\data\GUITAR-FX\Mono_Continuous\Audio\_NoFX_mono_preprocessed\G73-62503-1111-20882.wav
-0.18548660,14.99047375,Mono_Continuous,NoFX,C:\TCC\Reproduzir_artigo\data\GUITAR-FX\Mono_Continuous\Audio\_NoFX_mono_preprocessed\G73-63504-1111-20883.wav
-2.88715124,19.89044952,Mono_Continuous,NoFX,C:\TCC\Reproduzir_artigo\data\GUITAR-FX\Mono_Continuous\Audio\_NoFX_mono_preprocessed\G73-64409-1111-20875.wav
1.53183126,15.25952244,Mono_Continuous,NoFX,C:\TCC\Reproduzir_artigo\data\GUITAR-FX\Mono_Continuous\Audio\_NoFX_mono_preprocessed\G73-65506-1111-20885.wav
-0.11007454,18.00388527,Mono_Continuous,NoFX,C:\TCC\Reproduzir_artigo\data\GUITAR-FX\Mono_Continuous\Audio\_NoFX_mono_preprocessed\G73-67508-1111-20887.wav
-0.96963942,18.46438217,Mono_Continuous,NoFX,C:\TCC\Reproduzir_artigo\data\GUITAR-FX\Mono_Continuous\Audio\_NoFX_mono_preprocessed\G73-68509-1111-20888.wav
2.14889550,18.77071381,Mono_Continuous,NoFX,C:\TCC\Reproduzir_artigo\data\GUITAR-FX\Mono_Continuous\Audio\_NoFX_mono_preprocessed\G73-69510-1111-20889.wav
3.71535897,15.90552235,Mono_Continuous,NoFX,C:\TCC\Reproduzir_artigo\data\GUITAR-FX\Mono_Continuous\Audio\_NoFX_mono_preprocessed\G73-70606-1111-20898.wav
3.52975154,13.77764511,Mono_Continuous,NoFX,C:\TCC\Reproduzir_artigo\data\GUITAR-FX\Mono_Continuous\Audio\_NoFX_mono_preprocessed\G73-71607-1111-20899.wav
1.76604915,18.34259796,Mono_Continuous,NoFX,C:\TCC\Reproduzir_artigo\data\GUITAR-FX\Mono_Continuous\Audio\_NoFX_mono_preprocessed\G73-74610-1111-20902.wav
3.91393089,16.08813095,Mono_Continuous,NoFX,C:\TCC\Reproduzir_artigo\data\GUITAR-FX\Mono_Continuous\Audio\_NoFX_mono_preprocessed\G73-75611-1111-20903.wav
2.48420286,17.77126312,Mono_Continuous,NoFX,C:\TCC\Reproduzir_artigo\data\GUITAR-FX\Mono_Continuous\Audio\_NoFX_mono_preprocessed\G73-76612-1111-20904.wav
-15.88017273,13.42859745,Mono_Continuous,NoFX,C:\TCC\Reproduzir_artigo\data\GUITAR-FX\Mono_Continuous\Audio\_NoFX_mono_preprocessed\G81-41101-1111-20906.wav
-15.18047428,12.77316189,Mono_Continuous,NoFX,C:\TCC\Reproduzir_artigo\data\GUITAR-FX\Mono_Continuous\Audio\_NoFX_mono_preprocessed\G81-45105-1111-20910.wav
-15.74441242,15.75948906,Mono_Continuous,NoFX,C:\TCC\Reproduzir_artigo\data\GUITAR-FX\Mono_Continuous\Audio\_NoFX_mono_preprocessed\G81-46106-1111-20911.wav
-15.57877445,16.48502350,Mono_Continuous,NoFX,C:\TCC\Reproduzir_artigo\data\GUITAR-FX\Mono_Continuous\Audio\_NoFX_mono_preprocessed\G81-46201-1111-20919.wav
-13.67155838,17.20442200,Mono_Continuous,NoFX,C:\TCC\Reproduzir_artigo\data\GUITAR-FX\Mono_Continuous\Audio\_NoFX_mono_preprocessed\G81-48108-1111-20913.wav
-13.63932323,17.00433922,Mono_Continuous,NoFX,C:\TCC\Reproduzir_artigo\data\GUITAR-FX\Mono_Continuous\Audio\_NoFX_mono_preprocessed\G81-50110-1111-20915.wav
-13.68665886,17.16189575,Mono_Continuous,NoFX,C:\TCC\Reproduzir_artigo\data\GUITAR-FX\Mono_Continuous\Audio\_NoFX_mono_preprocessed\G81-51111-1111-20916.wav
-13.18303299,18.57363129,Mono_Continuous,NoFX,C:\TCC\Reproduzir_artigo\data\GUITAR-FX\Mono_Continuous\Audio\_NoFX_mono_preprocessed\G81-52112-1111-20917.wav
-12.32308102,17.75794792,Mono_Continuous,NoFX,C:\TCC\Reproduzir_artigo\data\GUITAR-FX\Mono_Continuous\Audio\_NoFX_mono_preprocessed\G81-55305-1111-20936.wav
-7.95876312,14.98510742,Mono_Continuous,NoFX,C:\TCC\Reproduzir_artigo\data\GUITAR-FX\Mono_Continuous\Audio\_NoFX_mono_preprocessed\G81-55400-1111-20944.wav
-11.16803074,18.05863953,Mono_Continuous,NoFX,C:\TCC\Reproduzir_artigo\data\GUITAR-FX\Mono_Continuous\Audio\_NoFX_mono_preprocessed\G81-56211-1111-20929.wav
-9.75627422,16.70465660,Mono_Continuous,NoFX,C:\TCC\Reproduzir_artigo\data\GUITAR-FX\Mono_Continuous\Audio\_NoFX_mono_preprocessed\G81-56401-1111-20945.wav
-11.25177956,18.96131897,Mono_Continuous,NoFX,C:\TCC\Reproduzir_artigo\data\GUITAR-FX\Mono_Continuous\Audio\_NoFX_mono_preprocessed\G81-57212-1111-20930.wav
-9.58628368,17.91268158,Mono_Continuous,NoFX,C:\TCC\Reproduzir_artigo\data\GUITAR-FX\Mono_Continuous\Audio\_NoFX_mono_preprocessed\G81-57402-1111-20946.wav
-10.07009315,19.34010696,Mono_Continuous,NoFX,C:\TCC\Reproduzir_artigo\data\GUITAR-FX\Mono_Continuous\Audio\_NoFX_mono_preprocessed\G81-58308-1111-20939.wav
-8.95259857,17.30458260,Mono_Continuous,NoFX,C:\TCC\Reproduzir_artigo\data\GUITAR-FX\Mono_Continuous\Audio\_NoFX_mono_preprocessed\G81-58403-1111-20947.wav
-3.88428259,13.36968899,Mono_Continuous,NoFX,C:\TCC\Reproduzir_artigo\data\GUITAR-FX\Mono_Continuous\Audio\_NoFX_mono_preprocessed\G81-59500-1111-20957.wav
-5.67693520,15.67306328,Mono_Continuous,NoFX,C:\TCC\Reproduzir_artigo\data\GUITAR-FX\Mono_Continuous\Audio\_NoFX_mono_preprocessed\G81-60501-1111-20958.wav
-7.55630541,18.54437447,Mono_Continuous,NoFX,C:\TCC\Reproduzir_artigo\data\GUITAR-FX\Mono_Continuous\Audio\_NoFX_mono_preprocessed\G81-61406-1111-20950.wav
-7.74945307,19.23943901,Mono_Continuous,NoFX,C:\TCC\Reproduzir_artigo\data\GUITAR-FX\Mono_Continuous\Audio\_NoFX_mono_preprocessed\G81-62407-1111-20951.wav
-5.71851921,19.09858322,Mono_Continuous,NoFX,C:\TCC\Reproduzir_artigo\data\GUITAR-FX\Mono_Continuous\Audio\_NoFX_mono_preprocessed\G81-63408-1111-20952.wav
-6.79996681,21.05481339,Mono_Continuous,NoFX,C:\TCC\Reproduzir_artigo\data\GUITAR-FX\Mono_Continuous\Audio\_NoFX_mono_preprocessed\G81-64409-1111-20953.wav
-5.24399090,20.23650169,Mono_Continuous,NoFX,C:\TCC\Reproduzir_artigo\data\GUITAR-FX\Mono_Continuous\Audio\_NoFX_mono_preprocessed\G81-65410-1111-20954.wav
-0.76532042,16.64067078,Mono_Continuous,NoFX,C:\TCC\Reproduzir_artigo\data\GUITAR-FX\Mono_Continuous\Audio\_NoFX_mono_preprocessed\G81-65506-1111-20963.wav
0.14336039,17.82118797,Mono_Continuous,NoFX,C:\TCC\Reproduzir_artigo\data\GUITAR-FX\Mono_Continuous\Audio\_NoFX_mono_preprocessed\G81-68509-1111-20966.wav
2.91364717,15.00901890,Mono_Continuous,NoFX,C:\TCC\Reproduzir_artigo\data\GUITAR-FX\Mono_Continuous\Audio\_NoFX_mono_preprocessed\G81-68604-1111-20974.wav
1.63194966,18.31795692,Mono_Continuous,NoFX,C:\TCC\Reproduzir_artigo\data\GUITAR-FX\Mono_Continuous\Audio\_NoFX_mono_preprocessed\G81-70511-1111-20968.wav
4.49641085,15.69051838,Mono_Continuous,NoFX,C:\TCC\Reproduzir_artigo\data\GUITAR-FX\Mono_Continuous\Audio\_NoFX_mono_preprocessed\G81-70606-1111-20976.wav
8.30730247,12.29862213,Mono_Continuous,NoFX,C:\TCC\Reproduzir_artigo\data\GUITAR-FX\Mono_Continuous\Audio\_NoFX_mono_preprocessed\G81-71607-1111-20977.wav
8.03603172,12.73390388,Mono_Continuous,NoFX,C:\TCC\Reproduzir_artigo\data\GUITAR-FX\Mono_Continuous\Audio\_NoFX_mono_preprocessed\G81-75611-1111-20981.wav
4.02354240,16.66125870,Mono_Continuous,NoFX,C:\TCC\Reproduzir_artigo\data\GUITAR-FX\Mono_Continuous\Audio\_NoFX_mono_preprocessed\G81-76612-1111-20982.wav
-15.13660812,13.14651108,Mono_Continuous,NoFX,C:\TCC\Reproduzir_artigo\data\GUITAR-FX\Mono_Continuous\Audio\_NoFX_mono_preprocessed\G83-40100-1111-20983.wav
-15.68486691,12.96065426,Mono_Continuous,NoFX,C:\TCC\Reproduzir_artigo\data\GUITAR-FX\Mono_Continuous\Audio\_NoFX_mono_preprocessed\G83-41101-1111-20984.wav
-14.58010769,13.02040291,Mono_Continuous,NoFX,C:\TCC\Reproduzir_artigo\data\GUITAR-FX\Mono_Continuous\Audio\_NoFX_mono_preprocessed\G83-45105-1111-20988.wav
-15.23368073,15.85841370,Mono_Continuous,NoFX,C:\TCC\Reproduzir_artigo\data\GUITAR-FX\Mono_Continuous\Audio\_NoFX_mono_preprocessed\G83-46201-1111-20997.wav
-14.66240692,12.36255836,Mono_Continuous,NoFX,C:\TCC\Reproduzir_artigo\data\GUITAR-FX\Mono_Continuous\Audio\_NoFX_mono_preprocessed\G83-47107-1111-20990.wav
-13.89163685,13.44833660,Mono_Continuous,NoFX,C:\TCC\Reproduzir_artigo\data\GUITAR-FX\Mono_Continuous\Audio\_NoFX_mono_preprocessed\G83-48108-1111-20991.wav
-13.76120281,16.05978966,Mono_Continuous,NoFX,C:\TCC\Reproduzir_artigo\data\GUITAR-FX\Mono_Continuous\Audio\_NoFX_mono_preprocessed\G83-48203-1111-20999.wav
-14.44442940,16.93687057,Mono_Continuous,NoFX,C:\TCC\Reproduzir_artigo\data\GUITAR-FX\Mono_Continuous\Audio\_NoFX_mono_preprocessed\G83-49109-1111-20992.wav
-14.73989010,16.18473053,Mono_Continuous,NoFX,C:\TCC\Reproduzir_artigo\data\GUITAR-FX\Mono_Continuous\Audio\_NoFX_mono_preprocessed\G83-49204-1111-21000.wav
-13.58358097,16.84654617,Mono_Continuous,NoFX,C:\TCC\Reproduzir_artigo\data\GUITAR-FX\Mono_Continuous\Audio\_NoFX_mono_preprocessed\G83-50110-1111-20993.wav
-13.36719990,17.14399147,Mono_Continuous,NoFX,C:\TCC\Reproduzir_artigo\data\GUITAR-FX\Mono_Continuous\Audio\_NoFX_mono_preprocessed\G83-51111-1111-20994.wav
-11.95521164,18.18637657,Mono_Continuous,NoFX,C:\TCC\Reproduzir_artigo\data\GUITAR-FX\Mono_Continuous\Audio\_NoFX_mono_preprocessed\G83-52112-1111-20995.wav
-12.82121754,16.48557472,Mono_Continuous,NoFX,C:\TCC\Reproduzir_artigo\data\GUITAR-FX\Mono_Continuous\Audio\_NoFX_mono_preprocessed\G83-54304-1111-21013.wav
-10.88616180,17.09301567,Mono_Continuous,NoFX,C:\TCC\Reproduzir_artigo\data\GUITAR-FX\Mono_Continuous\Audio\_NoFX_mono_preprocessed\G83-55210-1111-21006.wav
-10.76587009,13.72604465,Mono_Continuous,NoFX,C:\TCC\Reproduzir_artigo\data\GUITAR-FX\Mono_Continuous\Audio\_NoFX_mono_preprocessed\G83-55305-1111-21014.wav
-9.21781445,14.79415131,Mono_Continuous,NoFX,C:\TCC\Reproduzir_artigo\data\GUITAR-FX\Mono_Continuous\Audio\_NoFX_mono_preprocessed\G83-55400-1111-21022.wav
-11.71784687,17.95864105,Mono_Continuous,NoFX,C:\TCC\Reproduzir_artigo\data\GUITAR-FX\Mono_Continuous\Audio\_NoFX_mono_preprocessed\G83-56211-1111-21007.wav
-9.21465969,14.49647808,Mono_Continuous,NoFX,C:\TCC\Reproduzir_artigo\data\GUITAR-FX\Mono_Continuous\Audio\_NoFX_mono_preprocessed\G83-56401-1111-21023.wav
-11.06949806,19.28204155,Mono_Continuous,NoFX,C:\TCC\Reproduzir_artigo\data\GUITAR-FX\Mono_Continuous\Audio\_NoFX_mono_preprocessed\G83-57212-1111-21008.wav
-10.24155426,18.93631554,Mono_Continuous,NoFX,C:\TCC\Reproduzir_artigo\data\GUITAR-FX\Mono_Continuous\Audio\_NoFX_mono_preprocessed\G83-58308-1111-21017.wav
-11.15953350,17.94094276,Mono_Continuous,NoFX,C:\TCC\Reproduzir_artigo\data\GUITAR-FX\Mono_Continuous\Audio\_NoFX_mono_preprocessed\G83-60310-1111-21019.wav
-6.16331434,15.55652523,Mono_Continuous,NoFX,C:\TCC\Reproduzir_artigo\data\GUITAR-FX\Mono_Continuous\Audio\_NoFX_mono_preprocessed\G83-60405-1111-21027.wav
-7.98209667,17.36190414,Mono_Continuous,NoFX,C:\TCC\Reproduzir_artigo\data\GUITAR-FX\Mono_Continuous\Audio\_NoFX_mono_preprocessed\G83-61311-1111-21020.wav
-4.35661316,15.24298763,Mono_Continuous,NoFX,C:\TCC\Reproduzir_artigo\data\GUITAR-FX\Mono_Continuous\Audio\_NoFX_mono_preprocessed\G83-61406-1111-21028.wav
-4.92868090,18.24416924,Mono_Continuous,NoFX,C:\TCC\Reproduzir_artigo\data\GUITAR-FX\Mono_Continuous\Audio\_NoFX_mono_preprocessed\G83-62407-1111-21029.wav
-0.55219573,17.42656517,Mono_Continuous,NoFX,C:\TCC\Reproduzir_artigo\data\GUITAR-FX\Mono_Continuous\Audio\_NoFX_mono_preprocessed\G83-64505-1111-21040.wav
-3.12745357,19.66811371,Mono_Continuous,NoFX,C:\TCC\Reproduzir_artigo\data\GUITAR-FX\Mono_Continuous\Audio\_NoFX_mono_preprocessed\G83-65410-1111-21032.wav
4.59907532,14.87589359,Mono_Continuous,NoFX,C:\TCC\Reproduzir_artigo\data\GUITAR-FX\Mono_Continuous\Audio\_NoFX_mono_preprocessed\G83-69605-1111-21053.wav
1.38859582,19.28071976,Mono_Continuous,NoFX,C:\TCC\Reproduzir_artigo\data\GUITAR-FX\Mono_Continuous\Audio\_NoFX_mono_preprocessed\G83-70511-1111-21046.wav
3.80804992,17.93568420,Mono_Continuous,NoFX,C:\TCC\Reproduzir_artigo\data\GUITAR-FX\Mono_Continuous\Audio\_NoFX_mono_preprocessed\G83-70606-1111-21054.wav
3.86911082,17.03991508,Mono_Continuous,NoFX,C:\TCC\Reproduzir_artigo\data\GUITAR-FX\Mono_Continuous\Audio\_NoFX_mono_preprocessed\G83-72608-1111-21056.wav
6.65504074,14.15718937,Mono_Continuous,NoFX,C:\TCC\Reproduzir_artigo\data\GUITAR-FX\Mono_Continuous\Audio\_NoFX_mono_preprocessed\G83-75611-1111-21059.wav
-15.91017532,14.96277237,Mono_Continuous,NoFX,C:\TCC\Reproduzir_artigo\data\GUITAR-FX\Mono_Continuous\Audio\_NoFX_mono_preprocessed\G91-40100-1111-21061.wav
-16.04809189,13.47637939,Mono_Continuous,NoFX,C:\TCC\Reproduzir_artigo\data\GUITAR-FX\Mono_Continuous\Audio\_NoFX_mono_preprocessed\G91-45105-1111-21066.wav
-15.98754025,14.64130783,Mono_Continuous,NoFX,C:\TCC\Reproduzir_artigo\data\GUITAR-FX\Mono_Continuous\Audio\_NoFX_mono_preprocessed\G91-46106-1111-21067.wav
-14.03723145,16.84360123,Mono_Continuous,NoFX,C:\TCC\Reproduzir_artigo\data\GUITAR-FX\Mono_Continuous\Audio\_NoFX_mono_preprocessed\G91-49109-1111-21070.wav
-14.10350800,16.98273849,Mono_Continuous,NoFX,C:\TCC\Reproduzir_artigo\data\GUITAR-FX\Mono_Continuous\Audio\_NoFX_mono_preprocessed\G91-50110-1111-21071.wav
-14.20148659,17.32762146,Mono_Continuous,NoFX,C:\TCC\Reproduzir_artigo\data\GUITAR-FX\Mono_Continuous\Audio\_NoFX_mono_preprocessed\G91-50205-1111-21079.wav
-13.52738094,15.76247120,Mono_Continuous,NoFX,C:\TCC\Reproduzir_artigo\data\GUITAR-FX\Mono_Continuous\Audio\_NoFX_mono_preprocessed\G91-51111-1111-21072.wav
-11.80621624,18.21788597,Mono_Continuous,NoFX,C:\TCC\Reproduzir_artigo\data\GUITAR-FX\Mono_Continuous\Audio\_NoFX_mono_preprocessed\G91-52112-1111-21073.wav
-12.34747410,18.69030190,Mono_Continuous,NoFX,C:\TCC\Reproduzir_artigo\data\GUITAR-FX\Mono_Continuous\Audio\_NoFX_mono_preprocessed\G91-52207-1111-21081.wav
-12.27010155,17.81878281,Mono_Continuous,NoFX,C:\TCC\Reproduzir_artigo\data\GUITAR-FX\Mono_Continuous\Audio\_NoFX_mono_preprocessed\G91-52302-1111-21089.wav
-12.34009933,18.26461792,Mono_Continuous,NoFX,C:\TCC\Reproduzir_artigo\data\GUITAR-FX\Mono_Continuous\Audio\_NoFX_mono_preprocessed\G91-53303-1111-21090.wav
-11.94890690,18.76960945,Mono_Continuous,NoFX,C:\TCC\Reproduzir_artigo\data\GUITAR-FX\Mono_Continuous\Audio\_NoFX_mono_preprocessed\G91-55210-1111-21084.wav
-7.72961330,15.87607288,Mono_Continuous,NoFX,C:\TCC\Reproduzir_artigo\data\GUITAR-FX\Mono_Continuous\Audio\_NoFX_mono_preprocessed\G91-56401-1111-21101.wav
-10.68166351,19.24164391,Mono_Continuous,NoFX,C:\TCC\Reproduzir_artigo\data\GUITAR-FX\Mono_Continuous\Audio\_NoFX_mono_preprocessed\G91-57212-1111-21086.wav
-11.31832218,19.63497162,Mono_Continuous,NoFX,C:\TCC\Reproduzir_artigo\data\GUITAR-FX\Mono_Continuous\Audio\_NoFX_mono_preprocessed\G91-57307-1111-21094.wav
-7.70115471,17.38366699,Mono_Continuous,NoFX,C:\TCC\Reproduzir_artigo\data\GUITAR-FX\Mono_Continuous\Audio\_NoFX_mono_preprocessed\G91-57402-1111-21102.wav
-5.78379536,16.79831886,Mono_Continuous,NoFX,C:\TCC\Reproduzir_artigo\data\GUITAR-FX\Mono_Continuous\Audio\_NoFX_mono_preprocessed\G91-58403-1111-21103.wav
-10.39484978,20.28219032,Mono_Continuous,NoFX,C:\TCC\Reproduzir_artigo\data\GUITAR-FX\Mono_Continuous\Audio\_NoFX_mono_preprocessed\G91-60310-1111-21097.wav
-8.98710728,19.60128593,Mono_Continuous,NoFX,C:\TCC\Reproduzir_artigo\data\GUITAR-FX\Mono_Continuous\Audio\_NoFX_mono_preprocessed\G91-61311-1111-21098.wav
-0.04972066,13.27902889,Mono_Continuous,NoFX,C:\TCC\Reproduzir_artigo\data\GUITAR-FX\Mono_Continuous\Audio\_NoFX_mono_preprocessed\G91-62503-1111-21116.wav
-4.20148945,19.94216537,Mono_Continuous,NoFX,C:\TCC\Reproduzir_artigo\data\GUITAR-FX\Mono_Continuous\Audio\_NoFX_mono_preprocessed\G91-63408-1111-21108.wav
0.51763302,13.47074032,Mono_Continuous,NoFX,C:\TCC\Reproduzir_artigo\data\GUITAR-FX\Mono_Continuous\Audio\_NoFX_mono_preprocessed\G91-64505-1111-21118.wav
-3.46527648,20.18361092,Mono_Continuous,NoFX,C:\TCC\Reproduzir_artigo\data\GUITAR-FX\Mono_Continuous\Audio\_NoFX_mono_preprocessed\G91-66411-1111-21111.wav
6.18440914,10.65263462,Mono_Continuous,NoFX,C:\TCC\Reproduzir_artigo\data\GUITAR-FX\Mono_Continuous\Audio\_NoFX_mono_preprocessed\G91-66602-1111-21128.wav
3.28928804,15.48174667,Mono_Continuous,NoFX,C:\TCC\Reproduzir_artigo\data\GUITAR-FX\Mono_Continuous\Audio\_NoFX_mono_preprocessed\G91-67603-1111-21129.wav
-0.69812661,18.60445404,Mono_Continuous,NoFX,C:\TCC\Reproduzir_artigo\data\GUITAR-FX\Mono_Continuous\Audio\_NoFX_mono_preprocessed\G91-68509-1111-21122.wav
7.43411303,11.90970325,Mono_Continuous,NoFX,C:\TCC\Reproduzir_artigo\data\GUITAR-FX\Mono_Continuous\Audio\_NoFX_mono_preprocessed\G91-71607-1111-21133.wav
6.28540945,14.89219379,Mono_Continuous,NoFX,C:\TCC\Reproduzir_artigo\data\GUITAR-FX\Mono_Continuous\Audio\_NoFX_mono_preprocessed\G91-72608-1111-21134.wav
8.97903347,13.50346470,Mono_Continuous,NoFX,C:\TCC\Reproduzir_artigo\data\GUITAR-FX\Mono_Continuous\Audio\_NoFX_mono_preprocessed\G91-74610-1111-21136.wav
7.17188931,15.12873077,Mono_Continuous,NoFX,C:\TCC\Reproduzir_artigo\data\GUITAR-FX\Mono_Continuous\Audio\_NoFX_mono_preprocessed\G91-76612-1111-21138.wav
-15.09183884,13.31209469,Mono_Continuous,NoFX,C:\TCC\Reproduzir_artigo\data\GUITAR-FX\Mono_Continuous\Audio\_NoFX_mono_preprocessed\G93-45200-1111-21152.wav
-14.76210976,15.72054195,Mono_Continuous,NoFX,C:\TCC\Reproduzir_artigo\data\GUITAR-FX\Mono_Continuous\Audio\_NoFX_mono_preprocessed\G93-46201-1111-21153.wav
-15.35830307,13.41494370,Mono_Continuous,NoFX,C:\TCC\Reproduzir_artigo\data\GUITAR-FX\Mono_Continuous\Audio\_NoFX_mono_preprocessed\G93-47202-1111-21154.wav
-14.05453968,15.58610630,Mono_Continuous,NoFX,C:\TCC\Reproduzir_artigo\data\GUITAR-FX\Mono_Continuous\Audio\_NoFX_mono_preprocessed\G93-48203-1111-21155.wav
-14.45977783,15.60653687,Mono_Continuous,NoFX,C:\TCC\Reproduzir_artigo\data\GUITAR-FX\Mono_Continuous\Audio\_NoFX_mono_preprocessed\G93-49204-1111-21156.wav
-13.60374832,16.82172203,Mono_Continuous,NoFX,C:\TCC\Reproduzir_artigo\data\GUITAR-FX\Mono_Continuous\Audio\_NoFX_mono_preprocessed\G93-50205-1111-21157.wav
-13.71276855,15.67244911,Mono_Continuous,NoFX,C:\TCC\Reproduzir_artigo\data\GUITAR-FX\Mono_Continuous\Audio\_NoFX_mono_preprocessed\G93-51206-1111-21158.wav
-12.24090195,17.46766090,Mono_Continuous,NoFX,C:\TCC\Reproduzir_artigo\data\GUITAR-FX\Mono_Continuous\Audio\_NoFX_mono_preprocessed\G93-52112-1111-21151.wav
-12.54463387,17.79635048,Mono_Continuous,NoFX,C:\TCC\Reproduzir_artigo\data\GUITAR-FX\Mono_Continuous\Audio\_NoFX_mono_preprocessed\G93-53208-1111-21160.wav
-11.24540615,17.69248390,Mono_Continuous,NoFX,C:\TCC\Reproduzir_artigo\data\GUITAR-FX\Mono_Continuous\Audio\_NoFX_mono_preprocessed\G93-53303-1111-21168.wav
-12.56302738,16.10528564,Mono_Continuous,NoFX,C:\TCC\Reproduzir_artigo\data\GUITAR-FX\Mono_Continuous\Audio\_NoFX_mono_preprocessed\G93-54304-1111-21169.wav
-7.56805658,14.73404980,Mono_Continuous,NoFX,C:\TCC\Reproduzir_artigo\data\GUITAR-FX\Mono_Continuous\Audio\_NoFX_mono_preprocessed\G93-55400-1111-21178.wav
-6.70093536,16.43261909,Mono_Continuous,NoFX,C:\TCC\Reproduzir_artigo\data\GUITAR-FX\Mono_Continuous\Audio\_NoFX_mono_preprocessed\G93-58308-1111-21173.wav
-7.04045630,17.78956604,Mono_Continuous,NoFX,C:\TCC\Reproduzir_artigo\data\GUITAR-FX\Mono_Continuous\Audio\_NoFX_mono_preprocessed\G93-61311-1111-21176.wav
-7.43924332,20.07060242,Mono_Continuous,NoFX,C:\TCC\Reproduzir_artigo\data\GUITAR-FX\Mono_Continuous\Audio\_NoFX_mono_preprocessed\G93-62312-1111-21177.wav
-3.31225801,15.77954960,Mono_Continuous,NoFX,C:\TCC\Reproduzir_artigo\data\GUITAR-FX\Mono_Continuous\Audio\_NoFX_mono_preprocessed\G93-62407-1111-21185.wav
-3.74661279,19.62920570,Mono_Continuous,NoFX,C:\TCC\Reproduzir_artigo\data\GUITAR-FX\Mono_Continuous\Audio\_NoFX_mono_preprocessed\G93-63408-1111-21186.wav
2.85136652,12.11316776,Mono_Continuous,NoFX,C:\TCC\Reproduzir_artigo\data\GUITAR-FX\Mono_Continuous\Audio\_NoFX_mono_preprocessed\G93-63504-1111-21195.wav
0.36203626,17.06795692,Mono_Continuous,NoFX,C:\TCC\Reproduzir_artigo\data\GUITAR-FX\Mono_Continuous\Audio\_NoFX_mono_preprocessed\G93-64409-1111-21187.wav
0.32911369,19.37935066,Mono_Continuous,NoFX,C:\TCC\Reproduzir_artigo\data\GUITAR-FX\Mono_Continuous\Audio\_NoFX_mono_preprocessed\G93-65410-1111-21188.wav
-1.47000527,18.14384651,Mono_Continuous,NoFX,C:\TCC\Reproduzir_artigo\data\GUITAR-FX\Mono_Continuous\Audio\_NoFX_mono_preprocessed\G93-65506-1111-21197.wav
4.49804592,12.13574886,Mono_Continuous,NoFX,C:\TCC\Reproduzir_artigo\data\GUITAR-FX\Mono_Continuous\Audio\_NoFX_mono_preprocessed\G93-66602-1111-21206.wav
-0.59209406,18.71356583,Mono_Continuous,NoFX,C:\TCC\Reproduzir_artigo\data\GUITAR-FX\Mono_Continuous\Audio\_NoFX_mono_preprocessed\G93-68509-1111-21200.wav
5.09768867,14.55985546,Mono_Continuous,NoFX,C:\TCC\Reproduzir_artigo\data\GUITAR-FX\Mono_Continuous\Audio\_NoFX_mono_preprocessed\G93-70606-1111-21210.wav
3.64800715,16.12387657,Mono_Continuous,NoFX,C:\TCC\Reproduzir_artigo\data\GUITAR-FX\Mono_Continuous\Audio\_NoFX_mono_preprocessed\G93-71512-1111-21203.wav
5.43605852,17.21009827,Mono_Continuous,NoFX,C:\TCC\Reproduzir_artigo\data\GUITAR-FX\Mono_Continuous\Audio\_NoFX_mono_preprocessed\G93-74610-1111-21214.wav
2.80522943,17.99476624,Mono_Continuous,NoFX,C:\TCC\Reproduzir_artigo\data\GUITAR-FX\Mono_Continuous\Audio\_NoFX_mono_preprocessed\G93-76612-1111-21216.wav
-15.76176453,-5.91190577,Mono_Continuous,BD2,C:\TCC\Reproduzir_artigo\data\GUITAR-FX\Mono_Continuous\Audio\BD2\G61-43103-BD2-G8.7T3.6-20596.wav
-14.63222218,1.75926673,Mono_Continuous,BD2,C:\TCC\Reproduzir_artigo\data\GUITAR-FX\Mono_Continuous\Audio\BD2\G61-44104-BD2-G2.4T4.4-20597.wav
-14.93732929,-0.75942755,Mono_Continuous,BD2,C:\TCC\Reproduzir_artigo\data\GUITAR-FX\Mono_Continuous\Audio\BD2\G61-44104-BD2-G4.6T7.6-20597.wav
-14.29290771,-6.64756203,Mono_Continuous,BD2,C:\TCC\Reproduzir_artigo\data\GUITAR-FX\Mono_Continuous\Audio\BD2\G61-46106-BD2-G8.4T2.9-20599.wav
-12.65243053,-7.01729774,Mono_Continuous,BD2,C:\TCC\Reproduzir_artigo\data\GUITAR-FX\Mono_Continuous\Audio\BD2\G61-46201-BD2-G7.6T1.3-20607.wav
-11.89211082,-5.04905272,Mono_Continuous,BD2,C:\TCC\Reproduzir_artigo\data\GUITAR-FX\Mono_Continuous\Audio\BD2\G61-49109-BD2-G7T2.4-20602.wav
-5.86447811,-3.78674102,Mono_Continuous,BD2,C:\TCC\Reproduzir_artigo\data\GUITAR-FX\Mono_Continuous\Audio\BD2\G61-54209-BD2-G6.4T7.4-20615.wav
-5.65703440,0.80926788,Mono_Continuous,BD2,C:\TCC\Reproduzir_artigo\data\GUITAR-FX\Mono_Continuous\Audio\BD2\G61-54304-BD2-G3.7T4.9-20623.wav
-2.43129635,-8.21143723,Mono_Continuous,BD2,C:\TCC\Reproduzir_artigo\data\GUITAR-FX\Mono_Continuous\Audio\BD2\G61-54304-BD2-G9.8T2-20623.wav
0.76154029,-10.41945267,Mono_Continuous,BD2,C:\TCC\Reproduzir_artigo\data\GUITAR-FX\Mono_Continuous\Audio\BD2\G61-56306-BD2-G10T4.1-20625.wav
-0.99115056,2.21245098,Mono_Continuous,BD2,C:\TCC\Reproduzir_artigo\data\GUITAR-FX\Mono_Continuous\Audio\BD2\G61-58308-BD2-G5.7T1.6-20627.wav
6.47321033,-5.84016275,Mono_Continuous,BD2,C:\TCC\Reproduzir_artigo\data\GUITAR-FX\Mono_Continuous\Audio\BD2\G61-60405-BD2-G6.9T7.6-20637.wav
7.85231256,-2.15615082,Mono_Continuous,BD2,C:\TCC\Reproduzir_artigo\data\GUITAR-FX\Mono_Continuous\Audio\BD2\G61-61502-BD2-G4.3T0.1-20647.wav
6.01486158,1.59740710,Mono_Continuous,BD2,C:\TCC\Reproduzir_artigo\data\GUITAR-FX\Mono_Continuous\Audio\BD2\G61-62407-BD2-G3.8T9.3-20639.wav
8.37015915,0.59278727,Mono_Continuous,BD2,C:\TCC\Reproduzir_artigo\data\GUITAR-FX\Mono_Continuous\Audio\BD2\G61-63408-BD2-G3.6T2.5-20640.wav
8.39778900,-4.24129868,Mono_Continuous,BD2,C:\TCC\Reproduzir_artigo\data\GUITAR-FX\Mono_Continuous\Audio\BD2\G61-63408-BD2-G8.2T2.6-20640.wav
7.31844854,-2.29514813,Mono_Continuous,BD2,C:\TCC\Reproduzir_artigo\data\GUITAR-FX\Mono_Continuous\Audio\BD2\G61-64409-BD2-G7.1T3.8-20641.wav
11.75536633,-4.78622246,Mono_Continuous,BD2,C:\TCC\Reproduzir_artigo\data\GUITAR-FX\Mono_Continuous\Audio\BD2\G61-64505-BD2-G6.3T5.1-20650.wav
13.58856297,-3.47341228,Mono_Continuous,BD2,C:\TCC\Reproduzir_artigo\data\GUITAR-FX\Mono_Continuous\Audio\BD2\G61-65601-BD2-G5.4T5.8-20659.wav
14.52282333,4.14270782,Mono_Continuous,BD2,C:\TCC\Reproduzir_artigo\data\GUITAR-FX\Mono_Continuous\Audio\BD2\G61-73609-BD2-G5.8T1.7-20667.wav
15.30605698,-0.09290759,Mono_Continuous,BD2,C:\TCC\Reproduzir_artigo\data\GUITAR-FX\Mono_Continuous\Audio\BD2\G61-73609-BD2-G8T7-20667.wav
14.79079247,4.34651470,Mono_Continuous,BD2,C:\TCC\Reproduzir_artigo\data\GUITAR-FX\Mono_Continuous\Audio\BD2\G61-75611-BD2-G4.2T3.8-20669.wav
16.28864288,-1.50950241,Mono_Continuous,BD2,C:\TCC\Reproduzir_artigo\data\GUITAR-FX\Mono_Continuous\Audio\BD2\G61-75611-BD2-G8.9T5.7-20669.wav
12.13857937,8.28801823,Mono_Continuous,BD2,C:\TCC\Reproduzir_artigo\data\GUITAR-FX\Mono_Continuous\Audio\BD2\G61-76612-BD2-G5.5T8.8-20670.wav
-16.10177422,-5.98151255,Mono_Continuous,BD2,C:\TCC\Reproduzir_artigo\data\GUITAR-FX\Mono_Continuous\Audio\BD2\G63-41101-BD2-G9.9T2.9-20672.wav
-12.82507038,-8.59253693,Mono_Continuous,BD2,C:\TCC\Reproduzir_artigo\data\GUITAR-FX\Mono_Continuous\Audio\BD2\G63-44104-BD2-G7.1T6.6-20675.wav
-13.61289120,-7.99720240,Mono_Continuous,BD2,C:\TCC\Reproduzir_artigo\data\GUITAR-FX\Mono_Continuous\Audio\BD2\G63-44104-BD2-G8.8T0.3-20675.wav
-13.65760994,-1.39121461,Mono_Continuous,BD2,C:\TCC\Reproduzir_artigo\data\GUITAR-FX\Mono_Continuous\Audio\BD2\G63-45105-BD2-G3.6T6.2-20676.wav
-13.40057564,-5.78852701,Mono_Continuous,BD2,C:\TCC\Reproduzir_artigo\data\GUITAR-FX\Mono_Continuous\Audio\BD2\G63-47107-BD2-G6T7.3-20678.wav
-11.66505146,-10.50797558,Mono_Continuous,BD2,C:\TCC\Reproduzir_artigo\data\GUITAR-FX\Mono_Continuous\Audio\BD2\G63-47202-BD2-G8.2T6.1-20686.wav
-13.39558601,-5.79436922,Mono_Continuous,BD2,C:\TCC\Reproduzir_artigo\data\GUITAR-FX\Mono_Continuous\Audio\BD2\G63-48108-BD2-G6.8T4.5-20679.wav
-8.73540306,-9.71124649,Mono_Continuous,BD2,C:\TCC\Reproduzir_artigo\data\GUITAR-FX\Mono_Continuous\Audio\BD2\G63-49109-BD2-G6.6T6.9-20680.wav
-7.90229416,-9.27098656,Mono_Continuous,BD2,C:\TCC\Reproduzir_artigo\data\GUITAR-FX\Mono_Continuous\Audio\BD2\G63-49204-BD2-G7.2T8-20688.wav
-9.86136246,1.09300530,Mono_Continuous,BD2,C:\TCC\Reproduzir_artigo\data\GUITAR-FX\Mono_Continuous\Audio\BD2\G63-50110-BD2-G2.7T0.3-20681.wav
-8.60065937,-3.40545321,Mono_Continuous,BD2,C:\TCC\Reproduzir_artigo\data\GUITAR-FX\Mono_Continuous\Audio\BD2\G63-50300-BD2-G2.2T4.6-20697.wav
-8.53138161,0.84826666,Mono_Continuous,BD2,C:\TCC\Reproduzir_artigo\data\GUITAR-FX\Mono_Continuous\Audio\BD2\G63-51111-BD2-G2.6T8.7-20682.wav
-5.82536888,-5.87787104,Mono_Continuous,BD2,C:\TCC\Reproduzir_artigo\data\GUITAR-FX\Mono_Continuous\Audio\BD2\G63-53208-BD2-G7T1.9-20692.wav
-5.60283709,-8.43675423,Mono_Continuous,BD2,C:\TCC\Reproduzir_artigo\data\GUITAR-FX\Mono_Continuous\Audio\BD2\G63-53208-BD2-G8.9T6.5-20692.wav
-4.89561415,-4.93179750,Mono_Continuous,BD2,C:\TCC\Reproduzir_artigo\data\GUITAR-FX\Mono_Continuous\Audio\BD2\G63-53303-BD2-G6.2T3.8-20700.wav
-1.58932507,-7.80077934,Mono_Continuous,BD2,C:\TCC\Reproduzir_artigo\data\GUITAR-FX\Mono_Continuous\Audio\BD2\G63-54304-BD2-G5.5T7.5-20701.wav
0.05689255,-7.88509083,Mono_Continuous,BD2,C:\TCC\Reproduzir_artigo\data\GUITAR-FX\Mono_Continuous\Audio\BD2\G63-55305-BD2-G6.1T7.5-20702.wav
-0.76419336,-7.02063847,Mono_Continuous,BD2,C:\TCC\Reproduzir_artigo\data\GUITAR-FX\Mono_Continuous\Audio\BD2\G63-56401-BD2-G6T6.1-20711.wav
-2.57878470,-3.21920657,Mono_Continuous,BD2,C:\TCC\Reproduzir_artigo\data\GUITAR-FX\Mono_Continuous\Audio\BD2\G63-57212-BD2-G7.7T4.5-20696.wav
-1.08070052,-7.53753567,Mono_Continuous,BD2,C:\TCC\Reproduzir_artigo\data\GUITAR-FX\Mono_Continuous\Audio\BD2\G63-57307-BD2-G7.3T7.5-20704.wav
0.05060734,-8.33655548,Mono_Continuous,BD2,C:\TCC\Reproduzir_artigo\data\GUITAR-FX\Mono_Continuous\Audio\BD2\G63-57402-BD2-G8.5T1.2-20712.wav
0.02987211,0.97289407,Mono_Continuous,BD2,C:\TCC\Reproduzir_artigo\data\GUITAR-FX\Mono_Continuous\Audio\BD2\G63-60310-BD2-G3T6.8-20707.wav
7.19157553,-9.00216770,Mono_Continuous,BD2,C:\TCC\Reproduzir_artigo\data\GUITAR-FX\Mono_Continuous\Audio\BD2\G63-60501-BD2-G8.8T6.4-20724.wav
6.43748856,-7.04251242,Mono_Continuous,BD2,C:\TCC\Reproduzir_artigo\data\GUITAR-FX\Mono_Continuous\Audio\BD2\G63-61502-BD2-G4.9T2.8-20725.wav
8.38806343,-7.53515244,Mono_Continuous,BD2,C:\TCC\Reproduzir_artigo\data\GUITAR-FX\Mono_Continuous\Audio\BD2\G63-61502-BD2-G7T6.7-20725.wav
4.93524170,-3.97705960,Mono_Continuous,BD2,C:\TCC\Reproduzir_artigo\data\GUITAR-FX\Mono_Continuous\Audio\BD2\G63-62407-BD2-G8.2T8.6-20717.wav
10.05075741,-1.58265090,Mono_Continuous,BD2,C:\TCC\Reproduzir_artigo\data\GUITAR-FX\Mono_Continuous\Audio\BD2\G63-63408-BD2-G4.7T8.1-20718.wav
10.26166916,-0.78630161,Mono_Continuous,BD2,C:\TCC\Reproduzir_artigo\data\GUITAR-FX\Mono_Continuous\Audio\BD2\G63-63504-BD2-G2.1T0.6-20727.wav
13.10211563,-2.42415261,Mono_Continuous,BD2,C:\TCC\Reproduzir_artigo\data\GUITAR-FX\Mono_Continuous\Audio\BD2\G63-64600-BD2-G3.2T8.7-20736.wav
13.46685600,-3.62149739,Mono_Continuous,BD2,C:\TCC\Reproduzir_artigo\data\GUITAR-FX\Mono_Continuous\Audio\BD2\G63-65601-BD2-G6.9T8.8-20737.wav
7.76042986,6.28048420,Mono_Continuous,BD2,C:\TCC\Reproduzir_artigo\data\GUITAR-FX\Mono_Continuous\Audio\BD2\G63-67508-BD2-G4.9T4.2-20731.wav
13.61610317,-0.59269726,Mono_Continuous,BD2,C:\TCC\Reproduzir_artigo\data\GUITAR-FX\Mono_Continuous\Audio\BD2\G63-67603-BD2-G8.8T3.7-20739.wav
11.70648766,-1.38537490,Mono_Continuous,BD2,C:\TCC\Reproduzir_artigo\data\GUITAR-FX\Mono_Continuous\Audio\BD2\G63-68509-BD2-G7T1.3-20732.wav
14.31742954,-4.92536497,Mono_Continuous,BD2,C:\TCC\Reproduzir_artigo\data\GUITAR-FX\Mono_Continuous\Audio\BD2\G63-68604-BD2-G9.8T8.2-20740.wav
14.30125904,1.61071622,Mono_Continuous,BD2,C:\TCC\Reproduzir_artigo\data\GUITAR-FX\Mono_Continuous\Audio\BD2\G63-71512-BD2-G4.9T3.4-20735.wav
15.30154228,0.21559380,Mono_Continuous,BD2,C:\TCC\Reproduzir_artigo\data\GUITAR-FX\Mono_Continuous\Audio\BD2\G63-71607-BD2-G5.2T2.2-20743.wav
15.54843712,1.16221082,Mono_Continuous,BD2,C:\TCC\Reproduzir_artigo\data\GUITAR-FX\Mono_Continuous\Audio\BD2\G63-71607-BD2-G6.2T1.7-20743.wav
13.01276207,5.80684423,Mono_Continuous,BD2,C:\TCC\Reproduzir_artigo\data\GUITAR-FX\Mono_Continuous\Audio\BD2\G63-74610-BD2-G4.1T1.9-20746.wav
-15.06491661,-7.56898308,Mono_Continuous,BD2,C:\TCC\Reproduzir_artigo\data\GUITAR-FX\Mono_Continuous\Audio\BD2\G71-40100-BD2-G9.2T7-20749.wav
-13.89822197,-8.47496128,Mono_Continuous,BD2,C:\TCC\Reproduzir_artigo\data\GUITAR-FX\Mono_Continuous\Audio\BD2\G71-41101-BD2-G8T2.6-20750.wav
-15.40306950,-1.35158765,Mono_Continuous,BD2,C:\TCC\Reproduzir_artigo\data\GUITAR-FX\Mono_Continuous\Audio\BD2\G71-42102-BD2-G3.2T9.2-20751.wav
-11.14148235,-7.21175098,Mono_Continuous,BD2,C:\TCC\Reproduzir_artigo\data\GUITAR-FX\Mono_Continuous\Audio\BD2\G71-45105-BD2-G6.2T1-20754.wav
-11.81504059,-11.72350311,Mono_Continuous,BD2,C:\TCC\Reproduzir_artigo\data\GUITAR-FX\Mono_Continuous\Audio\BD2\G71-45200-BD2-G9.3T0.3-20762.wav
-10.94082928,-7.09213018,Mono_Continuous,BD2,C:\TCC\Reproduzir_artigo\data\GUITAR-FX\Mono_Continuous\Audio\BD2\G71-46201-BD2-G5.6T9.7-20763.wav
-11.09553432,-11.33725357,Mono_Continuous,BD2,C:\TCC\Reproduzir_artigo\data\GUITAR-FX\Mono_Continuous\Audio\BD2\G71-46201-BD2-G8.9T1.3-20763.wav
-9.06430817,-6.53414249,Mono_Continuous,BD2,C:\TCC\Reproduzir_artigo\data\GUITAR-FX\Mono_Continuous\Audio\BD2\G71-49204-BD2-G4.7T2.6-20766.wav
-9.36505222,-3.28605103,Mono_Continuous,BD2,C:\TCC\Reproduzir_artigo\data\GUITAR-FX\Mono_Continuous\Audio\BD2\G71-50110-BD2-G5.9T0.4-20759.wav
-12.08409309,-2.15622211,Mono_Continuous,BD2,C:\TCC\Reproduzir_artigo\data\GUITAR-FX\Mono_Continuous\Audio\BD2\G71-50205-BD2-G3.7T4-20767.wav
-6.15264750,-7.85038567,Mono_Continuous,BD2,C:\TCC\Reproduzir_artigo\data\GUITAR-FX\Mono_Continuous\Audio\BD2\G71-51301-BD2-G5.5T6.5-20776.wav
-7.92112875,-6.31633759,Mono_Continuous,BD2,C:\TCC\Reproduzir_artigo\data\GUITAR-FX\Mono_Continuous\Audio\BD2\G71-52207-BD2-G6.9T1.5-20769.wav
-3.63393784,-9.96085835,Mono_Continuous,BD2,C:\TCC\Reproduzir_artigo\data\GUITAR-FX\Mono_Continuous\Audio\BD2\G71-52302-BD2-G9.7T5.4-20777.wav
-2.25346756,-8.26052380,Mono_Continuous,BD2,C:\TCC\Reproduzir_artigo\data\GUITAR-FX\Mono_Continuous\Audio\BD2\G71-55305-BD2-G5.6T7.3-20780.wav
2.94158149,-11.41262341,Mono_Continuous,BD2,C:\TCC\Reproduzir_artigo\data\GUITAR-FX\Mono_Continuous\Audio\BD2\G71-55400-BD2-G5.1T8.6-20788.wav
-1.72333157,-1.98644578,Mono_Continuous,BD2,C:\TCC\Reproduzir_artigo\data\GUITAR-FX\Mono_Continuous\Audio\BD2\G71-56306-BD2-G3.5T0.6-20781.wav
3.98783278,-6.02051687,Mono_Continuous,BD2,C:\TCC\Reproduzir_artigo\data\GUITAR-FX\Mono_Continuous\Audio\BD2\G71-57402-BD2-G2.5T9.5-20790.wav
6.63205862,-5.67020273,Mono_Continuous,BD2,C:\TCC\Reproduzir_artigo\data\GUITAR-FX\Mono_Continuous\Audio\BD2\G71-58403-BD2-G2.9T2-20791.wav
6.98290825,-6.65421677,Mono_Continuous,BD2,C:\TCC\Reproduzir_artigo\data\GUITAR-FX\Mono_Continuous\Audio\BD2\G71-58403-BD2-G4.2T3.6-20791.wav
-0.70346332,-3.34974003,Mono_Continuous,BD2,C:\TCC\Reproduzir_artigo\data\GUITAR-FX\Mono_Continuous\Audio\BD2\G71-59309-BD2-G6.5T8.2-20784.wav
9.46616554,-5.80716944,Mono_Continuous,BD2,C:\TCC\Reproduzir_artigo\data\GUITAR-FX\Mono_Continuous\Audio\BD2\G71-59500-BD2-G2.7T8.9-20801.wav
9.00295353,-8.56120872,Mono_Continuous,BD2,C:\TCC\Reproduzir_artigo\data\GUITAR-FX\Mono_Continuous\Audio\BD2\G71-59500-BD2-G5.6T5.2-20801.wav
7.42565393,-1.64681232,Mono_Continuous,BD2,C:\TCC\Reproduzir_artigo\data\GUITAR-FX\Mono_Continuous\Audio\BD2\G71-62407-BD2-G4.9T3.5-20795.wav
12.38196278,-1.59923232,Mono_Continuous,BD2,C:\TCC\Reproduzir_artigo\data\GUITAR-FX\Mono_Continuous\Audio\BD2\G71-67508-BD2-G7.8T7.9-20809.wav
15.18195820,0.19394557,Mono_Continuous,BD2,C:\TCC\Reproduzir_artigo\data\GUITAR-FX\Mono_Continuous\Audio\BD2\G71-69510-BD2-G9.3T0.4-20811.wav
15.11892605,1.77269578,Mono_Continuous,BD2,C:\TCC\Reproduzir_artigo\data\GUITAR-FX\Mono_Continuous\Audio\BD2\G71-70606-BD2-G4.1T0.8-20820.wav
11.61378670,5.10844994,Mono_Continuous,BD2,C:\TCC\Reproduzir_artigo\data\GUITAR-FX\Mono_Continuous\Audio\BD2\G71-73609-BD2-G2.8T7.7-20823.wav
11.21004200,8.13989258,Mono_Continuous,BD2,C:\TCC\Reproduzir_artigo\data\GUITAR-FX\Mono_Continuous\Audio\BD2\G71-74610-BD2-G3.1T3.8-20824.wav
16.09327507,3.12819147,Mono_Continuous,BD2,C:\TCC\Reproduzir_artigo\data\GUITAR-FX\Mono_Continuous\Audio\BD2\G71-76612-BD2-G7.4T7-20826.wav
16.76865387,2.12091351,Mono_Continuous,BD2,C:\TCC\Reproduzir_artigo\data\GUITAR-FX\Mono_Continuous\Audio\BD2\G71-76612-BD2-G8.2T6.9-20826.wav
-13.90726280,-7.41363049,Mono_Continuous,BD2,C:\TCC\Reproduzir_artigo\data\GUITAR-FX\Mono_Continuous\Audio\BD2\G73-42102-BD2-G6.8T8.4-20829.wav
-13.39552784,-10.67707443,Mono_Continuous,BD2,C:\TCC\Reproduzir_artigo\data\GUITAR-FX\Mono_Continuous\Audio\BD2\G73-42102-BD2-G9.8T4.3-20829.wav
-13.19843102,-10.37884045,Mono_Continuous,BD2,C:\TCC\Reproduzir_artigo\data\GUITAR-FX\Mono_Continuous\Audio\BD2\G73-43103-BD2-G9.1T6-20830.wav
-9.18751335,-8.82380009,Mono_Continuous,BD2,C:\TCC\Reproduzir_artigo\data\GUITAR-FX\Mono_Continuous\Audio\BD2\G73-45200-BD2-G3T8.9-20840.wav
-9.96350479,-7.25285530,Mono_Continuous,BD2,C:\TCC\Reproduzir_artigo\data\GUITAR-FX\Mono_Continuous\Audio\BD2\G73-49204-BD2-G6.1T4.2-20844.wav
-7.23344946,-12.49362850,Mono_Continuous,BD2,C:\TCC\Reproduzir_artigo\data\GUITAR-FX\Mono_Continuous\Audio\BD2\G73-51206-BD2-G10T6.7-20846.wav
-7.52059221,-4.72578573,Mono_Continuous,BD2,C:\TCC\Reproduzir_artigo\data\GUITAR-FX\Mono_Continuous\Audio\BD2\G73-52207-BD2-G7.1T3.6-20847.wav
-5.35765839,-3.69027805,Mono_Continuous,BD2,C:\TCC\Reproduzir_artigo\data\GUITAR-FX\Mono_Continuous\Audio\BD2\G73-53208-BD2-G4.3T4.7-20848.wav
-1.51458013,-8.68552685,Mono_Continuous,BD2,C:\TCC\Reproduzir_artigo\data\GUITAR-FX\Mono_Continuous\Audio\BD2\G73-53303-BD2-G5.4T9-20856.wav
-2.63237619,-10.21975040,Mono_Continuous,BD2,C:\TCC\Reproduzir_artigo\data\GUITAR-FX\Mono_Continuous\Audio\BD2\G73-54209-BD2-G8.7T9.6-20849.wav
-1.91087317,-10.94076633,Mono_Continuous,BD2,C:\TCC\Reproduzir_artigo\data\GUITAR-FX\Mono_Continuous\Audio\BD2\G73-54209-BD2-G9.2T0.4-20849.wav
-3.58435655,-8.27380085,Mono_Continuous,BD2,C:\TCC\Reproduzir_artigo\data\GUITAR-FX\Mono_Continuous\Audio\BD2\G73-55305-BD2-G9.1T7.5-20858.wav
-1.75113308,-5.55332041,Mono_Continuous,BD2,C:\TCC\Reproduzir_artigo\data\GUITAR-FX\Mono_Continuous\Audio\BD2\G73-55400-BD2-G3.3T0.4-20866.wav
2.02918363,-11.23731804,Mono_Continuous,BD2,C:\TCC\Reproduzir_artigo\data\GUITAR-FX\Mono_Continuous\Audio\BD2\G73-55400-BD2-G7.9T9.8-20866.wav
-0.65316838,-7.00306273,Mono_Continuous,BD2,C:\TCC\Reproduzir_artigo\data\GUITAR-FX\Mono_Continuous\Audio\BD2\G73-56306-BD2-G5.5T5.5-20859.wav
-2.34837222,-10.41770458,Mono_Continuous,BD2,C:\TCC\Reproduzir_artigo\data\GUITAR-FX\Mono_Continuous\Audio\BD2\G73-56306-BD2-G9.1T8-20859.wav
0.75856751,-3.62469101,Mono_Continuous,BD2,C:\TCC\Reproduzir_artigo\data\GUITAR-FX\Mono_Continuous\Audio\BD2\G73-57212-BD2-G4.8T4.8-20852.wav
0.65020305,-7.19243479,Mono_Continuous,BD2,C:\TCC\Reproduzir_artigo\data\GUITAR-FX\Mono_Continuous\Audio\BD2\G73-57307-BD2-G6.4T5.1-20860.wav
2.79186511,-7.27588463,Mono_Continuous,BD2,C:\TCC\Reproduzir_artigo\data\GUITAR-FX\Mono_Continuous\Audio\BD2\G73-59309-BD2-G4.9T9.2-20862.wav
3.93428993,-7.36418962,Mono_Continuous,BD2,C:\TCC\Reproduzir_artigo\data\GUITAR-FX\Mono_Continuous\Audio\BD2\G73-59404-BD2-G7.7T4.5-20870.wav
6.09117699,-0.61608374,Mono_Continuous,BD2,C:\TCC\Reproduzir_artigo\data\GUITAR-FX\Mono_Continuous\Audio\BD2\G73-60501-BD2-G2.8T1.2-20880.wav
7.90581560,-7.83718300,Mono_Continuous,BD2,C:\TCC\Reproduzir_artigo\data\GUITAR-FX\Mono_Continuous\Audio\BD2\G73-61311-BD2-G9.8T8.4-20864.wav
6.51488495,-3.93962145,Mono_Continuous,BD2,C:\TCC\Reproduzir_artigo\data\GUITAR-FX\Mono_Continuous\Audio\BD2\G73-61406-BD2-G4.4T4.3-20872.wav
6.25201178,-2.80097032,Mono_Continuous,BD2,C:\TCC\Reproduzir_artigo\data\GUITAR-FX\Mono_Continuous\Audio\BD2\G73-62407-BD2-G5T4-20873.wav
8.76394367,-6.11999226,Mono_Continuous,BD2,C:\TCC\Reproduzir_artigo\data\GUITAR-FX\Mono_Continuous\Audio\BD2\G73-63408-BD2-G10T0.6-20874.wav
8.93797588,1.86904502,Mono_Continuous,BD2,C:\TCC\Reproduzir_artigo\data\GUITAR-FX\Mono_Continuous\Audio\BD2\G73-65410-BD2-G3.5T1.9-20876.wav
9.65521526,1.09500027,Mono_Continuous,BD2,C:\TCC\Reproduzir_artigo\data\GUITAR-FX\Mono_Continuous\Audio\BD2\G73-65601-BD2-G3.2T4.4-20893.wav
11.74868870,-1.67979300,Mono_Continuous,BD2,C:\TCC\Reproduzir_artigo\data\GUITAR-FX\Mono_Continuous\Audio\BD2\G73-65601-BD2-G5.8T5.6-20893.wav
11.65381527,-0.22148161,Mono_Continuous,BD2,C:\TCC\Reproduzir_artigo\data\GUITAR-FX\Mono_Continuous\Audio\BD2\G73-66411-BD2-G6.3T0.9-20877.wav
12.65158653,1.11538041,Mono_Continuous,BD2,C:\TCC\Reproduzir_artigo\data\GUITAR-FX\Mono_Continuous\Audio\BD2\G73-66507-BD2-G4.6T8.1-20886.wav
9.41970253,4.02288437,Mono_Continuous,BD2,C:\TCC\Reproduzir_artigo\data\GUITAR-FX\Mono_Continuous\Audio\BD2\G73-67412-BD2-G5.5T2.6-20878.wav
11.86200905,-1.63892400,Mono_Continuous,BD2,C:\TCC\Reproduzir_artigo\data\GUITAR-FX\Mono_Continuous\Audio\BD2\G73-67412-BD2-G7.3T5.4-20878.wav
14.20050240,2.51630378,Mono_Continuous,BD2,C:\TCC\Reproduzir_artigo\data\GUITAR-FX\Mono_Continuous\Audio\BD2\G73-69510-BD2-G7.1T2.8-20889.wav
12.08610725,2.32617664,Mono_Continuous,BD2,C:\TCC\Reproduzir_artigo\data\GUITAR-FX\Mono_Continuous\Audio\BD2\G73-71607-BD2-G3.7T1.5-20899.wav
11.47036839,9.59320354,Mono_Continuous,BD2,C:\TCC\Reproduzir_artigo\data\GUITAR-FX\Mono_Continuous\Audio\BD2\G73-72608-BD2-G2T0.5-20900.wav
16.17148209,2.72996640,Mono_Continuous,BD2,C:\TCC\Reproduzir_artigo\data\GUITAR-FX\Mono_Continuous\Audio\BD2\G73-72608-BD2-G7.3T6.3-20900.wav
-16.05227089,-3.45653677,Mono_Continuous,BD2,C:\TCC\Reproduzir_artigo\data\GUITAR-FX\Mono_Continuous\Audio\BD2\G81-41101-BD2-G8.4T4.9-20906.wav
-14.04995441,-3.48646402,Mono_Continuous,BD2,C:\TCC\Reproduzir_artigo\data\GUITAR-FX\Mono_Continuous\Audio\BD2\G81-43103-BD2-G7.8T7-20908.wav
-12.88405991,-6.62465000,Mono_Continuous,BD2,C:\TCC\Reproduzir_artigo\data\GUITAR-FX\Mono_Continuous\Audio\BD2\G81-43103-BD2-G9.4T9.8-20908.wav
-16.49456787,2.32947850,Mono_Continuous,BD2,C:\TCC\Reproduzir_artigo\data\GUITAR-FX\Mono_Continuous\Audio\BD2\G81-44104-BD2-G7.4T1.9-20909.wav
-9.05655479,-7.45734215,Mono_Continuous,BD2,C:\TCC\Reproduzir_artigo\data\GUITAR-FX\Mono_Continuous\Audio\BD2\G81-50300-BD2-G9.7T5.2-20931.wav
-7.54313946,-3.32418871,Mono_Continuous,BD2,C:\TCC\Reproduzir_artigo\data\GUITAR-FX\Mono_Continuous\Audio\BD2\G81-51111-BD2-G7.8T8-20916.wav
-6.47292423,-5.94334221,Mono_Continuous,BD2,C:\TCC\Reproduzir_artigo\data\GUITAR-FX\Mono_Continuous\Audio\BD2\G81-51301-BD2-G8.5T7.7-20932.wav
-9.90292072,1.59096050,Mono_Continuous,BD2,C:\TCC\Reproduzir_artigo\data\GUITAR-FX\Mono_Continuous\Audio\BD2\G81-53208-BD2-G6.3T4.9-20926.wav
-10.49181843,9.91554737,Mono_Continuous,BD2,C:\TCC\Reproduzir_artigo\data\GUITAR-FX\Mono_Continuous\Audio\BD2\G81-55210-BD2-G2.4T2.7-20928.wav
-3.59976292,-4.24896002,Mono_Continuous,BD2,C:\TCC\Reproduzir_artigo\data\GUITAR-FX\Mono_Continuous\Audio\BD2\G81-56306-BD2-G6.8T7.1-20937.wav
-3.96372938,-4.51434898,Mono_Continuous,BD2,C:\TCC\Reproduzir_artigo\data\GUITAR-FX\Mono_Continuous\Audio\BD2\G81-57307-BD2-G7.3T3.8-20938.wav
1.58662891,2.10222363,Mono_Continuous,BD2,C:\TCC\Reproduzir_artigo\data\GUITAR-FX\Mono_Continuous\Audio\BD2\G81-58308-BD2-G3.6T9.4-20939.wav
4.78578663,-3.17042255,Mono_Continuous,BD2,C:\TCC\Reproduzir_artigo\data\GUITAR-FX\Mono_Continuous\Audio\BD2\G81-58403-BD2-G2.8T6.7-20947.wav
5.59181309,-4.98099184,Mono_Continuous,BD2,C:\TCC\Reproduzir_artigo\data\GUITAR-FX\Mono_Continuous\Audio\BD2\G81-58403-BD2-G4.8T4.1-20947.wav
-2.82880259,4.82643604,Mono_Continuous,BD2,C:\TCC\Reproduzir_artigo\data\GUITAR-FX\Mono_Continuous\Audio\BD2\G81-59309-BD2-G3.7T2.6-20940.wav
7.18427467,-6.86130333,Mono_Continuous,BD2,C:\TCC\Reproduzir_artigo\data\GUITAR-FX\Mono_Continuous\Audio\BD2\G81-59500-BD2-G6.6T1.4-20957.wav
3.77858996,-2.19958377,Mono_Continuous,BD2,C:\TCC\Reproduzir_artigo\data\GUITAR-FX\Mono_Continuous\Audio\BD2\G81-60310-BD2-G9.9T2.8-20941.wav
3.70705676,-8.55855942,Mono_Continuous,BD2,C:\TCC\Reproduzir_artigo\data\GUITAR-FX\Mono_Continuous\Audio\BD2\G81-60405-BD2-G5.8T6.8-20949.wav
2.12945485,-6.37373734,Mono_Continuous,BD2,C:\TCC\Reproduzir_artigo\data\GUITAR-FX\Mono_Continuous\Audio\BD2\G81-61311-BD2-G8.7T5.5-20942.wav
0.09531754,8.20762444,Mono_Continuous,BD2,C:\TCC\Reproduzir_artigo\data\GUITAR-FX\Mono_Continuous\Audio\BD2\G81-62312-BD2-G3.7T2.4-20943.wav
3.22048545,-4.37357521,Mono_Continuous,BD2,C:\TCC\Reproduzir_artigo\data\GUITAR-FX\Mono_Continuous\Audio\BD2\G81-62312-BD2-G7.7T3-20943.wav
7.09227085,0.06836013,Mono_Continuous,BD2,C:\TCC\Reproduzir_artigo\data\GUITAR-FX\Mono_Continuous\Audio\BD2\G81-63408-BD2-G5.5T1.4-20952.wav
11.21208096,-2.36078715,Mono_Continuous,BD2,C:\TCC\Reproduzir_artigo\data\GUITAR-FX\Mono_Continuous\Audio\BD2\G81-63504-BD2-G4.6T2.8-20961.wav
9.98819256,-8.66652489,Mono_Continuous,BD2,C:\TCC\Reproduzir_artigo\data\GUITAR-FX\Mono_Continuous\Audio\BD2\G81-63504-BD2-G9.3T9.7-20961.wav
7.94246340,-3.44146848,Mono_Continuous,BD2,C:\TCC\Reproduzir_artigo\data\GUITAR-FX\Mono_Continuous\Audio\BD2\G81-65410-BD2-G7.5T3.6-20954.wav
10.69281673,-4.57819319,Mono_Continuous,BD2,C:\TCC\Reproduzir_artigo\data\GUITAR-FX\Mono_Continuous\Audio\BD2\G81-65506-BD2-G9.9T4.1-20963.wav
12.10752773,1.50162590,Mono_Continuous,BD2,C:\TCC\Reproduzir_artigo\data\GUITAR-FX\Mono_Continuous\Audio\BD2\G81-67508-BD2-G5.6T3.9-20965.wav
13.88419056,-2.65228057,Mono_Continuous,BD2,C:\TCC\Reproduzir_artigo\data\GUITAR-FX\Mono_Continuous\Audio\BD2\G81-68509-BD2-G6.3T3.3-20966.wav
15.32511616,3.28355718,Mono_Continuous,BD2,C:\TCC\Reproduzir_artigo\data\GUITAR-FX\Mono_Continuous\Audio\BD2\G81-70606-BD2-G6.5T0.7-20976.wav
13.78643227,-1.06279671,Mono_Continuous,BD2,C:\TCC\Reproduzir_artigo\data\GUITAR-FX\Mono_Continuous\Audio\BD2\G81-71512-BD2-G9.2T7-20969.wav
14.26053715,5.83281994,Mono_Continuous,BD2,C:\TCC\Reproduzir_artigo\data\GUITAR-FX\Mono_Continuous\Audio\BD2\G81-72608-BD2-G3.9T5-20978.wav
12.89979458,6.50071383,Mono_Continuous,BD2,C:\TCC\Reproduzir_artigo\data\GUITAR-FX\Mono_Continuous\Audio\BD2\G81-73609-BD2-G3T2.3-20979.wav
13.86573124,5.22807455,Mono_Continuous,BD2,C:\TCC\Reproduzir_artigo\data\GUITAR-FX\Mono_Continuous\Audio\BD2\G81-73609-BD2-G4.2T3.7-20979.wav
14.99847221,6.57237720,Mono_Continuous,BD2,C:\TCC\Reproduzir_artigo\data\GUITAR-FX\Mono_Continuous\Audio\BD2\G81-74610-BD2-G5.9T2.2-20980.wav
-16.08752632,-1.90663505,Mono_Continuous,BD2,C:\TCC\Reproduzir_artigo\data\GUITAR-FX\Mono_Continuous\Audio\BD2\G83-40100-BD2-G6.4T3.4-20983.wav
-14.11622334,0.71024221,Mono_Continuous,BD2,C:\TCC\Reproduzir_artigo\data\GUITAR-FX\Mono_Continuous\Audio\BD2\G83-44104-BD2-G3.7T6.6-20987.wav
-13.55567646,-3.20847726,Mono_Continuous,BD2,C:\TCC\Reproduzir_artigo\data\GUITAR-FX\Mono_Continuous\Audio\BD2\G83-45200-BD2-G6.4T7.6-20996.wav
-8.33057976,-11.82775784,Mono_Continuous,BD2,C:\TCC\Reproduzir_artigo\data\GUITAR-FX\Mono_Continuous\Audio\BD2\G83-46106-BD2-G9.4T6.7-20989.wav
-9.26507378,-10.16463470,Mono_Continuous,BD2,C:\TCC\Reproduzir_artigo\data\GUITAR-FX\Mono_Continuous\Audio\BD2\G83-46201-BD2-G8.4T6.1-20997.wav
-10.99405956,-7.93817520,Mono_Continuous,BD2,C:\TCC\Reproduzir_artigo\data\GUITAR-FX\Mono_Continuous\Audio\BD2\G83-49109-BD2-G9.1T1.2-20992.wav
-9.72394562,-2.76128578,Mono_Continuous,BD2,C:\TCC\Reproduzir_artigo\data\GUITAR-FX\Mono_Continuous\Audio\BD2\G83-50205-BD2-G5.2T7.5-21001.wav
-9.44646168,-5.90042591,Mono_Continuous,BD2,C:\TCC\Reproduzir_artigo\data\GUITAR-FX\Mono_Continuous\Audio\BD2\G83-50205-BD2-G7.4T1.9-21001.wav
-11.83865833,5.12593079,Mono_Continuous,BD2,C:\TCC\Reproduzir_artigo\data\GUITAR-FX\Mono_Continuous\Audio\BD2\G83-51111-BD2-G2.4T8.3-20994.wav
-6.10754871,-2.05875182,Mono_Continuous,BD2,C:\TCC\Reproduzir_artigo\data\GUITAR-FX\Mono_Continuous\Audio\BD2\G83-51206-BD2-G3.4T0.3-21002.wav
-10.51578712,-1.29011321,Mono_Continuous,BD2,C:\TCC\Reproduzir_artigo\data\GUITAR-FX\Mono_Continuous\Audio\BD2\G83-52112-BD2-G6.2T7-20995.wav
-7.79182863,1.16495967,Mono_Continuous,BD2,C:\TCC\Reproduzir_artigo\data\GUITAR-FX\Mono_Continuous\Audio\BD2\G83-52302-BD2-G2.2T7.4-21011.wav
-5.72415400,-6.32684612,Mono_Continuous,BD2,C:\TCC\Reproduzir_artigo\data\GUITAR-FX\Mono_Continuous\Audio\BD2\G83-52302-BD2-G6.7T9.4-21011.wav
-5.83797264,-6.46166754,Mono_Continuous,BD2,C:\TCC\Reproduzir_artigo\data\GUITAR-FX\Mono_Continuous\Audio\BD2\G83-53208-BD2-G8.4T6.1-21004.wav
-6.27479982,-3.42704415,Mono_Continuous,BD2,C:\TCC\Reproduzir_artigo\data\GUITAR-FX\Mono_Continuous\Audio\BD2\G83-53303-BD2-G5.3T7.2-21012.wav
-7.88375378,-4.75448418,Mono_Continuous,BD2,C:\TCC\Reproduzir_artigo\data\GUITAR-FX\Mono_Continuous\Audio\BD2\G83-55210-BD2-G8.5T1.1-21006.wav
-4.41583872,-6.17688179,Mono_Continuous,BD2,C:\TCC\Reproduzir_artigo\data\GUITAR-FX\Mono_Continuous\Audio\BD2\G83-57212-BD2-G9.1T9.1-21008.wav
3.16432738,-1.81623673,Mono_Continuous,BD2,C:\TCC\Reproduzir_artigo\data\GUITAR-FX\Mono_Continuous\Audio\BD2\G83-61406-BD2-G5.6T0.3-21028.wav
6.76474762,-1.94305789,Mono_Continuous,BD2,C:\TCC\Reproduzir_artigo\data\GUITAR-FX\Mono_Continuous\Audio\BD2\G83-61502-BD2-G2.8T9.8-21037.wav
5.44553757,3.97744989,Mono_Continuous,BD2,C:\TCC\Reproduzir_artigo\data\GUITAR-FX\Mono_Continuous\Audio\BD2\G83-62407-BD2-G3.4T6.3-21029.wav
8.72060013,0.09283309,Mono_Continuous,BD2,C:\TCC\Reproduzir_artigo\data\GUITAR-FX\Mono_Continuous\Audio\BD2\G83-63408-BD2-G6T9.8-21030.wav
5.48653460,4.36384964,Mono_Continuous,BD2,C:\TCC\Reproduzir_artigo\data\GUITAR-FX\Mono_Continuous\Audio\BD2\G83-64409-BD2-G2.5T1-21031.wav
9.43243980,1.79060161,Mono_Continuous,BD2,C:\TCC\Reproduzir_artigo\data\GUITAR-FX\Mono_Continuous\Audio\BD2\G83-64505-BD2-G2.4T9.1-21040.wav
11.76487637,-7.63765526,Mono_Continuous,BD2,C:\TCC\Reproduzir_artigo\data\GUITAR-FX\Mono_Continuous\Audio\BD2\G83-64600-BD2-G9.3T9.6-21048.wav
8.00334072,-1.65894878,Mono_Continuous,BD2,C:\TCC\Reproduzir_artigo\data\GUITAR-FX\Mono_Continuous\Audio\BD2\G83-65410-BD2-G8.5T3.3-21032.wav
11.38910103,-0.45737988,Mono_Continuous,BD2,C:\TCC\Reproduzir_artigo\data\GUITAR-FX\Mono_Continuous\Audio\BD2\G83-67508-BD2-G9.4T4.3-21043.wav
11.44597244,-2.49271297,Mono_Continuous,BD2,C:\TCC\Reproduzir_artigo\data\GUITAR-FX\Mono_Continuous\Audio\BD2\G83-68509-BD2-G9.6T2.6-21044.wav
14.93843174,-0.31396073,Mono_Continuous,BD2,C:\TCC\Reproduzir_artigo\data\GUITAR-FX\Mono_Continuous\Audio\BD2\G83-69605-BD2-G8.2T1.7-21053.wav
12.10824776,-3.23759246,Mono_Continuous,BD2,C:\TCC\Reproduzir_artigo\data\GUITAR-FX\Mono_Continuous\Audio\BD2\G83-71512-BD2-G9.5T0.7-21047.wav
14.85016155,4.32003403,Mono_Continuous,BD2,C:\TCC\Reproduzir_artigo\data\GUITAR-FX\Mono_Continuous\Audio\BD2\G83-75611-BD2-G5.5T3.8-21059.wav
13.84288120,7.59459400,Mono_Continuous,BD2,C:\TCC\Reproduzir_artigo\data\GUITAR-FX\Mono_Continuous\Audio\BD2\G83-76612-BD2-G3.6T7.9-21060.wav
15.74860191,3.27131510,Mono_Continuous,BD2,C:\TCC\Reproduzir_artigo\data\GUITAR-FX\Mono_Continuous\Audio\BD2\G83-76612-BD2-G7.4T1.9-21060.wav
-16.22109985,-0.78047401,Mono_Continuous,BD2,C:\TCC\Reproduzir_artigo\data\GUITAR-FX\Mono_Continuous\Audio\BD2\G91-40100-BD2-G6.5T7.9-21061.wav
-14.88784599,-1.08083963,Mono_Continuous,BD2,C:\TCC\Reproduzir_artigo\data\GUITAR-FX\Mono_Continuous\Audio\BD2\G91-44104-BD2-G8.5T2.7-21065.wav
-14.81118488,2.02075696,Mono_Continuous,BD2,C:\TCC\Reproduzir_artigo\data\GUITAR-FX\Mono_Continuous\Audio\BD2\G91-46106-BD2-G5.6T4.4-21067.wav
-12.50611210,-1.45999539,Mono_Continuous,BD2,C:\TCC\Reproduzir_artigo\data\GUITAR-FX\Mono_Continuous\Audio\BD2\G91-46201-BD2-G7.4T4.4-21075.wav
-12.53446865,-6.06108046,Mono_Continuous,BD2,C:\TCC\Reproduzir_artigo\data\GUITAR-FX\Mono_Continuous\Audio\BD2\G91-47107-BD2-G8.3T8-21068.wav
-12.66457939,-5.33655453,Mono_Continuous,BD2,C:\TCC\Reproduzir_artigo\data\GUITAR-FX\Mono_Continuous\Audio\BD2\G91-47107-BD2-G9.4T9.5-21068.wav
-12.63482666,-0.57828617,Mono_Continuous,BD2,C:\TCC\Reproduzir_artigo\data\GUITAR-FX\Mono_Continuous\Audio\BD2\G91-47202-BD2-G4.6T4.7-21076.wav
-12.52569199,-0.01547331,Mono_Continuous,BD2,C:\TCC\Reproduzir_artigo\data\GUITAR-FX\Mono_Continuous\Audio\BD2\G91-49109-BD2-G6.5T4.6-21070.wav
-6.22257757,-4.25773668,Mono_Continuous,BD2,C:\TCC\Reproduzir_artigo\data\GUITAR-FX\Mono_Continuous\Audio\BD2\G91-52207-BD2-G7.4T6.5-21081.wav
-7.06197691,3.63591576,Mono_Continuous,BD2,C:\TCC\Reproduzir_artigo\data\GUITAR-FX\Mono_Continuous\Audio\BD2\G91-53303-BD2-G3.1T3-21090.wav
-4.70597029,-3.43814731,Mono_Continuous,BD2,C:\TCC\Reproduzir_artigo\data\GUITAR-FX\Mono_Continuous\Audio\BD2\G91-55210-BD2-G7.7T8.5-21084.wav
3.44987416,-4.48285675,Mono_Continuous,BD2,C:\TCC\Reproduzir_artigo\data\GUITAR-FX\Mono_Continuous\Audio\BD2\G91-59309-BD2-G8.5T7.7-21096.wav
0.14250991,-9.73059654,Mono_Continuous,BD2,C:\TCC\Reproduzir_artigo\data\GUITAR-FX\Mono_Continuous\Audio\BD2\G91-59404-BD2-G9.2T4.2-21104.wav
1.03845203,6.79575777,Mono_Continuous,BD2,C:\TCC\Reproduzir_artigo\data\GUITAR-FX\Mono_Continuous\Audio\BD2\G91-61311-BD2-G3.3T0.7-21098.wav
11.33439445,-4.47172594,Mono_Continuous,BD2,C:\TCC\Reproduzir_artigo\data\GUITAR-FX\Mono_Continuous\Audio\BD2\G91-64505-BD2-G7.1T9.5-21118.wav
8.11937523,3.32802320,Mono_Continuous,BD2,C:\TCC\Reproduzir_artigo\data\GUITAR-FX\Mono_Continuous\Audio\BD2\G91-67412-BD2-G2.6T5.6-21112.wav
9.71896172,0.20451339,Mono_Continuous,BD2,C:\TCC\Reproduzir_artigo\data\GUITAR-FX\Mono_Continuous\Audio\BD2\G91-67412-BD2-G5.9T6-21112.wav
9.53888988,-0.24025790,Mono_Continuous,BD2,C:\TCC\Reproduzir_artigo\data\GUITAR-FX\Mono_Continuous\Audio\BD2\G91-67412-BD2-G7.8T6.8-21112.wav
13.94511414,0.44181323,Mono_Continuous,BD2,C:\TCC\Reproduzir_artigo\data\GUITAR-FX\Mono_Continuous\Audio\BD2\G91-67603-BD2-G6.9T5.1-21129.wav
14.31763840,-0.37696981,Mono_Continuous,BD2,C:\TCC\Reproduzir_artigo\data\GUITAR-FX\Mono_Continuous\Audio\BD2\G91-67603-BD2-G7.3T7.8-21129.wav
15.61164665,1.76862955,Mono_Continuous,BD2,C:\TCC\Reproduzir_artigo\data\GUITAR-FX\Mono_Continuous\Audio\BD2\G91-70606-BD2-G6.4T0.5-21132.wav
15.94723988,0.40492758,Mono_Continuous,BD2,C:\TCC\Reproduzir_artigo\data\GUITAR-FX\Mono_Continuous\Audio\BD2\G91-71607-BD2-G5.6T9.7-21133.wav
-12.73498344,-1.05787492,Mono_Continuous,BD2,C:\TCC\Reproduzir_artigo\data\GUITAR-FX\Mono_Continuous\Audio\BD2\G93-42102-BD2-G2.4T3.1-21141.wav
-10.96504402,-6.07156563,Mono_Continuous,BD2,C:\TCC\Reproduzir_artigo\data\GUITAR-FX\Mono_Continuous\Audio\BD2\G93-42102-BD2-G5.5T0.2-21141.wav
-9.96728516,-8.99510002,Mono_Continuous,BD2,C:\TCC\Reproduzir_artigo\data\GUITAR-FX\Mono_Continuous\Audio\BD2\G93-45200-BD2-G9T6.1-21152.wav
-11.62187004,-2.92721558,Mono_Continuous,BD2,C:\TCC\Reproduzir_artigo\data\GUITAR-FX\Mono_Continuous\Audio\BD2\G93-46106-BD2-G6.4T5.3-21145.wav
-12.02009583,-6.32295513,Mono_Continuous,BD2,C:\TCC\Reproduzir_artigo\data\GUITAR-FX\Mono_Continuous\Audio\BD2\G93-46106-BD2-G9.5T0.3-21145.wav
-9.78855705,-1.76424158,Mono_Continuous,BD2,C:\TCC\Reproduzir_artigo\data\GUITAR-FX\Mono_Continuous\Audio\BD2\G93-47202-BD2-G3.1T7.2-21154.wav
-4.06829453,-12.11471176,Mono_Continuous,BD2,C:\TCC\Reproduzir_artigo\data\GUITAR-FX\Mono_Continuous\Audio\BD2\G93-48203-BD2-G9.4T6.7-21155.wav
-10.12063313,1.21016133,Mono_Continuous,BD2,C:\TCC\Reproduzir_artigo\data\GUITAR-FX\Mono_Continuous\Audio\BD2\G93-49109-BD2-G2T0.3-21148.wav
-8.61218548,-7.80151796,Mono_Continuous,BD2,C:\TCC\Reproduzir_artigo\data\GUITAR-FX\Mono_Continuous\Audio\BD2\G93-51206-BD2-G8.7T3.9-21158.wav
-3.71359444,-5.36130238,Mono_Continuous,BD2,C:\TCC\Reproduzir_artigo\data\GUITAR-FX\Mono_Continuous\Audio\BD2\G93-51301-BD2-G3.2T7.6-21166.wav
-6.58369493,-4.32670498,Mono_Continuous,BD2,C:\TCC\Reproduzir_artigo\data\GUITAR-FX\Mono_Continuous\Audio\BD2\G93-52207-BD2-G7.5T1.2-21159.wav
-3.80586720,-5.84096766,Mono_Continuous,BD2,C:\TCC\Reproduzir_artigo\data\GUITAR-FX\Mono_Continuous\Audio\BD2\G93-53303-BD2-G5.7T6.9-21168.wav
-2.44114947,-7.09108019,Mono_Continuous,BD2,C:\TCC\Reproduzir_artigo\data\GUITAR-FX\Mono_Continuous\Audio\BD2\G93-54304-BD2-G6.5T9.7-21169.wav
-6.31929445,-6.86413765,Mono_Continuous,BD2,C:\TCC\Reproduzir_artigo\data\GUITAR-FX\Mono_Continuous\Audio\BD2\G93-54304-BD2-G8.8T7.5-21169.wav
-3.13415098,-6.49832964,Mono_Continuous,BD2,C:\TCC\Reproduzir_artigo\data\GUITAR-FX\Mono_Continuous\Audio\BD2\G93-55305-BD2-G6.9T8.2-21170.wav
-3.93738675,5.57603359,Mono_Continuous,BD2,C:\TCC\Reproduzir_artigo\data\GUITAR-FX\Mono_Continuous\Audio\BD2\G93-57307-BD2-G3T5.7-21172.wav
2.27507663,1.33057559,Mono_Continuous,BD2,C:\TCC\Reproduzir_artigo\data\GUITAR-FX\Mono_Continuous\Audio\BD2\G93-58308-BD2-G2.8T4.6-21173.wav
-0.15396018,-5.77181196,Mono_Continuous,BD2,C:\TCC\Reproduzir_artigo\data\GUITAR-FX\Mono_Continuous\Audio\BD2\G93-59309-BD2-G7.9T1.6-21174.wav
3.95928073,0.46717858,Mono_Continuous,BD2,C:\TCC\Reproduzir_artigo\data\GUITAR-FX\Mono_Continuous\Audio\BD2\G93-61311-BD2-G3.1T1.9-21176.wav
5.82911062,-4.61794281,Mono_Continuous,BD2,C:\TCC\Reproduzir_artigo\data\GUITAR-FX\Mono_Continuous\Audio\BD2\G93-61311-BD2-G7T1.8-21176.wav
1.42591715,-4.29501009,Mono_Continuous,BD2,C:\TCC\Reproduzir_artigo\data\GUITAR-FX\Mono_Continuous\Audio\BD2\G93-62407-BD2-G9.8T0.5-21185.wav
7.03219700,-6.93289995,Mono_Continuous,BD2,C:\TCC\Reproduzir_artigo\data\GUITAR-FX\Mono_Continuous\Audio\BD2\G93-63408-BD2-G9.6T9.1-21186.wav
10.33589172,2.25629735,Mono_Continuous,BD2,C:\TCC\Reproduzir_artigo\data\GUITAR-FX\Mono_Continuous\Audio\BD2\G93-65506-BD2-G4.7T7.7-21197.wav
8.87689686,0.46741533,Mono_Continuous,BD2,C:\TCC\Reproduzir_artigo\data\GUITAR-FX\Mono_Continuous\Audio\BD2\G93-66411-BD2-G3T3-21189.wav
13.63603592,2.21089005,Mono_Continuous,BD2,C:\TCC\Reproduzir_artigo\data\GUITAR-FX\Mono_Continuous\Audio\BD2\G93-66602-BD2-G2.6T1.2-21206.wav
11.96257496,0.65217131,Mono_Continuous,BD2,C:\TCC\Reproduzir_artigo\data\GUITAR-FX\Mono_Continuous\Audio\BD2\G93-67508-BD2-G6.8T0.1-21199.wav
9.53180790,6.76600170,Mono_Continuous,BD2,C:\TCC\Reproduzir_artigo\data\GUITAR-FX\Mono_Continuous\Audio\BD2\G93-68509-BD2-G3.4T0.4-21200.wav
10.77425480,5.08809423,Mono_Continuous,BD2,C:\TCC\Reproduzir_artigo\data\GUITAR-FX\Mono_Continuous\Audio\BD2\G93-68509-BD2-G3.6T4.1-21200.wav
11.20361137,2.70698166,Mono_Continuous,BD2,C:\TCC\Reproduzir_artigo\data\GUITAR-FX\Mono_Continuous\Audio\BD2\G93-68509-BD2-G6.2T3-21200.wav
14.04727364,1.36080813,Mono_Continuous,BD2,C:\TCC\Reproduzir_artigo\data\GUITAR-FX\Mono_Continuous\Audio\BD2\G93-68604-BD2-G4.2T2.3-21208.wav
15.75374794,1.95241618,Mono_Continuous,BD2,C:\TCC\Reproduzir_artigo\data\GUITAR-FX\Mono_Continuous\Audio\BD2\G93-70606-BD2-G5.2T6.3-21210.wav
13.12025833,1.35179257,Mono_Continuous,BD2,C:\TCC\Reproduzir_artigo\data\GUITAR-FX\Mono_Continuous\Audio\BD2\G93-71512-BD2-G3.9T7.4-21203.wav
13.49229145,1.42243266,Mono_Continuous,BD2,C:\TCC\Reproduzir_artigo\data\GUITAR-FX\Mono_Continuous\Audio\BD2\G93-71512-BD2-G6.4T2-21203.wav
12.37939167,5.27758121,Mono_Continuous,BD2,C:\TCC\Reproduzir_artigo\data\GUITAR-FX\Mono_Continuous\Audio\BD2\G93-74610-BD2-G3.5T3.8-21214.wav
-13.73515034,-0.93504822,Mono_Continuous,BMF,C:\TCC\Reproduzir_artigo\data\GUITAR-FX\Mono_Continuous\Audio\BMF\G61-41101-BMF-S2.5T0.3-20594.wav
-14.63138294,-3.12819290,Mono_Continuous,BMF,C:\TCC\Reproduzir_artigo\data\GUITAR-FX\Mono_Continuous\Audio\BMF\G61-42102-BMF-S6.6T1-20595.wav
-15.77963257,-2.89366531,Mono_Continuous,BMF,C:\TCC\Reproduzir_artigo\data\GUITAR-FX\Mono_Continuous\Audio\BMF\G61-43103-BMF-S8.8T4.4-20596.wav
-6.72021627,-7.67738485,Mono_Continuous,BMF,C:\TCC\Reproduzir_artigo\data\GUITAR-FX\Mono_Continuous\Audio\BMF\G61-46106-BMF-S7.2T9.7-20599.wav
-8.41209793,-7.34150362,Mono_Continuous,BMF,C:\TCC\Reproduzir_artigo\data\GUITAR-FX\Mono_Continuous\Audio\BMF\G61-46106-BMF-S9.3T8.2-20599.wav
-13.27242947,-3.18667006,Mono_Continuous,BMF,C:\TCC\Reproduzir_artigo\data\GUITAR-FX\Mono_Continuous\Audio\BMF\G61-46201-BMF-S5.7T3.7-20607.wav
-10.94936371,-0.27354634,Mono_Continuous,BMF,C:\TCC\Reproduzir_artigo\data\GUITAR-FX\Mono_Continuous\Audio\BMF\G61-47107-BMF-S6.1T1.5-20600.wav
-11.04129028,-1.00862765,Mono_Continuous,BMF,C:\TCC\Reproduzir_artigo\data\GUITAR-FX\Mono_Continuous\Audio\BMF\G61-47107-BMF-S6.5T3-20600.wav
-8.86177254,-3.94513512,Mono_Continuous,BMF,C:\TCC\Reproduzir_artigo\data\GUITAR-FX\Mono_Continuous\Audio\BMF\G61-47107-BMF-S6.8T6.4-20600.wav
-8.27251625,-3.69311810,Mono_Continuous,BMF,C:\TCC\Reproduzir_artigo\data\GUITAR-FX\Mono_Continuous\Audio\BMF\G61-48203-BMF-S6.8T5.2-20609.wav
-4.95385981,-0.40466204,Mono_Continuous,BMF,C:\TCC\Reproduzir_artigo\data\GUITAR-FX\Mono_Continuous\Audio\BMF\G61-51206-BMF-S4.8T2.7-20612.wav
-7.05026531,-3.40793872,Mono_Continuous,BMF,C:\TCC\Reproduzir_artigo\data\GUITAR-FX\Mono_Continuous\Audio\BMF\G61-52112-BMF-S9.2T7.4-20605.wav
-6.96093750,2.02662015,Mono_Continuous,BMF,C:\TCC\Reproduzir_artigo\data\GUITAR-FX\Mono_Continuous\Audio\BMF\G61-55210-BMF-S5T0-20616.wav
0.38176289,-5.23222160,Mono_Continuous,BMF,C:\TCC\Reproduzir_artigo\data\GUITAR-FX\Mono_Continuous\Audio\BMF\G61-55305-BMF-S7.2T8.8-20624.wav
-4.52742958,2.94279099,Mono_Continuous,BMF,C:\TCC\Reproduzir_artigo\data\GUITAR-FX\Mono_Continuous\Audio\BMF\G61-57212-BMF-S6.5T0.1-20618.wav
-2.36829972,-2.75488758,Mono_Continuous,BMF,C:\TCC\Reproduzir_artigo\data\GUITAR-FX\Mono_Continuous\Audio\BMF\G61-59500-BMF-S5.2T4.7-20645.wav
5.33649540,0.10758664,Mono_Continuous,BMF,C:\TCC\Reproduzir_artigo\data\GUITAR-FX\Mono_Continuous\Audio\BMF\G61-61406-BMF-S4.3T1.3-20638.wav
8.03720474,-4.59450531,Mono_Continuous,BMF,C:\TCC\Reproduzir_artigo\data\GUITAR-FX\Mono_Continuous\Audio\BMF\G61-63408-BMF-S6.4T7.2-20640.wav
7.61765289,-0.71316868,Mono_Continuous,BMF,C:\TCC\Reproduzir_artigo\data\GUITAR-FX\Mono_Continuous\Audio\BMF\G61-64505-BMF-S3.9T3.3-20650.wav
8.69680882,3.34967494,Mono_Continuous,BMF,C:\TCC\Reproduzir_artigo\data\GUITAR-FX\Mono_Continuous\Audio\BMF\G61-64600-BMF-S7.7T0.3-20658.wav
8.87339973,3.18541241,Mono_Continuous,BMF,C:\TCC\Reproduzir_artigo\data\GUITAR-FX\Mono_Continuous\Audio\BMF\G61-68509-BMF-S4.9T2.6-20654.wav
13.17712116,1.23068905,Mono_Continuous,BMF,C:\TCC\Reproduzir_artigo\data\GUITAR-FX\Mono_Continuous\Audio\BMF\G61-68604-BMF-S9.9T3.3-20662.wav
14.19917583,1.75113821,Mono_Continuous,BMF,C:\TCC\Reproduzir_artigo\data\GUITAR-FX\Mono_Continuous\Audio\BMF\G61-69605-BMF-S5.4T7.4-20663.wav
12.33717728,4.95241022,Mono_Continuous,BMF,C:\TCC\Reproduzir_artigo\data\GUITAR-FX\Mono_Continuous\Audio\BMF\G61-75611-BMF-S3.1T0.9-20669.wav
15.07913876,1.66568995,Mono_Continuous,BMF,C:\TCC\Reproduzir_artigo\data\GUITAR-FX\Mono_Continuous\Audio\BMF\G61-75611-BMF-S5.7T4.8-20669.wav
-15.67574883,-3.22731471,Mono_Continuous,BMF,C:\TCC\Reproduzir_artigo\data\GUITAR-FX\Mono_Continuous\Audio\BMF\G63-41101-BMF-S4.2T4.8-20672.wav
-16.14774895,-6.29252005,Mono_Continuous,BMF,C:\TCC\Reproduzir_artigo\data\GUITAR-FX\Mono_Continuous\Audio\BMF\G63-43103-BMF-S7.5T7.4-20674.wav
-15.40376854,-6.02004480,Mono_Continuous,BMF,C:\TCC\Reproduzir_artigo\data\GUITAR-FX\Mono_Continuous\Audio\BMF\G63-44104-BMF-S6.5T5.3-20675.wav
-14.01741791,-4.04987812,Mono_Continuous,BMF,C:\TCC\Reproduzir_artigo\data\GUITAR-FX\Mono_Continuous\Audio\BMF\G63-45200-BMF-S5.5T3-20684.wav
-13.44888592,-3.91401052,Mono_Continuous,BMF,C:\TCC\Reproduzir_artigo\data\GUITAR-FX\Mono_Continuous\Audio\BMF\G63-46201-BMF-S6.1T3.7-20685.wav
-11.70117950,-4.21733618,Mono_Continuous,BMF,C:\TCC\Reproduzir_artigo\data\GUITAR-FX\Mono_Continuous\Audio\BMF\G63-48108-BMF-S6.5T2.3-20679.wav
-10.88887596,-3.85888481,Mono_Continuous,BMF,C:\TCC\Reproduzir_artigo\data\GUITAR-FX\Mono_Continuous\Audio\BMF\G63-48203-BMF-S8.1T5.4-20687.wav
-11.20411301,-4.74069834,Mono_Continuous,BMF,C:\TCC\Reproduzir_artigo\data\GUITAR-FX\Mono_Continuous\Audio\BMF\G63-50110-BMF-S5T8.7-20681.wav
-11.43478489,-1.57708156,Mono_Continuous,BMF,C:\TCC\Reproduzir_artigo\data\GUITAR-FX\Mono_Continuous\Audio\BMF\G63-50205-BMF-S5.1T0.4-20689.wav
-8.13265419,-6.07205296,Mono_Continuous,BMF,C:\TCC\Reproduzir_artigo\data\GUITAR-FX\Mono_Continuous\Audio\BMF\G63-51206-BMF-S7.9T3.3-20690.wav
-5.32355165,-1.81821692,Mono_Continuous,BMF,C:\TCC\Reproduzir_artigo\data\GUITAR-FX\Mono_Continuous\Audio\BMF\G63-54209-BMF-S2.1T5.5-20693.wav
-6.75472641,-5.94596338,Mono_Continuous,BMF,C:\TCC\Reproduzir_artigo\data\GUITAR-FX\Mono_Continuous\Audio\BMF\G63-54304-BMF-S7.2T3.6-20701.wav
-4.95151329,-4.22484016,Mono_Continuous,BMF,C:\TCC\Reproduzir_artigo\data\GUITAR-FX\Mono_Continuous\Audio\BMF\G63-55305-BMF-S9.8T4.4-20702.wav
-4.85876322,-4.06426382,Mono_Continuous,BMF,C:\TCC\Reproduzir_artigo\data\GUITAR-FX\Mono_Continuous\Audio\BMF\G63-56401-BMF-S5.1T1.5-20711.wav
-1.58884072,-0.35167286,Mono_Continuous,BMF,C:\TCC\Reproduzir_artigo\data\GUITAR-FX\Mono_Continuous\Audio\BMF\G63-57212-BMF-S8T5.4-20696.wav
-1.23914993,-1.66301692,Mono_Continuous,BMF,C:\TCC\Reproduzir_artigo\data\GUITAR-FX\Mono_Continuous\Audio\BMF\G63-57212-BMF-S9.3T6.4-20696.wav
-0.93015391,0.46005997,Mono_Continuous,BMF,C:\TCC\Reproduzir_artigo\data\GUITAR-FX\Mono_Continuous\Audio\BMF\G63-58308-BMF-S3.6T5.8-20705.wav
0.02939028,0.65018779,Mono_Continuous,BMF,C:\TCC\Reproduzir_artigo\data\GUITAR-FX\Mono_Continuous\Audio\BMF\G63-59309-BMF-S7.3T5-20706.wav
-0.91977888,0.64395303,Mono_Continuous,BMF,C:\TCC\Reproduzir_artigo\data\GUITAR-FX\Mono_Continuous\Audio\BMF\G63-59500-BMF-S4.2T1.1-20723.wav
3.91094637,2.14175797,Mono_Continuous,BMF,C:\TCC\Reproduzir_artigo\data\GUITAR-FX\Mono_Continuous\Audio\BMF\G63-60310-BMF-S2.8T3.4-20707.wav
3.56386113,0.75826514,Mono_Continuous,BMF,C:\TCC\Reproduzir_artigo\data\GUITAR-FX\Mono_Continuous\Audio\BMF\G63-60310-BMF-S8.4T3-20707.wav
-0.28754976,-0.90540206,Mono_Continuous,BMF,C:\TCC\Reproduzir_artigo\data\GUITAR-FX\Mono_Continuous\Audio\BMF\G63-60405-BMF-S10T1.9-20715.wav
-0.96893197,-0.25577372,Mono_Continuous,BMF,C:\TCC\Reproduzir_artigo\data\GUITAR-FX\Mono_Continuous\Audio\BMF\G63-60405-BMF-S8.1T2.2-20715.wav
9.94168472,-5.82098293,Mono_Continuous,BMF,C:\TCC\Reproduzir_artigo\data\GUITAR-FX\Mono_Continuous\Audio\BMF\G63-61502-BMF-S5.9T8.9-20725.wav
6.57257271,-1.83149815,Mono_Continuous,BMF,C:\TCC\Reproduzir_artigo\data\GUITAR-FX\Mono_Continuous\Audio\BMF\G63-62503-BMF-S7.6T2.7-20726.wav
7.25510454,-0.49226111,Mono_Continuous,BMF,C:\TCC\Reproduzir_artigo\data\GUITAR-FX\Mono_Continuous\Audio\BMF\G63-63504-BMF-S4.9T1.1-20727.wav
6.72356462,3.10387063,Mono_Continuous,BMF,C:\TCC\Reproduzir_artigo\data\GUITAR-FX\Mono_Continuous\Audio\BMF\G63-64409-BMF-S5.2T2.6-20719.wav
10.08159447,2.59177828,Mono_Continuous,BMF,C:\TCC\Reproduzir_artigo\data\GUITAR-FX\Mono_Continuous\Audio\BMF\G63-64505-BMF-S3.4T3.4-20728.wav
8.83013058,2.28238010,Mono_Continuous,BMF,C:\TCC\Reproduzir_artigo\data\GUITAR-FX\Mono_Continuous\Audio\BMF\G63-64505-BMF-S9.2T2.7-20728.wav
12.50805092,-3.48182297,Mono_Continuous,BMF,C:\TCC\Reproduzir_artigo\data\GUITAR-FX\Mono_Continuous\Audio\BMF\G63-64600-BMF-S6.4T6.2-20736.wav
8.54150581,2.59199929,Mono_Continuous,BMF,C:\TCC\Reproduzir_artigo\data\GUITAR-FX\Mono_Continuous\Audio\BMF\G63-67508-BMF-S5.1T9.3-20731.wav
6.46425867,5.13937712,Mono_Continuous,BMF,C:\TCC\Reproduzir_artigo\data\GUITAR-FX\Mono_Continuous\Audio\BMF\G63-67603-BMF-S4.5T0.2-20739.wav
6.86571884,3.65256119,Mono_Continuous,BMF,C:\TCC\Reproduzir_artigo\data\GUITAR-FX\Mono_Continuous\Audio\BMF\G63-67603-BMF-S9.4T0.3-20739.wav
11.01841831,1.16307712,Mono_Continuous,BMF,C:\TCC\Reproduzir_artigo\data\GUITAR-FX\Mono_Continuous\Audio\BMF\G63-68509-BMF-S7.7T7.1-20732.wav
13.39872551,1.82478786,Mono_Continuous,BMF,C:\TCC\Reproduzir_artigo\data\GUITAR-FX\Mono_Continuous\Audio\BMF\G63-69605-BMF-S7.6T7.2-20741.wav
13.39640141,3.74173784,Mono_Continuous,BMF,C:\TCC\Reproduzir_artigo\data\GUITAR-FX\Mono_Continuous\Audio\BMF\G63-70606-BMF-S9.6T5.3-20742.wav
8.35883713,7.76362991,Mono_Continuous,BMF,C:\TCC\Reproduzir_artigo\data\GUITAR-FX\Mono_Continuous\Audio\BMF\G63-72608-BMF-S7.3T0.6-20744.wav
13.80138779,3.25602984,Mono_Continuous,BMF,C:\TCC\Reproduzir_artigo\data\GUITAR-FX\Mono_Continuous\Audio\BMF\G63-73609-BMF-S3.1T8.4-20745.wav
11.42307758,8.06947899,Mono_Continuous,BMF,C:\TCC\Reproduzir_artigo\data\GUITAR-FX\Mono_Continuous\Audio\BMF\G63-74610-BMF-S2.5T4.2-20746.wav
13.88607216,4.26362896,Mono_Continuous,BMF,C:\TCC\Reproduzir_artigo\data\GUITAR-FX\Mono_Continuous\Audio\BMF\G63-75611-BMF-S2.8T1.6-20747.wav
-15.06571484,-5.52796459,Mono_Continuous,BMF,C:\TCC\Reproduzir_artigo\data\GUITAR-FX\Mono_Continuous\Audio\BMF\G71-40100-BMF-S2.8T6.9-20749.wav
-11.74119282,-8.34722805,Mono_Continuous,BMF,C:\TCC\Reproduzir_artigo\data\GUITAR-FX\Mono_Continuous\Audio\BMF\G71-41101-BMF-S7.1T9-20750.wav
-15.33933353,-5.88494825,Mono_Continuous,BMF,C:\TCC\Reproduzir_artigo\data\GUITAR-FX\Mono_Continuous\Audio\BMF\G71-42102-BMF-S3.9T8.5-20751.wav
-14.85040855,-7.66673183,Mono_Continuous,BMF,C:\TCC\Reproduzir_artigo\data\GUITAR-FX\Mono_Continuous\Audio\BMF\G71-42102-BMF-S7.5T8.7-20751.wav
-13.62614441,-4.88626385,Mono_Continuous,BMF,C:\TCC\Reproduzir_artigo\data\GUITAR-FX\Mono_Continuous\Audio\BMF\G71-47107-BMF-S2.8T4.5-20756.wav
-10.53118038,-7.89506292,Mono_Continuous,BMF,C:\TCC\Reproduzir_artigo\data\GUITAR-FX\Mono_Continuous\Audio\BMF\G71-48108-BMF-S7.4T6-20757.wav
-10.26130199,-5.41240835,Mono_Continuous,BMF,C:\TCC\Reproduzir_artigo\data\GUITAR-FX\Mono_Continuous\Audio\BMF\G71-48203-BMF-S8.5T0.1-20765.wav
-7.88325548,-3.45234442,Mono_Continuous,BMF,C:\TCC\Reproduzir_artigo\data\GUITAR-FX\Mono_Continuous\Audio\BMF\G71-51206-BMF-S8.3T2-20768.wav
-10.12569523,-1.02929020,Mono_Continuous,BMF,C:\TCC\Reproduzir_artigo\data\GUITAR-FX\Mono_Continuous\Audio\BMF\G71-52112-BMF-S3.9T4.7-20761.wav
-9.08845711,-4.54637241,Mono_Continuous,BMF,C:\TCC\Reproduzir_artigo\data\GUITAR-FX\Mono_Continuous\Audio\BMF\G71-52207-BMF-S9.3T4.5-20769.wav
-7.87519264,-2.43550754,Mono_Continuous,BMF,C:\TCC\Reproduzir_artigo\data\GUITAR-FX\Mono_Continuous\Audio\BMF\G71-52302-BMF-S7.1T2-20777.wav
-6.57973433,-4.93447781,Mono_Continuous,BMF,C:\TCC\Reproduzir_artigo\data\GUITAR-FX\Mono_Continuous\Audio\BMF\G71-54304-BMF-S4.1T3.5-20779.wav
-4.63684988,-4.34758139,Mono_Continuous,BMF,C:\TCC\Reproduzir_artigo\data\GUITAR-FX\Mono_Continuous\Audio\BMF\G71-55210-BMF-S5.6T5.9-20772.wav
-4.40163183,-2.81577969,Mono_Continuous,BMF,C:\TCC\Reproduzir_artigo\data\GUITAR-FX\Mono_Continuous\Audio\BMF\G71-55305-BMF-S5.7T3.8-20780.wav
-1.28989887,-9.05078602,Mono_Continuous,BMF,C:\TCC\Reproduzir_artigo\data\GUITAR-FX\Mono_Continuous\Audio\BMF\G71-56401-BMF-S8.1T4.5-20789.wav
-5.58380890,-2.21472478,Mono_Continuous,BMF,C:\TCC\Reproduzir_artigo\data\GUITAR-FX\Mono_Continuous\Audio\BMF\G71-57212-BMF-S5.1T7.6-20774.wav
-1.70365715,2.58883190,Mono_Continuous,BMF,C:\TCC\Reproduzir_artigo\data\GUITAR-FX\Mono_Continuous\Audio\BMF\G71-60310-BMF-S4.8T0.8-20785.wav
-0.94792956,1.35132694,Mono_Continuous,BMF,C:\TCC\Reproduzir_artigo\data\GUITAR-FX\Mono_Continuous\Audio\BMF\G71-60310-BMF-S8.8T1.3-20785.wav
3.98508930,-5.73672676,Mono_Continuous,BMF,C:\TCC\Reproduzir_artigo\data\GUITAR-FX\Mono_Continuous\Audio\BMF\G71-60405-BMF-S6.2T6.5-20793.wav
5.59550190,-0.95414597,Mono_Continuous,BMF,C:\TCC\Reproduzir_artigo\data\GUITAR-FX\Mono_Continuous\Audio\BMF\G71-61311-BMF-S6.5T1.6-20786.wav
7.35647440,-4.72415161,Mono_Continuous,BMF,C:\TCC\Reproduzir_artigo\data\GUITAR-FX\Mono_Continuous\Audio\BMF\G71-61502-BMF-S3.5T4-20803.wav
3.95909572,2.93315315,Mono_Continuous,BMF,C:\TCC\Reproduzir_artigo\data\GUITAR-FX\Mono_Continuous\Audio\BMF\G71-62312-BMF-S2.9T2.3-20787.wav
5.71307802,-0.80447531,Mono_Continuous,BMF,C:\TCC\Reproduzir_artigo\data\GUITAR-FX\Mono_Continuous\Audio\BMF\G71-62503-BMF-S6.2T1.4-20804.wav
7.63298893,-5.72033119,Mono_Continuous,BMF,C:\TCC\Reproduzir_artigo\data\GUITAR-FX\Mono_Continuous\Audio\BMF\G71-63408-BMF-S3.5T8.8-20796.wav
10.07952404,-4.15838861,Mono_Continuous,BMF,C:\TCC\Reproduzir_artigo\data\GUITAR-FX\Mono_Continuous\Audio\BMF\G71-63504-BMF-S8.2T2.7-20805.wav
14.21157455,-2.99809289,Mono_Continuous,BMF,C:\TCC\Reproduzir_artigo\data\GUITAR-FX\Mono_Continuous\Audio\BMF\G71-65601-BMF-S3.3T7.9-20815.wav
12.28020000,-1.80431664,Mono_Continuous,BMF,C:\TCC\Reproduzir_artigo\data\GUITAR-FX\Mono_Continuous\Audio\BMF\G71-66507-BMF-S4.9T6-20808.wav
9.58243275,1.32262826,Mono_Continuous,BMF,C:\TCC\Reproduzir_artigo\data\GUITAR-FX\Mono_Continuous\Audio\BMF\G71-66507-BMF-S7.2T0.4-20808.wav
11.15636826,0.96651012,Mono_Continuous,BMF,C:\TCC\Reproduzir_artigo\data\GUITAR-FX\Mono_Continuous\Audio\BMF\G71-66602-BMF-S5.7T1.8-20816.wav
6.90487909,4.55357027,Mono_Continuous,BMF,C:\TCC\Reproduzir_artigo\data\GUITAR-FX\Mono_Continuous\Audio\BMF\G71-67412-BMF-S3.3T2.3-20800.wav
12.61768913,2.12168026,Mono_Continuous,BMF,C:\TCC\Reproduzir_artigo\data\GUITAR-FX\Mono_Continuous\Audio\BMF\G71-68604-BMF-S9.8T2.2-20818.wav
12.91213894,5.74423313,Mono_Continuous,BMF,C:\TCC\Reproduzir_artigo\data\GUITAR-FX\Mono_Continuous\Audio\BMF\G71-69605-BMF-S5.2T0.6-20819.wav
16.45041466,1.80357373,Mono_Continuous,BMF,C:\TCC\Reproduzir_artigo\data\GUITAR-FX\Mono_Continuous\Audio\BMF\G71-70606-BMF-S2.4T7.8-20820.wav
14.55449486,-0.94567770,Mono_Continuous,BMF,C:\TCC\Reproduzir_artigo\data\GUITAR-FX\Mono_Continuous\Audio\BMF\G71-71512-BMF-S8.7T3.8-20813.wav
14.10357285,-0.55222559,Mono_Continuous,BMF,C:\TCC\Reproduzir_artigo\data\GUITAR-FX\Mono_Continuous\Audio\BMF\G71-71607-BMF-S5T2.5-20821.wav
13.80500698,-0.32978287,Mono_Continuous,BMF,C:\TCC\Reproduzir_artigo\data\GUITAR-FX\Mono_Continuous\Audio\BMF\G71-71607-BMF-S6T1.7-20821.wav
9.76966858,7.66002464,Mono_Continuous,BMF,C:\TCC\Reproduzir_artigo\data\GUITAR-FX\Mono_Continuous\Audio\BMF\G71-73609-BMF-S2.4T1.3-20823.wav
16.65832329,1.31723797,Mono_Continuous,BMF,C:\TCC\Reproduzir_artigo\data\GUITAR-FX\Mono_Continuous\Audio\BMF\G71-75611-BMF-S9.9T4.3-20825.wav
-15.44199181,-4.45007467,Mono_Continuous,BMF,C:\TCC\Reproduzir_artigo\data\GUITAR-FX\Mono_Continuous\Audio\BMF\G73-42102-BMF-S4T0.7-20829.wav
-15.03788662,-5.09418344,Mono_Continuous,BMF,C:\TCC\Reproduzir_artigo\data\GUITAR-FX\Mono_Continuous\Audio\BMF\G73-43103-BMF-S7.2T1-20830.wav
-12.05529118,-4.38223553,Mono_Continuous,BMF,C:\TCC\Reproduzir_artigo\data\GUITAR-FX\Mono_Continuous\Audio\BMF\G73-49109-BMF-S6.5T1.5-20836.wav
-9.95797157,-5.63558531,Mono_Continuous,BMF,C:\TCC\Reproduzir_artigo\data\GUITAR-FX\Mono_Continuous\Audio\BMF\G73-49204-BMF-S2.9T1.7-20844.wav
-9.28037930,-8.23559570,Mono_Continuous,BMF,C:\TCC\Reproduzir_artigo\data\GUITAR-FX\Mono_Continuous\Audio\BMF\G73-49204-BMF-S5.6T5.8-20844.wav
-11.06211853,-5.06725836,Mono_Continuous,BMF,C:\TCC\Reproduzir_artigo\data\GUITAR-FX\Mono_Continuous\Audio\BMF\G73-50110-BMF-S9.1T9.7-20837.wav
-2.68650603,-9.14393139,Mono_Continuous,BMF,C:\TCC\Reproduzir_artigo\data\GUITAR-FX\Mono_Continuous\Audio\BMF\G73-53303-BMF-S6.9T7.6-20856.wav
-6.12117338,-6.16697264,Mono_Continuous,BMF,C:\TCC\Reproduzir_artigo\data\GUITAR-FX\Mono_Continuous\Audio\BMF\G73-54209-BMF-S2.5T3.8-20849.wav
-6.51459312,-4.55723715,Mono_Continuous,BMF,C:\TCC\Reproduzir_artigo\data\GUITAR-FX\Mono_Continuous\Audio\BMF\G73-54304-BMF-S4.4T1.2-20857.wav
-8.71363544,-2.55835533,Mono_Continuous,BMF,C:\TCC\Reproduzir_artigo\data\GUITAR-FX\Mono_Continuous\Audio\BMF\G73-55210-BMF-S3.1T3.9-20850.wav
-3.77347469,-2.33433843,Mono_Continuous,BMF,C:\TCC\Reproduzir_artigo\data\GUITAR-FX\Mono_Continuous\Audio\BMF\G73-56306-BMF-S2.8T2.2-20859.wav
-1.36170828,-6.14607382,Mono_Continuous,BMF,C:\TCC\Reproduzir_artigo\data\GUITAR-FX\Mono_Continuous\Audio\BMF\G73-56306-BMF-S8.3T3.6-20859.wav
-4.12366819,-4.29852915,Mono_Continuous,BMF,C:\TCC\Reproduzir_artigo\data\GUITAR-FX\Mono_Continuous\Audio\BMF\G73-56401-BMF-S3.9T2.6-20867.wav
-0.43873677,-8.05947971,Mono_Continuous,BMF,C:\TCC\Reproduzir_artigo\data\GUITAR-FX\Mono_Continuous\Audio\BMF\G73-56401-BMF-S7.3T9.8-20867.wav
-0.98257065,-8.34981728,Mono_Continuous,BMF,C:\TCC\Reproduzir_artigo\data\GUITAR-FX\Mono_Continuous\Audio\BMF\G73-56401-BMF-S8.8T5.5-20867.wav
1.32131934,-7.77690315,Mono_Continuous,BMF,C:\TCC\Reproduzir_artigo\data\GUITAR-FX\Mono_Continuous\Audio\BMF\G73-57402-BMF-S5T7.6-20868.wav
4.11681986,-8.43941784,Mono_Continuous,BMF,C:\TCC\Reproduzir_artigo\data\GUITAR-FX\Mono_Continuous\Audio\BMF\G73-58308-BMF-S6.1T7-20861.wav
4.26886654,-3.28144813,Mono_Continuous,BMF,C:\TCC\Reproduzir_artigo\data\GUITAR-FX\Mono_Continuous\Audio\BMF\G73-60501-BMF-S8.3T1.3-20880.wav
6.05159473,-3.53352284,Mono_Continuous,BMF,C:\TCC\Reproduzir_artigo\data\GUITAR-FX\Mono_Continuous\Audio\BMF\G73-61406-BMF-S3.4T8-20872.wav
5.59161901,-3.12487698,Mono_Continuous,BMF,C:\TCC\Reproduzir_artigo\data\GUITAR-FX\Mono_Continuous\Audio\BMF\G73-61406-BMF-S4.2T7.2-20872.wav
5.55527401,-3.12012434,Mono_Continuous,BMF,C:\TCC\Reproduzir_artigo\data\GUITAR-FX\Mono_Continuous\Audio\BMF\G73-61406-BMF-S8.4T6.9-20872.wav
4.13940287,-3.79047132,Mono_Continuous,BMF,C:\TCC\Reproduzir_artigo\data\GUITAR-FX\Mono_Continuous\Audio\BMF\G73-62312-BMF-S8.5T7.5-20865.wav
1.03226411,0.21920350,Mono_Continuous,BMF,C:\TCC\Reproduzir_artigo\data\GUITAR-FX\Mono_Continuous\Audio\BMF\G73-62312-BMF-S8.6T2.1-20865.wav
6.87538481,-4.88490438,Mono_Continuous,BMF,C:\TCC\Reproduzir_artigo\data\GUITAR-FX\Mono_Continuous\Audio\BMF\G73-63408-BMF-S6.7T5.5-20874.wav
11.40721512,-3.52808309,Mono_Continuous,BMF,C:\TCC\Reproduzir_artigo\data\GUITAR-FX\Mono_Continuous\Audio\BMF\G73-65601-BMF-S8.7T5.3-20893.wav
8.25093365,0.50133246,Mono_Continuous,BMF,C:\TCC\Reproduzir_artigo\data\GUITAR-FX\Mono_Continuous\Audio\BMF\G73-66411-BMF-S8.3T3-20877.wav
11.99821663,1.17271602,Mono_Continuous,BMF,C:\TCC\Reproduzir_artigo\data\GUITAR-FX\Mono_Continuous\Audio\BMF\G73-67508-BMF-S9.1T9.9-20887.wav
11.51558399,3.70131803,Mono_Continuous,BMF,C:\TCC\Reproduzir_artigo\data\GUITAR-FX\Mono_Continuous\Audio\BMF\G73-69605-BMF-S4.2T3.2-20897.wav
13.54299736,1.76833153,Mono_Continuous,BMF,C:\TCC\Reproduzir_artigo\data\GUITAR-FX\Mono_Continuous\Audio\BMF\G73-70511-BMF-S5.9T5.3-20890.wav
14.19843769,1.32872939,Mono_Continuous,BMF,C:\TCC\Reproduzir_artigo\data\GUITAR-FX\Mono_Continuous\Audio\BMF\G73-71512-BMF-S5.9T5.3-20891.wav
14.21480083,1.51081336,Mono_Continuous,BMF,C:\TCC\Reproduzir_artigo\data\GUITAR-FX\Mono_Continuous\Audio\BMF\G73-71607-BMF-S3.5T7.9-20899.wav
12.44663906,4.93005133,Mono_Continuous,BMF,C:\TCC\Reproduzir_artigo\data\GUITAR-FX\Mono_Continuous\Audio\BMF\G73-73609-BMF-S9.1T9.3-20901.wav
9.99731541,11.02697754,Mono_Continuous,BMF,C:\TCC\Reproduzir_artigo\data\GUITAR-FX\Mono_Continuous\Audio\BMF\G73-74610-BMF-S2.6T4-20902.wav
11.08503723,10.20102310,Mono_Continuous,BMF,C:\TCC\Reproduzir_artigo\data\GUITAR-FX\Mono_Continuous\Audio\BMF\G73-76612-BMF-S2.6T3.1-20904.wav
11.18580723,9.04573536,Mono_Continuous,BMF,C:\TCC\Reproduzir_artigo\data\GUITAR-FX\Mono_Continuous\Audio\BMF\G73-76612-BMF-S4.9T0.1-20904.wav
-12.47654438,-5.67366838,Mono_Continuous,BMF,C:\TCC\Reproduzir_artigo\data\GUITAR-FX\Mono_Continuous\Audio\BMF\G81-40100-BMF-S6.2T9.8-20905.wav
-14.34310055,-3.58259964,Mono_Continuous,BMF,C:\TCC\Reproduzir_artigo\data\GUITAR-FX\Mono_Continuous\Audio\BMF\G81-41101-BMF-S7.9T4.5-20906.wav
-9.71905327,-4.27182770,Mono_Continuous,BMF,C:\TCC\Reproduzir_artigo\data\GUITAR-FX\Mono_Continuous\Audio\BMF\G81-45105-BMF-S8T9.1-20910.wav
-12.11168861,-1.35694408,Mono_Continuous,BMF,C:\TCC\Reproduzir_artigo\data\GUITAR-FX\Mono_Continuous\Audio\BMF\G81-47107-BMF-S10T1.5-20912.wav
-8.15819931,3.68794084,Mono_Continuous,BMF,C:\TCC\Reproduzir_artigo\data\GUITAR-FX\Mono_Continuous\Audio\BMF\G81-52302-BMF-S2.1T1.1-20933.wav
-9.63924694,1.00811446,Mono_Continuous,BMF,C:\TCC\Reproduzir_artigo\data\GUITAR-FX\Mono_Continuous\Audio\BMF\G81-53303-BMF-S6.4T1.6-20934.wav
-2.32169247,-6.01632452,Mono_Continuous,BMF,C:\TCC\Reproduzir_artigo\data\GUITAR-FX\Mono_Continuous\Audio\BMF\G81-54304-BMF-S6.7T8.8-20935.wav
-0.56077236,-6.79910040,Mono_Continuous,BMF,C:\TCC\Reproduzir_artigo\data\GUITAR-FX\Mono_Continuous\Audio\BMF\G81-56401-BMF-S7.7T5.2-20945.wav
-5.69288206,1.58580780,Mono_Continuous,BMF,C:\TCC\Reproduzir_artigo\data\GUITAR-FX\Mono_Continuous\Audio\BMF\G81-57212-BMF-S7.9T4.8-20930.wav
-4.65932417,0.27784568,Mono_Continuous,BMF,C:\TCC\Reproduzir_artigo\data\GUITAR-FX\Mono_Continuous\Audio\BMF\G81-57402-BMF-S5.2T0.3-20946.wav
-1.45850992,1.34102869,Mono_Continuous,BMF,C:\TCC\Reproduzir_artigo\data\GUITAR-FX\Mono_Continuous\Audio\BMF\G81-59500-BMF-S4T0.3-20957.wav
5.05088186,-1.45039666,Mono_Continuous,BMF,C:\TCC\Reproduzir_artigo\data\GUITAR-FX\Mono_Continuous\Audio\BMF\G81-60310-BMF-S2.3T7.9-20941.wav
4.57995987,-1.69414425,Mono_Continuous,BMF,C:\TCC\Reproduzir_artigo\data\GUITAR-FX\Mono_Continuous\Audio\BMF\G81-61311-BMF-S3.6T5.6-20942.wav
3.98548007,-1.24972105,Mono_Continuous,BMF,C:\TCC\Reproduzir_artigo\data\GUITAR-FX\Mono_Continuous\Audio\BMF\G81-62312-BMF-S5.2T4.5-20943.wav
4.61516237,-1.36240566,Mono_Continuous,BMF,C:\TCC\Reproduzir_artigo\data\GUITAR-FX\Mono_Continuous\Audio\BMF\G81-62503-BMF-S2.1T5.6-20960.wav
7.78023481,2.46405816,Mono_Continuous,BMF,C:\TCC\Reproduzir_artigo\data\GUITAR-FX\Mono_Continuous\Audio\BMF\G81-64505-BMF-S9.6T1.5-20962.wav
11.31954956,-3.55114269,Mono_Continuous,BMF,C:\TCC\Reproduzir_artigo\data\GUITAR-FX\Mono_Continuous\Audio\BMF\G81-65506-BMF-S6.3T6.1-20963.wav
10.43248653,2.55481768,Mono_Continuous,BMF,C:\TCC\Reproduzir_artigo\data\GUITAR-FX\Mono_Continuous\Audio\BMF\G81-66411-BMF-S2.6T2.2-20955.wav
10.53714371,-0.73994231,Mono_Continuous,BMF,C:\TCC\Reproduzir_artigo\data\GUITAR-FX\Mono_Continuous\Audio\BMF\G81-66411-BMF-S6.9T4.5-20955.wav
13.65754509,-1.17814767,Mono_Continuous,BMF,C:\TCC\Reproduzir_artigo\data\GUITAR-FX\Mono_Continuous\Audio\BMF\G81-66602-BMF-S6.6T8.5-20972.wav
11.75930405,4.67424154,Mono_Continuous,BMF,C:\TCC\Reproduzir_artigo\data\GUITAR-FX\Mono_Continuous\Audio\BMF\G81-69510-BMF-S3.8T0.8-20967.wav
12.19880867,3.57419872,Mono_Continuous,BMF,C:\TCC\Reproduzir_artigo\data\GUITAR-FX\Mono_Continuous\Audio\BMF\G81-70511-BMF-S2T7.2-20968.wav
13.85151482,0.70437980,Mono_Continuous,BMF,C:\TCC\Reproduzir_artigo\data\GUITAR-FX\Mono_Continuous\Audio\BMF\G81-70606-BMF-S4.4T4.1-20976.wav
11.87601471,-0.94430494,Mono_Continuous,BMF,C:\TCC\Reproduzir_artigo\data\GUITAR-FX\Mono_Continuous\Audio\BMF\G81-71512-BMF-S9.1T7.2-20969.wav
11.52083588,7.75551510,Mono_Continuous,BMF,C:\TCC\Reproduzir_artigo\data\GUITAR-FX\Mono_Continuous\Audio\BMF\G81-72608-BMF-S2.7T1.5-20978.wav
16.54951477,0.81931239,Mono_Continuous,BMF,C:\TCC\Reproduzir_artigo\data\GUITAR-FX\Mono_Continuous\Audio\BMF\G81-75611-BMF-S3.8T7.2-20981.wav
11.18525600,7.78753281,Mono_Continuous,BMF,C:\TCC\Reproduzir_artigo\data\GUITAR-FX\Mono_Continuous\Audio\BMF\G81-76612-BMF-S5.7T1.8-20982.wav
-14.75020885,-2.78148413,Mono_Continuous,BMF,C:\TCC\Reproduzir_artigo\data\GUITAR-FX\Mono_Continuous\Audio\BMF\G83-41101-BMF-S2.5T0.6-20984.wav
-7.90765810,-9.35135746,Mono_Continuous,BMF,C:\TCC\Reproduzir_artigo\data\GUITAR-FX\Mono_Continuous\Audio\BMF\G83-41101-BMF-S9.3T9.2-20984.wav
-12.81191635,-3.76725483,Mono_Continuous,BMF,C:\TCC\Reproduzir_artigo\data\GUITAR-FX\Mono_Continuous\Audio\BMF\G83-45200-BMF-S4.7T5.6-20996.wav
-9.80745792,-3.17023158,Mono_Continuous,BMF,C:\TCC\Reproduzir_artigo\data\GUITAR-FX\Mono_Continuous\Audio\BMF\G83-47202-BMF-S7.4T0.3-20998.wav
-8.15388107,-7.34696674,Mono_Continuous,BMF,C:\TCC\Reproduzir_artigo\data\GUITAR-FX\Mono_Continuous\Audio\BMF\G83-48203-BMF-S5.4T6.5-20999.wav
-6.60181618,0.02325910,Mono_Continuous,BMF,C:\TCC\Reproduzir_artigo\data\GUITAR-FX\Mono_Continuous\Audio\BMF\G83-51111-BMF-S2.2T4.5-20994.wav
-4.99822712,-4.15281677,Mono_Continuous,BMF,C:\TCC\Reproduzir_artigo\data\GUITAR-FX\Mono_Continuous\Audio\BMF\G83-51301-BMF-S3.6T3.2-21010.wav
-7.56879807,-2.58576632,Mono_Continuous,BMF,C:\TCC\Reproduzir_artigo\data\GUITAR-FX\Mono_Continuous\Audio\BMF\G83-52112-BMF-S7.5T6.8-20995.wav
-6.38521814,-4.05298901,Mono_Continuous,BMF,C:\TCC\Reproduzir_artigo\data\GUITAR-FX\Mono_Continuous\Audio\BMF\G83-52112-BMF-S8.1T8-20995.wav
-4.79974031,-5.70553303,Mono_Continuous,BMF,C:\TCC\Reproduzir_artigo\data\GUITAR-FX\Mono_Continuous\Audio\BMF\G83-52112-BMF-S8.9T9.2-20995.wav
-8.89687634,-0.52485585,Mono_Continuous,BMF,C:\TCC\Reproduzir_artigo\data\GUITAR-FX\Mono_Continuous\Audio\BMF\G83-52302-BMF-S3.8T0.8-21011.wav
-4.15024090,-7.41985750,Mono_Continuous,BMF,C:\TCC\Reproduzir_artigo\data\GUITAR-FX\Mono_Continuous\Audio\BMF\G83-54209-BMF-S8.7T9-21005.wav
-3.05421925,-6.66844225,Mono_Continuous,BMF,C:\TCC\Reproduzir_artigo\data\GUITAR-FX\Mono_Continuous\Audio\BMF\G83-55400-BMF-S7.3T4.7-21022.wav
-6.05061817,-0.71712679,Mono_Continuous,BMF,C:\TCC\Reproduzir_artigo\data\GUITAR-FX\Mono_Continuous\Audio\BMF\G83-56211-BMF-S6.8T3.5-21007.wav
-4.63783741,-3.64776492,Mono_Continuous,BMF,C:\TCC\Reproduzir_artigo\data\GUITAR-FX\Mono_Continuous\Audio\BMF\G83-57212-BMF-S7T7.1-21008.wav
-0.95044285,-3.45449901,Mono_Continuous,BMF,C:\TCC\Reproduzir_artigo\data\GUITAR-FX\Mono_Continuous\Audio\BMF\G83-57402-BMF-S5.6T7.1-21024.wav
1.27233112,-3.07328796,Mono_Continuous,BMF,C:\TCC\Reproduzir_artigo\data\GUITAR-FX\Mono_Continuous\Audio\BMF\G83-58308-BMF-S7.9T9.2-21017.wav
9.77627850,-6.18432570,Mono_Continuous,BMF,C:\TCC\Reproduzir_artigo\data\GUITAR-FX\Mono_Continuous\Audio\BMF\G83-61502-BMF-S4T8.8-21037.wav
8.52001190,-0.79817611,Mono_Continuous,BMF,C:\TCC\Reproduzir_artigo\data\GUITAR-FX\Mono_Continuous\Audio\BMF\G83-64505-BMF-S8.5T6.5-21040.wav
11.28509331,-3.16627002,Mono_Continuous,BMF,C:\TCC\Reproduzir_artigo\data\GUITAR-FX\Mono_Continuous\Audio\BMF\G83-65506-BMF-S7.6T9-21041.wav
11.85074234,1.52787864,Mono_Continuous,BMF,C:\TCC\Reproduzir_artigo\data\GUITAR-FX\Mono_Continuous\Audio\BMF\G83-67508-BMF-S5.2T8.7-21043.wav
11.70252800,1.82714713,Mono_Continuous,BMF,C:\TCC\Reproduzir_artigo\data\GUITAR-FX\Mono_Continuous\Audio\BMF\G83-68604-BMF-S5.3T3.5-21052.wav
14.84493446,0.75024021,Mono_Continuous,BMF,C:\TCC\Reproduzir_artigo\data\GUITAR-FX\Mono_Continuous\Audio\BMF\G83-69605-BMF-S7T6.9-21053.wav
15.11758709,2.77337170,Mono_Continuous,BMF,C:\TCC\Reproduzir_artigo\data\GUITAR-FX\Mono_Continuous\Audio\BMF\G83-74610-BMF-S9.1T5.6-21058.wav
12.23624420,5.97099352,Mono_Continuous,BMF,C:\TCC\Reproduzir_artigo\data\GUITAR-FX\Mono_Continuous\Audio\BMF\G83-74610-BMF-S9.9T1.3-21058.wav
-13.33106709,-1.69259167,Mono_Continuous,BMF,C:\TCC\Reproduzir_artigo\data\GUITAR-FX\Mono_Continuous\Audio\BMF\G91-41101-BMF-S3.8T2.4-21062.wav
-14.75725365,0.25651297,Mono_Continuous,BMF,C:\TCC\Reproduzir_artigo\data\GUITAR-FX\Mono_Continuous\Audio\BMF\G91-44104-BMF-S8.3T0.1-21065.wav
-14.60905075,-1.18222916,Mono_Continuous,BMF,C:\TCC\Reproduzir_artigo\data\GUITAR-FX\Mono_Continuous\Audio\BMF\G91-44104-BMF-S8.7T3.3-21065.wav
-10.41086292,-6.34941483,Mono_Continuous,BMF,C:\TCC\Reproduzir_artigo\data\GUITAR-FX\Mono_Continuous\Audio\BMF\G91-45200-BMF-S8.9T6-21074.wav
-10.91223431,-4.92579317,Mono_Continuous,BMF,C:\TCC\Reproduzir_artigo\data\GUITAR-FX\Mono_Continuous\Audio\BMF\G91-46106-BMF-S9.2T7.5-21067.wav
-13.04393578,-0.10355993,Mono_Continuous,BMF,C:\TCC\Reproduzir_artigo\data\GUITAR-FX\Mono_Continuous\Audio\BMF\G91-46201-BMF-S2.6T2.5-21075.wav
-12.59466648,-4.19897604,Mono_Continuous,BMF,C:\TCC\Reproduzir_artigo\data\GUITAR-FX\Mono_Continuous\Audio\BMF\G91-47107-BMF-S8.1T5.1-21068.wav
-7.50648260,-7.03061819,Mono_Continuous,BMF,C:\TCC\Reproduzir_artigo\data\GUITAR-FX\Mono_Continuous\Audio\BMF\G91-48203-BMF-S5.8T6.6-21077.wav
-8.21457386,-1.21762216,Mono_Continuous,BMF,C:\TCC\Reproduzir_artigo\data\GUITAR-FX\Mono_Continuous\Audio\BMF\G91-49109-BMF-S8.7T3.1-21070.wav
-8.97448921,1.69908977,Mono_Continuous,BMF,C:\TCC\Reproduzir_artigo\data\GUITAR-FX\Mono_Continuous\Audio\BMF\G91-50205-BMF-S2.8T1.6-21079.wav
-4.44026852,-4.71295834,Mono_Continuous,BMF,C:\TCC\Reproduzir_artigo\data\GUITAR-FX\Mono_Continuous\Audio\BMF\G91-52112-BMF-S9.1T8.9-21073.wav
-8.94185448,-3.76686287,Mono_Continuous,BMF,C:\TCC\Reproduzir_artigo\data\GUITAR-FX\Mono_Continuous\Audio\BMF\G91-52207-BMF-S7.2T4.5-21081.wav
-6.79520845,0.46176675,Mono_Continuous,BMF,C:\TCC\Reproduzir_artigo\data\GUITAR-FX\Mono_Continuous\Audio\BMF\G91-55210-BMF-S4.1T4.8-21084.wav
-2.69644976,-4.39225388,Mono_Continuous,BMF,C:\TCC\Reproduzir_artigo\data\GUITAR-FX\Mono_Continuous\Audio\BMF\G91-55305-BMF-S3.5T8.1-21092.wav
-4.76111269,-6.11651707,Mono_Continuous,BMF,C:\TCC\Reproduzir_artigo\data\GUITAR-FX\Mono_Continuous\Audio\BMF\G91-55400-BMF-S6.8T0.5-21100.wav
-4.21083260,-6.58296680,Mono_Continuous,BMF,C:\TCC\Reproduzir_artigo\data\GUITAR-FX\Mono_Continuous\Audio\BMF\G91-55400-BMF-S8.9T0.8-21100.wav
4.09303045,-6.99612617,Mono_Continuous,BMF,C:\TCC\Reproduzir_artigo\data\GUITAR-FX\Mono_Continuous\Audio\BMF\G91-56306-BMF-S8.1T9.8-21093.wav
3.92950106,-7.64854670,Mono_Continuous,BMF,C:\TCC\Reproduzir_artigo\data\GUITAR-FX\Mono_Continuous\Audio\BMF\G91-56401-BMF-S9.2T9.1-21101.wav
2.79840231,-0.54419494,Mono_Continuous,BMF,C:\TCC\Reproduzir_artigo\data\GUITAR-FX\Mono_Continuous\Audio\BMF\G91-59309-BMF-S3.5T5.7-21096.wav
-0.58542246,-6.08064938,Mono_Continuous,BMF,C:\TCC\Reproduzir_artigo\data\GUITAR-FX\Mono_Continuous\Audio\BMF\G91-59404-BMF-S8.4T4.8-21104.wav
9.18125153,-5.69904995,Mono_Continuous,BMF,C:\TCC\Reproduzir_artigo\data\GUITAR-FX\Mono_Continuous\Audio\BMF\G91-60501-BMF-S6.2T10-21114.wav
5.36042500,-6.43043518,Mono_Continuous,BMF,C:\TCC\Reproduzir_artigo\data\GUITAR-FX\Mono_Continuous\Audio\BMF\G91-61406-BMF-S7.9T4.5-21106.wav
6.64004326,-7.53629160,Mono_Continuous,BMF,C:\TCC\Reproduzir_artigo\data\GUITAR-FX\Mono_Continuous\Audio\BMF\G91-61406-BMF-S8.2T6.3-21106.wav
4.03701019,0.69761634,Mono_Continuous,BMF,C:\TCC\Reproduzir_artigo\data\GUITAR-FX\Mono_Continuous\Audio\BMF\G91-61502-BMF-S3.4T2.9-21115.wav
3.97178936,-4.61099434,Mono_Continuous,BMF,C:\TCC\Reproduzir_artigo\data\GUITAR-FX\Mono_Continuous\Audio\BMF\G91-63408-BMF-S9.7T4.6-21108.wav
10.27529812,-2.32288194,Mono_Continuous,BMF,C:\TCC\Reproduzir_artigo\data\GUITAR-FX\Mono_Continuous\Audio\BMF\G91-64505-BMF-S3.7T2.9-21118.wav
11.95648098,-1.96109235,Mono_Continuous,BMF,C:\TCC\Reproduzir_artigo\data\GUITAR-FX\Mono_Continuous\Audio\BMF\G91-64600-BMF-S7.9T3.8-21126.wav
7.92725372,1.51211095,Mono_Continuous,BMF,C:\TCC\Reproduzir_artigo\data\GUITAR-FX\Mono_Continuous\Audio\BMF\G91-66411-BMF-S8T1.9-21111.wav
12.77256966,-2.11926150,Mono_Continuous,BMF,C:\TCC\Reproduzir_artigo\data\GUITAR-FX\Mono_Continuous\Audio\BMF\G91-67508-BMF-S10T8.7-21121.wav
13.73942566,2.58295488,Mono_Continuous,BMF,C:\TCC\Reproduzir_artigo\data\GUITAR-FX\Mono_Continuous\Audio\BMF\G91-67603-BMF-S4.9T5.4-21129.wav
12.34891319,2.19675803,Mono_Continuous,BMF,C:\TCC\Reproduzir_artigo\data\GUITAR-FX\Mono_Continuous\Audio\BMF\G91-69510-BMF-S8.1T2.2-21123.wav
11.82002163,5.72297573,Mono_Continuous,BMF,C:\TCC\Reproduzir_artigo\data\GUITAR-FX\Mono_Continuous\Audio\BMF\G91-70606-BMF-S3.9T1.2-21132.wav
14.93233681,5.04087162,Mono_Continuous,BMF,C:\TCC\Reproduzir_artigo\data\GUITAR-FX\Mono_Continuous\Audio\BMF\G91-76612-BMF-S8.6T3.2-21138.wav
-9.63038254,-5.31313992,Mono_Continuous,BMF,C:\TCC\Reproduzir_artigo\data\GUITAR-FX\Mono_Continuous\Audio\BMF\G93-43103-BMF-S6.3T8.1-21142.wav
-8.25790310,-9.00032902,Mono_Continuous,BMF,C:\TCC\Reproduzir_artigo\data\GUITAR-FX\Mono_Continuous\Audio\BMF\G93-44104-BMF-S8.9T9.3-21143.wav
-10.50719738,-3.28640962,Mono_Continuous,BMF,C:\TCC\Reproduzir_artigo\data\GUITAR-FX\Mono_Continuous\Audio\BMF\G93-45105-BMF-S2.6T9-21144.wav
-12.95146465,1.06953716,Mono_Continuous,BMF,C:\TCC\Reproduzir_artigo\data\GUITAR-FX\Mono_Continuous\Audio\BMF\G93-45105-BMF-S3.2T1.4-21144.wav
-7.64727640,-6.73075056,Mono_Continuous,BMF,C:\TCC\Reproduzir_artigo\data\GUITAR-FX\Mono_Continuous\Audio\BMF\G93-45200-BMF-S6T9.1-21152.wav
-11.75379372,-2.90629387,Mono_Continuous,BMF,C:\TCC\Reproduzir_artigo\data\GUITAR-FX\Mono_Continuous\Audio\BMF\G93-46201-BMF-S5.8T2.6-21153.wav
-11.16753769,-1.01978481,Mono_Continuous,BMF,C:\TCC\Reproduzir_artigo\data\GUITAR-FX\Mono_Continuous\Audio\BMF\G93-48108-BMF-S3.1T1.7-21147.wav
-9.40807152,-5.52684784,Mono_Continuous,BMF,C:\TCC\Reproduzir_artigo\data\GUITAR-FX\Mono_Continuous\Audio\BMF\G93-49109-BMF-S9.3T3.7-21148.wav
-8.26854420,-5.13256359,Mono_Continuous,BMF,C:\TCC\Reproduzir_artigo\data\GUITAR-FX\Mono_Continuous\Audio\BMF\G93-49204-BMF-S7.4T4.5-21156.wav
-9.12034607,-4.57022047,Mono_Continuous,BMF,C:\TCC\Reproduzir_artigo\data\GUITAR-FX\Mono_Continuous\Audio\BMF\G93-49204-BMF-S9.2T1.9-21156.wav
-10.31691551,-1.12704980,Mono_Continuous,BMF,C:\TCC\Reproduzir_artigo\data\GUITAR-FX\Mono_Continuous\Audio\BMF\G93-50110-BMF-S7.1T4.5-21149.wav
-7.35944986,-7.15417719,Mono_Continuous,BMF,C:\TCC\Reproduzir_artigo\data\GUITAR-FX\Mono_Continuous\Audio\BMF\G93-50205-BMF-S6T8.9-21157.wav
-8.91980457,-6.36754656,Mono_Continuous,BMF,C:\TCC\Reproduzir_artigo\data\GUITAR-FX\Mono_Continuous\Audio\BMF\G93-50205-BMF-S8.9T6.6-21157.wav
-4.21521807,-6.66700315,Mono_Continuous,BMF,C:\TCC\Reproduzir_artigo\data\GUITAR-FX\Mono_Continuous\Audio\BMF\G93-51301-BMF-S10T5.6-21166.wav
-9.61425781,-2.16821647,Mono_Continuous,BMF,C:\TCC\Reproduzir_artigo\data\GUITAR-FX\Mono_Continuous\Audio\BMF\G93-52207-BMF-S8.3T4.4-21159.wav
-2.72983623,-6.05349159,Mono_Continuous,BMF,C:\TCC\Reproduzir_artigo\data\GUITAR-FX\Mono_Continuous\Audio\BMF\G93-52302-BMF-S5.9T8.1-21167.wav
-6.45478153,-0.62683320,Mono_Continuous,BMF,C:\TCC\Reproduzir_artigo\data\GUITAR-FX\Mono_Continuous\Audio\BMF\G93-55305-BMF-S9.2T1.2-21170.wav
-0.49400845,-2.56268406,Mono_Continuous,BMF,C:\TCC\Reproduzir_artigo\data\GUITAR-FX\Mono_Continuous\Audio\BMF\G93-60405-BMF-S9.3T7.1-21183.wav
5.13677788,-4.07678938,Mono_Continuous,BMF,C:\TCC\Reproduzir_artigo\data\GUITAR-FX\Mono_Continuous\Audio\BMF\G93-62407-BMF-S7.3T9.3-21185.wav
4.49449253,3.79230237,Mono_Continuous,BMF,C:\TCC\Reproduzir_artigo\data\GUITAR-FX\Mono_Continuous\Audio\BMF\G93-64409-BMF-S2.1T4.3-21187.wav
6.81838942,1.82446742,Mono_Continuous,BMF,C:\TCC\Reproduzir_artigo\data\GUITAR-FX\Mono_Continuous\Audio\BMF\G93-65506-BMF-S8.8T1.8-21197.wav
7.72658014,-0.34265515,Mono_Continuous,BMF,C:\TCC\Reproduzir_artigo\data\GUITAR-FX\Mono_Continuous\Audio\BMF\G93-66411-BMF-S6.2T8.2-21189.wav
12.02952099,2.86095190,Mono_Continuous,BMF,C:\TCC\Reproduzir_artigo\data\GUITAR-FX\Mono_Continuous\Audio\BMF\G93-66602-BMF-S2.8T0.2-21206.wav
10.92056274,1.73246825,Mono_Continuous,BMF,C:\TCC\Reproduzir_artigo\data\GUITAR-FX\Mono_Continuous\Audio\BMF\G93-67508-BMF-S7.7T2.5-21199.wav
10.96767330,3.33918333,Mono_Continuous,BMF,C:\TCC\Reproduzir_artigo\data\GUITAR-FX\Mono_Continuous\Audio\BMF\G93-67603-BMF-S2.7T6.1-21207.wav
14.58994198,4.58683538,Mono_Continuous,BMF,C:\TCC\Reproduzir_artigo\data\GUITAR-FX\Mono_Continuous\Audio\BMF\G93-72608-BMF-S6T2-21212.wav
15.13891983,0.44939092,Mono_Continuous,BMF,C:\TCC\Reproduzir_artigo\data\GUITAR-FX\Mono_Continuous\Audio\BMF\G93-75611-BMF-S6.5T6.6-21215.wav
-15.37691212,-0.88427758,Mono_Continuous,DPL,C:\TCC\Reproduzir_artigo\data\GUITAR-FX\Mono_Continuous\Audio\DPL\G61-42102-DPL-D3.1-20595.wav
-10.54995728,-6.38015938,Mono_Continuous,DPL,C:\TCC\Reproduzir_artigo\data\GUITAR-FX\Mono_Continuous\Audio\DPL\G61-45200-DPL-D6.8-20606.wav
-13.87911701,-0.19697270,Mono_Continuous,DPL,C:\TCC\Reproduzir_artigo\data\GUITAR-FX\Mono_Continuous\Audio\DPL\G61-47107-DPL-D3.3-20600.wav
-9.12597275,-6.20494175,Mono_Continuous,DPL,C:\TCC\Reproduzir_artigo\data\GUITAR-FX\Mono_Continuous\Audio\DPL\G61-48108-DPL-D9-20601.wav
-12.58520699,-2.85692382,Mono_Continuous,DPL,C:\TCC\Reproduzir_artigo\data\GUITAR-FX\Mono_Continuous\Audio\DPL\G61-49109-DPL-D5.5-20602.wav
-11.84767914,-4.50751209,Mono_Continuous,DPL,C:\TCC\Reproduzir_artigo\data\GUITAR-FX\Mono_Continuous\Audio\DPL\G61-49109-DPL-D7.9-20602.wav
-8.42838097,-3.16636801,Mono_Continuous,DPL,C:\TCC\Reproduzir_artigo\data\GUITAR-FX\Mono_Continuous\Audio\DPL\G61-49204-DPL-D6.2-20610.wav
-11.40399647,-3.92623019,Mono_Continuous,DPL,C:\TCC\Reproduzir_artigo\data\GUITAR-FX\Mono_Continuous\Audio\DPL\G61-50110-DPL-D7.5-20603.wav
-5.44115257,-2.43058395,Mono_Continuous,DPL,C:\TCC\Reproduzir_artigo\data\GUITAR-FX\Mono_Continuous\Audio\DPL\G61-52207-DPL-D7.6-20613.wav
-2.36699295,-9.03688335,Mono_Continuous,DPL,C:\TCC\Reproduzir_artigo\data\GUITAR-FX\Mono_Continuous\Audio\DPL\G61-53303-DPL-D10-20622.wav
-5.34114933,-1.99375212,Mono_Continuous,DPL,C:\TCC\Reproduzir_artigo\data\GUITAR-FX\Mono_Continuous\Audio\DPL\G61-53303-DPL-D5.2-20622.wav
1.88333166,-5.20048046,Mono_Continuous,DPL,C:\TCC\Reproduzir_artigo\data\GUITAR-FX\Mono_Continuous\Audio\DPL\G61-55305-DPL-D8.8-20624.wav
-1.49416173,-1.17643225,Mono_Continuous,DPL,C:\TCC\Reproduzir_artigo\data\GUITAR-FX\Mono_Continuous\Audio\DPL\G61-56306-DPL-D4.4-20625.wav
1.15188766,1.79195738,Mono_Continuous,DPL,C:\TCC\Reproduzir_artigo\data\GUITAR-FX\Mono_Continuous\Audio\DPL\G61-58403-DPL-D3.3-20635.wav
1.48586714,0.18858856,Mono_Continuous,DPL,C:\TCC\Reproduzir_artigo\data\GUITAR-FX\Mono_Continuous\Audio\DPL\G61-58403-DPL-D5.2-20635.wav
6.41638851,-4.33879471,Mono_Continuous,DPL,C:\TCC\Reproduzir_artigo\data\GUITAR-FX\Mono_Continuous\Audio\DPL\G61-59404-DPL-D7.6-20636.wav
-0.28553441,-2.98719788,Mono_Continuous,DPL,C:\TCC\Reproduzir_artigo\data\GUITAR-FX\Mono_Continuous\Audio\DPL\G61-60405-DPL-D8-20637.wav
5.36402702,1.39144111,Mono_Continuous,DPL,C:\TCC\Reproduzir_artigo\data\GUITAR-FX\Mono_Continuous\Audio\DPL\G61-61406-DPL-D2.1-20638.wav
7.77063799,-4.35207081,Mono_Continuous,DPL,C:\TCC\Reproduzir_artigo\data\GUITAR-FX\Mono_Continuous\Audio\DPL\G61-61406-DPL-D6.8-20638.wav
10.50383854,-2.38544846,Mono_Continuous,DPL,C:\TCC\Reproduzir_artigo\data\GUITAR-FX\Mono_Continuous\Audio\DPL\G61-64505-DPL-D5-20650.wav
13.32898140,-4.79575205,Mono_Continuous,DPL,C:\TCC\Reproduzir_artigo\data\GUITAR-FX\Mono_Continuous\Audio\DPL\G61-64505-DPL-D9.4-20650.wav
10.09330940,1.26064825,Mono_Continuous,DPL,C:\TCC\Reproduzir_artigo\data\GUITAR-FX\Mono_Continuous\Audio\DPL\G61-65506-DPL-D2.6-20651.wav
14.75505733,-2.64555526,Mono_Continuous,DPL,C:\TCC\Reproduzir_artigo\data\GUITAR-FX\Mono_Continuous\Audio\DPL\G61-65601-DPL-D8.5-20659.wav
12.43931389,-2.63866949,Mono_Continuous,DPL,C:\TCC\Reproduzir_artigo\data\GUITAR-FX\Mono_Continuous\Audio\DPL\G61-66507-DPL-D7.6-20652.wav
14.68395710,0.36061680,Mono_Continuous,DPL,C:\TCC\Reproduzir_artigo\data\GUITAR-FX\Mono_Continuous\Audio\DPL\G61-68604-DPL-D7.1-20662.wav
13.52230453,2.20908475,Mono_Continuous,DPL,C:\TCC\Reproduzir_artigo\data\GUITAR-FX\Mono_Continuous\Audio\DPL\G61-69510-DPL-D6.9-20655.wav
13.56889534,0.92461002,Mono_Continuous,DPL,C:\TCC\Reproduzir_artigo\data\GUITAR-FX\Mono_Continuous\Audio\DPL\G61-69510-DPL-D7.8-20655.wav
11.41202259,6.30226374,Mono_Continuous,DPL,C:\TCC\Reproduzir_artigo\data\GUITAR-FX\Mono_Continuous\Audio\DPL\G61-70511-DPL-D3.3-20656.wav
13.75236988,2.53263855,Mono_Continuous,DPL,C:\TCC\Reproduzir_artigo\data\GUITAR-FX\Mono_Continuous\Audio\DPL\G61-70511-DPL-D6.2-20656.wav
14.24680996,2.94626975,Mono_Continuous,DPL,C:\TCC\Reproduzir_artigo\data\GUITAR-FX\Mono_Continuous\Audio\DPL\G61-72608-DPL-D9.2-20666.wav
11.60609531,9.61508274,Mono_Continuous,DPL,C:\TCC\Reproduzir_artigo\data\GUITAR-FX\Mono_Continuous\Audio\DPL\G61-74610-DPL-D2.4-20668.wav
14.30151939,4.76632881,Mono_Continuous,DPL,C:\TCC\Reproduzir_artigo\data\GUITAR-FX\Mono_Continuous\Audio\DPL\G61-76612-DPL-D7.8-20670.wav
-17.69638634,-4.32972956,Mono_Continuous,DPL,C:\TCC\Reproduzir_artigo\data\GUITAR-FX\Mono_Continuous\Audio\DPL\G63-42102-DPL-D7.1-20673.wav
-15.78804207,3.58092690,Mono_Continuous,DPL,C:\TCC\Reproduzir_artigo\data\GUITAR-FX\Mono_Continuous\Audio\DPL\G63-43103-DPL-D2-20674.wav
-16.55512047,1.33542848,Mono_Continuous,DPL,C:\TCC\Reproduzir_artigo\data\GUITAR-FX\Mono_Continuous\Audio\DPL\G63-44104-DPL-D3.5-20675.wav
-15.37221527,1.46604073,Mono_Continuous,DPL,C:\TCC\Reproduzir_artigo\data\GUITAR-FX\Mono_Continuous\Audio\DPL\G63-45105-DPL-D2.3-20676.wav
-14.37840652,-7.16917658,Mono_Continuous,DPL,C:\TCC\Reproduzir_artigo\data\GUITAR-FX\Mono_Continuous\Audio\DPL\G63-45105-DPL-D8-20676.wav
-11.33173847,-10.43329048,Mono_Continuous,DPL,C:\TCC\Reproduzir_artigo\data\GUITAR-FX\Mono_Continuous\Audio\DPL\G63-45105-DPL-D9.5-20676.wav
-12.96476364,-0.01449364,Mono_Continuous,DPL,C:\TCC\Reproduzir_artigo\data\GUITAR-FX\Mono_Continuous\Audio\DPL\G63-46201-DPL-D2.5-20685.wav
-13.64811802,-6.31399012,Mono_Continuous,DPL,C:\TCC\Reproduzir_artigo\data\GUITAR-FX\Mono_Continuous\Audio\DPL\G63-47202-DPL-D7-20686.wav
-11.67832088,-9.19382763,Mono_Continuous,DPL,C:\TCC\Reproduzir_artigo\data\GUITAR-FX\Mono_Continuous\Audio\DPL\G63-47202-DPL-D8.2-20686.wav
-9.97096062,-5.00308990,Mono_Continuous,DPL,C:\TCC\Reproduzir_artigo\data\GUITAR-FX\Mono_Continuous\Audio\DPL\G63-49109-DPL-D5.4-20680.wav
-10.36651230,-9.60700798,Mono_Continuous,DPL,C:\TCC\Reproduzir_artigo\data\GUITAR-FX\Mono_Continuous\Audio\DPL\G63-49109-DPL-D7.5-20680.wav
-12.52265167,2.84389448,Mono_Continuous,DPL,C:\TCC\Reproduzir_artigo\data\GUITAR-FX\Mono_Continuous\Audio\DPL\G63-49204-DPL-D2.1-20688.wav
-9.18349171,1.11134601,Mono_Continuous,DPL,C:\TCC\Reproduzir_artigo\data\GUITAR-FX\Mono_Continuous\Audio\DPL\G63-52302-DPL-D3.4-20699.wav
-10.17118835,-1.62079036,Mono_Continuous,DPL,C:\TCC\Reproduzir_artigo\data\GUITAR-FX\Mono_Continuous\Audio\DPL\G63-52302-DPL-D5.1-20699.wav
-8.65148067,-2.20772886,Mono_Continuous,DPL,C:\TCC\Reproduzir_artigo\data\GUITAR-FX\Mono_Continuous\Audio\DPL\G63-52302-DPL-D6.6-20699.wav
-7.10408497,-6.03251791,Mono_Continuous,DPL,C:\TCC\Reproduzir_artigo\data\GUITAR-FX\Mono_Continuous\Audio\DPL\G63-54209-DPL-D8.7-20693.wav
-2.13655424,-5.12699509,Mono_Continuous,DPL,C:\TCC\Reproduzir_artigo\data\GUITAR-FX\Mono_Continuous\Audio\DPL\G63-55305-DPL-D7.3-20702.wav
-4.90176392,-2.39301014,Mono_Continuous,DPL,C:\TCC\Reproduzir_artigo\data\GUITAR-FX\Mono_Continuous\Audio\DPL\G63-57212-DPL-D7.4-20696.wav
-2.18270826,-4.95581913,Mono_Continuous,DPL,C:\TCC\Reproduzir_artigo\data\GUITAR-FX\Mono_Continuous\Audio\DPL\G63-57212-DPL-D9.3-20696.wav
-0.92407155,-1.53666282,Mono_Continuous,DPL,C:\TCC\Reproduzir_artigo\data\GUITAR-FX\Mono_Continuous\Audio\DPL\G63-58308-DPL-D9.2-20705.wav
0.85278320,-3.47886133,Mono_Continuous,DPL,C:\TCC\Reproduzir_artigo\data\GUITAR-FX\Mono_Continuous\Audio\DPL\G63-58403-DPL-D4.6-20713.wav
-2.83201313,4.47062826,Mono_Continuous,DPL,C:\TCC\Reproduzir_artigo\data\GUITAR-FX\Mono_Continuous\Audio\DPL\G63-59404-DPL-D3.6-20714.wav
8.34312916,-8.27263737,Mono_Continuous,DPL,C:\TCC\Reproduzir_artigo\data\GUITAR-FX\Mono_Continuous\Audio\DPL\G63-61502-DPL-D9.6-20725.wav
6.53970957,4.17428112,Mono_Continuous,DPL,C:\TCC\Reproduzir_artigo\data\GUITAR-FX\Mono_Continuous\Audio\DPL\G63-64409-DPL-D5.1-20719.wav
10.30172348,-3.05689359,Mono_Continuous,DPL,C:\TCC\Reproduzir_artigo\data\GUITAR-FX\Mono_Continuous\Audio\DPL\G63-65410-DPL-D7.7-20720.wav
9.58645821,-1.70143437,Mono_Continuous,DPL,C:\TCC\Reproduzir_artigo\data\GUITAR-FX\Mono_Continuous\Audio\DPL\G63-65601-DPL-D5.7-20737.wav
14.44202042,-0.95977014,Mono_Continuous,DPL,C:\TCC\Reproduzir_artigo\data\GUITAR-FX\Mono_Continuous\Audio\DPL\G63-66507-DPL-D8.9-20730.wav
11.46412277,6.13812923,Mono_Continuous,DPL,C:\TCC\Reproduzir_artigo\data\GUITAR-FX\Mono_Continuous\Audio\DPL\G63-68509-DPL-D2.9-20732.wav
11.27754498,5.63589621,Mono_Continuous,DPL,C:\TCC\Reproduzir_artigo\data\GUITAR-FX\Mono_Continuous\Audio\DPL\G63-68509-DPL-D3.8-20732.wav
15.14078140,-1.12739015,Mono_Continuous,DPL,C:\TCC\Reproduzir_artigo\data\GUITAR-FX\Mono_Continuous\Audio\DPL\G63-68604-DPL-D9.1-20740.wav
13.03349113,3.52366829,Mono_Continuous,DPL,C:\TCC\Reproduzir_artigo\data\GUITAR-FX\Mono_Continuous\Audio\DPL\G63-69605-DPL-D6-20741.wav
15.80411530,3.18027043,Mono_Continuous,DPL,C:\TCC\Reproduzir_artigo\data\GUITAR-FX\Mono_Continuous\Audio\DPL\G63-70606-DPL-D6.1-20742.wav
14.42453957,1.07706583,Mono_Continuous,DPL,C:\TCC\Reproduzir_artigo\data\GUITAR-FX\Mono_Continuous\Audio\DPL\G63-71607-DPL-D6.3-20743.wav
14.09490204,4.67031193,Mono_Continuous,DPL,C:\TCC\Reproduzir_artigo\data\GUITAR-FX\Mono_Continuous\Audio\DPL\G63-74610-DPL-D6.9-20746.wav
-15.18861198,-3.10183740,Mono_Continuous,DPL,C:\TCC\Reproduzir_artigo\data\GUITAR-FX\Mono_Continuous\Audio\DPL\G71-42102-DPL-D4.7-20751.wav
-15.98886776,-5.62964392,Mono_Continuous,DPL,C:\TCC\Reproduzir_artigo\data\GUITAR-FX\Mono_Continuous\Audio\DPL\G71-42102-DPL-D6.9-20751.wav
-15.12398815,-3.41354084,Mono_Continuous,DPL,C:\TCC\Reproduzir_artigo\data\GUITAR-FX\Mono_Continuous\Audio\DPL\G71-44104-DPL-D4.8-20753.wav
-13.43983936,-7.27651978,Mono_Continuous,DPL,C:\TCC\Reproduzir_artigo\data\GUITAR-FX\Mono_Continuous\Audio\DPL\G71-45105-DPL-D6.9-20754.wav
-11.89176369,-8.72768307,Mono_Continuous,DPL,C:\TCC\Reproduzir_artigo\data\GUITAR-FX\Mono_Continuous\Audio\DPL\G71-45105-DPL-D8.3-20754.wav
-7.68475962,-13.22370625,Mono_Continuous,DPL,C:\TCC\Reproduzir_artigo\data\GUITAR-FX\Mono_Continuous\Audio\DPL\G71-45200-DPL-D9.6-20762.wav
-11.64958572,-7.49618816,Mono_Continuous,DPL,C:\TCC\Reproduzir_artigo\data\GUITAR-FX\Mono_Continuous\Audio\DPL\G71-46201-DPL-D7.2-20763.wav
-12.25087738,-4.67234325,Mono_Continuous,DPL,C:\TCC\Reproduzir_artigo\data\GUITAR-FX\Mono_Continuous\Audio\DPL\G71-47107-DPL-D4.5-20756.wav
-13.50444984,-5.28764915,Mono_Continuous,DPL,C:\TCC\Reproduzir_artigo\data\GUITAR-FX\Mono_Continuous\Audio\DPL\G71-47107-DPL-D5.9-20756.wav
-13.21589661,-6.45209455,Mono_Continuous,DPL,C:\TCC\Reproduzir_artigo\data\GUITAR-FX\Mono_Continuous\Audio\DPL\G71-47107-DPL-D7.1-20756.wav
-9.72716141,-2.88592720,Mono_Continuous,DPL,C:\TCC\Reproduzir_artigo\data\GUITAR-FX\Mono_Continuous\Audio\DPL\G71-48203-DPL-D2.8-20765.wav
-11.76244164,-1.88120270,Mono_Continuous,DPL,C:\TCC\Reproduzir_artigo\data\GUITAR-FX\Mono_Continuous\Audio\DPL\G71-49109-DPL-D4.2-20758.wav
-10.50980473,0.45491844,Mono_Continuous,DPL,C:\TCC\Reproduzir_artigo\data\GUITAR-FX\Mono_Continuous\Audio\DPL\G71-50110-DPL-D3.5-20759.wav
-6.17881727,-0.46403843,Mono_Continuous,DPL,C:\TCC\Reproduzir_artigo\data\GUITAR-FX\Mono_Continuous\Audio\DPL\G71-51206-DPL-D2.7-20768.wav
-7.57938623,-3.38865471,Mono_Continuous,DPL,C:\TCC\Reproduzir_artigo\data\GUITAR-FX\Mono_Continuous\Audio\DPL\G71-51206-DPL-D4.6-20768.wav
-1.29905307,-8.85139084,Mono_Continuous,DPL,C:\TCC\Reproduzir_artigo\data\GUITAR-FX\Mono_Continuous\Audio\DPL\G71-52302-DPL-D8.9-20777.wav
-7.35832500,-0.38063693,Mono_Continuous,DPL,C:\TCC\Reproduzir_artigo\data\GUITAR-FX\Mono_Continuous\Audio\DPL\G71-53208-DPL-D3.1-20770.wav
-3.62484097,-6.95794630,Mono_Continuous,DPL,C:\TCC\Reproduzir_artigo\data\GUITAR-FX\Mono_Continuous\Audio\DPL\G71-54304-DPL-D6.5-20779.wav
-6.28726768,-3.72394061,Mono_Continuous,DPL,C:\TCC\Reproduzir_artigo\data\GUITAR-FX\Mono_Continuous\Audio\DPL\G71-55210-DPL-D5.8-20772.wav
-3.96072865,-0.34948856,Mono_Continuous,DPL,C:\TCC\Reproduzir_artigo\data\GUITAR-FX\Mono_Continuous\Audio\DPL\G71-57212-DPL-D4.8-20774.wav
0.65327501,2.16793489,Mono_Continuous,DPL,C:\TCC\Reproduzir_artigo\data\GUITAR-FX\Mono_Continuous\Audio\DPL\G71-59309-DPL-D3-20784.wav
9.44660187,-4.89485168,Mono_Continuous,DPL,C:\TCC\Reproduzir_artigo\data\GUITAR-FX\Mono_Continuous\Audio\DPL\G71-59500-DPL-D3-20801.wav
8.60556698,-4.66437244,Mono_Continuous,DPL,C:\TCC\Reproduzir_artigo\data\GUITAR-FX\Mono_Continuous\Audio\DPL\G71-60501-DPL-D4.3-20802.wav
6.72124910,-4.38574791,Mono_Continuous,DPL,C:\TCC\Reproduzir_artigo\data\GUITAR-FX\Mono_Continuous\Audio\DPL\G71-61406-DPL-D5.4-20794.wav
10.56801128,-4.89459562,Mono_Continuous,DPL,C:\TCC\Reproduzir_artigo\data\GUITAR-FX\Mono_Continuous\Audio\DPL\G71-62503-DPL-D6.4-20804.wav
13.65960312,-2.71510863,Mono_Continuous,DPL,C:\TCC\Reproduzir_artigo\data\GUITAR-FX\Mono_Continuous\Audio\DPL\G71-64505-DPL-D3.7-20806.wav
10.55056286,1.07395554,Mono_Continuous,DPL,C:\TCC\Reproduzir_artigo\data\GUITAR-FX\Mono_Continuous\Audio\DPL\G71-65410-DPL-D4.5-20798.wav
10.38144970,2.03903341,Mono_Continuous,DPL,C:\TCC\Reproduzir_artigo\data\GUITAR-FX\Mono_Continuous\Audio\DPL\G71-66411-DPL-D2.5-20799.wav
13.85795307,-3.87872529,Mono_Continuous,DPL,C:\TCC\Reproduzir_artigo\data\GUITAR-FX\Mono_Continuous\Audio\DPL\G71-66507-DPL-D9.1-20808.wav
11.51724815,4.87828684,Mono_Continuous,DPL,C:\TCC\Reproduzir_artigo\data\GUITAR-FX\Mono_Continuous\Audio\DPL\G71-67603-DPL-D2.6-20817.wav
13.17450714,2.42800426,Mono_Continuous,DPL,C:\TCC\Reproduzir_artigo\data\GUITAR-FX\Mono_Continuous\Audio\DPL\G71-67603-DPL-D4.3-20817.wav
14.32460308,1.84550071,Mono_Continuous,DPL,C:\TCC\Reproduzir_artigo\data\GUITAR-FX\Mono_Continuous\Audio\DPL\G71-69510-DPL-D7.1-20811.wav
14.47930813,2.33556390,Mono_Continuous,DPL,C:\TCC\Reproduzir_artigo\data\GUITAR-FX\Mono_Continuous\Audio\DPL\G71-71512-DPL-D2.1-20813.wav
16.62787056,-2.61780882,Mono_Continuous,DPL,C:\TCC\Reproduzir_artigo\data\GUITAR-FX\Mono_Continuous\Audio\DPL\G71-71512-DPL-D7.7-20813.wav
15.67882252,4.18311310,Mono_Continuous,DPL,C:\TCC\Reproduzir_artigo\data\GUITAR-FX\Mono_Continuous\Audio\DPL\G71-74610-DPL-D8.1-20824.wav
16.99132347,-0.45396391,Mono_Continuous,DPL,C:\TCC\Reproduzir_artigo\data\GUITAR-FX\Mono_Continuous\Audio\DPL\G71-75611-DPL-D8.3-20825.wav
-15.43854809,-0.23802312,Mono_Continuous,DPL,C:\TCC\Reproduzir_artigo\data\GUITAR-FX\Mono_Continuous\Audio\DPL\G73-46106-DPL-D4.3-20833.wav
-10.57074451,-9.79491711,Mono_Continuous,DPL,C:\TCC\Reproduzir_artigo\data\GUITAR-FX\Mono_Continuous\Audio\DPL\G73-46201-DPL-D8.5-20841.wav
-8.21023273,-10.74177837,Mono_Continuous,DPL,C:\TCC\Reproduzir_artigo\data\GUITAR-FX\Mono_Continuous\Audio\DPL\G73-47202-DPL-D9.3-20842.wav
-8.40789604,-10.62826347,Mono_Continuous,DPL,C:\TCC\Reproduzir_artigo\data\GUITAR-FX\Mono_Continuous\Audio\DPL\G73-48108-DPL-D10-20835.wav
-11.95241547,-2.49444938,Mono_Continuous,DPL,C:\TCC\Reproduzir_artigo\data\GUITAR-FX\Mono_Continuous\Audio\DPL\G73-49109-DPL-D4.5-20836.wav
-1.89839518,-11.24347878,Mono_Continuous,DPL,C:\TCC\Reproduzir_artigo\data\GUITAR-FX\Mono_Continuous\Audio\DPL\G73-51301-DPL-D8.3-20854.wav
-9.84639359,-4.36993074,Mono_Continuous,DPL,C:\TCC\Reproduzir_artigo\data\GUITAR-FX\Mono_Continuous\Audio\DPL\G73-52112-DPL-D8-20839.wav
-4.49566507,-4.08090925,Mono_Continuous,DPL,C:\TCC\Reproduzir_artigo\data\GUITAR-FX\Mono_Continuous\Audio\DPL\G73-52302-DPL-D4-20855.wav
-4.91961765,-7.62074280,Mono_Continuous,DPL,C:\TCC\Reproduzir_artigo\data\GUITAR-FX\Mono_Continuous\Audio\DPL\G73-54209-DPL-D7.9-20849.wav
-4.97744942,-7.80438900,Mono_Continuous,DPL,C:\TCC\Reproduzir_artigo\data\GUITAR-FX\Mono_Continuous\Audio\DPL\G73-54209-DPL-D8.2-20849.wav
-0.61051708,-6.99762392,Mono_Continuous,DPL,C:\TCC\Reproduzir_artigo\data\GUITAR-FX\Mono_Continuous\Audio\DPL\G73-55400-DPL-D5.7-20866.wav
-3.74769902,-4.45478821,Mono_Continuous,DPL,C:\TCC\Reproduzir_artigo\data\GUITAR-FX\Mono_Continuous\Audio\DPL\G73-56211-DPL-D4.8-20851.wav
-1.99038112,-7.94056463,Mono_Continuous,DPL,C:\TCC\Reproduzir_artigo\data\GUITAR-FX\Mono_Continuous\Audio\DPL\G73-56211-DPL-D7.6-20851.wav
-2.86707640,-6.04612112,Mono_Continuous,DPL,C:\TCC\Reproduzir_artigo\data\GUITAR-FX\Mono_Continuous\Audio\DPL\G73-56401-DPL-D7.3-20867.wav
1.55379641,-1.06975806,Mono_Continuous,DPL,C:\TCC\Reproduzir_artigo\data\GUITAR-FX\Mono_Continuous\Audio\DPL\G73-57307-DPL-D3.4-20860.wav
-0.21768183,1.83681571,Mono_Continuous,DPL,C:\TCC\Reproduzir_artigo\data\GUITAR-FX\Mono_Continuous\Audio\DPL\G73-59309-DPL-D2.4-20862.wav
3.22206831,-0.36222345,Mono_Continuous,DPL,C:\TCC\Reproduzir_artigo\data\GUITAR-FX\Mono_Continuous\Audio\DPL\G73-60310-DPL-D4-20863.wav
1.68012333,-4.54141045,Mono_Continuous,DPL,C:\TCC\Reproduzir_artigo\data\GUITAR-FX\Mono_Continuous\Audio\DPL\G73-60405-DPL-D5.4-20871.wav
6.06118822,-4.81906509,Mono_Continuous,DPL,C:\TCC\Reproduzir_artigo\data\GUITAR-FX\Mono_Continuous\Audio\DPL\G73-61311-DPL-D6.4-20864.wav
7.74231911,-0.39045146,Mono_Continuous,DPL,C:\TCC\Reproduzir_artigo\data\GUITAR-FX\Mono_Continuous\Audio\DPL\G73-61502-DPL-D2.3-20881.wav
7.88591909,-3.35353899,Mono_Continuous,DPL,C:\TCC\Reproduzir_artigo\data\GUITAR-FX\Mono_Continuous\Audio\DPL\G73-61502-DPL-D4.9-20881.wav
8.78724575,-8.69827461,Mono_Continuous,DPL,C:\TCC\Reproduzir_artigo\data\GUITAR-FX\Mono_Continuous\Audio\DPL\G73-61502-DPL-D9.4-20881.wav
6.99462986,-1.49147201,Mono_Continuous,DPL,C:\TCC\Reproduzir_artigo\data\GUITAR-FX\Mono_Continuous\Audio\DPL\G73-62407-DPL-D4-20873.wav
8.95571995,-4.41264582,Mono_Continuous,DPL,C:\TCC\Reproduzir_artigo\data\GUITAR-FX\Mono_Continuous\Audio\DPL\G73-63504-DPL-D5.7-20883.wav
12.01935005,2.76100731,Mono_Continuous,DPL,C:\TCC\Reproduzir_artigo\data\GUITAR-FX\Mono_Continuous\Audio\DPL\G73-64600-DPL-D3.9-20892.wav
11.50721073,-2.58111620,Mono_Continuous,DPL,C:\TCC\Reproduzir_artigo\data\GUITAR-FX\Mono_Continuous\Audio\DPL\G73-65506-DPL-D6.6-20885.wav
10.62177944,0.88552052,Mono_Continuous,DPL,C:\TCC\Reproduzir_artigo\data\GUITAR-FX\Mono_Continuous\Audio\DPL\G73-67412-DPL-D7.2-20878.wav
10.21405315,6.49155426,Mono_Continuous,DPL,C:\TCC\Reproduzir_artigo\data\GUITAR-FX\Mono_Continuous\Audio\DPL\G73-67603-DPL-D4.6-20895.wav
12.63392067,3.25175166,Mono_Continuous,DPL,C:\TCC\Reproduzir_artigo\data\GUITAR-FX\Mono_Continuous\Audio\DPL\G73-67603-DPL-D7.9-20895.wav
13.38751888,1.82062972,Mono_Continuous,DPL,C:\TCC\Reproduzir_artigo\data\GUITAR-FX\Mono_Continuous\Audio\DPL\G73-68604-DPL-D7.7-20896.wav
11.10881329,7.06044006,Mono_Continuous,DPL,C:\TCC\Reproduzir_artigo\data\GUITAR-FX\Mono_Continuous\Audio\DPL\G73-70606-DPL-D2.5-20898.wav
16.21577835,-0.02663112,Mono_Continuous,DPL,C:\TCC\Reproduzir_artigo\data\GUITAR-FX\Mono_Continuous\Audio\DPL\G73-71512-DPL-D7.5-20891.wav
16.78894424,0.24803545,Mono_Continuous,DPL,C:\TCC\Reproduzir_artigo\data\GUITAR-FX\Mono_Continuous\Audio\DPL\G73-71607-DPL-D8.2-20899.wav
13.18855190,6.32083130,Mono_Continuous,DPL,C:\TCC\Reproduzir_artigo\data\GUITAR-FX\Mono_Continuous\Audio\DPL\G73-72608-DPL-D4.6-20900.wav
14.04342842,4.92494583,Mono_Continuous,DPL,C:\TCC\Reproduzir_artigo\data\GUITAR-FX\Mono_Continuous\Audio\DPL\G73-74610-DPL-D9.6-20902.wav
-15.04733276,-0.60274023,Mono_Continuous,DPL,C:\TCC\Reproduzir_artigo\data\GUITAR-FX\Mono_Continuous\Audio\DPL\G81-40100-DPL-D5.3-20905.wav
-15.95343781,5.03007412,Mono_Continuous,DPL,C:\TCC\Reproduzir_artigo\data\GUITAR-FX\Mono_Continuous\Audio\DPL\G81-43103-DPL-D2.4-20908.wav
-11.97742462,-1.02237296,Mono_Continuous,DPL,C:\TCC\Reproduzir_artigo\data\GUITAR-FX\Mono_Continuous\Audio\DPL\G81-43103-DPL-D5-20908.wav
-13.91763878,2.27958870,Mono_Continuous,DPL,C:\TCC\Reproduzir_artigo\data\GUITAR-FX\Mono_Continuous\Audio\DPL\G81-45105-DPL-D3.7-20910.wav
-12.04502487,-1.61496890,Mono_Continuous,DPL,C:\TCC\Reproduzir_artigo\data\GUITAR-FX\Mono_Continuous\Audio\DPL\G81-45105-DPL-D5.9-20910.wav
-11.54639435,-1.67942691,Mono_Continuous,DPL,C:\TCC\Reproduzir_artigo\data\GUITAR-FX\Mono_Continuous\Audio\DPL\G81-45200-DPL-D6.3-20918.wav
-8.39334488,-2.13783932,Mono_Continuous,DPL,C:\TCC\Reproduzir_artigo\data\GUITAR-FX\Mono_Continuous\Audio\DPL\G81-50110-DPL-D7.2-20915.wav
-6.56307983,0.62072903,Mono_Continuous,DPL,C:\TCC\Reproduzir_artigo\data\GUITAR-FX\Mono_Continuous\Audio\DPL\G81-50300-DPL-D2.3-20931.wav
-8.95450592,-2.35912848,Mono_Continuous,DPL,C:\TCC\Reproduzir_artigo\data\GUITAR-FX\Mono_Continuous\Audio\DPL\G81-51206-DPL-D5.6-20924.wav
-8.31547260,-3.48995471,Mono_Continuous,DPL,C:\TCC\Reproduzir_artigo\data\GUITAR-FX\Mono_Continuous\Audio\DPL\G81-51206-DPL-D6.7-20924.wav
-6.98065138,-3.83095622,Mono_Continuous,DPL,C:\TCC\Reproduzir_artigo\data\GUITAR-FX\Mono_Continuous\Audio\DPL\G81-52302-DPL-D6.3-20933.wav
-6.14186573,-2.12082863,Mono_Continuous,DPL,C:\TCC\Reproduzir_artigo\data\GUITAR-FX\Mono_Continuous\Audio\DPL\G81-55305-DPL-D6.4-20936.wav
-6.30467415,-2.79456854,Mono_Continuous,DPL,C:\TCC\Reproduzir_artigo\data\GUITAR-FX\Mono_Continuous\Audio\DPL\G81-55305-DPL-D7.2-20936.wav
-6.55502701,-2.44924998,Mono_Continuous,DPL,C:\TCC\Reproduzir_artigo\data\GUITAR-FX\Mono_Continuous\Audio\DPL\G81-55305-DPL-D7.5-20936.wav
-6.01161814,-3.08301234,Mono_Continuous,DPL,C:\TCC\Reproduzir_artigo\data\GUITAR-FX\Mono_Continuous\Audio\DPL\G81-55305-DPL-D8.3-20936.wav
-5.44346666,-4.09856939,Mono_Continuous,DPL,C:\TCC\Reproduzir_artigo\data\GUITAR-FX\Mono_Continuous\Audio\DPL\G81-55305-DPL-D9-20936.wav
-2.98909092,-6.61123085,Mono_Continuous,DPL,C:\TCC\Reproduzir_artigo\data\GUITAR-FX\Mono_Continuous\Audio\DPL\G81-56211-DPL-D9.7-20929.wav
-0.28757137,-1.67421269,Mono_Continuous,DPL,C:\TCC\Reproduzir_artigo\data\GUITAR-FX\Mono_Continuous\Audio\DPL\G81-56401-DPL-D4.4-20945.wav
-9.69862366,10.86178589,Mono_Continuous,DPL,C:\TCC\Reproduzir_artigo\data\GUITAR-FX\Mono_Continuous\Audio\DPL\G81-57212-DPL-D2.4-20930.wav
-0.43620786,-1.79658663,Mono_Continuous,DPL,C:\TCC\Reproduzir_artigo\data\GUITAR-FX\Mono_Continuous\Audio\DPL\G81-58308-DPL-D5.9-20939.wav
-2.03026342,-3.32739925,Mono_Continuous,DPL,C:\TCC\Reproduzir_artigo\data\GUITAR-FX\Mono_Continuous\Audio\DPL\G81-59309-DPL-D6.7-20940.wav
10.16585159,-8.36013603,Mono_Continuous,DPL,C:\TCC\Reproduzir_artigo\data\GUITAR-FX\Mono_Continuous\Audio\DPL\G81-61502-DPL-D6.7-20959.wav
4.28640270,-5.49708843,Mono_Continuous,DPL,C:\TCC\Reproduzir_artigo\data\GUITAR-FX\Mono_Continuous\Audio\DPL\G81-62407-DPL-D6.6-20951.wav
5.69263029,-3.00006914,Mono_Continuous,DPL,C:\TCC\Reproduzir_artigo\data\GUITAR-FX\Mono_Continuous\Audio\DPL\G81-63408-DPL-D4.7-20952.wav
6.60486841,-1.55406702,Mono_Continuous,DPL,C:\TCC\Reproduzir_artigo\data\GUITAR-FX\Mono_Continuous\Audio\DPL\G81-64409-DPL-D6.6-20953.wav
8.60979176,1.64371216,Mono_Continuous,DPL,C:\TCC\Reproduzir_artigo\data\GUITAR-FX\Mono_Continuous\Audio\DPL\G81-65410-DPL-D3.2-20954.wav
7.95634127,-0.27287221,Mono_Continuous,DPL,C:\TCC\Reproduzir_artigo\data\GUITAR-FX\Mono_Continuous\Audio\DPL\G81-65410-DPL-D4.4-20954.wav
10.27847481,-1.83370006,Mono_Continuous,DPL,C:\TCC\Reproduzir_artigo\data\GUITAR-FX\Mono_Continuous\Audio\DPL\G81-66411-DPL-D5.4-20955.wav
11.94819164,-3.53406239,Mono_Continuous,DPL,C:\TCC\Reproduzir_artigo\data\GUITAR-FX\Mono_Continuous\Audio\DPL\G81-66411-DPL-D9.8-20955.wav
12.07107925,0.57530606,Mono_Continuous,DPL,C:\TCC\Reproduzir_artigo\data\GUITAR-FX\Mono_Continuous\Audio\DPL\G81-66507-DPL-D4.5-20964.wav
12.98782444,-2.52505827,Mono_Continuous,DPL,C:\TCC\Reproduzir_artigo\data\GUITAR-FX\Mono_Continuous\Audio\DPL\G81-66507-DPL-D7.7-20964.wav
12.85115528,1.28652716,Mono_Continuous,DPL,C:\TCC\Reproduzir_artigo\data\GUITAR-FX\Mono_Continuous\Audio\DPL\G81-70511-DPL-D8-20968.wav
-14.84532356,-0.85701013,Mono_Continuous,DPL,C:\TCC\Reproduzir_artigo\data\GUITAR-FX\Mono_Continuous\Audio\DPL\G83-41101-DPL-D4.7-20984.wav
-15.37252235,0.59078473,Mono_Continuous,DPL,C:\TCC\Reproduzir_artigo\data\GUITAR-FX\Mono_Continuous\Audio\DPL\G83-43103-DPL-D4.9-20986.wav
-14.56749058,-5.03106165,Mono_Continuous,DPL,C:\TCC\Reproduzir_artigo\data\GUITAR-FX\Mono_Continuous\Audio\DPL\G83-45105-DPL-D7.3-20988.wav
-8.76500034,-8.60235310,Mono_Continuous,DPL,C:\TCC\Reproduzir_artigo\data\GUITAR-FX\Mono_Continuous\Audio\DPL\G83-48203-DPL-D8.5-20999.wav
-10.87707520,-5.36543608,Mono_Continuous,DPL,C:\TCC\Reproduzir_artigo\data\GUITAR-FX\Mono_Continuous\Audio\DPL\G83-49109-DPL-D7.5-20992.wav
-9.91296673,-2.54092741,Mono_Continuous,DPL,C:\TCC\Reproduzir_artigo\data\GUITAR-FX\Mono_Continuous\Audio\DPL\G83-50110-DPL-D4.6-20993.wav
-4.69171524,-6.08363771,Mono_Continuous,DPL,C:\TCC\Reproduzir_artigo\data\GUITAR-FX\Mono_Continuous\Audio\DPL\G83-52302-DPL-D8.2-21011.wav
-6.78967428,-0.84970695,Mono_Continuous,DPL,C:\TCC\Reproduzir_artigo\data\GUITAR-FX\Mono_Continuous\Audio\DPL\G83-54304-DPL-D5.6-21013.wav
2.05535173,-7.51514006,Mono_Continuous,DPL,C:\TCC\Reproduzir_artigo\data\GUITAR-FX\Mono_Continuous\Audio\DPL\G83-57402-DPL-D9.8-21024.wav
0.69868338,1.53429723,Mono_Continuous,DPL,C:\TCC\Reproduzir_artigo\data\GUITAR-FX\Mono_Continuous\Audio\DPL\G83-59500-DPL-D2.2-21035.wav
4.33605576,0.57064211,Mono_Continuous,DPL,C:\TCC\Reproduzir_artigo\data\GUITAR-FX\Mono_Continuous\Audio\DPL\G83-62407-DPL-D5.1-21029.wav
7.79032707,-2.64493322,Mono_Continuous,DPL,C:\TCC\Reproduzir_artigo\data\GUITAR-FX\Mono_Continuous\Audio\DPL\G83-63408-DPL-D8.5-21030.wav
7.00999641,1.95354784,Mono_Continuous,DPL,C:\TCC\Reproduzir_artigo\data\GUITAR-FX\Mono_Continuous\Audio\DPL\G83-63504-DPL-D3.3-21039.wav
7.68568659,-0.44229901,Mono_Continuous,DPL,C:\TCC\Reproduzir_artigo\data\GUITAR-FX\Mono_Continuous\Audio\DPL\G83-64409-DPL-D6.7-21031.wav
8.70564175,-4.62608290,Mono_Continuous,DPL,C:\TCC\Reproduzir_artigo\data\GUITAR-FX\Mono_Continuous\Audio\DPL\G83-66411-DPL-D9.2-21033.wav
12.15607357,4.20790148,Mono_Continuous,DPL,C:\TCC\Reproduzir_artigo\data\GUITAR-FX\Mono_Continuous\Audio\DPL\G83-67508-DPL-D4.7-21043.wav
13.09363461,-0.80825514,Mono_Continuous,DPL,C:\TCC\Reproduzir_artigo\data\GUITAR-FX\Mono_Continuous\Audio\DPL\G83-68604-DPL-D7.3-21052.wav
14.90347862,2.70863533,Mono_Continuous,DPL,C:\TCC\Reproduzir_artigo\data\GUITAR-FX\Mono_Continuous\Audio\DPL\G83-70606-DPL-D6.3-21054.wav
15.73561287,1.90947390,Mono_Continuous,DPL,C:\TCC\Reproduzir_artigo\data\GUITAR-FX\Mono_Continuous\Audio\DPL\G83-74610-DPL-D9.4-21058.wav
-13.83837318,1.25300968,Mono_Continuous,DPL,C:\TCC\Reproduzir_artigo\data\GUITAR-FX\Mono_Continuous\Audio\DPL\G91-40100-DPL-D4-21061.wav
-15.25876904,2.20329571,Mono_Continuous,DPL,C:\TCC\Reproduzir_artigo\data\GUITAR-FX\Mono_Continuous\Audio\DPL\G91-41101-DPL-D3.6-21062.wav
-14.40064907,-1.83708298,Mono_Continuous,DPL,C:\TCC\Reproduzir_artigo\data\GUITAR-FX\Mono_Continuous\Audio\DPL\G91-42102-DPL-D4.4-21063.wav
-13.68863201,-1.45491958,Mono_Continuous,DPL,C:\TCC\Reproduzir_artigo\data\GUITAR-FX\Mono_Continuous\Audio\DPL\G91-44104-DPL-D8.5-21065.wav
-8.65353203,4.33795452,Mono_Continuous,DPL,C:\TCC\Reproduzir_artigo\data\GUITAR-FX\Mono_Continuous\Audio\DPL\G91-50205-DPL-D3-21079.wav
-6.68982744,-5.63538218,Mono_Continuous,DPL,C:\TCC\Reproduzir_artigo\data\GUITAR-FX\Mono_Continuous\Audio\DPL\G91-50300-DPL-D9.4-21087.wav
-5.33559418,-4.26402807,Mono_Continuous,DPL,C:\TCC\Reproduzir_artigo\data\GUITAR-FX\Mono_Continuous\Audio\DPL\G91-52112-DPL-D9.9-21073.wav
-8.08776283,-2.44572830,Mono_Continuous,DPL,C:\TCC\Reproduzir_artigo\data\GUITAR-FX\Mono_Continuous\Audio\DPL\G91-53208-DPL-D8.4-21082.wav
-2.73175693,-6.24110556,Mono_Continuous,DPL,C:\TCC\Reproduzir_artigo\data\GUITAR-FX\Mono_Continuous\Audio\DPL\G91-53303-DPL-D8.8-21090.wav
-7.70430326,-0.00327987,Mono_Continuous,DPL,C:\TCC\Reproduzir_artigo\data\GUITAR-FX\Mono_Continuous\Audio\DPL\G91-54209-DPL-D6-21083.wav
-8.20608902,-2.11460400,Mono_Continuous,DPL,C:\TCC\Reproduzir_artigo\data\GUITAR-FX\Mono_Continuous\Audio\DPL\G91-55210-DPL-D7.2-21084.wav
-7.85824823,-2.88331771,Mono_Continuous,DPL,C:\TCC\Reproduzir_artigo\data\GUITAR-FX\Mono_Continuous\Audio\DPL\G91-55210-DPL-D8.1-21084.wav
-5.65647411,-5.12083578,Mono_Continuous,DPL,C:\TCC\Reproduzir_artigo\data\GUITAR-FX\Mono_Continuous\Audio\DPL\G91-55305-DPL-D9.1-21092.wav
-2.96979547,-6.31933928,Mono_Continuous,DPL,C:\TCC\Reproduzir_artigo\data\GUITAR-FX\Mono_Continuous\Audio\DPL\G91-55305-DPL-D9.9-21092.wav
-4.45261097,4.19236708,Mono_Continuous,DPL,C:\TCC\Reproduzir_artigo\data\GUITAR-FX\Mono_Continuous\Audio\DPL\G91-56306-DPL-D2.1-21093.wav
-3.58909774,2.39835119,Mono_Continuous,DPL,C:\TCC\Reproduzir_artigo\data\GUITAR-FX\Mono_Continuous\Audio\DPL\G91-56306-DPL-D2.8-21093.wav
-0.97273380,-6.41594267,Mono_Continuous,DPL,C:\TCC\Reproduzir_artigo\data\GUITAR-FX\Mono_Continuous\Audio\DPL\G91-57402-DPL-D7.3-21102.wav
-4.03115654,4.33907890,Mono_Continuous,DPL,C:\TCC\Reproduzir_artigo\data\GUITAR-FX\Mono_Continuous\Audio\DPL\G91-59404-DPL-D2.3-21104.wav
8.28971767,-0.96093220,Mono_Continuous,DPL,C:\TCC\Reproduzir_artigo\data\GUITAR-FX\Mono_Continuous\Audio\DPL\G91-60501-DPL-D2.5-21114.wav
9.35374069,-4.00118065,Mono_Continuous,DPL,C:\TCC\Reproduzir_artigo\data\GUITAR-FX\Mono_Continuous\Audio\DPL\G91-60501-DPL-D4.9-21114.wav
4.29605341,-3.46874022,Mono_Continuous,DPL,C:\TCC\Reproduzir_artigo\data\GUITAR-FX\Mono_Continuous\Audio\DPL\G91-61406-DPL-D4.4-21106.wav
5.92753363,-7.76003599,Mono_Continuous,DPL,C:\TCC\Reproduzir_artigo\data\GUITAR-FX\Mono_Continuous\Audio\DPL\G91-61406-DPL-D7.4-21106.wav
10.80924797,-4.50972700,Mono_Continuous,DPL,C:\TCC\Reproduzir_artigo\data\GUITAR-FX\Mono_Continuous\Audio\DPL\G91-61502-DPL-D6-21115.wav
5.65399170,-0.86345178,Mono_Continuous,DPL,C:\TCC\Reproduzir_artigo\data\GUITAR-FX\Mono_Continuous\Audio\DPL\G91-62312-DPL-D6.6-21099.wav
8.88587284,-4.55609226,Mono_Continuous,DPL,C:\TCC\Reproduzir_artigo\data\GUITAR-FX\Mono_Continuous\Audio\DPL\G91-62503-DPL-D5.8-21116.wav
14.28987980,-1.31457460,Mono_Continuous,DPL,C:\TCC\Reproduzir_artigo\data\GUITAR-FX\Mono_Continuous\Audio\DPL\G91-64600-DPL-D4.9-21126.wav
10.20845509,-2.97187805,Mono_Continuous,DPL,C:\TCC\Reproduzir_artigo\data\GUITAR-FX\Mono_Continuous\Audio\DPL\G91-65410-DPL-D9.7-21110.wav
10.25318909,-3.27534699,Mono_Continuous,DPL,C:\TCC\Reproduzir_artigo\data\GUITAR-FX\Mono_Continuous\Audio\DPL\G91-65410-DPL-D9.8-21110.wav
12.65103531,-3.30478024,Mono_Continuous,DPL,C:\TCC\Reproduzir_artigo\data\GUITAR-FX\Mono_Continuous\Audio\DPL\G91-66507-DPL-D8.4-21120.wav
12.35193634,2.76524949,Mono_Continuous,DPL,C:\TCC\Reproduzir_artigo\data\GUITAR-FX\Mono_Continuous\Audio\DPL\G91-67508-DPL-D3.8-21121.wav
13.44339180,2.98513412,Mono_Continuous,DPL,C:\TCC\Reproduzir_artigo\data\GUITAR-FX\Mono_Continuous\Audio\DPL\G91-68509-DPL-D4-21122.wav
16.27016068,-3.78839755,Mono_Continuous,DPL,C:\TCC\Reproduzir_artigo\data\GUITAR-FX\Mono_Continuous\Audio\DPL\G91-68604-DPL-D9.5-21130.wav
13.55433941,2.74952316,Mono_Continuous,DPL,C:\TCC\Reproduzir_artigo\data\GUITAR-FX\Mono_Continuous\Audio\DPL\G91-69605-DPL-D4.9-21131.wav
14.34294987,1.30732942,Mono_Continuous,DPL,C:\TCC\Reproduzir_artigo\data\GUITAR-FX\Mono_Continuous\Audio\DPL\G91-70511-DPL-D6.3-21124.wav
15.06011486,0.19172083,Mono_Continuous,DPL,C:\TCC\Reproduzir_artigo\data\GUITAR-FX\Mono_Continuous\Audio\DPL\G91-70511-DPL-D7.5-21124.wav
16.11190033,0.49548012,Mono_Continuous,DPL,C:\TCC\Reproduzir_artigo\data\GUITAR-FX\Mono_Continuous\Audio\DPL\G91-70606-DPL-D7-21132.wav
14.73542881,1.07805920,Mono_Continuous,DPL,C:\TCC\Reproduzir_artigo\data\GUITAR-FX\Mono_Continuous\Audio\DPL\G91-71512-DPL-D6.2-21125.wav
17.71778870,-1.78005588,Mono_Continuous,DPL,C:\TCC\Reproduzir_artigo\data\GUITAR-FX\Mono_Continuous\Audio\DPL\G91-71607-DPL-D7.7-21133.wav
15.38762093,5.47825050,Mono_Continuous,DPL,C:\TCC\Reproduzir_artigo\data\GUITAR-FX\Mono_Continuous\Audio\DPL\G91-74610-DPL-D5.7-21136.wav
-13.86183929,-0.78658968,Mono_Continuous,DPL,C:\TCC\Reproduzir_artigo\data\GUITAR-FX\Mono_Continuous\Audio\DPL\G93-40100-DPL-D7-21139.wav
-13.60017776,2.93110418,Mono_Continuous,DPL,C:\TCC\Reproduzir_artigo\data\GUITAR-FX\Mono_Continuous\Audio\DPL\G93-43103-DPL-D3.8-21142.wav
-13.39308357,2.98210216,Mono_Continuous,DPL,C:\TCC\Reproduzir_artigo\data\GUITAR-FX\Mono_Continuous\Audio\DPL\G93-45105-DPL-D4.3-21144.wav
-9.14909363,1.61665201,Mono_Continuous,DPL,C:\TCC\Reproduzir_artigo\data\GUITAR-FX\Mono_Continuous\Audio\DPL\G93-47202-DPL-D3.2-21154.wav
-9.45047474,0.13977046,Mono_Continuous,DPL,C:\TCC\Reproduzir_artigo\data\GUITAR-FX\Mono_Continuous\Audio\DPL\G93-47202-DPL-D4.2-21154.wav
-4.47811842,-8.25430202,Mono_Continuous,DPL,C:\TCC\Reproduzir_artigo\data\GUITAR-FX\Mono_Continuous\Audio\DPL\G93-48203-DPL-D9.7-21155.wav
-9.94690990,-3.45286942,Mono_Continuous,DPL,C:\TCC\Reproduzir_artigo\data\GUITAR-FX\Mono_Continuous\Audio\DPL\G93-49109-DPL-D4.8-21148.wav
-5.79624462,-9.20210457,Mono_Continuous,DPL,C:\TCC\Reproduzir_artigo\data\GUITAR-FX\Mono_Continuous\Audio\DPL\G93-50300-DPL-D8.1-21165.wav
-4.69702959,-0.69906199,Mono_Continuous,DPL,C:\TCC\Reproduzir_artigo\data\GUITAR-FX\Mono_Continuous\Audio\DPL\G93-54304-DPL-D2.8-21169.wav
-5.14344549,-5.83512926,Mono_Continuous,DPL,C:\TCC\Reproduzir_artigo\data\GUITAR-FX\Mono_Continuous\Audio\DPL\G93-55210-DPL-D8.3-21162.wav
-6.53941441,0.07665101,Mono_Continuous,DPL,C:\TCC\Reproduzir_artigo\data\GUITAR-FX\Mono_Continuous\Audio\DPL\G93-55305-DPL-D4.7-21170.wav
-0.99229705,1.23091936,Mono_Continuous,DPL,C:\TCC\Reproduzir_artigo\data\GUITAR-FX\Mono_Continuous\Audio\DPL\G93-56401-DPL-D3.3-21179.wav
-8.36988735,8.67400455,Mono_Continuous,DPL,C:\TCC\Reproduzir_artigo\data\GUITAR-FX\Mono_Continuous\Audio\DPL\G93-57212-DPL-D2.5-21164.wav
-6.56666374,3.57217121,Mono_Continuous,DPL,C:\TCC\Reproduzir_artigo\data\GUITAR-FX\Mono_Continuous\Audio\DPL\G93-57212-DPL-D4.9-21164.wav
3.53532434,-0.81777501,Mono_Continuous,DPL,C:\TCC\Reproduzir_artigo\data\GUITAR-FX\Mono_Continuous\Audio\DPL\G93-59500-DPL-D3.1-21191.wav
10.25684357,-4.06273651,Mono_Continuous,DPL,C:\TCC\Reproduzir_artigo\data\GUITAR-FX\Mono_Continuous\Audio\DPL\G93-60501-DPL-D5.4-21192.wav
4.31760168,-4.89751959,Mono_Continuous,DPL,C:\TCC\Reproduzir_artigo\data\GUITAR-FX\Mono_Continuous\Audio\DPL\G93-61311-DPL-D8.4-21176.wav
5.55260801,-5.25413561,Mono_Continuous,DPL,C:\TCC\Reproduzir_artigo\data\GUITAR-FX\Mono_Continuous\Audio\DPL\G93-61311-DPL-D8.8-21176.wav
7.25404835,0.36390063,Mono_Continuous,DPL,C:\TCC\Reproduzir_artigo\data\GUITAR-FX\Mono_Continuous\Audio\DPL\G93-63408-DPL-D7.1-21186.wav
8.52636909,-3.21907330,Mono_Continuous,DPL,C:\TCC\Reproduzir_artigo\data\GUITAR-FX\Mono_Continuous\Audio\DPL\G93-64505-DPL-D9.6-21196.wav
8.59329128,1.11624873,Mono_Continuous,DPL,C:\TCC\Reproduzir_artigo\data\GUITAR-FX\Mono_Continuous\Audio\DPL\G93-66411-DPL-D5.6-21189.wav
12.73975849,4.85346508,Mono_Continuous,DPL,C:\TCC\Reproduzir_artigo\data\GUITAR-FX\Mono_Continuous\Audio\DPL\G93-69510-DPL-D6.3-21201.wav
12.15845299,8.86076069,Mono_Continuous,DPL,C:\TCC\Reproduzir_artigo\data\GUITAR-FX\Mono_Continuous\Audio\DPL\G93-70511-DPL-D2.2-21202.wav
-17.10869026,-4.50472164,Mono_Continuous,DS1,C:\TCC\Reproduzir_artigo\data\GUITAR-FX\Mono_Continuous\Audio\DS1\G61-42102-DS1-D7.4T4.6-20595.wav
-16.06584358,-6.61184835,Mono_Continuous,DS1,C:\TCC\Reproduzir_artigo\data\GUITAR-FX\Mono_Continuous\Audio\DS1\G61-42102-DS1-D9.4T6.6-20595.wav
-14.73659992,-4.44041157,Mono_Continuous,DS1,C:\TCC\Reproduzir_artigo\data\GUITAR-FX\Mono_Continuous\Audio\DS1\G61-43103-DS1-D4.9T0.5-20596.wav
-16.33857155,-3.16897583,Mono_Continuous,DS1,C:\TCC\Reproduzir_artigo\data\GUITAR-FX\Mono_Continuous\Audio\DS1\G61-44104-DS1-D9T3.7-20597.wav
-13.24219036,-8.64332294,Mono_Continuous,DS1,C:\TCC\Reproduzir_artigo\data\GUITAR-FX\Mono_Continuous\Audio\DS1\G61-45200-DS1-D5.8T5.5-20606.wav
-12.51031113,-7.08676624,Mono_Continuous,DS1,C:\TCC\Reproduzir_artigo\data\GUITAR-FX\Mono_Continuous\Audio\DS1\G61-46106-DS1-D2.1T9.5-20599.wav
-11.34473324,-9.64762306,Mono_Continuous,DS1,C:\TCC\Reproduzir_artigo\data\GUITAR-FX\Mono_Continuous\Audio\DS1\G61-46201-DS1-D3.7T8.3-20607.wav
-15.96230793,-2.43559980,Mono_Continuous,DS1,C:\TCC\Reproduzir_artigo\data\GUITAR-FX\Mono_Continuous\Audio\DS1\G61-47107-DS1-D2.2T1.4-20600.wav
-10.14708233,-7.96442461,Mono_Continuous,DS1,C:\TCC\Reproduzir_artigo\data\GUITAR-FX\Mono_Continuous\Audio\DS1\G61-49204-DS1-D7.2T2.5-20610.wav
-9.03140068,-3.47831511,Mono_Continuous,DS1,C:\TCC\Reproduzir_artigo\data\GUITAR-FX\Mono_Continuous\Audio\DS1\G61-50110-DS1-D8.6T5.4-20603.wav
-12.97828007,-1.86673129,Mono_Continuous,DS1,C:\TCC\Reproduzir_artigo\data\GUITAR-FX\Mono_Continuous\Audio\DS1\G61-50205-DS1-D3.7T2.8-20611.wav
-5.45588541,-11.24913311,Mono_Continuous,DS1,C:\TCC\Reproduzir_artigo\data\GUITAR-FX\Mono_Continuous\Audio\DS1\G61-50300-DS1-D8.2T7.3-20619.wav
-8.75689697,-4.55105877,Mono_Continuous,DS1,C:\TCC\Reproduzir_artigo\data\GUITAR-FX\Mono_Continuous\Audio\DS1\G61-51206-DS1-D8T5.3-20612.wav
-9.67022896,-3.58009863,Mono_Continuous,DS1,C:\TCC\Reproduzir_artigo\data\GUITAR-FX\Mono_Continuous\Audio\DS1\G61-52112-DS1-D6.2T8.6-20605.wav
-9.25240421,-4.22758293,Mono_Continuous,DS1,C:\TCC\Reproduzir_artigo\data\GUITAR-FX\Mono_Continuous\Audio\DS1\G61-52207-DS1-D3.7T8.5-20613.wav
-2.41189551,-9.37325668,Mono_Continuous,DS1,C:\TCC\Reproduzir_artigo\data\GUITAR-FX\Mono_Continuous\Audio\DS1\G61-53303-DS1-D5.2T9.5-20622.wav
-2.75887132,-5.35543346,Mono_Continuous,DS1,C:\TCC\Reproduzir_artigo\data\GUITAR-FX\Mono_Continuous\Audio\DS1\G61-55305-DS1-D8T5.3-20624.wav
-5.93837357,-4.80049467,Mono_Continuous,DS1,C:\TCC\Reproduzir_artigo\data\GUITAR-FX\Mono_Continuous\Audio\DS1\G61-55400-DS1-D3.2T3.4-20632.wav
-2.25986385,-4.49700069,Mono_Continuous,DS1,C:\TCC\Reproduzir_artigo\data\GUITAR-FX\Mono_Continuous\Audio\DS1\G61-56306-DS1-D4.9T4.9-20625.wav
-0.44819888,-8.29608345,Mono_Continuous,DS1,C:\TCC\Reproduzir_artigo\data\GUITAR-FX\Mono_Continuous\Audio\DS1\G61-56401-DS1-D6.5T3.4-20633.wav
-3.88842702,-0.23213696,Mono_Continuous,DS1,C:\TCC\Reproduzir_artigo\data\GUITAR-FX\Mono_Continuous\Audio\DS1\G61-57307-DS1-D3.7T4.9-20626.wav
-2.55581188,0.13617317,Mono_Continuous,DS1,C:\TCC\Reproduzir_artigo\data\GUITAR-FX\Mono_Continuous\Audio\DS1\G61-57307-DS1-D8.1T3-20626.wav
-1.39090252,-0.61846876,Mono_Continuous,DS1,C:\TCC\Reproduzir_artigo\data\GUITAR-FX\Mono_Continuous\Audio\DS1\G61-60405-DS1-D4.8T4.4-20637.wav
9.20760345,-9.64673424,Mono_Continuous,DS1,C:\TCC\Reproduzir_artigo\data\GUITAR-FX\Mono_Continuous\Audio\DS1\G61-61502-DS1-D6.2T9.8-20647.wav
9.79625320,-6.90304327,Mono_Continuous,DS1,C:\TCC\Reproduzir_artigo\data\GUITAR-FX\Mono_Continuous\Audio\DS1\G61-62503-DS1-D4T9.3-20648.wav
3.96734619,-2.48597550,Mono_Continuous,DS1,C:\TCC\Reproduzir_artigo\data\GUITAR-FX\Mono_Continuous\Audio\DS1\G61-62503-DS1-D8.4T1-20648.wav
7.77512026,-5.10481882,Mono_Continuous,DS1,C:\TCC\Reproduzir_artigo\data\GUITAR-FX\Mono_Continuous\Audio\DS1\G61-63408-DS1-D2.7T7.8-20640.wav
9.59682465,-6.77014971,Mono_Continuous,DS1,C:\TCC\Reproduzir_artigo\data\GUITAR-FX\Mono_Continuous\Audio\DS1\G61-63504-DS1-D3.2T8.5-20649.wav
8.64403915,-2.56566262,Mono_Continuous,DS1,C:\TCC\Reproduzir_artigo\data\GUITAR-FX\Mono_Continuous\Audio\DS1\G61-64505-DS1-D6.9T4.1-20650.wav
9.34644413,-5.08206081,Mono_Continuous,DS1,C:\TCC\Reproduzir_artigo\data\GUITAR-FX\Mono_Continuous\Audio\DS1\G61-64505-DS1-D7.4T7-20650.wav
6.59216022,-2.76233029,Mono_Continuous,DS1,C:\TCC\Reproduzir_artigo\data\GUITAR-FX\Mono_Continuous\Audio\DS1\G61-65410-DS1-D7.3T1.6-20642.wav
7.64107323,-5.49492359,Mono_Continuous,DS1,C:\TCC\Reproduzir_artigo\data\GUITAR-FX\Mono_Continuous\Audio\DS1\G61-65410-DS1-D7.9T7.2-20642.wav
13.09758377,1.09653044,Mono_Continuous,DS1,C:\TCC\Reproduzir_artigo\data\GUITAR-FX\Mono_Continuous\Audio\DS1\G61-66602-DS1-D2.5T1.7-20660.wav
15.50333691,-4.21384048,Mono_Continuous,DS1,C:\TCC\Reproduzir_artigo\data\GUITAR-FX\Mono_Continuous\Audio\DS1\G61-67603-DS1-D6.6T8.5-20661.wav
11.78425598,-1.73195326,Mono_Continuous,DS1,C:\TCC\Reproduzir_artigo\data\GUITAR-FX\Mono_Continuous\Audio\DS1\G61-68509-DS1-D9.2T6-20654.wav
14.83168697,-4.64847326,Mono_Continuous,DS1,C:\TCC\Reproduzir_artigo\data\GUITAR-FX\Mono_Continuous\Audio\DS1\G61-71512-DS1-D3.6T8.3-20657.wav
12.49815178,-5.26422834,Mono_Continuous,DS1,C:\TCC\Reproduzir_artigo\data\GUITAR-FX\Mono_Continuous\Audio\DS1\G61-71512-DS1-D6.6T6.4-20657.wav
12.52494335,6.15092945,Mono_Continuous,DS1,C:\TCC\Reproduzir_artigo\data\GUITAR-FX\Mono_Continuous\Audio\DS1\G61-76612-DS1-D9.5T2.5-20670.wav
-16.50265694,-6.18585682,Mono_Continuous,DS1,C:\TCC\Reproduzir_artigo\data\GUITAR-FX\Mono_Continuous\Audio\DS1\G63-40100-DS1-D7T5.5-20671.wav
-14.96706772,-8.44174957,Mono_Continuous,DS1,C:\TCC\Reproduzir_artigo\data\GUITAR-FX\Mono_Continuous\Audio\DS1\G63-41101-DS1-D9.4T6.4-20672.wav
-14.09021854,-6.70643854,Mono_Continuous,DS1,C:\TCC\Reproduzir_artigo\data\GUITAR-FX\Mono_Continuous\Audio\DS1\G63-46106-DS1-D3.9T3.1-20677.wav
-11.89511776,-9.65148258,Mono_Continuous,DS1,C:\TCC\Reproduzir_artigo\data\GUITAR-FX\Mono_Continuous\Audio\DS1\G63-47202-DS1-D2.7T8.5-20686.wav
-9.30633259,-11.20196152,Mono_Continuous,DS1,C:\TCC\Reproduzir_artigo\data\GUITAR-FX\Mono_Continuous\Audio\DS1\G63-47202-DS1-D4.8T9.9-20686.wav
-13.67102814,-5.76535034,Mono_Continuous,DS1,C:\TCC\Reproduzir_artigo\data\GUITAR-FX\Mono_Continuous\Audio\DS1\G63-48108-DS1-D5.7T4.7-20679.wav
-11.85320473,-7.81766605,Mono_Continuous,DS1,C:\TCC\Reproduzir_artigo\data\GUITAR-FX\Mono_Continuous\Audio\DS1\G63-48108-DS1-D9T4.5-20679.wav
-10.73865128,-6.11188030,Mono_Continuous,DS1,C:\TCC\Reproduzir_artigo\data\GUITAR-FX\Mono_Continuous\Audio\DS1\G63-50205-DS1-D2.7T4-20689.wav
-10.62222481,-6.18700600,Mono_Continuous,DS1,C:\TCC\Reproduzir_artigo\data\GUITAR-FX\Mono_Continuous\Audio\DS1\G63-50205-DS1-D3T3.2-20689.wav
-9.14756298,-7.13768959,Mono_Continuous,DS1,C:\TCC\Reproduzir_artigo\data\GUITAR-FX\Mono_Continuous\Audio\DS1\G63-50300-DS1-D5T2.5-20697.wav
-6.73405075,-11.00744820,Mono_Continuous,DS1,C:\TCC\Reproduzir_artigo\data\GUITAR-FX\Mono_Continuous\Audio\DS1\G63-50300-DS1-D9.2T8-20697.wav
-9.57810688,-2.63425851,Mono_Continuous,DS1,C:\TCC\Reproduzir_artigo\data\GUITAR-FX\Mono_Continuous\Audio\DS1\G63-52112-DS1-D6.7T0.3-20683.wav
-2.31005287,-11.90204716,Mono_Continuous,DS1,C:\TCC\Reproduzir_artigo\data\GUITAR-FX\Mono_Continuous\Audio\DS1\G63-52207-DS1-D5.7T8.8-20691.wav
0.39248613,-8.74152565,Mono_Continuous,DS1,C:\TCC\Reproduzir_artigo\data\GUITAR-FX\Mono_Continuous\Audio\DS1\G63-56306-DS1-D6.1T6.4-20703.wav
2.51272225,-4.86781502,Mono_Continuous,DS1,C:\TCC\Reproduzir_artigo\data\GUITAR-FX\Mono_Continuous\Audio\DS1\G63-59404-DS1-D4.7T4.4-20714.wav
3.37044454,-3.46927595,Mono_Continuous,DS1,C:\TCC\Reproduzir_artigo\data\GUITAR-FX\Mono_Continuous\Audio\DS1\G63-60501-DS1-D3.2T1.8-20724.wav
2.96427989,-5.64436054,Mono_Continuous,DS1,C:\TCC\Reproduzir_artigo\data\GUITAR-FX\Mono_Continuous\Audio\DS1\G63-60501-DS1-D6.3T5.4-20724.wav
5.03361654,-3.41849232,Mono_Continuous,DS1,C:\TCC\Reproduzir_artigo\data\GUITAR-FX\Mono_Continuous\Audio\DS1\G63-61502-DS1-D7.7T5.1-20725.wav
-0.37847093,0.52247953,Mono_Continuous,DS1,C:\TCC\Reproduzir_artigo\data\GUITAR-FX\Mono_Continuous\Audio\DS1\G63-62407-DS1-D2.3T0.4-20717.wav
8.48001194,-6.99002171,Mono_Continuous,DS1,C:\TCC\Reproduzir_artigo\data\GUITAR-FX\Mono_Continuous\Audio\DS1\G63-62503-DS1-D9.7T9.7-20726.wav
7.26652288,-1.54076374,Mono_Continuous,DS1,C:\TCC\Reproduzir_artigo\data\GUITAR-FX\Mono_Continuous\Audio\DS1\G63-64409-DS1-D3.4T6-20719.wav
12.37428188,-6.01914310,Mono_Continuous,DS1,C:\TCC\Reproduzir_artigo\data\GUITAR-FX\Mono_Continuous\Audio\DS1\G63-65601-DS1-D6.1T8.1-20737.wav
11.54950809,0.70136780,Mono_Continuous,DS1,C:\TCC\Reproduzir_artigo\data\GUITAR-FX\Mono_Continuous\Audio\DS1\G63-66507-DS1-D3.9T0.3-20730.wav
14.10263443,-0.92611891,Mono_Continuous,DS1,C:\TCC\Reproduzir_artigo\data\GUITAR-FX\Mono_Continuous\Audio\DS1\G63-68604-DS1-D3.8T8-20740.wav
13.78562260,2.03368545,Mono_Continuous,DS1,C:\TCC\Reproduzir_artigo\data\GUITAR-FX\Mono_Continuous\Audio\DS1\G63-69605-DS1-D5.2T5.1-20741.wav
13.92291927,3.15656972,Mono_Continuous,DS1,C:\TCC\Reproduzir_artigo\data\GUITAR-FX\Mono_Continuous\Audio\DS1\G63-70511-DS1-D7T3-20734.wav
13.66263390,2.12620354,Mono_Continuous,DS1,C:\TCC\Reproduzir_artigo\data\GUITAR-FX\Mono_Continuous\Audio\DS1\G63-70511-DS1-D9.4T0.3-20734.wav
14.65652657,-0.75305045,Mono_Continuous,DS1,C:\TCC\Reproduzir_artigo\data\GUITAR-FX\Mono_Continuous\Audio\DS1\G63-70606-DS1-D5.9T8.7-20742.wav
12.50272751,3.00533509,Mono_Continuous,DS1,C:\TCC\Reproduzir_artigo\data\GUITAR-FX\Mono_Continuous\Audio\DS1\G63-70606-DS1-D6T5-20742.wav
15.22856617,-1.11565399,Mono_Continuous,DS1,C:\TCC\Reproduzir_artigo\data\GUITAR-FX\Mono_Continuous\Audio\DS1\G63-71512-DS1-D4.6T7-20735.wav
13.21058559,0.69348466,Mono_Continuous,DS1,C:\TCC\Reproduzir_artigo\data\GUITAR-FX\Mono_Continuous\Audio\DS1\G63-71607-DS1-D5.1T1.1-20743.wav
14.71219063,0.44520995,Mono_Continuous,DS1,C:\TCC\Reproduzir_artigo\data\GUITAR-FX\Mono_Continuous\Audio\DS1\G63-74610-DS1-D6.4T9.2-20746.wav
15.61181450,-0.25539055,Mono_Continuous,DS1,C:\TCC\Reproduzir_artigo\data\GUITAR-FX\Mono_Continuous\Audio\DS1\G63-75611-DS1-D4.7T5.5-20747.wav
14.86033535,-0.62414277,Mono_Continuous,DS1,C:\TCC\Reproduzir_artigo\data\GUITAR-FX\Mono_Continuous\Audio\DS1\G63-75611-DS1-D9.2T2.4-20747.wav
-13.86834812,-11.08882141,Mono_Continuous,DS1,C:\TCC\Reproduzir_artigo\data\GUITAR-FX\Mono_Continuous\Audio\DS1\G71-42102-DS1-D6.7T8.5-20751.wav
-12.66016674,-11.85961056,Mono_Continuous,DS1,C:\TCC\Reproduzir_artigo\data\GUITAR-FX\Mono_Continuous\Audio\DS1\G71-45105-DS1-D7.1T8.3-20754.wav
-11.33232594,-6.29186344,Mono_Continuous,DS1,C:\TCC\Reproduzir_artigo\data\GUITAR-FX\Mono_Continuous\Audio\DS1\G71-47202-DS1-D2.2T4.2-20764.wav
-10.48795605,-7.13158131,Mono_Continuous,DS1,C:\TCC\Reproduzir_artigo\data\GUITAR-FX\Mono_Continuous\Audio\DS1\G71-50205-DS1-D6.5T5.1-20767.wav
-5.77600861,-6.78616142,Mono_Continuous,DS1,C:\TCC\Reproduzir_artigo\data\GUITAR-FX\Mono_Continuous\Audio\DS1\G71-55210-DS1-D8.6T4-20772.wav
-3.04352021,-8.79033470,Mono_Continuous,DS1,C:\TCC\Reproduzir_artigo\data\GUITAR-FX\Mono_Continuous\Audio\DS1\G71-55400-DS1-D5.5T3-20788.wav
0.74504471,-10.72466850,Mono_Continuous,DS1,C:\TCC\Reproduzir_artigo\data\GUITAR-FX\Mono_Continuous\Audio\DS1\G71-56401-DS1-D9.6T5.6-20789.wav
-1.00710607,-3.22667432,Mono_Continuous,DS1,C:\TCC\Reproduzir_artigo\data\GUITAR-FX\Mono_Continuous\Audio\DS1\G71-58308-DS1-D5.3T6-20783.wav
6.07742214,-8.48441887,Mono_Continuous,DS1,C:\TCC\Reproduzir_artigo\data\GUITAR-FX\Mono_Continuous\Audio\DS1\G71-60310-DS1-D3.1T9.2-20785.wav
6.55674076,-7.75649929,Mono_Continuous,DS1,C:\TCC\Reproduzir_artigo\data\GUITAR-FX\Mono_Continuous\Audio\DS1\G71-60501-DS1-D7.3T4.5-20802.wav
6.65531301,-7.01850224,Mono_Continuous,DS1,C:\TCC\Reproduzir_artigo\data\GUITAR-FX\Mono_Continuous\Audio\DS1\G71-61311-DS1-D3.9T8.4-20786.wav
5.32958841,-6.79216719,Mono_Continuous,DS1,C:\TCC\Reproduzir_artigo\data\GUITAR-FX\Mono_Continuous\Audio\DS1\G71-61406-DS1-D8.4T3.3-20794.wav
6.57117414,-7.84084654,Mono_Continuous,DS1,C:\TCC\Reproduzir_artigo\data\GUITAR-FX\Mono_Continuous\Audio\DS1\G71-62503-DS1-D7T6-20804.wav
6.99631166,-3.78853679,Mono_Continuous,DS1,C:\TCC\Reproduzir_artigo\data\GUITAR-FX\Mono_Continuous\Audio\DS1\G71-63408-DS1-D2.1T6.5-20796.wav
10.27322865,-6.80177021,Mono_Continuous,DS1,C:\TCC\Reproduzir_artigo\data\GUITAR-FX\Mono_Continuous\Audio\DS1\G71-63408-DS1-D3.4T9.5-20796.wav
7.98738003,-5.12154770,Mono_Continuous,DS1,C:\TCC\Reproduzir_artigo\data\GUITAR-FX\Mono_Continuous\Audio\DS1\G71-63408-DS1-D4.2T6.5-20796.wav
10.75422382,-6.85227871,Mono_Continuous,DS1,C:\TCC\Reproduzir_artigo\data\GUITAR-FX\Mono_Continuous\Audio\DS1\G71-63504-DS1-D2.6T7.5-20805.wav
11.30158520,-1.63813519,Mono_Continuous,DS1,C:\TCC\Reproduzir_artigo\data\GUITAR-FX\Mono_Continuous\Audio\DS1\G71-64505-DS1-D5.9T0.1-20806.wav
12.29708576,-3.11298776,Mono_Continuous,DS1,C:\TCC\Reproduzir_artigo\data\GUITAR-FX\Mono_Continuous\Audio\DS1\G71-65601-DS1-D5.6T4.5-20815.wav
10.98271465,-3.83447504,Mono_Continuous,DS1,C:\TCC\Reproduzir_artigo\data\GUITAR-FX\Mono_Continuous\Audio\DS1\G71-66411-DS1-D2.4T8.1-20799.wav
13.48400688,-1.02828455,Mono_Continuous,DS1,C:\TCC\Reproduzir_artigo\data\GUITAR-FX\Mono_Continuous\Audio\DS1\G71-66602-DS1-D3.2T3.2-20816.wav
10.83257484,-0.04920992,Mono_Continuous,DS1,C:\TCC\Reproduzir_artigo\data\GUITAR-FX\Mono_Continuous\Audio\DS1\G71-67508-DS1-D4T7.2-20809.wav
12.31405735,-0.86526465,Mono_Continuous,DS1,C:\TCC\Reproduzir_artigo\data\GUITAR-FX\Mono_Continuous\Audio\DS1\G71-68604-DS1-D7.7T0.9-20818.wav
14.15329933,0.10209569,Mono_Continuous,DS1,C:\TCC\Reproduzir_artigo\data\GUITAR-FX\Mono_Continuous\Audio\DS1\G71-69510-DS1-D8.9T0.9-20811.wav
15.14705753,-0.02402927,Mono_Continuous,DS1,C:\TCC\Reproduzir_artigo\data\GUITAR-FX\Mono_Continuous\Audio\DS1\G71-71512-DS1-D2.8T3.3-20813.wav
14.21516895,-2.53023314,Mono_Continuous,DS1,C:\TCC\Reproduzir_artigo\data\GUITAR-FX\Mono_Continuous\Audio\DS1\G71-73609-DS1-D8.1T6.5-20823.wav
13.12284184,-1.30368459,Mono_Continuous,DS1,C:\TCC\Reproduzir_artigo\data\GUITAR-FX\Mono_Continuous\Audio\DS1\G71-73609-DS1-D8T0.8-20823.wav
12.89787579,2.06048322,Mono_Continuous,DS1,C:\TCC\Reproduzir_artigo\data\GUITAR-FX\Mono_Continuous\Audio\DS1\G71-74610-DS1-D8.5T0.2-20824.wav
15.11929131,2.94467688,Mono_Continuous,DS1,C:\TCC\Reproduzir_artigo\data\GUITAR-FX\Mono_Continuous\Audio\DS1\G71-76612-DS1-D4.6T6.9-20826.wav
-13.54631329,-7.00928116,Mono_Continuous,DS1,C:\TCC\Reproduzir_artigo\data\GUITAR-FX\Mono_Continuous\Audio\DS1\G73-46201-DS1-D2.6T3.3-20841.wav
-12.19245434,-9.22236633,Mono_Continuous,DS1,C:\TCC\Reproduzir_artigo\data\GUITAR-FX\Mono_Continuous\Audio\DS1\G73-46201-DS1-D6.1T5.1-20841.wav
-9.59128284,-9.35885048,Mono_Continuous,DS1,C:\TCC\Reproduzir_artigo\data\GUITAR-FX\Mono_Continuous\Audio\DS1\G73-48203-DS1-D9.5T2.1-20843.wav
-8.24955845,-8.57592964,Mono_Continuous,DS1,C:\TCC\Reproduzir_artigo\data\GUITAR-FX\Mono_Continuous\Audio\DS1\G73-52207-DS1-D9.5T6.6-20847.wav
-8.35279655,-5.12291145,Mono_Continuous,DS1,C:\TCC\Reproduzir_artigo\data\GUITAR-FX\Mono_Continuous\Audio\DS1\G73-53208-DS1-D5.7T0.5-20848.wav
-2.40342021,-7.50141573,Mono_Continuous,DS1,C:\TCC\Reproduzir_artigo\data\GUITAR-FX\Mono_Continuous\Audio\DS1\G73-56306-DS1-D4.7T4.5-20859.wav
3.33761382,-7.07397747,Mono_Continuous,DS1,C:\TCC\Reproduzir_artigo\data\GUITAR-FX\Mono_Continuous\Audio\DS1\G73-60405-DS1-D6.1T1-20871.wav
3.20668244,-7.67467642,Mono_Continuous,DS1,C:\TCC\Reproduzir_artigo\data\GUITAR-FX\Mono_Continuous\Audio\DS1\G73-60405-DS1-D9.5T6-20871.wav
4.63636208,-4.84521008,Mono_Continuous,DS1,C:\TCC\Reproduzir_artigo\data\GUITAR-FX\Mono_Continuous\Audio\DS1\G73-61406-DS1-D2.5T7.1-20872.wav
4.34791946,-3.94507289,Mono_Continuous,DS1,C:\TCC\Reproduzir_artigo\data\GUITAR-FX\Mono_Continuous\Audio\DS1\G73-61406-DS1-D5.1T6.5-20872.wav
8.32439137,-7.01004076,Mono_Continuous,DS1,C:\TCC\Reproduzir_artigo\data\GUITAR-FX\Mono_Continuous\Audio\DS1\G73-61502-DS1-D5.2T6.8-20881.wav
3.48752761,-3.10829306,Mono_Continuous,DS1,C:\TCC\Reproduzir_artigo\data\GUITAR-FX\Mono_Continuous\Audio\DS1\G73-62312-DS1-D3.5T5.3-20865.wav
2.91974187,-2.87099552,Mono_Continuous,DS1,C:\TCC\Reproduzir_artigo\data\GUITAR-FX\Mono_Continuous\Audio\DS1\G73-62312-DS1-D6.6T0.4-20865.wav
6.30043793,-3.80279589,Mono_Continuous,DS1,C:\TCC\Reproduzir_artigo\data\GUITAR-FX\Mono_Continuous\Audio\DS1\G73-62503-DS1-D7.2T0.4-20882.wav
10.99846172,-8.34829521,Mono_Continuous,DS1,C:\TCC\Reproduzir_artigo\data\GUITAR-FX\Mono_Continuous\Audio\DS1\G73-63504-DS1-D9.4T8.7-20883.wav
6.64719963,0.27472302,Mono_Continuous,DS1,C:\TCC\Reproduzir_artigo\data\GUITAR-FX\Mono_Continuous\Audio\DS1\G73-64409-DS1-D3T0.6-20875.wav
13.64372063,-0.50772083,Mono_Continuous,DS1,C:\TCC\Reproduzir_artigo\data\GUITAR-FX\Mono_Continuous\Audio\DS1\G73-67508-DS1-D8.6T7.1-20887.wav
12.29919720,1.98078728,Mono_Continuous,DS1,C:\TCC\Reproduzir_artigo\data\GUITAR-FX\Mono_Continuous\Audio\DS1\G73-67603-DS1-D7.7T0.9-20895.wav
12.28579617,-0.04498910,Mono_Continuous,DS1,C:\TCC\Reproduzir_artigo\data\GUITAR-FX\Mono_Continuous\Audio\DS1\G73-68604-DS1-D7.3T4.1-20896.wav
15.17605209,-2.75624156,Mono_Continuous,DS1,C:\TCC\Reproduzir_artigo\data\GUITAR-FX\Mono_Continuous\Audio\DS1\G73-69510-DS1-D6.3T9.1-20889.wav
15.78309155,2.33706093,Mono_Continuous,DS1,C:\TCC\Reproduzir_artigo\data\GUITAR-FX\Mono_Continuous\Audio\DS1\G73-74610-DS1-D5.8T8.2-20902.wav
14.87364578,1.63037300,Mono_Continuous,DS1,C:\TCC\Reproduzir_artigo\data\GUITAR-FX\Mono_Continuous\Audio\DS1\G73-76612-DS1-D6.4T7.5-20904.wav
-16.69084549,-2.93458939,Mono_Continuous,DS1,C:\TCC\Reproduzir_artigo\data\GUITAR-FX\Mono_Continuous\Audio\DS1\G81-40100-DS1-D7.2T3.8-20905.wav
-14.78885174,-4.51922178,Mono_Continuous,DS1,C:\TCC\Reproduzir_artigo\data\GUITAR-FX\Mono_Continuous\Audio\DS1\G81-45200-DS1-D8.5T6.3-20918.wav
-14.22593021,-5.12319899,Mono_Continuous,DS1,C:\TCC\Reproduzir_artigo\data\GUITAR-FX\Mono_Continuous\Audio\DS1\G81-45200-DS1-D9.2T6.7-20918.wav
-14.43154526,-1.12568784,Mono_Continuous,DS1,C:\TCC\Reproduzir_artigo\data\GUITAR-FX\Mono_Continuous\Audio\DS1\G81-49204-DS1-D4.8T2.1-20922.wav
-13.05125046,-2.31137061,Mono_Continuous,DS1,C:\TCC\Reproduzir_artigo\data\GUITAR-FX\Mono_Continuous\Audio\DS1\G81-50205-DS1-D9.1T2.6-20923.wav
-10.85045433,1.53158712,Mono_Continuous,DS1,C:\TCC\Reproduzir_artigo\data\GUITAR-FX\Mono_Continuous\Audio\DS1\G81-52112-DS1-D2.5T6.2-20917.wav
-9.01608562,-0.16584422,Mono_Continuous,DS1,C:\TCC\Reproduzir_artigo\data\GUITAR-FX\Mono_Continuous\Audio\DS1\G81-55305-DS1-D8.4T3.1-20936.wav
-6.38530111,-0.89852601,Mono_Continuous,DS1,C:\TCC\Reproduzir_artigo\data\GUITAR-FX\Mono_Continuous\Audio\DS1\G81-56211-DS1-D7.8T2.3-20929.wav
-10.09933949,0.93211621,Mono_Continuous,DS1,C:\TCC\Reproduzir_artigo\data\GUITAR-FX\Mono_Continuous\Audio\DS1\G81-56306-DS1-D4T3.7-20937.wav
-0.05102470,-8.47340584,Mono_Continuous,DS1,C:\TCC\Reproduzir_artigo\data\GUITAR-FX\Mono_Continuous\Audio\DS1\G81-56401-DS1-D5.5T6.8-20945.wav
-3.42152047,-7.16595793,Mono_Continuous,DS1,C:\TCC\Reproduzir_artigo\data\GUITAR-FX\Mono_Continuous\Audio\DS1\G81-57402-DS1-D9.3T1.5-20946.wav
-3.75426602,-4.69859505,Mono_Continuous,DS1,C:\TCC\Reproduzir_artigo\data\GUITAR-FX\Mono_Continuous\Audio\DS1\G81-58308-DS1-D4T8.1-20939.wav
-4.89270020,-1.23534787,Mono_Continuous,DS1,C:\TCC\Reproduzir_artigo\data\GUITAR-FX\Mono_Continuous\Audio\DS1\G81-58308-DS1-D6.3T0-20939.wav
1.93291068,-10.65969849,Mono_Continuous,DS1,C:\TCC\Reproduzir_artigo\data\GUITAR-FX\Mono_Continuous\Audio\DS1\G81-58403-DS1-D8T8.4-20947.wav
-2.37440300,-2.03663635,Mono_Continuous,DS1,C:\TCC\Reproduzir_artigo\data\GUITAR-FX\Mono_Continuous\Audio\DS1\G81-59404-DS1-D9T5.9-20948.wav
-1.13038504,-3.38755250,Mono_Continuous,DS1,C:\TCC\Reproduzir_artigo\data\GUITAR-FX\Mono_Continuous\Audio\DS1\G81-60310-DS1-D9.3T7.5-20941.wav
-0.03188972,1.20523870,Mono_Continuous,DS1,C:\TCC\Reproduzir_artigo\data\GUITAR-FX\Mono_Continuous\Audio\DS1\G81-62407-DS1-D2.7T2.8-20951.wav
0.37101176,0.44494271,Mono_Continuous,DS1,C:\TCC\Reproduzir_artigo\data\GUITAR-FX\Mono_Continuous\Audio\DS1\G81-62407-DS1-D4.2T3.9-20951.wav
6.93214083,-4.24108839,Mono_Continuous,DS1,C:\TCC\Reproduzir_artigo\data\GUITAR-FX\Mono_Continuous\Audio\DS1\G81-62503-DS1-D4.1T7.1-20960.wav
7.93034124,-5.39115191,Mono_Continuous,DS1,C:\TCC\Reproduzir_artigo\data\GUITAR-FX\Mono_Continuous\Audio\DS1\G81-64409-DS1-D5.8T8.1-20953.wav
11.46034908,-3.90906668,Mono_Continuous,DS1,C:\TCC\Reproduzir_artigo\data\GUITAR-FX\Mono_Continuous\Audio\DS1\G81-64505-DS1-D2.9T10-20962.wav
6.36808634,1.99092150,Mono_Continuous,DS1,C:\TCC\Reproduzir_artigo\data\GUITAR-FX\Mono_Continuous\Audio\DS1\G81-64505-DS1-D3T1.1-20962.wav
10.89522743,-1.02851450,Mono_Continuous,DS1,C:\TCC\Reproduzir_artigo\data\GUITAR-FX\Mono_Continuous\Audio\DS1\G81-64600-DS1-D2.4T0.5-20970.wav
2.92420268,-0.71359760,Mono_Continuous,DS1,C:\TCC\Reproduzir_artigo\data\GUITAR-FX\Mono_Continuous\Audio\DS1\G81-65410-DS1-D5.8T3-20954.wav
3.02220559,-1.00445592,Mono_Continuous,DS1,C:\TCC\Reproduzir_artigo\data\GUITAR-FX\Mono_Continuous\Audio\DS1\G81-65410-DS1-D6.2T4.5-20954.wav
13.40048981,-6.26589346,Mono_Continuous,DS1,C:\TCC\Reproduzir_artigo\data\GUITAR-FX\Mono_Continuous\Audio\DS1\G81-65601-DS1-D7.2T9.3-20971.wav
12.46224976,1.33104539,Mono_Continuous,DS1,C:\TCC\Reproduzir_artigo\data\GUITAR-FX\Mono_Continuous\Audio\DS1\G81-69510-DS1-D4T0.1-20967.wav
11.47756958,-2.06442285,Mono_Continuous,DS1,C:\TCC\Reproduzir_artigo\data\GUITAR-FX\Mono_Continuous\Audio\DS1\G81-71607-DS1-D6.4T5.5-20977.wav
14.53587723,2.58130479,Mono_Continuous,DS1,C:\TCC\Reproduzir_artigo\data\GUITAR-FX\Mono_Continuous\Audio\DS1\G81-72608-DS1-D5.2T7.6-20978.wav
12.32739162,4.06567621,Mono_Continuous,DS1,C:\TCC\Reproduzir_artigo\data\GUITAR-FX\Mono_Continuous\Audio\DS1\G81-72608-DS1-D8.4T3.1-20978.wav
14.31337357,2.27391768,Mono_Continuous,DS1,C:\TCC\Reproduzir_artigo\data\GUITAR-FX\Mono_Continuous\Audio\DS1\G81-75611-DS1-D2.9T5.1-20981.wav
15.62499237,-2.55234671,Mono_Continuous,DS1,C:\TCC\Reproduzir_artigo\data\GUITAR-FX\Mono_Continuous\Audio\DS1\G81-75611-DS1-D7.7T9.5-20981.wav
-11.93919468,-8.61839008,Mono_Continuous,DS1,C:\TCC\Reproduzir_artigo\data\GUITAR-FX\Mono_Continuous\Audio\DS1\G83-43103-DS1-D6.1T8-20986.wav
-5.61231089,-13.16305828,Mono_Continuous,DS1,C:\TCC\Reproduzir_artigo\data\GUITAR-FX\Mono_Continuous\Audio\DS1\G83-46201-DS1-D9.3T8.9-20997.wav
-12.80663776,-3.69888997,Mono_Continuous,DS1,C:\TCC\Reproduzir_artigo\data\GUITAR-FX\Mono_Continuous\Audio\DS1\G83-47202-DS1-D2.2T2.6-20998.wav
-9.70429039,-10.77074528,Mono_Continuous,DS1,C:\TCC\Reproduzir_artigo\data\GUITAR-FX\Mono_Continuous\Audio\DS1\G83-48108-DS1-D9.3T5.7-20991.wav
-6.99129725,-9.87865448,Mono_Continuous,DS1,C:\TCC\Reproduzir_artigo\data\GUITAR-FX\Mono_Continuous\Audio\DS1\G83-48203-DS1-D4T8.7-20999.wav
-10.20861435,-5.95629883,Mono_Continuous,DS1,C:\TCC\Reproduzir_artigo\data\GUITAR-FX\Mono_Continuous\Audio\DS1\G83-49204-DS1-D5.4T0.4-21000.wav
-4.77191305,-9.93910599,Mono_Continuous,DS1,C:\TCC\Reproduzir_artigo\data\GUITAR-FX\Mono_Continuous\Audio\DS1\G83-51111-DS1-D7.9T9.6-20994.wav
-5.30709267,-9.36650467,Mono_Continuous,DS1,C:\TCC\Reproduzir_artigo\data\GUITAR-FX\Mono_Continuous\Audio\DS1\G83-51301-DS1-D7.3T6.3-21010.wav
-6.95358610,-5.36806488,Mono_Continuous,DS1,C:\TCC\Reproduzir_artigo\data\GUITAR-FX\Mono_Continuous\Audio\DS1\G83-52207-DS1-D4.4T4.6-21003.wav
-6.43711376,-6.02287340,Mono_Continuous,DS1,C:\TCC\Reproduzir_artigo\data\GUITAR-FX\Mono_Continuous\Audio\DS1\G83-52207-DS1-D8.9T3-21003.wav
-3.05358243,-9.08004951,Mono_Continuous,DS1,C:\TCC\Reproduzir_artigo\data\GUITAR-FX\Mono_Continuous\Audio\DS1\G83-53208-DS1-D6.9T9.2-21004.wav
-3.46524858,-7.34434652,Mono_Continuous,DS1,C:\TCC\Reproduzir_artigo\data\GUITAR-FX\Mono_Continuous\Audio\DS1\G83-54304-DS1-D2.6T7.1-21013.wav
-4.83372593,-2.14084053,Mono_Continuous,DS1,C:\TCC\Reproduzir_artigo\data\GUITAR-FX\Mono_Continuous\Audio\DS1\G83-55400-DS1-D2.2T8.2-21022.wav
-1.37406254,-7.44314909,Mono_Continuous,DS1,C:\TCC\Reproduzir_artigo\data\GUITAR-FX\Mono_Continuous\Audio\DS1\G83-57402-DS1-D9.7T6.8-21024.wav
-3.38902926,-1.09741890,Mono_Continuous,DS1,C:\TCC\Reproduzir_artigo\data\GUITAR-FX\Mono_Continuous\Audio\DS1\G83-58308-DS1-D4.1T4-21017.wav
1.06165111,-6.25223684,Mono_Continuous,DS1,C:\TCC\Reproduzir_artigo\data\GUITAR-FX\Mono_Continuous\Audio\DS1\G83-59309-DS1-D8.7T9.6-21018.wav
-2.86155939,-1.06255960,Mono_Continuous,DS1,C:\TCC\Reproduzir_artigo\data\GUITAR-FX\Mono_Continuous\Audio\DS1\G83-59404-DS1-D2.7T2.9-21026.wav
1.75235009,-0.97025758,Mono_Continuous,DS1,C:\TCC\Reproduzir_artigo\data\GUITAR-FX\Mono_Continuous\Audio\DS1\G83-61406-DS1-D2.2T3.6-21028.wav
1.64387786,0.28320715,Mono_Continuous,DS1,C:\TCC\Reproduzir_artigo\data\GUITAR-FX\Mono_Continuous\Audio\DS1\G83-62407-DS1-D4.1T1.2-21029.wav
5.37674522,0.29441154,Mono_Continuous,DS1,C:\TCC\Reproduzir_artigo\data\GUITAR-FX\Mono_Continuous\Audio\DS1\G83-62503-DS1-D5.2T4.1-21038.wav
4.91875887,-3.94749618,Mono_Continuous,DS1,C:\TCC\Reproduzir_artigo\data\GUITAR-FX\Mono_Continuous\Audio\DS1\G83-62503-DS1-D9.9T8.2-21038.wav
4.13037252,-0.50416076,Mono_Continuous,DS1,C:\TCC\Reproduzir_artigo\data\GUITAR-FX\Mono_Continuous\Audio\DS1\G83-64505-DS1-D9.6T1.3-21040.wav
12.10999870,-8.13571835,Mono_Continuous,DS1,C:\TCC\Reproduzir_artigo\data\GUITAR-FX\Mono_Continuous\Audio\DS1\G83-65601-DS1-D9.1T9.4-21049.wav
12.10060501,0.29112852,Mono_Continuous,DS1,C:\TCC\Reproduzir_artigo\data\GUITAR-FX\Mono_Continuous\Audio\DS1\G83-67603-DS1-D8.1T0.1-21051.wav
11.28285599,0.15440463,Mono_Continuous,DS1,C:\TCC\Reproduzir_artigo\data\GUITAR-FX\Mono_Continuous\Audio\DS1\G83-68509-DS1-D4.6T4-21044.wav
14.40090466,-4.45657349,Mono_Continuous,DS1,C:\TCC\Reproduzir_artigo\data\GUITAR-FX\Mono_Continuous\Audio\DS1\G83-71607-DS1-D9.3T8.8-21055.wav
13.44482517,-0.02715953,Mono_Continuous,DS1,C:\TCC\Reproduzir_artigo\data\GUITAR-FX\Mono_Continuous\Audio\DS1\G83-73609-DS1-D6.2T1.4-21057.wav
12.25749016,2.96105218,Mono_Continuous,DS1,C:\TCC\Reproduzir_artigo\data\GUITAR-FX\Mono_Continuous\Audio\DS1\G83-74610-DS1-D4.1T5.7-21058.wav
14.61806202,3.03227973,Mono_Continuous,DS1,C:\TCC\Reproduzir_artigo\data\GUITAR-FX\Mono_Continuous\Audio\DS1\G83-76612-DS1-D5.8T6.5-21060.wav
-12.64766598,-9.13165092,Mono_Continuous,DS1,C:\TCC\Reproduzir_artigo\data\GUITAR-FX\Mono_Continuous\Audio\DS1\G91-41101-DS1-D5.9T9.9-21062.wav
-16.60358047,-1.35449386,Mono_Continuous,DS1,C:\TCC\Reproduzir_artigo\data\GUITAR-FX\Mono_Continuous\Audio\DS1\G91-42102-DS1-D2.4T3-21063.wav
-14.06430435,-5.57108450,Mono_Continuous,DS1,C:\TCC\Reproduzir_artigo\data\GUITAR-FX\Mono_Continuous\Audio\DS1\G91-44104-DS1-D9.6T0.5-21065.wav
-10.28792477,-5.83713722,Mono_Continuous,DS1,C:\TCC\Reproduzir_artigo\data\GUITAR-FX\Mono_Continuous\Audio\DS1\G91-46201-DS1-D3.4T8.3-21075.wav
-13.61110687,-2.56456470,Mono_Continuous,DS1,C:\TCC\Reproduzir_artigo\data\GUITAR-FX\Mono_Continuous\Audio\DS1\G91-47202-DS1-D3.7T6.7-21076.wav
-8.32722950,-11.07423019,Mono_Continuous,DS1,C:\TCC\Reproduzir_artigo\data\GUITAR-FX\Mono_Continuous\Audio\DS1\G91-48108-DS1-D7.3T9.4-21069.wav
-9.66217518,-5.66116333,Mono_Continuous,DS1,C:\TCC\Reproduzir_artigo\data\GUITAR-FX\Mono_Continuous\Audio\DS1\G91-50110-DS1-D9.5T7.1-21071.wav
-11.05821991,-1.60754335,Mono_Continuous,DS1,C:\TCC\Reproduzir_artigo\data\GUITAR-FX\Mono_Continuous\Audio\DS1\G91-50205-DS1-D8.5T1.3-21079.wav
-9.79255390,-2.60544944,Mono_Continuous,DS1,C:\TCC\Reproduzir_artigo\data\GUITAR-FX\Mono_Continuous\Audio\DS1\G91-50300-DS1-D7.8T4.5-21087.wav
-6.72051430,-6.64470434,Mono_Continuous,DS1,C:\TCC\Reproduzir_artigo\data\GUITAR-FX\Mono_Continuous\Audio\DS1\G91-51301-DS1-D5.9T3.8-21088.wav
-8.34629250,-6.63683033,Mono_Continuous,DS1,C:\TCC\Reproduzir_artigo\data\GUITAR-FX\Mono_Continuous\Audio\DS1\G91-52112-DS1-D9.3T6.5-21073.wav
-7.29000044,-5.32852650,Mono_Continuous,DS1,C:\TCC\Reproduzir_artigo\data\GUITAR-FX\Mono_Continuous\Audio\DS1\G91-52207-DS1-D4.7T7.8-21081.wav
-5.40135431,-3.56752157,Mono_Continuous,DS1,C:\TCC\Reproduzir_artigo\data\GUITAR-FX\Mono_Continuous\Audio\DS1\G91-52302-DS1-D3.2T8.1-21089.wav
-6.17552567,-6.62763309,Mono_Continuous,DS1,C:\TCC\Reproduzir_artigo\data\GUITAR-FX\Mono_Continuous\Audio\DS1\G91-53208-DS1-D9.3T6.5-21082.wav
-6.34418201,-2.96718144,Mono_Continuous,DS1,C:\TCC\Reproduzir_artigo\data\GUITAR-FX\Mono_Continuous\Audio\DS1\G91-55305-DS1-D6.9T2.5-21092.wav
0.97103369,-9.99243736,Mono_Continuous,DS1,C:\TCC\Reproduzir_artigo\data\GUITAR-FX\Mono_Continuous\Audio\DS1\G91-55305-DS1-D9.9T9-21092.wav
-5.29450274,-6.01553345,Mono_Continuous,DS1,C:\TCC\Reproduzir_artigo\data\GUITAR-FX\Mono_Continuous\Audio\DS1\G91-55400-DS1-D3.1T4.1-21100.wav
-5.02903414,-4.08837128,Mono_Continuous,DS1,C:\TCC\Reproduzir_artigo\data\GUITAR-FX\Mono_Continuous\Audio\DS1\G91-56211-DS1-D8T8.4-21085.wav
-5.43823576,-3.99409080,Mono_Continuous,DS1,C:\TCC\Reproduzir_artigo\data\GUITAR-FX\Mono_Continuous\Audio\DS1\G91-56306-DS1-D7.7T7-21093.wav
-0.02164460,-7.17312145,Mono_Continuous,DS1,C:\TCC\Reproduzir_artigo\data\GUITAR-FX\Mono_Continuous\Audio\DS1\G91-56401-DS1-D2.7T3.8-21101.wav
-1.00722945,-8.32214832,Mono_Continuous,DS1,C:\TCC\Reproduzir_artigo\data\GUITAR-FX\Mono_Continuous\Audio\DS1\G91-57402-DS1-D3.4T6.1-21102.wav
0.68359399,-8.76358509,Mono_Continuous,DS1,C:\TCC\Reproduzir_artigo\data\GUITAR-FX\Mono_Continuous\Audio\DS1\G91-60405-DS1-D5.9T6.9-21105.wav
4.51242208,-7.68677759,Mono_Continuous,DS1,C:\TCC\Reproduzir_artigo\data\GUITAR-FX\Mono_Continuous\Audio\DS1\G91-60501-DS1-D8.8T3.2-21114.wav
3.90455079,-5.98155880,Mono_Continuous,DS1,C:\TCC\Reproduzir_artigo\data\GUITAR-FX\Mono_Continuous\Audio\DS1\G91-61406-DS1-D7.6T0.7-21106.wav
8.80938721,-4.99121523,Mono_Continuous,DS1,C:\TCC\Reproduzir_artigo\data\GUITAR-FX\Mono_Continuous\Audio\DS1\G91-64505-DS1-D8.8T7.2-21118.wav
6.09226227,0.69244277,Mono_Continuous,DS1,C:\TCC\Reproduzir_artigo\data\GUITAR-FX\Mono_Continuous\Audio\DS1\G91-65410-DS1-D2T0.2-21110.wav
5.66630363,-0.54748267,Mono_Continuous,DS1,C:\TCC\Reproduzir_artigo\data\GUITAR-FX\Mono_Continuous\Audio\DS1\G91-67412-DS1-D10T1.8-21112.wav
7.21794176,2.02226353,Mono_Continuous,DS1,C:\TCC\Reproduzir_artigo\data\GUITAR-FX\Mono_Continuous\Audio\DS1\G91-67412-DS1-D2.4T3-21112.wav
15.09451580,-3.96582532,Mono_Continuous,DS1,C:\TCC\Reproduzir_artigo\data\GUITAR-FX\Mono_Continuous\Audio\DS1\G91-67603-DS1-D7.5T9.3-21129.wav
14.08728123,-3.04418373,Mono_Continuous,DS1,C:\TCC\Reproduzir_artigo\data\GUITAR-FX\Mono_Continuous\Audio\DS1\G91-68509-DS1-D8.8T7.5-21122.wav
13.61070728,-2.76574707,Mono_Continuous,DS1,C:\TCC\Reproduzir_artigo\data\GUITAR-FX\Mono_Continuous\Audio\DS1\G91-69605-DS1-D7.2T6-21131.wav
13.55882454,0.36162502,Mono_Continuous,DS1,C:\TCC\Reproduzir_artigo\data\GUITAR-FX\Mono_Continuous\Audio\DS1\G91-73609-DS1-D8.6T4.2-21135.wav
14.93528748,4.18157625,Mono_Continuous,DS1,C:\TCC\Reproduzir_artigo\data\GUITAR-FX\Mono_Continuous\Audio\DS1\G91-74610-DS1-D3.1T2.3-21136.wav
15.43901348,0.37090388,Mono_Continuous,DS1,C:\TCC\Reproduzir_artigo\data\GUITAR-FX\Mono_Continuous\Audio\DS1\G91-74610-DS1-D7.2T7.4-21136.wav
-7.68546247,-11.94381809,Mono_Continuous,DS1,C:\TCC\Reproduzir_artigo\data\GUITAR-FX\Mono_Continuous\Audio\DS1\G93-42102-DS1-D4T9.4-21141.wav
-9.15891266,-10.35088730,Mono_Continuous,DS1,C:\TCC\Reproduzir_artigo\data\GUITAR-FX\Mono_Continuous\Audio\DS1\G93-45200-DS1-D8T7.7-21152.wav
-10.51247883,-4.23941755,Mono_Continuous,DS1,C:\TCC\Reproduzir_artigo\data\GUITAR-FX\Mono_Continuous\Audio\DS1\G93-47202-DS1-D8.4T3-21154.wav
-9.37155628,0.56670296,Mono_Continuous,DS1,C:\TCC\Reproduzir_artigo\data\GUITAR-FX\Mono_Continuous\Audio\DS1\G93-51111-DS1-D2.2T0.4-21150.wav
-7.72253656,-7.48516941,Mono_Continuous,DS1,C:\TCC\Reproduzir_artigo\data\GUITAR-FX\Mono_Continuous\Audio\DS1\G93-51206-DS1-D8.8T4.8-21158.wav
-8.02774906,-4.64728975,Mono_Continuous,DS1,C:\TCC\Reproduzir_artigo\data\GUITAR-FX\Mono_Continuous\Audio\DS1\G93-52112-DS1-D3T8.5-21151.wav
-8.45251656,-5.75040197,Mono_Continuous,DS1,C:\TCC\Reproduzir_artigo\data\GUITAR-FX\Mono_Continuous\Audio\DS1\G93-52112-DS1-D5.4T7.6-21151.wav
-5.82690430,-6.43594837,Mono_Continuous,DS1,C:\TCC\Reproduzir_artigo\data\GUITAR-FX\Mono_Continuous\Audio\DS1\G93-53208-DS1-D4.8T7.2-21160.wav
-5.64615631,-5.04296446,Mono_Continuous,DS1,C:\TCC\Reproduzir_artigo\data\GUITAR-FX\Mono_Continuous\Audio\DS1\G93-54209-DS1-D5.5T2.1-21161.wav
-1.87003410,-6.31695127,Mono_Continuous,DS1,C:\TCC\Reproduzir_artigo\data\GUITAR-FX\Mono_Continuous\Audio\DS1\G93-56211-DS1-D7.2T1.1-21163.wav
-2.03367138,-5.33039284,Mono_Continuous,DS1,C:\TCC\Reproduzir_artigo\data\GUITAR-FX\Mono_Continuous\Audio\DS1\G93-57307-DS1-D5.3T1.3-21172.wav
1.00643933,-6.35376358,Mono_Continuous,DS1,C:\TCC\Reproduzir_artigo\data\GUITAR-FX\Mono_Continuous\Audio\DS1\G93-58308-DS1-D3.4T8.5-21173.wav
-2.58998775,-7.25164032,Mono_Continuous,DS1,C:\TCC\Reproduzir_artigo\data\GUITAR-FX\Mono_Continuous\Audio\DS1\G93-59404-DS1-D6.6T7.8-21182.wav
-0.24719951,-9.12158108,Mono_Continuous,DS1,C:\TCC\Reproduzir_artigo\data\GUITAR-FX\Mono_Continuous\Audio\DS1\G93-59404-DS1-D7.9T9-21182.wav
5.68995190,-5.51164389,Mono_Continuous,DS1,C:\TCC\Reproduzir_artigo\data\GUITAR-FX\Mono_Continuous\Audio\DS1\G93-59500-DS1-D3.5T5.2-21191.wav
6.95500946,-7.24263906,Mono_Continuous,DS1,C:\TCC\Reproduzir_artigo\data\GUITAR-FX\Mono_Continuous\Audio\DS1\G93-59500-DS1-D6.5T6.8-21191.wav
-0.76684862,-2.59171081,Mono_Continuous,DS1,C:\TCC\Reproduzir_artigo\data\GUITAR-FX\Mono_Continuous\Audio\DS1\G93-61311-DS1-D6.5T4.7-21176.wav
7.99556637,-2.81494689,Mono_Continuous,DS1,C:\TCC\Reproduzir_artigo\data\GUITAR-FX\Mono_Continuous\Audio\DS1\G93-62503-DS1-D7.4T4.3-21194.wav
3.70983315,-1.75155461,Mono_Continuous,DS1,C:\TCC\Reproduzir_artigo\data\GUITAR-FX\Mono_Continuous\Audio\DS1\G93-64409-DS1-D2.7T8.2-21187.wav
2.07544827,1.27884281,Mono_Continuous,DS1,C:\TCC\Reproduzir_artigo\data\GUITAR-FX\Mono_Continuous\Audio\DS1\G93-64409-DS1-D3.1T2.7-21187.wav
1.63730502,-0.33392426,Mono_Continuous,DS1,C:\TCC\Reproduzir_artigo\data\GUITAR-FX\Mono_Continuous\Audio\DS1\G93-64409-DS1-D6.5T4.7-21187.wav
7.01903868,3.03090954,Mono_Continuous,DS1,C:\TCC\Reproduzir_artigo\data\GUITAR-FX\Mono_Continuous\Audio\DS1\G93-64505-DS1-D3.8T5-21196.wav
4.96564865,1.36147201,Mono_Continuous,DS1,C:\TCC\Reproduzir_artigo\data\GUITAR-FX\Mono_Continuous\Audio\DS1\G93-64505-DS1-D9.9T0.9-21196.wav
8.76964664,0.29421830,Mono_Continuous,DS1,C:\TCC\Reproduzir_artigo\data\GUITAR-FX\Mono_Continuous\Audio\DS1\G93-65506-DS1-D2.6T5.8-21197.wav
11.92986584,-4.52352619,Mono_Continuous,DS1,C:\TCC\Reproduzir_artigo\data\GUITAR-FX\Mono_Continuous\Audio\DS1\G93-65601-DS1-D4.2T7.6-21205.wav
7.66800833,1.80800736,Mono_Continuous,DS1,C:\TCC\Reproduzir_artigo\data\GUITAR-FX\Mono_Continuous\Audio\DS1\G93-67412-DS1-D8.1T2.4-21190.wav
13.67657661,-1.62052906,Mono_Continuous,DS1,C:\TCC\Reproduzir_artigo\data\GUITAR-FX\Mono_Continuous\Audio\DS1\G93-67603-DS1-D5.1T9.7-21207.wav
8.71708965,0.06312215,Mono_Continuous,DS1,C:\TCC\Reproduzir_artigo\data\GUITAR-FX\Mono_Continuous\Audio\DS1\G93-68509-DS1-D3.2T5-21200.wav
13.18028355,0.05189296,Mono_Continuous,DS1,C:\TCC\Reproduzir_artigo\data\GUITAR-FX\Mono_Continuous\Audio\DS1\G93-68604-DS1-D6.8T2.9-21208.wav
16.43095207,-0.80141467,Mono_Continuous,DS1,C:\TCC\Reproduzir_artigo\data\GUITAR-FX\Mono_Continuous\Audio\DS1\G93-72608-DS1-D9.9T9.7-21212.wav
14.49373150,0.38815498,Mono_Continuous,DS1,C:\TCC\Reproduzir_artigo\data\GUITAR-FX\Mono_Continuous\Audio\DS1\G93-73609-DS1-D4.5T4.9-21213.wav
13.31730556,0.02820815,Mono_Continuous,DS1,C:\TCC\Reproduzir_artigo\data\GUITAR-FX\Mono_Continuous\Audio\DS1\G93-74610-DS1-D6.4T6.6-21214.wav
-15.54846668,-5.35323906,Mono_Continuous,FFC,C:\TCC\Reproduzir_artigo\data\GUITAR-FX\Mono_Continuous\Audio\FFC\G61-41101-FFC-F7.2-20594.wav
-16.27798080,-5.42983103,Mono_Continuous,FFC,C:\TCC\Reproduzir_artigo\data\GUITAR-FX\Mono_Continuous\Audio\FFC\G61-42102-FFC-F2.7-20595.wav
-15.39943600,-7.42369747,Mono_Continuous,FFC,C:\TCC\Reproduzir_artigo\data\GUITAR-FX\Mono_Continuous\Audio\FFC\G61-43103-FFC-F8.9-20596.wav
-15.52557278,-6.99725819,Mono_Continuous,FFC,C:\TCC\Reproduzir_artigo\data\GUITAR-FX\Mono_Continuous\Audio\FFC\G61-44104-FFC-F2.6-20597.wav
-14.89490986,-6.71431446,Mono_Continuous,FFC,C:\TCC\Reproduzir_artigo\data\GUITAR-FX\Mono_Continuous\Audio\FFC\G61-44104-FFC-F6.9-20597.wav
-15.21903038,-7.44169712,Mono_Continuous,FFC,C:\TCC\Reproduzir_artigo\data\GUITAR-FX\Mono_Continuous\Audio\FFC\G61-44104-FFC-F9.7-20597.wav
-12.29142761,-8.20429611,Mono_Continuous,FFC,C:\TCC\Reproduzir_artigo\data\GUITAR-FX\Mono_Continuous\Audio\FFC\G61-45200-FFC-F7.2-20606.wav
-13.85619354,-6.47353315,Mono_Continuous,FFC,C:\TCC\Reproduzir_artigo\data\GUITAR-FX\Mono_Continuous\Audio\FFC\G61-46106-FFC-F6.8-20599.wav
-14.08102703,-6.99943876,Mono_Continuous,FFC,C:\TCC\Reproduzir_artigo\data\GUITAR-FX\Mono_Continuous\Audio\FFC\G61-46106-FFC-F9-20599.wav
-8.49767303,-7.19417143,Mono_Continuous,FFC,C:\TCC\Reproduzir_artigo\data\GUITAR-FX\Mono_Continuous\Audio\FFC\G61-48203-FFC-F7.2-20609.wav
-9.46941280,-6.31196117,Mono_Continuous,FFC,C:\TCC\Reproduzir_artigo\data\GUITAR-FX\Mono_Continuous\Audio\FFC\G61-49109-FFC-F7.3-20602.wav
-7.20107651,-6.07528353,Mono_Continuous,FFC,C:\TCC\Reproduzir_artigo\data\GUITAR-FX\Mono_Continuous\Audio\FFC\G61-50300-FFC-F7.1-20619.wav
-7.84693766,-3.54154444,Mono_Continuous,FFC,C:\TCC\Reproduzir_artigo\data\GUITAR-FX\Mono_Continuous\Audio\FFC\G61-51111-FFC-F2.1-20604.wav
-4.38851309,-5.90950251,Mono_Continuous,FFC,C:\TCC\Reproduzir_artigo\data\GUITAR-FX\Mono_Continuous\Audio\FFC\G61-51206-FFC-F5.9-20612.wav
-5.96426392,-7.72472572,Mono_Continuous,FFC,C:\TCC\Reproduzir_artigo\data\GUITAR-FX\Mono_Continuous\Audio\FFC\G61-51301-FFC-F3.2-20620.wav
-6.48171282,-7.31290245,Mono_Continuous,FFC,C:\TCC\Reproduzir_artigo\data\GUITAR-FX\Mono_Continuous\Audio\FFC\G61-51301-FFC-F3.7-20620.wav
-6.71317339,-6.21059084,Mono_Continuous,FFC,C:\TCC\Reproduzir_artigo\data\GUITAR-FX\Mono_Continuous\Audio\FFC\G61-52302-FFC-F7.1-20621.wav
-4.11800432,-8.89329720,Mono_Continuous,FFC,C:\TCC\Reproduzir_artigo\data\GUITAR-FX\Mono_Continuous\Audio\FFC\G61-53303-FFC-F9-20622.wav
-4.69888353,-3.59580088,Mono_Continuous,FFC,C:\TCC\Reproduzir_artigo\data\GUITAR-FX\Mono_Continuous\Audio\FFC\G61-55210-FFC-F4.3-20616.wav
-5.43012619,-4.23348713,Mono_Continuous,FFC,C:\TCC\Reproduzir_artigo\data\GUITAR-FX\Mono_Continuous\Audio\FFC\G61-55210-FFC-F5.6-20616.wav
-2.15277600,-9.96885586,Mono_Continuous,FFC,C:\TCC\Reproduzir_artigo\data\GUITAR-FX\Mono_Continuous\Audio\FFC\G61-55400-FFC-F9.4-20632.wav
6.67911720,-6.10345554,Mono_Continuous,FFC,C:\TCC\Reproduzir_artigo\data\GUITAR-FX\Mono_Continuous\Audio\FFC\G61-59404-FFC-F2.4-20636.wav
7.05312729,-7.24963093,Mono_Continuous,FFC,C:\TCC\Reproduzir_artigo\data\GUITAR-FX\Mono_Continuous\Audio\FFC\G61-59404-FFC-F6.9-20636.wav
5.51072264,-7.55346441,Mono_Continuous,FFC,C:\TCC\Reproduzir_artigo\data\GUITAR-FX\Mono_Continuous\Audio\FFC\G61-59500-FFC-F9.1-20645.wav
7.53261614,-5.66393995,Mono_Continuous,FFC,C:\TCC\Reproduzir_artigo\data\GUITAR-FX\Mono_Continuous\Audio\FFC\G61-60501-FFC-F5.9-20646.wav
8.09452915,-7.13687277,Mono_Continuous,FFC,C:\TCC\Reproduzir_artigo\data\GUITAR-FX\Mono_Continuous\Audio\FFC\G61-60501-FFC-F9-20646.wav
9.17146683,-7.16320467,Mono_Continuous,FFC,C:\TCC\Reproduzir_artigo\data\GUITAR-FX\Mono_Continuous\Audio\FFC\G61-61502-FFC-F4.4-20647.wav
12.05080128,-3.59692454,Mono_Continuous,FFC,C:\TCC\Reproduzir_artigo\data\GUITAR-FX\Mono_Continuous\Audio\FFC\G61-65506-FFC-F3.2-20651.wav
14.69760609,-1.40978467,Mono_Continuous,FFC,C:\TCC\Reproduzir_artigo\data\GUITAR-FX\Mono_Continuous\Audio\FFC\G61-70511-FFC-F8-20656.wav
16.86923599,1.65853322,Mono_Continuous,FFC,C:\TCC\Reproduzir_artigo\data\GUITAR-FX\Mono_Continuous\Audio\FFC\G61-70606-FFC-F1.1-20664.wav
16.21725655,-2.99271894,Mono_Continuous,FFC,C:\TCC\Reproduzir_artigo\data\GUITAR-FX\Mono_Continuous\Audio\FFC\G61-71512-FFC-F4.2-20657.wav
15.70312500,-2.87970042,Mono_Continuous,FFC,C:\TCC\Reproduzir_artigo\data\GUITAR-FX\Mono_Continuous\Audio\FFC\G61-71512-FFC-F6.3-20657.wav
15.74864578,-2.08572745,Mono_Continuous,FFC,C:\TCC\Reproduzir_artigo\data\GUITAR-FX\Mono_Continuous\Audio\FFC\G61-71607-FFC-F9.3-20665.wav
14.47488976,-1.50550973,Mono_Continuous,FFC,C:\TCC\Reproduzir_artigo\data\GUITAR-FX\Mono_Continuous\Audio\FFC\G61-72608-FFC-F6.8-20666.wav
-10.13988495,-6.34118414,Mono_Continuous,FFC,C:\TCC\Reproduzir_artigo\data\GUITAR-FX\Mono_Continuous\Audio\FFC\G63-48108-FFC-F5.3-20679.wav
-9.94883060,-6.73535681,Mono_Continuous,FFC,C:\TCC\Reproduzir_artigo\data\GUITAR-FX\Mono_Continuous\Audio\FFC\G63-49109-FFC-F4.1-20680.wav
-9.58462620,-6.70829630,Mono_Continuous,FFC,C:\TCC\Reproduzir_artigo\data\GUITAR-FX\Mono_Continuous\Audio\FFC\G63-50110-FFC-F5.1-20681.wav
-10.23847961,-5.95920181,Mono_Continuous,FFC,C:\TCC\Reproduzir_artigo\data\GUITAR-FX\Mono_Continuous\Audio\FFC\G63-50300-FFC-F2.7-20697.wav
-7.20367670,-7.27449512,Mono_Continuous,FFC,C:\TCC\Reproduzir_artigo\data\GUITAR-FX\Mono_Continuous\Audio\FFC\G63-52302-FFC-F6.7-20699.wav
-2.78255725,-8.01540661,Mono_Continuous,FFC,C:\TCC\Reproduzir_artigo\data\GUITAR-FX\Mono_Continuous\Audio\FFC\G63-53208-FFC-F9.3-20692.wav
-2.92190504,-8.29271317,Mono_Continuous,FFC,C:\TCC\Reproduzir_artigo\data\GUITAR-FX\Mono_Continuous\Audio\FFC\G63-55400-FFC-F0.6-20710.wav
1.07353127,-7.16957283,Mono_Continuous,FFC,C:\TCC\Reproduzir_artigo\data\GUITAR-FX\Mono_Continuous\Audio\FFC\G63-56401-FFC-F0.3-20711.wav
0.41164306,-5.99117804,Mono_Continuous,FFC,C:\TCC\Reproduzir_artigo\data\GUITAR-FX\Mono_Continuous\Audio\FFC\G63-58403-FFC-F6.3-20713.wav
1.62903476,-3.84826350,Mono_Continuous,FFC,C:\TCC\Reproduzir_artigo\data\GUITAR-FX\Mono_Continuous\Audio\FFC\G63-59309-FFC-F9.2-20706.wav
4.26499414,-8.67299175,Mono_Continuous,FFC,C:\TCC\Reproduzir_artigo\data\GUITAR-FX\Mono_Continuous\Audio\FFC\G63-59500-FFC-F8-20723.wav
9.46360207,-3.83388376,Mono_Continuous,FFC,C:\TCC\Reproduzir_artigo\data\GUITAR-FX\Mono_Continuous\Audio\FFC\G63-61406-FFC-F0.7-20716.wav
8.52823448,-6.84867954,Mono_Continuous,FFC,C:\TCC\Reproduzir_artigo\data\GUITAR-FX\Mono_Continuous\Audio\FFC\G63-61406-FFC-F4.5-20716.wav
8.91748714,-3.78451014,Mono_Continuous,FFC,C:\TCC\Reproduzir_artigo\data\GUITAR-FX\Mono_Continuous\Audio\FFC\G63-63408-FFC-F1.6-20718.wav
9.32940865,-4.42160559,Mono_Continuous,FFC,C:\TCC\Reproduzir_artigo\data\GUITAR-FX\Mono_Continuous\Audio\FFC\G63-63408-FFC-F3.9-20718.wav
11.58545780,-6.69257975,Mono_Continuous,FFC,C:\TCC\Reproduzir_artigo\data\GUITAR-FX\Mono_Continuous\Audio\FFC\G63-64600-FFC-F7.2-20736.wav
11.78968525,-3.74764729,Mono_Continuous,FFC,C:\TCC\Reproduzir_artigo\data\GUITAR-FX\Mono_Continuous\Audio\FFC\G63-65410-FFC-F7.4-20720.wav
14.66924000,-4.13250065,Mono_Continuous,FFC,C:\TCC\Reproduzir_artigo\data\GUITAR-FX\Mono_Continuous\Audio\FFC\G63-66507-FFC-F3.9-20730.wav
15.15488338,-1.36327422,Mono_Continuous,FFC,C:\TCC\Reproduzir_artigo\data\GUITAR-FX\Mono_Continuous\Audio\FFC\G63-68509-FFC-F3.4-20732.wav
15.22173214,1.20117688,Mono_Continuous,FFC,C:\TCC\Reproduzir_artigo\data\GUITAR-FX\Mono_Continuous\Audio\FFC\G63-70511-FFC-F1.6-20734.wav
15.06096554,-2.13103890,Mono_Continuous,FFC,C:\TCC\Reproduzir_artigo\data\GUITAR-FX\Mono_Continuous\Audio\FFC\G63-70606-FFC-F8.9-20742.wav
13.11592102,0.45397112,Mono_Continuous,FFC,C:\TCC\Reproduzir_artigo\data\GUITAR-FX\Mono_Continuous\Audio\FFC\G63-73609-FFC-F5.1-20745.wav
16.88973045,0.52794838,Mono_Continuous,FFC,C:\TCC\Reproduzir_artigo\data\GUITAR-FX\Mono_Continuous\Audio\FFC\G63-75611-FFC-F4.9-20747.wav
16.91570091,-0.28527507,Mono_Continuous,FFC,C:\TCC\Reproduzir_artigo\data\GUITAR-FX\Mono_Continuous\Audio\FFC\G63-75611-FFC-F6.5-20747.wav
-12.30118084,-8.68307686,Mono_Continuous,FFC,C:\TCC\Reproduzir_artigo\data\GUITAR-FX\Mono_Continuous\Audio\FFC\G71-45200-FFC-F7.7-20762.wav
-9.57245636,-3.78881526,Mono_Continuous,FFC,C:\TCC\Reproduzir_artigo\data\GUITAR-FX\Mono_Continuous\Audio\FFC\G71-50110-FFC-F2.9-20759.wav
-8.24858665,-8.39634705,Mono_Continuous,FFC,C:\TCC\Reproduzir_artigo\data\GUITAR-FX\Mono_Continuous\Audio\FFC\G71-50205-FFC-F8.3-20767.wav
-4.94807529,-8.14973831,Mono_Continuous,FFC,C:\TCC\Reproduzir_artigo\data\GUITAR-FX\Mono_Continuous\Audio\FFC\G71-50300-FFC-F0.3-20775.wav
-9.42577934,-6.32779074,Mono_Continuous,FFC,C:\TCC\Reproduzir_artigo\data\GUITAR-FX\Mono_Continuous\Audio\FFC\G71-52112-FFC-F5.4-20761.wav
-6.32537317,-7.03174782,Mono_Continuous,FFC,C:\TCC\Reproduzir_artigo\data\GUITAR-FX\Mono_Continuous\Audio\FFC\G71-54209-FFC-F2.5-20771.wav
-6.38858271,-7.37394476,Mono_Continuous,FFC,C:\TCC\Reproduzir_artigo\data\GUITAR-FX\Mono_Continuous\Audio\FFC\G71-54209-FFC-F5.1-20771.wav
-3.70460272,-7.97621155,Mono_Continuous,FFC,C:\TCC\Reproduzir_artigo\data\GUITAR-FX\Mono_Continuous\Audio\FFC\G71-54304-FFC-F3.1-20779.wav
0.95066172,-11.49470139,Mono_Continuous,FFC,C:\TCC\Reproduzir_artigo\data\GUITAR-FX\Mono_Continuous\Audio\FFC\G71-55400-FFC-F7.4-20788.wav
1.27612579,-11.74307632,Mono_Continuous,FFC,C:\TCC\Reproduzir_artigo\data\GUITAR-FX\Mono_Continuous\Audio\FFC\G71-55400-FFC-F8.9-20788.wav
3.35405517,-8.12076759,Mono_Continuous,FFC,C:\TCC\Reproduzir_artigo\data\GUITAR-FX\Mono_Continuous\Audio\FFC\G71-57402-FFC-F5-20790.wav
3.48769069,-5.23928404,Mono_Continuous,FFC,C:\TCC\Reproduzir_artigo\data\GUITAR-FX\Mono_Continuous\Audio\FFC\G71-59309-FFC-F0.5-20784.wav
10.34337425,-8.78460217,Mono_Continuous,FFC,C:\TCC\Reproduzir_artigo\data\GUITAR-FX\Mono_Continuous\Audio\FFC\G71-59500-FFC-F7.9-20801.wav
7.72703648,-7.58501863,Mono_Continuous,FFC,C:\TCC\Reproduzir_artigo\data\GUITAR-FX\Mono_Continuous\Audio\FFC\G71-60501-FFC-F2.4-20802.wav
7.95275211,-8.01709652,Mono_Continuous,FFC,C:\TCC\Reproduzir_artigo\data\GUITAR-FX\Mono_Continuous\Audio\FFC\G71-60501-FFC-F7.1-20802.wav
9.91107941,-9.64445877,Mono_Continuous,FFC,C:\TCC\Reproduzir_artigo\data\GUITAR-FX\Mono_Continuous\Audio\FFC\G71-61502-FFC-F9.7-20803.wav
7.38467455,-6.97343063,Mono_Continuous,FFC,C:\TCC\Reproduzir_artigo\data\GUITAR-FX\Mono_Continuous\Audio\FFC\G71-62407-FFC-F7.6-20795.wav
7.31393003,-7.45021057,Mono_Continuous,FFC,C:\TCC\Reproduzir_artigo\data\GUITAR-FX\Mono_Continuous\Audio\FFC\G71-62407-FFC-F8.3-20795.wav
9.14106941,-5.92241955,Mono_Continuous,FFC,C:\TCC\Reproduzir_artigo\data\GUITAR-FX\Mono_Continuous\Audio\FFC\G71-63408-FFC-F4.3-20796.wav
13.24637222,-5.45210886,Mono_Continuous,FFC,C:\TCC\Reproduzir_artigo\data\GUITAR-FX\Mono_Continuous\Audio\FFC\G71-63504-FFC-F8.5-20805.wav
11.80193043,-3.85340142,Mono_Continuous,FFC,C:\TCC\Reproduzir_artigo\data\GUITAR-FX\Mono_Continuous\Audio\FFC\G71-64409-FFC-F0.3-20797.wav
16.23933029,-4.72871017,Mono_Continuous,FFC,C:\TCC\Reproduzir_artigo\data\GUITAR-FX\Mono_Continuous\Audio\FFC\G71-64600-FFC-F7.2-20814.wav
14.88008404,-3.22054839,Mono_Continuous,FFC,C:\TCC\Reproduzir_artigo\data\GUITAR-FX\Mono_Continuous\Audio\FFC\G71-65601-FFC-F9.6-20815.wav
13.76446724,-2.56611681,Mono_Continuous,FFC,C:\TCC\Reproduzir_artigo\data\GUITAR-FX\Mono_Continuous\Audio\FFC\G71-66507-FFC-F0.8-20808.wav
15.40731525,-2.62350512,Mono_Continuous,FFC,C:\TCC\Reproduzir_artigo\data\GUITAR-FX\Mono_Continuous\Audio\FFC\G71-66602-FFC-F3.9-20816.wav
15.00443172,-1.17953360,Mono_Continuous,FFC,C:\TCC\Reproduzir_artigo\data\GUITAR-FX\Mono_Continuous\Audio\FFC\G71-67412-FFC-F5-20800.wav
13.81130981,1.12110591,Mono_Continuous,FFC,C:\TCC\Reproduzir_artigo\data\GUITAR-FX\Mono_Continuous\Audio\FFC\G71-67603-FFC-F1.1-20817.wav
15.31821156,-5.76046133,Mono_Continuous,FFC,C:\TCC\Reproduzir_artigo\data\GUITAR-FX\Mono_Continuous\Audio\FFC\G71-71512-FFC-F9.3-20813.wav
15.91788197,-3.85120106,Mono_Continuous,FFC,C:\TCC\Reproduzir_artigo\data\GUITAR-FX\Mono_Continuous\Audio\FFC\G71-71607-FFC-F8.9-20821.wav
14.86964226,-0.29628062,Mono_Continuous,FFC,C:\TCC\Reproduzir_artigo\data\GUITAR-FX\Mono_Continuous\Audio\FFC\G71-73609-FFC-F5-20823.wav
16.47743416,0.83873004,Mono_Continuous,FFC,C:\TCC\Reproduzir_artigo\data\GUITAR-FX\Mono_Continuous\Audio\FFC\G71-75611-FFC-F1.1-20825.wav
16.19603539,-0.33778590,Mono_Continuous,FFC,C:\TCC\Reproduzir_artigo\data\GUITAR-FX\Mono_Continuous\Audio\FFC\G71-75611-FFC-F7.6-20825.wav
-14.77561188,-6.28975010,Mono_Continuous,FFC,C:\TCC\Reproduzir_artigo\data\GUITAR-FX\Mono_Continuous\Audio\FFC\G73-43103-FFC-F4-20830.wav
-12.93440342,-6.36742926,Mono_Continuous,FFC,C:\TCC\Reproduzir_artigo\data\GUITAR-FX\Mono_Continuous\Audio\FFC\G73-46106-FFC-F2.7-20833.wav
-10.96501732,-8.71427727,Mono_Continuous,FFC,C:\TCC\Reproduzir_artigo\data\GUITAR-FX\Mono_Continuous\Audio\FFC\G73-47107-FFC-F2.2-20834.wav
-11.24404240,-8.88163471,Mono_Continuous,FFC,C:\TCC\Reproduzir_artigo\data\GUITAR-FX\Mono_Continuous\Audio\FFC\G73-47107-FFC-F3-20834.wav
-12.04705334,-8.92287064,Mono_Continuous,FFC,C:\TCC\Reproduzir_artigo\data\GUITAR-FX\Mono_Continuous\Audio\FFC\G73-47107-FFC-F7.6-20834.wav
-10.78660583,-7.72475338,Mono_Continuous,FFC,C:\TCC\Reproduzir_artigo\data\GUITAR-FX\Mono_Continuous\Audio\FFC\G73-48203-FFC-F8.9-20843.wav
-12.41766834,-6.46409702,Mono_Continuous,FFC,C:\TCC\Reproduzir_artigo\data\GUITAR-FX\Mono_Continuous\Audio\FFC\G73-49204-FFC-F0.5-20844.wav
-8.34892178,-6.58864069,Mono_Continuous,FFC,C:\TCC\Reproduzir_artigo\data\GUITAR-FX\Mono_Continuous\Audio\FFC\G73-50110-FFC-F3-20837.wav
-7.44086361,-5.57516193,Mono_Continuous,FFC,C:\TCC\Reproduzir_artigo\data\GUITAR-FX\Mono_Continuous\Audio\FFC\G73-51111-FFC-F1.7-20838.wav
-9.62905216,-7.30434608,Mono_Continuous,FFC,C:\TCC\Reproduzir_artigo\data\GUITAR-FX\Mono_Continuous\Audio\FFC\G73-51206-FFC-F2.1-20846.wav
-9.01226997,-2.23793578,Mono_Continuous,FFC,C:\TCC\Reproduzir_artigo\data\GUITAR-FX\Mono_Continuous\Audio\FFC\G73-55210-FFC-F0.6-20850.wav
-4.89007330,-5.13430691,Mono_Continuous,FFC,C:\TCC\Reproduzir_artigo\data\GUITAR-FX\Mono_Continuous\Audio\FFC\G73-55305-FFC-F7.1-20858.wav
1.03984916,-4.07902479,Mono_Continuous,FFC,C:\TCC\Reproduzir_artigo\data\GUITAR-FX\Mono_Continuous\Audio\FFC\G73-59404-FFC-F6.8-20870.wav
6.05092716,-7.72640085,Mono_Continuous,FFC,C:\TCC\Reproduzir_artigo\data\GUITAR-FX\Mono_Continuous\Audio\FFC\G73-61311-FFC-F7.9-20864.wav
5.29801369,-7.51269102,Mono_Continuous,FFC,C:\TCC\Reproduzir_artigo\data\GUITAR-FX\Mono_Continuous\Audio\FFC\G73-62312-FFC-F9.9-20865.wav
6.79846811,-6.56242990,Mono_Continuous,FFC,C:\TCC\Reproduzir_artigo\data\GUITAR-FX\Mono_Continuous\Audio\FFC\G73-62407-FFC-F6.9-20873.wav
6.65063429,-6.51857328,Mono_Continuous,FFC,C:\TCC\Reproduzir_artigo\data\GUITAR-FX\Mono_Continuous\Audio\FFC\G73-62407-FFC-F7.2-20873.wav
8.73409939,-5.02201366,Mono_Continuous,FFC,C:\TCC\Reproduzir_artigo\data\GUITAR-FX\Mono_Continuous\Audio\FFC\G73-62503-FFC-F1.6-20882.wav
8.50842476,-4.81957817,Mono_Continuous,FFC,C:\TCC\Reproduzir_artigo\data\GUITAR-FX\Mono_Continuous\Audio\FFC\G73-62503-FFC-F1.9-20882.wav
8.45316696,-4.84882355,Mono_Continuous,FFC,C:\TCC\Reproduzir_artigo\data\GUITAR-FX\Mono_Continuous\Audio\FFC\G73-62503-FFC-F3.1-20882.wav
8.89816952,-6.32907867,Mono_Continuous,FFC,C:\TCC\Reproduzir_artigo\data\GUITAR-FX\Mono_Continuous\Audio\FFC\G73-62503-FFC-F5.8-20882.wav
11.15633011,-6.09792423,Mono_Continuous,FFC,C:\TCC\Reproduzir_artigo\data\GUITAR-FX\Mono_Continuous\Audio\FFC\G73-63504-FFC-F4.2-20883.wav
11.11919880,-7.08797026,Mono_Continuous,FFC,C:\TCC\Reproduzir_artigo\data\GUITAR-FX\Mono_Continuous\Audio\FFC\G73-63504-FFC-F8.1-20883.wav
14.57435131,-1.80185044,Mono_Continuous,FFC,C:\TCC\Reproduzir_artigo\data\GUITAR-FX\Mono_Continuous\Audio\FFC\G73-64600-FFC-F6-20892.wav
11.61111069,-4.03053379,Mono_Continuous,FFC,C:\TCC\Reproduzir_artigo\data\GUITAR-FX\Mono_Continuous\Audio\FFC\G73-65506-FFC-F6-20885.wav
13.55652905,-1.75213635,Mono_Continuous,FFC,C:\TCC\Reproduzir_artigo\data\GUITAR-FX\Mono_Continuous\Audio\FFC\G73-66507-FFC-F4.2-20886.wav
13.18185806,-2.32984376,Mono_Continuous,FFC,C:\TCC\Reproduzir_artigo\data\GUITAR-FX\Mono_Continuous\Audio\FFC\G73-66507-FFC-F7.2-20886.wav
11.52249146,0.17832853,Mono_Continuous,FFC,C:\TCC\Reproduzir_artigo\data\GUITAR-FX\Mono_Continuous\Audio\FFC\G73-67412-FFC-F0.3-20878.wav
12.16700745,1.34918869,Mono_Continuous,FFC,C:\TCC\Reproduzir_artigo\data\GUITAR-FX\Mono_Continuous\Audio\FFC\G73-68509-FFC-F3.7-20888.wav
12.88566971,1.22732294,Mono_Continuous,FFC,C:\TCC\Reproduzir_artigo\data\GUITAR-FX\Mono_Continuous\Audio\FFC\G73-68604-FFC-F5-20896.wav
13.05073833,0.51686317,Mono_Continuous,FFC,C:\TCC\Reproduzir_artigo\data\GUITAR-FX\Mono_Continuous\Audio\FFC\G73-68604-FFC-F6.7-20896.wav
14.61730003,0.05266353,Mono_Continuous,FFC,C:\TCC\Reproduzir_artigo\data\GUITAR-FX\Mono_Continuous\Audio\FFC\G73-69510-FFC-F4.1-20889.wav
14.47164726,-2.19848251,Mono_Continuous,FFC,C:\TCC\Reproduzir_artigo\data\GUITAR-FX\Mono_Continuous\Audio\FFC\G73-69605-FFC-F9.3-20897.wav
14.75160408,1.25467706,Mono_Continuous,FFC,C:\TCC\Reproduzir_artigo\data\GUITAR-FX\Mono_Continuous\Audio\FFC\G73-70606-FFC-F1.1-20898.wav
14.72468376,0.28181055,Mono_Continuous,FFC,C:\TCC\Reproduzir_artigo\data\GUITAR-FX\Mono_Continuous\Audio\FFC\G73-70606-FFC-F4.6-20898.wav
15.12431335,-0.59788334,Mono_Continuous,FFC,C:\TCC\Reproduzir_artigo\data\GUITAR-FX\Mono_Continuous\Audio\FFC\G73-71607-FFC-F0.5-20899.wav
15.72100258,-1.71789336,Mono_Continuous,FFC,C:\TCC\Reproduzir_artigo\data\GUITAR-FX\Mono_Continuous\Audio\FFC\G73-71607-FFC-F8.8-20899.wav
-16.18310547,-4.02279854,Mono_Continuous,FFC,C:\TCC\Reproduzir_artigo\data\GUITAR-FX\Mono_Continuous\Audio\FFC\G81-42102-FFC-F1.8-20907.wav
-14.69110584,-3.35496855,Mono_Continuous,FFC,C:\TCC\Reproduzir_artigo\data\GUITAR-FX\Mono_Continuous\Audio\FFC\G81-43103-FFC-F9.2-20908.wav
-12.30972576,-5.70059967,Mono_Continuous,FFC,C:\TCC\Reproduzir_artigo\data\GUITAR-FX\Mono_Continuous\Audio\FFC\G81-45200-FFC-F4.8-20918.wav
-11.69550896,-3.07403612,Mono_Continuous,FFC,C:\TCC\Reproduzir_artigo\data\GUITAR-FX\Mono_Continuous\Audio\FFC\G81-46106-FFC-F4.1-20911.wav
-10.39282608,-3.94059443,Mono_Continuous,FFC,C:\TCC\Reproduzir_artigo\data\GUITAR-FX\Mono_Continuous\Audio\FFC\G81-47107-FFC-F1-20912.wav
-9.95744038,-4.78937531,Mono_Continuous,FFC,C:\TCC\Reproduzir_artigo\data\GUITAR-FX\Mono_Continuous\Audio\FFC\G81-48108-FFC-F4.5-20913.wav
-8.41748333,-2.02582788,Mono_Continuous,FFC,C:\TCC\Reproduzir_artigo\data\GUITAR-FX\Mono_Continuous\Audio\FFC\G81-50110-FFC-F2.9-20915.wav
-8.87879086,-6.65658951,Mono_Continuous,FFC,C:\TCC\Reproduzir_artigo\data\GUITAR-FX\Mono_Continuous\Audio\FFC\G81-51206-FFC-F9.6-20924.wav
-8.12374687,-6.48756742,Mono_Continuous,FFC,C:\TCC\Reproduzir_artigo\data\GUITAR-FX\Mono_Continuous\Audio\FFC\G81-51301-FFC-F1.7-20932.wav
-9.14979076,-3.54888487,Mono_Continuous,FFC,C:\TCC\Reproduzir_artigo\data\GUITAR-FX\Mono_Continuous\Audio\FFC\G81-52112-FFC-F3.3-20917.wav
-9.39040375,-3.43083954,Mono_Continuous,FFC,C:\TCC\Reproduzir_artigo\data\GUITAR-FX\Mono_Continuous\Audio\FFC\G81-53208-FFC-F6.2-20926.wav
-2.49669170,-4.53947830,Mono_Continuous,FFC,C:\TCC\Reproduzir_artigo\data\GUITAR-FX\Mono_Continuous\Audio\FFC\G81-56306-FFC-F1.3-20937.wav
0.49984261,-6.23147774,Mono_Continuous,FFC,C:\TCC\Reproduzir_artigo\data\GUITAR-FX\Mono_Continuous\Audio\FFC\G81-58308-FFC-F9.3-20939.wav
4.46207380,-9.06967926,Mono_Continuous,FFC,C:\TCC\Reproduzir_artigo\data\GUITAR-FX\Mono_Continuous\Audio\FFC\G81-58403-FFC-F2-20947.wav
0.88072187,-8.52838707,Mono_Continuous,FFC,C:\TCC\Reproduzir_artigo\data\GUITAR-FX\Mono_Continuous\Audio\FFC\G81-60405-FFC-F7.3-20949.wav
8.18662167,-6.15881348,Mono_Continuous,FFC,C:\TCC\Reproduzir_artigo\data\GUITAR-FX\Mono_Continuous\Audio\FFC\G81-62503-FFC-F3.1-20960.wav
6.44187164,-6.23192263,Mono_Continuous,FFC,C:\TCC\Reproduzir_artigo\data\GUITAR-FX\Mono_Continuous\Audio\FFC\G81-63408-FFC-F3-20952.wav
14.38256931,-3.55870461,Mono_Continuous,FFC,C:\TCC\Reproduzir_artigo\data\GUITAR-FX\Mono_Continuous\Audio\FFC\G81-64600-FFC-F0.3-20970.wav
12.94494438,-4.91711330,Mono_Continuous,FFC,C:\TCC\Reproduzir_artigo\data\GUITAR-FX\Mono_Continuous\Audio\FFC\G81-66507-FFC-F8.8-20964.wav
12.39356709,-4.10996819,Mono_Continuous,FFC,C:\TCC\Reproduzir_artigo\data\GUITAR-FX\Mono_Continuous\Audio\FFC\G81-66602-FFC-F6.1-20972.wav
12.29891872,0.85107052,Mono_Continuous,FFC,C:\TCC\Reproduzir_artigo\data\GUITAR-FX\Mono_Continuous\Audio\FFC\G81-67508-FFC-F0.1-20965.wav
12.50121021,0.72597116,Mono_Continuous,FFC,C:\TCC\Reproduzir_artigo\data\GUITAR-FX\Mono_Continuous\Audio\FFC\G81-67508-FFC-F3.3-20965.wav
14.47087574,-0.57853663,Mono_Continuous,FFC,C:\TCC\Reproduzir_artigo\data\GUITAR-FX\Mono_Continuous\Audio\FFC\G81-67603-FFC-F0.3-20973.wav
15.44709682,-4.87633562,Mono_Continuous,FFC,C:\TCC\Reproduzir_artigo\data\GUITAR-FX\Mono_Continuous\Audio\FFC\G81-67603-FFC-F9.8-20973.wav
16.30172539,1.45886898,Mono_Continuous,FFC,C:\TCC\Reproduzir_artigo\data\GUITAR-FX\Mono_Continuous\Audio\FFC\G81-70606-FFC-F1.1-20976.wav
16.94885445,0.34959871,Mono_Continuous,FFC,C:\TCC\Reproduzir_artigo\data\GUITAR-FX\Mono_Continuous\Audio\FFC\G81-70606-FFC-F3.2-20976.wav
15.78404903,-3.12509465,Mono_Continuous,FFC,C:\TCC\Reproduzir_artigo\data\GUITAR-FX\Mono_Continuous\Audio\FFC\G81-71607-FFC-F6.8-20977.wav
15.04867268,-1.25512338,Mono_Continuous,FFC,C:\TCC\Reproduzir_artigo\data\GUITAR-FX\Mono_Continuous\Audio\FFC\G81-74610-FFC-F8-20980.wav
-12.74431229,-8.30095577,Mono_Continuous,FFC,C:\TCC\Reproduzir_artigo\data\GUITAR-FX\Mono_Continuous\Audio\FFC\G83-43103-FFC-F7.8-20986.wav
-14.12361526,-7.83018160,Mono_Continuous,FFC,C:\TCC\Reproduzir_artigo\data\GUITAR-FX\Mono_Continuous\Audio\FFC\G83-45105-FFC-F9.3-20988.wav
-13.35443020,-3.79211211,Mono_Continuous,FFC,C:\TCC\Reproduzir_artigo\data\GUITAR-FX\Mono_Continuous\Audio\FFC\G83-45200-FFC-F1.5-20996.wav
-12.81454182,-4.44416857,Mono_Continuous,FFC,C:\TCC\Reproduzir_artigo\data\GUITAR-FX\Mono_Continuous\Audio\FFC\G83-45200-FFC-F6.8-20996.wav
-6.83297539,-10.55355263,Mono_Continuous,FFC,C:\TCC\Reproduzir_artigo\data\GUITAR-FX\Mono_Continuous\Audio\FFC\G83-48203-FFC-F2.2-20999.wav
-10.88420105,-8.33999348,Mono_Continuous,FFC,C:\TCC\Reproduzir_artigo\data\GUITAR-FX\Mono_Continuous\Audio\FFC\G83-49109-FFC-F7.3-20992.wav
-11.00945568,-6.75494719,Mono_Continuous,FFC,C:\TCC\Reproduzir_artigo\data\GUITAR-FX\Mono_Continuous\Audio\FFC\G83-50110-FFC-F6-20993.wav
-7.30938625,-7.79141998,Mono_Continuous,FFC,C:\TCC\Reproduzir_artigo\data\GUITAR-FX\Mono_Continuous\Audio\FFC\G83-51206-FFC-F3.4-21002.wav
-5.30314636,-8.02961826,Mono_Continuous,FFC,C:\TCC\Reproduzir_artigo\data\GUITAR-FX\Mono_Continuous\Audio\FFC\G83-52302-FFC-F3.9-21011.wav
-7.72715139,-6.56221151,Mono_Continuous,FFC,C:\TCC\Reproduzir_artigo\data\GUITAR-FX\Mono_Continuous\Audio\FFC\G83-55210-FFC-F6.7-21006.wav
-4.62116003,-6.82794237,Mono_Continuous,FFC,C:\TCC\Reproduzir_artigo\data\GUITAR-FX\Mono_Continuous\Audio\FFC\G83-55400-FFC-F7.8-21022.wav
-3.30819201,-7.99260235,Mono_Continuous,FFC,C:\TCC\Reproduzir_artigo\data\GUITAR-FX\Mono_Continuous\Audio\FFC\G83-56306-FFC-F2.2-21015.wav
-2.71036315,-9.23600674,Mono_Continuous,FFC,C:\TCC\Reproduzir_artigo\data\GUITAR-FX\Mono_Continuous\Audio\FFC\G83-56306-FFC-F8.4-21015.wav
3.11917186,-7.63456535,Mono_Continuous,FFC,C:\TCC\Reproduzir_artigo\data\GUITAR-FX\Mono_Continuous\Audio\FFC\G83-56401-FFC-F0.4-21023.wav
3.35674810,-8.69425011,Mono_Continuous,FFC,C:\TCC\Reproduzir_artigo\data\GUITAR-FX\Mono_Continuous\Audio\FFC\G83-58403-FFC-F3.9-21025.wav
0.00037171,-4.26319790,Mono_Continuous,FFC,C:\TCC\Reproduzir_artigo\data\GUITAR-FX\Mono_Continuous\Audio\FFC\G83-59309-FFC-F1.7-21018.wav
4.45427656,-2.83455276,Mono_Continuous,FFC,C:\TCC\Reproduzir_artigo\data\GUITAR-FX\Mono_Continuous\Audio\FFC\G83-62312-FFC-F1.6-21021.wav
7.14428568,-7.27553320,Mono_Continuous,FFC,C:\TCC\Reproduzir_artigo\data\GUITAR-FX\Mono_Continuous\Audio\FFC\G83-63408-FFC-F8.7-21030.wav
10.06283569,-4.04335070,Mono_Continuous,FFC,C:\TCC\Reproduzir_artigo\data\GUITAR-FX\Mono_Continuous\Audio\FFC\G83-63504-FFC-F4.3-21039.wav
10.16239738,-2.61148667,Mono_Continuous,FFC,C:\TCC\Reproduzir_artigo\data\GUITAR-FX\Mono_Continuous\Audio\FFC\G83-64505-FFC-F8.1-21040.wav
7.43561125,-3.55362844,Mono_Continuous,FFC,C:\TCC\Reproduzir_artigo\data\GUITAR-FX\Mono_Continuous\Audio\FFC\G83-65410-FFC-F7.4-21032.wav
13.24608135,-3.29291391,Mono_Continuous,FFC,C:\TCC\Reproduzir_artigo\data\GUITAR-FX\Mono_Continuous\Audio\FFC\G83-66602-FFC-F1.3-21050.wav
12.52037811,-1.23997462,Mono_Continuous,FFC,C:\TCC\Reproduzir_artigo\data\GUITAR-FX\Mono_Continuous\Audio\FFC\G83-67508-FFC-F9-21043.wav
15.81450081,0.60473919,Mono_Continuous,FFC,C:\TCC\Reproduzir_artigo\data\GUITAR-FX\Mono_Continuous\Audio\FFC\G83-71512-FFC-F0-21047.wav
15.13599396,-1.53254151,Mono_Continuous,FFC,C:\TCC\Reproduzir_artigo\data\GUITAR-FX\Mono_Continuous\Audio\FFC\G83-73609-FFC-F3.8-21057.wav
16.83350563,0.88260597,Mono_Continuous,FFC,C:\TCC\Reproduzir_artigo\data\GUITAR-FX\Mono_Continuous\Audio\FFC\G83-75611-FFC-F2.9-21059.wav
16.51925278,-0.89073348,Mono_Continuous,FFC,C:\TCC\Reproduzir_artigo\data\GUITAR-FX\Mono_Continuous\Audio\FFC\G83-75611-FFC-F8-21059.wav
-14.50253010,-3.01809025,Mono_Continuous,FFC,C:\TCC\Reproduzir_artigo\data\GUITAR-FX\Mono_Continuous\Audio\FFC\G91-40100-FFC-F2.3-21061.wav
-13.74087143,-5.27003431,Mono_Continuous,FFC,C:\TCC\Reproduzir_artigo\data\GUITAR-FX\Mono_Continuous\Audio\FFC\G91-45105-FFC-F6.9-21066.wav
-11.79117775,-6.62615919,Mono_Continuous,FFC,C:\TCC\Reproduzir_artigo\data\GUITAR-FX\Mono_Continuous\Audio\FFC\G91-45200-FFC-F2.7-21074.wav
-12.56501579,-6.28166914,Mono_Continuous,FFC,C:\TCC\Reproduzir_artigo\data\GUITAR-FX\Mono_Continuous\Audio\FFC\G91-45200-FFC-F7.7-21074.wav
-12.70380306,-3.76160479,Mono_Continuous,FFC,C:\TCC\Reproduzir_artigo\data\GUITAR-FX\Mono_Continuous\Audio\FFC\G91-46106-FFC-F2.5-21067.wav
-13.19977188,-6.10390520,Mono_Continuous,FFC,C:\TCC\Reproduzir_artigo\data\GUITAR-FX\Mono_Continuous\Audio\FFC\G91-46106-FFC-F8.7-21067.wav
-12.87516880,-6.51811409,Mono_Continuous,FFC,C:\TCC\Reproduzir_artigo\data\GUITAR-FX\Mono_Continuous\Audio\FFC\G91-46106-FFC-F9.1-21067.wav
-8.27856827,-8.20518303,Mono_Continuous,FFC,C:\TCC\Reproduzir_artigo\data\GUITAR-FX\Mono_Continuous\Audio\FFC\G91-48203-FFC-F2.2-21077.wav
-10.54411221,-3.27857423,Mono_Continuous,FFC,C:\TCC\Reproduzir_artigo\data\GUITAR-FX\Mono_Continuous\Audio\FFC\G91-50205-FFC-F4.9-21079.wav
-8.11432457,-5.24089670,Mono_Continuous,FFC,C:\TCC\Reproduzir_artigo\data\GUITAR-FX\Mono_Continuous\Audio\FFC\G91-50300-FFC-F7.7-21087.wav
-3.94322991,-4.61042452,Mono_Continuous,FFC,C:\TCC\Reproduzir_artigo\data\GUITAR-FX\Mono_Continuous\Audio\FFC\G91-51111-FFC-F3.6-21072.wav
-7.37416029,-5.31686735,Mono_Continuous,FFC,C:\TCC\Reproduzir_artigo\data\GUITAR-FX\Mono_Continuous\Audio\FFC\G91-53208-FFC-F8.8-21082.wav
2.95620298,-4.00631237,Mono_Continuous,FFC,C:\TCC\Reproduzir_artigo\data\GUITAR-FX\Mono_Continuous\Audio\FFC\G91-59309-FFC-F0.3-21096.wav
10.30133915,-8.51053238,Mono_Continuous,FFC,C:\TCC\Reproduzir_artigo\data\GUITAR-FX\Mono_Continuous\Audio\FFC\G91-59500-FFC-F7.3-21113.wav
7.53082275,-4.17029572,Mono_Continuous,FFC,C:\TCC\Reproduzir_artigo\data\GUITAR-FX\Mono_Continuous\Audio\FFC\G91-62407-FFC-F1.4-21107.wav
7.57260227,-4.64526510,Mono_Continuous,FFC,C:\TCC\Reproduzir_artigo\data\GUITAR-FX\Mono_Continuous\Audio\FFC\G91-63408-FFC-F5.6-21108.wav
11.39228058,-5.45505333,Mono_Continuous,FFC,C:\TCC\Reproduzir_artigo\data\GUITAR-FX\Mono_Continuous\Audio\FFC\G91-64505-FFC-F1-21118.wav
15.03328037,-3.96337843,Mono_Continuous,FFC,C:\TCC\Reproduzir_artigo\data\GUITAR-FX\Mono_Continuous\Audio\FFC\G91-64600-FFC-F0.6-21126.wav
14.79378986,-5.13357925,Mono_Continuous,FFC,C:\TCC\Reproduzir_artigo\data\GUITAR-FX\Mono_Continuous\Audio\FFC\G91-64600-FFC-F6.3-21126.wav
10.78035259,-2.30352855,Mono_Continuous,FFC,C:\TCC\Reproduzir_artigo\data\GUITAR-FX\Mono_Continuous\Audio\FFC\G91-66411-FFC-F0.2-21111.wav
10.84431648,-2.31072259,Mono_Continuous,FFC,C:\TCC\Reproduzir_artigo\data\GUITAR-FX\Mono_Continuous\Audio\FFC\G91-66411-FFC-F5.9-21111.wav
14.85491562,-3.31952333,Mono_Continuous,FFC,C:\TCC\Reproduzir_artigo\data\GUITAR-FX\Mono_Continuous\Audio\FFC\G91-68604-FFC-F3.6-21130.wav
14.66254330,-5.64628077,Mono_Continuous,FFC,C:\TCC\Reproduzir_artigo\data\GUITAR-FX\Mono_Continuous\Audio\FFC\G91-68604-FFC-F7.3-21130.wav
15.15399456,0.74052781,Mono_Continuous,FFC,C:\TCC\Reproduzir_artigo\data\GUITAR-FX\Mono_Continuous\Audio\FFC\G91-69510-FFC-F2.1-21123.wav
15.13865662,-1.66967010,Mono_Continuous,FFC,C:\TCC\Reproduzir_artigo\data\GUITAR-FX\Mono_Continuous\Audio\FFC\G91-71512-FFC-F9.4-21125.wav
15.19401741,-2.04917550,Mono_Continuous,FFC,C:\TCC\Reproduzir_artigo\data\GUITAR-FX\Mono_Continuous\Audio\FFC\G91-73609-FFC-F9.4-21135.wav
-9.38123131,-8.31385136,Mono_Continuous,FFC,C:\TCC\Reproduzir_artigo\data\GUITAR-FX\Mono_Continuous\Audio\FFC\G93-43103-FFC-F5-21142.wav
-12.36697960,-6.31540155,Mono_Continuous,FFC,C:\TCC\Reproduzir_artigo\data\GUITAR-FX\Mono_Continuous\Audio\FFC\G93-44104-FFC-F1.2-21143.wav
-13.82794857,-3.51376963,Mono_Continuous,FFC,C:\TCC\Reproduzir_artigo\data\GUITAR-FX\Mono_Continuous\Audio\FFC\G93-45105-FFC-F3.2-21144.wav
-7.54254866,-7.41971111,Mono_Continuous,FFC,C:\TCC\Reproduzir_artigo\data\GUITAR-FX\Mono_Continuous\Audio\FFC\G93-46201-FFC-F5.2-21153.wav
-8.57982349,-9.48015976,Mono_Continuous,FFC,C:\TCC\Reproduzir_artigo\data\GUITAR-FX\Mono_Continuous\Audio\FFC\G93-48108-FFC-F7.3-21147.wav
-9.99547863,-6.98180103,Mono_Continuous,FFC,C:\TCC\Reproduzir_artigo\data\GUITAR-FX\Mono_Continuous\Audio\FFC\G93-49109-FFC-F2.6-21148.wav
-10.37013245,-6.83671713,Mono_Continuous,FFC,C:\TCC\Reproduzir_artigo\data\GUITAR-FX\Mono_Continuous\Audio\FFC\G93-49109-FFC-F6.7-21148.wav
-8.31733608,-7.16097116,Mono_Continuous,FFC,C:\TCC\Reproduzir_artigo\data\GUITAR-FX\Mono_Continuous\Audio\FFC\G93-49204-FFC-F7.1-21156.wav
-10.66517735,-3.79747844,Mono_Continuous,FFC,C:\TCC\Reproduzir_artigo\data\GUITAR-FX\Mono_Continuous\Audio\FFC\G93-50110-FFC-F8.1-21149.wav
-8.24363899,-6.20449543,Mono_Continuous,FFC,C:\TCC\Reproduzir_artigo\data\GUITAR-FX\Mono_Continuous\Audio\FFC\G93-50205-FFC-F4.4-21157.wav
-6.55571032,-9.52524376,Mono_Continuous,FFC,C:\TCC\Reproduzir_artigo\data\GUITAR-FX\Mono_Continuous\Audio\FFC\G93-50300-FFC-F9.9-21165.wav
-10.97898006,-5.27956247,Mono_Continuous,FFC,C:\TCC\Reproduzir_artigo\data\GUITAR-FX\Mono_Continuous\Audio\FFC\G93-51111-FFC-F5.9-21150.wav
-4.58539677,-5.96976376,Mono_Continuous,FFC,C:\TCC\Reproduzir_artigo\data\GUITAR-FX\Mono_Continuous\Audio\FFC\G93-53208-FFC-F5.8-21160.wav
-3.70195103,-9.08069420,Mono_Continuous,FFC,C:\TCC\Reproduzir_artigo\data\GUITAR-FX\Mono_Continuous\Audio\FFC\G93-53208-FFC-F9.2-21160.wav
-5.14525795,-6.49877310,Mono_Continuous,FFC,C:\TCC\Reproduzir_artigo\data\GUITAR-FX\Mono_Continuous\Audio\FFC\G93-54209-FFC-F1-21161.wav
-0.38670182,-6.42669535,Mono_Continuous,FFC,C:\TCC\Reproduzir_artigo\data\GUITAR-FX\Mono_Continuous\Audio\FFC\G93-56211-FFC-F1.6-21163.wav
4.06015062,-8.09864140,Mono_Continuous,FFC,C:\TCC\Reproduzir_artigo\data\GUITAR-FX\Mono_Continuous\Audio\FFC\G93-56401-FFC-F6.2-21179.wav
-4.48573780,-0.23705648,Mono_Continuous,FFC,C:\TCC\Reproduzir_artigo\data\GUITAR-FX\Mono_Continuous\Audio\FFC\G93-57212-FFC-F4.3-21164.wav
0.77702695,-7.76459122,Mono_Continuous,FFC,C:\TCC\Reproduzir_artigo\data\GUITAR-FX\Mono_Continuous\Audio\FFC\G93-59309-FFC-F4.1-21174.wav
2.34854746,-8.98184872,Mono_Continuous,FFC,C:\TCC\Reproduzir_artigo\data\GUITAR-FX\Mono_Continuous\Audio\FFC\G93-59404-FFC-F8.8-21182.wav
7.83810329,-7.71692228,Mono_Continuous,FFC,C:\TCC\Reproduzir_artigo\data\GUITAR-FX\Mono_Continuous\Audio\FFC\G93-59500-FFC-F2.8-21191.wav
2.16399217,-6.46409369,Mono_Continuous,FFC,C:\TCC\Reproduzir_artigo\data\GUITAR-FX\Mono_Continuous\Audio\FFC\G93-60310-FFC-F3.8-21175.wav
2.38483906,-7.20619011,Mono_Continuous,FFC,C:\TCC\Reproduzir_artigo\data\GUITAR-FX\Mono_Continuous\Audio\FFC\G93-60310-FFC-F5.6-21175.wav
3.42259836,-8.05818367,Mono_Continuous,FFC,C:\TCC\Reproduzir_artigo\data\GUITAR-FX\Mono_Continuous\Audio\FFC\G93-60310-FFC-F7.4-21175.wav
3.08416557,-8.81822872,Mono_Continuous,FFC,C:\TCC\Reproduzir_artigo\data\GUITAR-FX\Mono_Continuous\Audio\FFC\G93-60310-FFC-F9.1-21175.wav
10.29623604,-6.00935650,Mono_Continuous,FFC,C:\TCC\Reproduzir_artigo\data\GUITAR-FX\Mono_Continuous\Audio\FFC\G93-60501-FFC-F5.7-21192.wav
4.68921614,-6.34792328,Mono_Continuous,FFC,C:\TCC\Reproduzir_artigo\data\GUITAR-FX\Mono_Continuous\Audio\FFC\G93-62312-FFC-F5.7-21177.wav
6.01356316,-4.02251530,Mono_Continuous,FFC,C:\TCC\Reproduzir_artigo\data\GUITAR-FX\Mono_Continuous\Audio\FFC\G93-62407-FFC-F1.2-21185.wav
5.30255318,-1.61533284,Mono_Continuous,FFC,C:\TCC\Reproduzir_artigo\data\GUITAR-FX\Mono_Continuous\Audio\FFC\G93-64409-FFC-F4.7-21187.wav
9.79653263,0.09930687,Mono_Continuous,FFC,C:\TCC\Reproduzir_artigo\data\GUITAR-FX\Mono_Continuous\Audio\FFC\G93-65506-FFC-F0.1-21197.wav
9.50583267,-2.43474340,Mono_Continuous,FFC,C:\TCC\Reproduzir_artigo\data\GUITAR-FX\Mono_Continuous\Audio\FFC\G93-65506-FFC-F5.6-21197.wav
12.56497669,-3.25986242,Mono_Continuous,FFC,C:\TCC\Reproduzir_artigo\data\GUITAR-FX\Mono_Continuous\Audio\FFC\G93-65601-FFC-F1.5-21205.wav
10.09864426,-3.54464984,Mono_Continuous,FFC,C:\TCC\Reproduzir_artigo\data\GUITAR-FX\Mono_Continuous\Audio\FFC\G93-66411-FFC-F7.3-21189.wav
10.79951763,-3.85415435,Mono_Continuous,FFC,C:\TCC\Reproduzir_artigo\data\GUITAR-FX\Mono_Continuous\Audio\FFC\G93-66411-FFC-F9.8-21189.wav
10.52079868,-0.36839530,Mono_Continuous,FFC,C:\TCC\Reproduzir_artigo\data\GUITAR-FX\Mono_Continuous\Audio\FFC\G93-66507-FFC-F0.1-21198.wav
11.04886341,-1.03846395,Mono_Continuous,FFC,C:\TCC\Reproduzir_artigo\data\GUITAR-FX\Mono_Continuous\Audio\FFC\G93-67412-FFC-F7.3-21190.wav
12.98509884,-2.16404295,Mono_Continuous,FFC,C:\TCC\Reproduzir_artigo\data\GUITAR-FX\Mono_Continuous\Audio\FFC\G93-67508-FFC-F9.2-21199.wav
14.47654629,-2.31063628,Mono_Continuous,FFC,C:\TCC\Reproduzir_artigo\data\GUITAR-FX\Mono_Continuous\Audio\FFC\G93-68604-FFC-F5.7-21208.wav
15.66831684,-1.48645496,Mono_Continuous,FFC,C:\TCC\Reproduzir_artigo\data\GUITAR-FX\Mono_Continuous\Audio\FFC\G93-71607-FFC-F3-21211.wav
13.24302864,0.33991998,Mono_Continuous,FFC,C:\TCC\Reproduzir_artigo\data\GUITAR-FX\Mono_Continuous\Audio\FFC\G93-74610-FFC-F7.8-21214.wav
15.04800892,1.02424550,Mono_Continuous,FFC,C:\TCC\Reproduzir_artigo\data\GUITAR-FX\Mono_Continuous\Audio\FFC\G93-75611-FFC-F0.7-21215.wav
11.83752632,4.92615128,Mono_Continuous,FFC,C:\TCC\Reproduzir_artigo\data\GUITAR-FX\Mono_Continuous\Audio\FFC\G93-76612-FFC-F8.9-21216.wav
-16.41279984,4.39262581,Mono_Continuous,MGS,C:\TCC\Reproduzir_artigo\data\GUITAR-FX\Mono_Continuous\Audio\MGS\G61-43103-MGS-D4.9T1.7-20596.wav
-16.53993988,-1.16537869,Mono_Continuous,MGS,C:\TCC\Reproduzir_artigo\data\GUITAR-FX\Mono_Continuous\Audio\MGS\G61-43103-MGS-D9.6T3.6-20596.wav
-15.42008114,1.46591210,Mono_Continuous,MGS,C:\TCC\Reproduzir_artigo\data\GUITAR-FX\Mono_Continuous\Audio\MGS\G61-45105-MGS-D6.4T9.4-20598.wav
-11.51158428,0.49965000,Mono_Continuous,MGS,C:\TCC\Reproduzir_artigo\data\GUITAR-FX\Mono_Continuous\Audio\MGS\G61-46201-MGS-D3.4T8-20607.wav
-13.56401443,-0.49860743,Mono_Continuous,MGS,C:\TCC\Reproduzir_artigo\data\GUITAR-FX\Mono_Continuous\Audio\MGS\G61-47202-MGS-D6.8T2.5-20608.wav
-11.43749714,2.29848862,Mono_Continuous,MGS,C:\TCC\Reproduzir_artigo\data\GUITAR-FX\Mono_Continuous\Audio\MGS\G61-48203-MGS-D4.7T2.8-20609.wav
-10.87292957,1.13410223,Mono_Continuous,MGS,C:\TCC\Reproduzir_artigo\data\GUITAR-FX\Mono_Continuous\Audio\MGS\G61-48203-MGS-D5.4T5.1-20609.wav
-11.46206665,-1.80202782,Mono_Continuous,MGS,C:\TCC\Reproduzir_artigo\data\GUITAR-FX\Mono_Continuous\Audio\MGS\G61-48203-MGS-D7.3T3.2-20609.wav
-11.93900204,5.21160364,Mono_Continuous,MGS,C:\TCC\Reproduzir_artigo\data\GUITAR-FX\Mono_Continuous\Audio\MGS\G61-50110-MGS-D4.8T6.5-20603.wav
-12.31454468,3.28036976,Mono_Continuous,MGS,C:\TCC\Reproduzir_artigo\data\GUITAR-FX\Mono_Continuous\Audio\MGS\G61-50110-MGS-D5.7T8.3-20603.wav
-11.19555283,-1.84482121,Mono_Continuous,MGS,C:\TCC\Reproduzir_artigo\data\GUITAR-FX\Mono_Continuous\Audio\MGS\G61-50300-MGS-D6.9T2.6-20619.wav
-8.74456787,-1.00318348,Mono_Continuous,MGS,C:\TCC\Reproduzir_artigo\data\GUITAR-FX\Mono_Continuous\Audio\MGS\G61-51111-MGS-D9.5T8.4-20604.wav
-8.90460300,-0.74297017,Mono_Continuous,MGS,C:\TCC\Reproduzir_artigo\data\GUITAR-FX\Mono_Continuous\Audio\MGS\G61-51111-MGS-D9.6T8.1-20604.wav
-7.57569122,-2.56382632,Mono_Continuous,MGS,C:\TCC\Reproduzir_artigo\data\GUITAR-FX\Mono_Continuous\Audio\MGS\G61-52302-MGS-D7.6T8.7-20621.wav
-10.89598751,3.90133500,Mono_Continuous,MGS,C:\TCC\Reproduzir_artigo\data\GUITAR-FX\Mono_Continuous\Audio\MGS\G61-53208-MGS-D8.2T0.6-20614.wav
-10.08134365,2.22043729,Mono_Continuous,MGS,C:\TCC\Reproduzir_artigo\data\GUITAR-FX\Mono_Continuous\Audio\MGS\G61-53208-MGS-D8.4T5.6-20614.wav
-10.37941551,8.76259232,Mono_Continuous,MGS,C:\TCC\Reproduzir_artigo\data\GUITAR-FX\Mono_Continuous\Audio\MGS\G61-55210-MGS-D2T3.6-20616.wav
-5.52432871,8.00220776,Mono_Continuous,MGS,C:\TCC\Reproduzir_artigo\data\GUITAR-FX\Mono_Continuous\Audio\MGS\G61-58308-MGS-D7T1.2-20627.wav
-2.64227939,8.31139469,Mono_Continuous,MGS,C:\TCC\Reproduzir_artigo\data\GUITAR-FX\Mono_Continuous\Audio\MGS\G61-58403-MGS-D3.5T1.1-20635.wav
-0.79027742,5.20704079,Mono_Continuous,MGS,C:\TCC\Reproduzir_artigo\data\GUITAR-FX\Mono_Continuous\Audio\MGS\G61-58403-MGS-D5.9T4.3-20635.wav
6.58770990,-2.93310595,Mono_Continuous,MGS,C:\TCC\Reproduzir_artigo\data\GUITAR-FX\Mono_Continuous\Audio\MGS\G61-61502-MGS-D9.5T4.1-20647.wav
1.42187703,8.91915131,Mono_Continuous,MGS,C:\TCC\Reproduzir_artigo\data\GUITAR-FX\Mono_Continuous\Audio\MGS\G61-62312-MGS-D6.4T2.3-20631.wav
1.50622272,4.07835674,Mono_Continuous,MGS,C:\TCC\Reproduzir_artigo\data\GUITAR-FX\Mono_Continuous\Audio\MGS\G61-62407-MGS-D8T3.6-20639.wav
8.57764435,-2.84919572,Mono_Continuous,MGS,C:\TCC\Reproduzir_artigo\data\GUITAR-FX\Mono_Continuous\Audio\MGS\G61-62503-MGS-D5.2T10-20648.wav
8.45528889,-3.91264820,Mono_Continuous,MGS,C:\TCC\Reproduzir_artigo\data\GUITAR-FX\Mono_Continuous\Audio\MGS\G61-62503-MGS-D6.9T9.8-20648.wav
8.23252201,-1.15377259,Mono_Continuous,MGS,C:\TCC\Reproduzir_artigo\data\GUITAR-FX\Mono_Continuous\Audio\MGS\G61-63504-MGS-D6.1T6.5-20649.wav
12.92862415,0.31136861,Mono_Continuous,MGS,C:\TCC\Reproduzir_artigo\data\GUITAR-FX\Mono_Continuous\Audio\MGS\G61-64600-MGS-D8.5T6.7-20658.wav
9.55234432,6.22355318,Mono_Continuous,MGS,C:\TCC\Reproduzir_artigo\data\GUITAR-FX\Mono_Continuous\Audio\MGS\G61-66507-MGS-D2.4T1.1-20652.wav
12.41130352,4.62079573,Mono_Continuous,MGS,C:\TCC\Reproduzir_artigo\data\GUITAR-FX\Mono_Continuous\Audio\MGS\G61-66602-MGS-D4.4T7.8-20660.wav
12.30410194,4.03439999,Mono_Continuous,MGS,C:\TCC\Reproduzir_artigo\data\GUITAR-FX\Mono_Continuous\Audio\MGS\G61-67412-MGS-D6.9T8.7-20644.wav
12.72897530,4.02792358,Mono_Continuous,MGS,C:\TCC\Reproduzir_artigo\data\GUITAR-FX\Mono_Continuous\Audio\MGS\G61-68604-MGS-D7.3T7.6-20662.wav
11.32390022,6.08529234,Mono_Continuous,MGS,C:\TCC\Reproduzir_artigo\data\GUITAR-FX\Mono_Continuous\Audio\MGS\G61-69510-MGS-D6.1T6.2-20655.wav
11.18748283,7.97016096,Mono_Continuous,MGS,C:\TCC\Reproduzir_artigo\data\GUITAR-FX\Mono_Continuous\Audio\MGS\G61-69605-MGS-D2.3T9.6-20663.wav
11.73515415,4.51864004,Mono_Continuous,MGS,C:\TCC\Reproduzir_artigo\data\GUITAR-FX\Mono_Continuous\Audio\MGS\G61-69605-MGS-D8.5T3.8-20663.wav
9.45050526,9.89139938,Mono_Continuous,MGS,C:\TCC\Reproduzir_artigo\data\GUITAR-FX\Mono_Continuous\Audio\MGS\G61-70511-MGS-D2.2T4.3-20656.wav
9.28505707,12.05655575,Mono_Continuous,MGS,C:\TCC\Reproduzir_artigo\data\GUITAR-FX\Mono_Continuous\Audio\MGS\G61-74610-MGS-D3.4T0.5-20668.wav
-11.36611557,-7.53574848,Mono_Continuous,MGS,C:\TCC\Reproduzir_artigo\data\GUITAR-FX\Mono_Continuous\Audio\MGS\G63-45200-MGS-D8.8T0-20684.wav
-11.36445808,-0.42922595,Mono_Continuous,MGS,C:\TCC\Reproduzir_artigo\data\GUITAR-FX\Mono_Continuous\Audio\MGS\G63-48203-MGS-D7.6T2.5-20687.wav
-5.40077257,-2.57640028,Mono_Continuous,MGS,C:\TCC\Reproduzir_artigo\data\GUITAR-FX\Mono_Continuous\Audio\MGS\G63-52207-MGS-D7.9T9.4-20691.wav
-6.93852329,-1.19603753,Mono_Continuous,MGS,C:\TCC\Reproduzir_artigo\data\GUITAR-FX\Mono_Continuous\Audio\MGS\G63-53208-MGS-D9.7T8.2-20692.wav
-6.96353054,-1.21231961,Mono_Continuous,MGS,C:\TCC\Reproduzir_artigo\data\GUITAR-FX\Mono_Continuous\Audio\MGS\G63-53303-MGS-D7.8T3.2-20700.wav
-6.66858482,-1.58124197,Mono_Continuous,MGS,C:\TCC\Reproduzir_artigo\data\GUITAR-FX\Mono_Continuous\Audio\MGS\G63-53303-MGS-D7.9T7.5-20700.wav
-5.11869192,4.47081327,Mono_Continuous,MGS,C:\TCC\Reproduzir_artigo\data\GUITAR-FX\Mono_Continuous\Audio\MGS\G63-55305-MGS-D2.9T7.3-20702.wav
-4.33996534,-2.98694944,Mono_Continuous,MGS,C:\TCC\Reproduzir_artigo\data\GUITAR-FX\Mono_Continuous\Audio\MGS\G63-55400-MGS-D7.1T5.3-20710.wav
0.19382140,-2.17838144,Mono_Continuous,MGS,C:\TCC\Reproduzir_artigo\data\GUITAR-FX\Mono_Continuous\Audio\MGS\G63-56306-MGS-D8.5T8.2-20703.wav
-1.47732103,-1.23876822,Mono_Continuous,MGS,C:\TCC\Reproduzir_artigo\data\GUITAR-FX\Mono_Continuous\Audio\MGS\G63-56401-MGS-D8.5T7.2-20711.wav
-1.95528364,1.55840230,Mono_Continuous,MGS,C:\TCC\Reproduzir_artigo\data\GUITAR-FX\Mono_Continuous\Audio\MGS\G63-57402-MGS-D3.3T3-20712.wav
0.42212805,3.81321073,Mono_Continuous,MGS,C:\TCC\Reproduzir_artigo\data\GUITAR-FX\Mono_Continuous\Audio\MGS\G63-58403-MGS-D2.3T1-20713.wav
-3.02466798,4.39996910,Mono_Continuous,MGS,C:\TCC\Reproduzir_artigo\data\GUITAR-FX\Mono_Continuous\Audio\MGS\G63-59404-MGS-D4.1T4.6-20714.wav
6.30561304,0.77081740,Mono_Continuous,MGS,C:\TCC\Reproduzir_artigo\data\GUITAR-FX\Mono_Continuous\Audio\MGS\G63-59500-MGS-D6.1T7.5-20723.wav
5.08504629,0.18714060,Mono_Continuous,MGS,C:\TCC\Reproduzir_artigo\data\GUITAR-FX\Mono_Continuous\Audio\MGS\G63-60501-MGS-D4.5T7.2-20724.wav
3.83015060,4.39555502,Mono_Continuous,MGS,C:\TCC\Reproduzir_artigo\data\GUITAR-FX\Mono_Continuous\Audio\MGS\G63-61311-MGS-D3.4T2.2-20708.wav
7.10998917,-1.01388061,Mono_Continuous,MGS,C:\TCC\Reproduzir_artigo\data\GUITAR-FX\Mono_Continuous\Audio\MGS\G63-61502-MGS-D4.4T3.9-20725.wav
5.66971111,-3.29238558,Mono_Continuous,MGS,C:\TCC\Reproduzir_artigo\data\GUITAR-FX\Mono_Continuous\Audio\MGS\G63-61502-MGS-D8T2.1-20725.wav
7.56616879,3.39991665,Mono_Continuous,MGS,C:\TCC\Reproduzir_artigo\data\GUITAR-FX\Mono_Continuous\Audio\MGS\G63-63504-MGS-D3T6.7-20727.wav
6.69781351,-2.80793285,Mono_Continuous,MGS,C:\TCC\Reproduzir_artigo\data\GUITAR-FX\Mono_Continuous\Audio\MGS\G63-63504-MGS-D9.2T3.8-20727.wav
4.24610519,7.51734114,Mono_Continuous,MGS,C:\TCC\Reproduzir_artigo\data\GUITAR-FX\Mono_Continuous\Audio\MGS\G63-64409-MGS-D3.5T7.8-20719.wav
9.20139885,7.99796629,Mono_Continuous,MGS,C:\TCC\Reproduzir_artigo\data\GUITAR-FX\Mono_Continuous\Audio\MGS\G63-67603-MGS-D3.2T8.9-20739.wav
13.67487240,6.26714087,Mono_Continuous,MGS,C:\TCC\Reproduzir_artigo\data\GUITAR-FX\Mono_Continuous\Audio\MGS\G63-70606-MGS-D6.1T9-20742.wav
10.30148029,10.42226982,Mono_Continuous,MGS,C:\TCC\Reproduzir_artigo\data\GUITAR-FX\Mono_Continuous\Audio\MGS\G63-72608-MGS-D2.8T1.4-20744.wav
10.41150188,9.59449482,Mono_Continuous,MGS,C:\TCC\Reproduzir_artigo\data\GUITAR-FX\Mono_Continuous\Audio\MGS\G63-74610-MGS-D2.9T6.9-20746.wav
10.50242901,9.20861053,Mono_Continuous,MGS,C:\TCC\Reproduzir_artigo\data\GUITAR-FX\Mono_Continuous\Audio\MGS\G63-74610-MGS-D4.3T1.5-20746.wav
5.78336191,13.98095417,Mono_Continuous,MGS,C:\TCC\Reproduzir_artigo\data\GUITAR-FX\Mono_Continuous\Audio\MGS\G63-76612-MGS-D2.8T1-20748.wav
-14.15151501,0.68667066,Mono_Continuous,MGS,C:\TCC\Reproduzir_artigo\data\GUITAR-FX\Mono_Continuous\Audio\MGS\G71-43103-MGS-D6.5T0.6-20752.wav
-11.50464249,-0.34459972,Mono_Continuous,MGS,C:\TCC\Reproduzir_artigo\data\GUITAR-FX\Mono_Continuous\Audio\MGS\G71-46106-MGS-D5.4T2.8-20755.wav
-10.08959389,-1.14505291,Mono_Continuous,MGS,C:\TCC\Reproduzir_artigo\data\GUITAR-FX\Mono_Continuous\Audio\MGS\G71-47107-MGS-D5.1T4.1-20756.wav
-11.69653034,-3.53804088,Mono_Continuous,MGS,C:\TCC\Reproduzir_artigo\data\GUITAR-FX\Mono_Continuous\Audio\MGS\G71-49204-MGS-D9T7.3-20766.wav
-12.22456646,6.84857464,Mono_Continuous,MGS,C:\TCC\Reproduzir_artigo\data\GUITAR-FX\Mono_Continuous\Audio\MGS\G71-50205-MGS-D2.4T3.8-20767.wav
-9.84173393,10.42411327,Mono_Continuous,MGS,C:\TCC\Reproduzir_artigo\data\GUITAR-FX\Mono_Continuous\Audio\MGS\G71-52207-MGS-D2.1T0.4-20769.wav
-9.52111244,1.70194900,Mono_Continuous,MGS,C:\TCC\Reproduzir_artigo\data\GUITAR-FX\Mono_Continuous\Audio\MGS\G71-52207-MGS-D6.2T4.1-20769.wav
-9.28472328,0.70065016,Mono_Continuous,MGS,C:\TCC\Reproduzir_artigo\data\GUITAR-FX\Mono_Continuous\Audio\MGS\G71-52207-MGS-D6.9T7.2-20769.wav
-5.57519579,-3.74380183,Mono_Continuous,MGS,C:\TCC\Reproduzir_artigo\data\GUITAR-FX\Mono_Continuous\Audio\MGS\G71-53208-MGS-D7.4T8.4-20770.wav
-9.51983166,-2.12718201,Mono_Continuous,MGS,C:\TCC\Reproduzir_artigo\data\GUITAR-FX\Mono_Continuous\Audio\MGS\G71-54209-MGS-D9.6T5.5-20771.wav
-4.90869331,-0.39832753,Mono_Continuous,MGS,C:\TCC\Reproduzir_artigo\data\GUITAR-FX\Mono_Continuous\Audio\MGS\G71-55305-MGS-D5.7T1.7-20780.wav
-1.83180177,0.44170243,Mono_Continuous,MGS,C:\TCC\Reproduzir_artigo\data\GUITAR-FX\Mono_Continuous\Audio\MGS\G71-56401-MGS-D2.1T3.6-20789.wav
1.68343377,-3.31576777,Mono_Continuous,MGS,C:\TCC\Reproduzir_artigo\data\GUITAR-FX\Mono_Continuous\Audio\MGS\G71-57402-MGS-D5.2T5.2-20790.wav
0.38569999,-5.61639929,Mono_Continuous,MGS,C:\TCC\Reproduzir_artigo\data\GUITAR-FX\Mono_Continuous\Audio\MGS\G71-57402-MGS-D9.9T6.5-20790.wav
-0.27157995,-0.85983372,Mono_Continuous,MGS,C:\TCC\Reproduzir_artigo\data\GUITAR-FX\Mono_Continuous\Audio\MGS\G71-60310-MGS-D8.3T9.1-20785.wav
3.05398631,1.08505869,Mono_Continuous,MGS,C:\TCC\Reproduzir_artigo\data\GUITAR-FX\Mono_Continuous\Audio\MGS\G71-60405-MGS-D4T4.3-20793.wav
3.49853420,-3.26919794,Mono_Continuous,MGS,C:\TCC\Reproduzir_artigo\data\GUITAR-FX\Mono_Continuous\Audio\MGS\G71-60405-MGS-D8.6T7.9-20793.wav
6.62936115,-1.90376222,Mono_Continuous,MGS,C:\TCC\Reproduzir_artigo\data\GUITAR-FX\Mono_Continuous\Audio\MGS\G71-60501-MGS-D4.3T1.4-20802.wav
3.40230203,1.94747722,Mono_Continuous,MGS,C:\TCC\Reproduzir_artigo\data\GUITAR-FX\Mono_Continuous\Audio\MGS\G71-61311-MGS-D7.4T5.6-20786.wav
8.95778370,0.64405721,Mono_Continuous,MGS,C:\TCC\Reproduzir_artigo\data\GUITAR-FX\Mono_Continuous\Audio\MGS\G71-61502-MGS-D2.7T6.6-20803.wav
2.53778338,7.02065325,Mono_Continuous,MGS,C:\TCC\Reproduzir_artigo\data\GUITAR-FX\Mono_Continuous\Audio\MGS\G71-62407-MGS-D2.8T5.5-20795.wav
9.52597713,-2.13072681,Mono_Continuous,MGS,C:\TCC\Reproduzir_artigo\data\GUITAR-FX\Mono_Continuous\Audio\MGS\G71-63504-MGS-D8.8T0.8-20805.wav
14.20917511,1.14277387,Mono_Continuous,MGS,C:\TCC\Reproduzir_artigo\data\GUITAR-FX\Mono_Continuous\Audio\MGS\G71-65506-MGS-D7.7T7.4-20807.wav
6.70395756,12.02645206,Mono_Continuous,MGS,C:\TCC\Reproduzir_artigo\data\GUITAR-FX\Mono_Continuous\Audio\MGS\G71-67412-MGS-D2.6T4-20800.wav
13.88159943,2.61659956,Mono_Continuous,MGS,C:\TCC\Reproduzir_artigo\data\GUITAR-FX\Mono_Continuous\Audio\MGS\G71-67603-MGS-D9.9T5.7-20817.wav
9.61482048,8.23440933,Mono_Continuous,MGS,C:\TCC\Reproduzir_artigo\data\GUITAR-FX\Mono_Continuous\Audio\MGS\G71-68509-MGS-D2.1T3.2-20810.wav
9.74030876,7.75467682,Mono_Continuous,MGS,C:\TCC\Reproduzir_artigo\data\GUITAR-FX\Mono_Continuous\Audio\MGS\G71-68509-MGS-D2.6T1.7-20810.wav
12.97852421,4.74452019,Mono_Continuous,MGS,C:\TCC\Reproduzir_artigo\data\GUITAR-FX\Mono_Continuous\Audio\MGS\G71-68604-MGS-D3.4T5.1-20818.wav
14.20214081,4.34936237,Mono_Continuous,MGS,C:\TCC\Reproduzir_artigo\data\GUITAR-FX\Mono_Continuous\Audio\MGS\G71-71512-MGS-D3.8T8.1-20813.wav
12.13923836,6.73697758,Mono_Continuous,MGS,C:\TCC\Reproduzir_artigo\data\GUITAR-FX\Mono_Continuous\Audio\MGS\G71-73609-MGS-D7T7.8-20823.wav
14.24889851,4.32607746,Mono_Continuous,MGS,C:\TCC\Reproduzir_artigo\data\GUITAR-FX\Mono_Continuous\Audio\MGS\G71-73609-MGS-D9T9.6-20823.wav
9.28018188,10.38040257,Mono_Continuous,MGS,C:\TCC\Reproduzir_artigo\data\GUITAR-FX\Mono_Continuous\Audio\MGS\G71-74610-MGS-D8.2T3.8-20824.wav
-12.73406219,0.10643994,Mono_Continuous,MGS,C:\TCC\Reproduzir_artigo\data\GUITAR-FX\Mono_Continuous\Audio\MGS\G73-41101-MGS-D5.5T6.7-20828.wav
-12.90353394,-2.26470017,Mono_Continuous,MGS,C:\TCC\Reproduzir_artigo\data\GUITAR-FX\Mono_Continuous\Audio\MGS\G73-41101-MGS-D8.5T0.5-20828.wav
-12.43560028,6.22142649,Mono_Continuous,MGS,C:\TCC\Reproduzir_artigo\data\GUITAR-FX\Mono_Continuous\Audio\MGS\G73-43103-MGS-D2.5T0.5-20830.wav
-12.66291428,5.65053797,Mono_Continuous,MGS,C:\TCC\Reproduzir_artigo\data\GUITAR-FX\Mono_Continuous\Audio\MGS\G73-44104-MGS-D2.6T9.3-20831.wav
-10.95779324,-4.58652878,Mono_Continuous,MGS,C:\TCC\Reproduzir_artigo\data\GUITAR-FX\Mono_Continuous\Audio\MGS\G73-46201-MGS-D6.7T5.9-20841.wav
-9.69890499,-6.30367184,Mono_Continuous,MGS,C:\TCC\Reproduzir_artigo\data\GUITAR-FX\Mono_Continuous\Audio\MGS\G73-47202-MGS-D7.9T5.4-20842.wav
-8.10926819,-8.25706291,Mono_Continuous,MGS,C:\TCC\Reproduzir_artigo\data\GUITAR-FX\Mono_Continuous\Audio\MGS\G73-47202-MGS-D9T9-20842.wav
-4.39740181,-7.54197979,Mono_Continuous,MGS,C:\TCC\Reproduzir_artigo\data\GUITAR-FX\Mono_Continuous\Audio\MGS\G73-50300-MGS-D6.4T5.1-20853.wav
-5.23101234,-7.59623718,Mono_Continuous,MGS,C:\TCC\Reproduzir_artigo\data\GUITAR-FX\Mono_Continuous\Audio\MGS\G73-51301-MGS-D9T1.9-20854.wav
-7.22328997,5.37648773,Mono_Continuous,MGS,C:\TCC\Reproduzir_artigo\data\GUITAR-FX\Mono_Continuous\Audio\MGS\G73-52207-MGS-D3.9T1.3-20847.wav
-3.83896756,-2.70787859,Mono_Continuous,MGS,C:\TCC\Reproduzir_artigo\data\GUITAR-FX\Mono_Continuous\Audio\MGS\G73-52302-MGS-D5.2T2.9-20855.wav
-3.41876864,-4.34834003,Mono_Continuous,MGS,C:\TCC\Reproduzir_artigo\data\GUITAR-FX\Mono_Continuous\Audio\MGS\G73-52302-MGS-D7.5T7.1-20855.wav
-3.87254119,2.91549635,Mono_Continuous,MGS,C:\TCC\Reproduzir_artigo\data\GUITAR-FX\Mono_Continuous\Audio\MGS\G73-53303-MGS-D2.1T0.1-20856.wav
-7.48966026,2.30010700,Mono_Continuous,MGS,C:\TCC\Reproduzir_artigo\data\GUITAR-FX\Mono_Continuous\Audio\MGS\G73-55210-MGS-D4.1T9.6-20850.wav
-2.50626969,0.08413547,Mono_Continuous,MGS,C:\TCC\Reproduzir_artigo\data\GUITAR-FX\Mono_Continuous\Audio\MGS\G73-56211-MGS-D5.3T5.6-20851.wav
-3.34347773,-3.71764374,Mono_Continuous,MGS,C:\TCC\Reproduzir_artigo\data\GUITAR-FX\Mono_Continuous\Audio\MGS\G73-56211-MGS-D9T1.7-20851.wav
-0.59450608,-3.73290992,Mono_Continuous,MGS,C:\TCC\Reproduzir_artigo\data\GUITAR-FX\Mono_Continuous\Audio\MGS\G73-56306-MGS-D8.8T0.4-20859.wav
0.03511603,4.22126484,Mono_Continuous,MGS,C:\TCC\Reproduzir_artigo\data\GUITAR-FX\Mono_Continuous\Audio\MGS\G73-57307-MGS-D3T4.9-20860.wav
2.07570148,-2.14113426,Mono_Continuous,MGS,C:\TCC\Reproduzir_artigo\data\GUITAR-FX\Mono_Continuous\Audio\MGS\G73-57402-MGS-D3.9T5-20868.wav
1.68848395,-5.33893156,Mono_Continuous,MGS,C:\TCC\Reproduzir_artigo\data\GUITAR-FX\Mono_Continuous\Audio\MGS\G73-57402-MGS-D7.3T9.3-20868.wav
4.01342010,-0.97138363,Mono_Continuous,MGS,C:\TCC\Reproduzir_artigo\data\GUITAR-FX\Mono_Continuous\Audio\MGS\G73-58403-MGS-D4.8T0.2-20869.wav
6.21061039,-2.24828935,Mono_Continuous,MGS,C:\TCC\Reproduzir_artigo\data\GUITAR-FX\Mono_Continuous\Audio\MGS\G73-61311-MGS-D7.1T5.5-20864.wav
8.70742130,-5.57950878,Mono_Continuous,MGS,C:\TCC\Reproduzir_artigo\data\GUITAR-FX\Mono_Continuous\Audio\MGS\G73-61502-MGS-D9.6T9.6-20881.wav
7.58980703,2.82774138,Mono_Continuous,MGS,C:\TCC\Reproduzir_artigo\data\GUITAR-FX\Mono_Continuous\Audio\MGS\G73-62312-MGS-D3.8T8.7-20865.wav
10.14158058,-0.42805687,Mono_Continuous,MGS,C:\TCC\Reproduzir_artigo\data\GUITAR-FX\Mono_Continuous\Audio\MGS\G73-63504-MGS-D4.6T1.8-20883.wav
7.67635679,4.40291023,Mono_Continuous,MGS,C:\TCC\Reproduzir_artigo\data\GUITAR-FX\Mono_Continuous\Audio\MGS\G73-64409-MGS-D5.7T2.9-20875.wav
14.19913292,2.20815206,Mono_Continuous,MGS,C:\TCC\Reproduzir_artigo\data\GUITAR-FX\Mono_Continuous\Audio\MGS\G73-66602-MGS-D5.9T3.8-20894.wav
14.98212433,1.35230255,Mono_Continuous,MGS,C:\TCC\Reproduzir_artigo\data\GUITAR-FX\Mono_Continuous\Audio\MGS\G73-66602-MGS-D8.1T2.8-20894.wav
11.05557060,5.98727751,Mono_Continuous,MGS,C:\TCC\Reproduzir_artigo\data\GUITAR-FX\Mono_Continuous\Audio\MGS\G73-69605-MGS-D3.7T5.7-20897.wav
13.73495102,3.19088149,Mono_Continuous,MGS,C:\TCC\Reproduzir_artigo\data\GUITAR-FX\Mono_Continuous\Audio\MGS\G73-71512-MGS-D9.7T3.6-20891.wav
12.74229431,3.31456542,Mono_Continuous,MGS,C:\TCC\Reproduzir_artigo\data\GUITAR-FX\Mono_Continuous\Audio\MGS\G73-71607-MGS-D5.6T5.1-20899.wav
12.23767185,2.38610482,Mono_Continuous,MGS,C:\TCC\Reproduzir_artigo\data\GUITAR-FX\Mono_Continuous\Audio\MGS\G73-71607-MGS-D7.5T3.4-20899.wav
12.46937752,0.97968709,Mono_Continuous,MGS,C:\TCC\Reproduzir_artigo\data\GUITAR-FX\Mono_Continuous\Audio\MGS\G73-71607-MGS-D9.2T7.6-20899.wav
13.06679440,7.10356951,Mono_Continuous,MGS,C:\TCC\Reproduzir_artigo\data\GUITAR-FX\Mono_Continuous\Audio\MGS\G73-72608-MGS-D8.4T1.7-20900.wav
8.47138500,11.33266926,Mono_Continuous,MGS,C:\TCC\Reproduzir_artigo\data\GUITAR-FX\Mono_Continuous\Audio\MGS\G73-74610-MGS-D3.3T8.2-20902.wav
13.88525677,3.94880509,Mono_Continuous,MGS,C:\TCC\Reproduzir_artigo\data\GUITAR-FX\Mono_Continuous\Audio\MGS\G73-75611-MGS-D7.3T6.9-20903.wav
-16.65618134,4.43033552,Mono_Continuous,MGS,C:\TCC\Reproduzir_artigo\data\GUITAR-FX\Mono_Continuous\Audio\MGS\G81-44104-MGS-D8.4T0.5-20909.wav
-14.96641064,4.10284519,Mono_Continuous,MGS,C:\TCC\Reproduzir_artigo\data\GUITAR-FX\Mono_Continuous\Audio\MGS\G81-45105-MGS-D6.6T7.9-20910.wav
-16.65750122,8.99996376,Mono_Continuous,MGS,C:\TCC\Reproduzir_artigo\data\GUITAR-FX\Mono_Continuous\Audio\MGS\G81-46106-MGS-D4.4T7.9-20911.wav
-12.96786785,5.38050461,Mono_Continuous,MGS,C:\TCC\Reproduzir_artigo\data\GUITAR-FX\Mono_Continuous\Audio\MGS\G81-48203-MGS-D7.9T6-20921.wav
-13.98180103,10.42974472,Mono_Continuous,MGS,C:\TCC\Reproduzir_artigo\data\GUITAR-FX\Mono_Continuous\Audio\MGS\G81-51111-MGS-D4.3T4.1-20916.wav
-14.26975155,10.83588886,Mono_Continuous,MGS,C:\TCC\Reproduzir_artigo\data\GUITAR-FX\Mono_Continuous\Audio\MGS\G81-51111-MGS-D4.6T1.5-20916.wav
-9.84151459,5.41966152,Mono_Continuous,MGS,C:\TCC\Reproduzir_artigo\data\GUITAR-FX\Mono_Continuous\Audio\MGS\G81-52207-MGS-D6.8T8.3-20925.wav
-11.00571442,6.39766359,Mono_Continuous,MGS,C:\TCC\Reproduzir_artigo\data\GUITAR-FX\Mono_Continuous\Audio\MGS\G81-52207-MGS-D7.3T1.9-20925.wav
-10.54247665,3.33106303,Mono_Continuous,MGS,C:\TCC\Reproduzir_artigo\data\GUITAR-FX\Mono_Continuous\Audio\MGS\G81-52302-MGS-D7.9T4.5-20933.wav
-11.39735889,13.96057796,Mono_Continuous,MGS,C:\TCC\Reproduzir_artigo\data\GUITAR-FX\Mono_Continuous\Audio\MGS\G81-55210-MGS-D2.9T3.5-20928.wav
-6.84189463,11.55643845,Mono_Continuous,MGS,C:\TCC\Reproduzir_artigo\data\GUITAR-FX\Mono_Continuous\Audio\MGS\G81-56401-MGS-D2.6T0.1-20945.wav
1.12691295,4.30651951,Mono_Continuous,MGS,C:\TCC\Reproduzir_artigo\data\GUITAR-FX\Mono_Continuous\Audio\MGS\G81-58403-MGS-D4.7T6.9-20947.wav
-7.62252474,9.31770420,Mono_Continuous,MGS,C:\TCC\Reproduzir_artigo\data\GUITAR-FX\Mono_Continuous\Audio\MGS\G81-59404-MGS-D4.8T6.1-20948.wav
-4.79942656,10.87927437,Mono_Continuous,MGS,C:\TCC\Reproduzir_artigo\data\GUITAR-FX\Mono_Continuous\Audio\MGS\G81-60310-MGS-D5.7T2-20941.wav
6.21522570,-1.36772120,Mono_Continuous,MGS,C:\TCC\Reproduzir_artigo\data\GUITAR-FX\Mono_Continuous\Audio\MGS\G81-60501-MGS-D8T6.2-20958.wav
-0.04429997,8.46862602,Mono_Continuous,MGS,C:\TCC\Reproduzir_artigo\data\GUITAR-FX\Mono_Continuous\Audio\MGS\G81-62312-MGS-D6T2-20943.wav
-1.99831235,12.98557377,Mono_Continuous,MGS,C:\TCC\Reproduzir_artigo\data\GUITAR-FX\Mono_Continuous\Audio\MGS\G81-62407-MGS-D3.2T1.9-20951.wav
7.17831802,3.06406927,Mono_Continuous,MGS,C:\TCC\Reproduzir_artigo\data\GUITAR-FX\Mono_Continuous\Audio\MGS\G81-62503-MGS-D4.4T8.5-20960.wav
5.37031984,5.24532461,Mono_Continuous,MGS,C:\TCC\Reproduzir_artigo\data\GUITAR-FX\Mono_Continuous\Audio\MGS\G81-62503-MGS-D4.5T1.6-20960.wav
13.31374550,4.71636581,Mono_Continuous,MGS,C:\TCC\Reproduzir_artigo\data\GUITAR-FX\Mono_Continuous\Audio\MGS\G81-68604-MGS-D8.9T8.7-20974.wav
9.79486942,9.66143513,Mono_Continuous,MGS,C:\TCC\Reproduzir_artigo\data\GUITAR-FX\Mono_Continuous\Audio\MGS\G81-69510-MGS-D4T5.9-20967.wav
13.84784126,8.92544460,Mono_Continuous,MGS,C:\TCC\Reproduzir_artigo\data\GUITAR-FX\Mono_Continuous\Audio\MGS\G81-72608-MGS-D5.3T2.6-20978.wav
14.73365307,3.91628170,Mono_Continuous,MGS,C:\TCC\Reproduzir_artigo\data\GUITAR-FX\Mono_Continuous\Audio\MGS\G81-75611-MGS-D10T4.2-20981.wav
12.61968899,6.53863001,Mono_Continuous,MGS,C:\TCC\Reproduzir_artigo\data\GUITAR-FX\Mono_Continuous\Audio\MGS\G81-76612-MGS-D6.6T9.8-20982.wav
-16.19944572,10.85212517,Mono_Continuous,MGS,C:\TCC\Reproduzir_artigo\data\GUITAR-FX\Mono_Continuous\Audio\MGS\G83-44104-MGS-D2.1T1.4-20987.wav
-14.12348175,4.81938410,Mono_Continuous,MGS,C:\TCC\Reproduzir_artigo\data\GUITAR-FX\Mono_Continuous\Audio\MGS\G83-45200-MGS-D4.4T4.3-20996.wav
-13.67255974,4.28839588,Mono_Continuous,MGS,C:\TCC\Reproduzir_artigo\data\GUITAR-FX\Mono_Continuous\Audio\MGS\G83-45200-MGS-D4T9.2-20996.wav
-15.06715298,3.34952450,Mono_Continuous,MGS,C:\TCC\Reproduzir_artigo\data\GUITAR-FX\Mono_Continuous\Audio\MGS\G83-47107-MGS-D6.6T4.7-20990.wav
-12.57946301,3.20216537,Mono_Continuous,MGS,C:\TCC\Reproduzir_artigo\data\GUITAR-FX\Mono_Continuous\Audio\MGS\G83-47202-MGS-D5.7T9.3-20998.wav
-12.93081856,6.33513403,Mono_Continuous,MGS,C:\TCC\Reproduzir_artigo\data\GUITAR-FX\Mono_Continuous\Audio\MGS\G83-49204-MGS-D3.6T0.9-21000.wav
-12.43159008,10.27652740,Mono_Continuous,MGS,C:\TCC\Reproduzir_artigo\data\GUITAR-FX\Mono_Continuous\Audio\MGS\G83-50110-MGS-D2T2.6-20993.wav
-8.08015156,5.27636766,Mono_Continuous,MGS,C:\TCC\Reproduzir_artigo\data\GUITAR-FX\Mono_Continuous\Audio\MGS\G83-51301-MGS-D2.6T8.1-21010.wav
-8.94485474,9.79067230,Mono_Continuous,MGS,C:\TCC\Reproduzir_artigo\data\GUITAR-FX\Mono_Continuous\Audio\MGS\G83-53208-MGS-D3.5T0.9-21004.wav
-9.35689545,9.33834076,Mono_Continuous,MGS,C:\TCC\Reproduzir_artigo\data\GUITAR-FX\Mono_Continuous\Audio\MGS\G83-54304-MGS-D2.3T7.5-21013.wav
-5.43943167,0.87961477,Mono_Continuous,MGS,C:\TCC\Reproduzir_artigo\data\GUITAR-FX\Mono_Continuous\Audio\MGS\G83-55305-MGS-D5.7T8.9-21014.wav
-5.60543585,4.62427473,Mono_Continuous,MGS,C:\TCC\Reproduzir_artigo\data\GUITAR-FX\Mono_Continuous\Audio\MGS\G83-55400-MGS-D6T2.6-21022.wav
-6.79543829,4.03713608,Mono_Continuous,MGS,C:\TCC\Reproduzir_artigo\data\GUITAR-FX\Mono_Continuous\Audio\MGS\G83-56211-MGS-D6.6T3-21007.wav
-7.69955730,11.87254238,Mono_Continuous,MGS,C:\TCC\Reproduzir_artigo\data\GUITAR-FX\Mono_Continuous\Audio\MGS\G83-57307-MGS-D3.6T3.3-21016.wav
-5.29028797,12.49990368,Mono_Continuous,MGS,C:\TCC\Reproduzir_artigo\data\GUITAR-FX\Mono_Continuous\Audio\MGS\G83-58308-MGS-D2.7T0.8-21017.wav
0.92001277,6.87359381,Mono_Continuous,MGS,C:\TCC\Reproduzir_artigo\data\GUITAR-FX\Mono_Continuous\Audio\MGS\G83-61406-MGS-D3.3T5.1-21028.wav
-0.78409278,12.35671902,Mono_Continuous,MGS,C:\TCC\Reproduzir_artigo\data\GUITAR-FX\Mono_Continuous\Audio\MGS\G83-62312-MGS-D2.4T1-21021.wav
9.05981350,2.08442783,Mono_Continuous,MGS,C:\TCC\Reproduzir_artigo\data\GUITAR-FX\Mono_Continuous\Audio\MGS\G83-63504-MGS-D7.4T9.1-21039.wav
11.58350563,3.35596418,Mono_Continuous,MGS,C:\TCC\Reproduzir_artigo\data\GUITAR-FX\Mono_Continuous\Audio\MGS\G83-64600-MGS-D6.4T7.5-21048.wav
7.51680851,6.81815243,Mono_Continuous,MGS,C:\TCC\Reproduzir_artigo\data\GUITAR-FX\Mono_Continuous\Audio\MGS\G83-66507-MGS-D4.3T7.2-21042.wav
8.82119179,4.84499073,Mono_Continuous,MGS,C:\TCC\Reproduzir_artigo\data\GUITAR-FX\Mono_Continuous\Audio\MGS\G83-66507-MGS-D7.2T6.1-21042.wav
14.67533112,2.34063888,Mono_Continuous,MGS,C:\TCC\Reproduzir_artigo\data\GUITAR-FX\Mono_Continuous\Audio\MGS\G83-66602-MGS-D9.6T6.3-21050.wav
5.73796701,12.74973869,Mono_Continuous,MGS,C:\TCC\Reproduzir_artigo\data\GUITAR-FX\Mono_Continuous\Audio\MGS\G83-67508-MGS-D3.1T1.4-21043.wav
11.52145004,9.19099236,Mono_Continuous,MGS,C:\TCC\Reproduzir_artigo\data\GUITAR-FX\Mono_Continuous\Audio\MGS\G83-69605-MGS-D3.9T7.5-21053.wav
8.48041248,12.70184040,Mono_Continuous,MGS,C:\TCC\Reproduzir_artigo\data\GUITAR-FX\Mono_Continuous\Audio\MGS\G83-70511-MGS-D5.9T0-21046.wav
13.62300014,3.84540200,Mono_Continuous,MGS,C:\TCC\Reproduzir_artigo\data\GUITAR-FX\Mono_Continuous\Audio\MGS\G83-71512-MGS-D9T4.8-21047.wav
7.84456682,14.03502178,Mono_Continuous,MGS,C:\TCC\Reproduzir_artigo\data\GUITAR-FX\Mono_Continuous\Audio\MGS\G83-72608-MGS-D3.1T6-21056.wav
8.21796131,14.92380333,Mono_Continuous,MGS,C:\TCC\Reproduzir_artigo\data\GUITAR-FX\Mono_Continuous\Audio\MGS\G83-76612-MGS-D3.1T0.2-21060.wav
10.67200184,12.61879444,Mono_Continuous,MGS,C:\TCC\Reproduzir_artigo\data\GUITAR-FX\Mono_Continuous\Audio\MGS\G83-76612-MGS-D4.6T2-21060.wav
13.04036236,9.95662689,Mono_Continuous,MGS,C:\TCC\Reproduzir_artigo\data\GUITAR-FX\Mono_Continuous\Audio\MGS\G83-76612-MGS-D7T7.5-21060.wav
-16.49959373,1.02540851,Mono_Continuous,MGS,C:\TCC\Reproduzir_artigo\data\GUITAR-FX\Mono_Continuous\Audio\MGS\G91-40100-MGS-D7.2T9.8-21061.wav
-16.77435112,6.26299047,Mono_Continuous,MGS,C:\TCC\Reproduzir_artigo\data\GUITAR-FX\Mono_Continuous\Audio\MGS\G91-42102-MGS-D4.6T2.9-21063.wav
-13.92362118,2.59273171,Mono_Continuous,MGS,C:\TCC\Reproduzir_artigo\data\GUITAR-FX\Mono_Continuous\Audio\MGS\G91-47202-MGS-D9.1T1.8-21076.wav
-13.75687504,10.76924896,Mono_Continuous,MGS,C:\TCC\Reproduzir_artigo\data\GUITAR-FX\Mono_Continuous\Audio\MGS\G91-48108-MGS-D2.2T6.3-21069.wav
-13.92747211,8.49177933,Mono_Continuous,MGS,C:\TCC\Reproduzir_artigo\data\GUITAR-FX\Mono_Continuous\Audio\MGS\G91-48108-MGS-D3.9T6.5-21069.wav
-13.99433899,12.04239559,Mono_Continuous,MGS,C:\TCC\Reproduzir_artigo\data\GUITAR-FX\Mono_Continuous\Audio\MGS\G91-49109-MGS-D3T7.5-21070.wav
-12.82875252,7.63265562,Mono_Continuous,MGS,C:\TCC\Reproduzir_artigo\data\GUITAR-FX\Mono_Continuous\Audio\MGS\G91-49204-MGS-D5.7T9.1-21078.wav
-14.22789383,11.22886944,Mono_Continuous,MGS,C:\TCC\Reproduzir_artigo\data\GUITAR-FX\Mono_Continuous\Audio\MGS\G91-50110-MGS-D5.1T0.6-21071.wav
-10.31869507,7.58824968,Mono_Continuous,MGS,C:\TCC\Reproduzir_artigo\data\GUITAR-FX\Mono_Continuous\Audio\MGS\G91-51301-MGS-D4.7T9.4-21088.wav
-8.86550903,3.89887452,Mono_Continuous,MGS,C:\TCC\Reproduzir_artigo\data\GUITAR-FX\Mono_Continuous\Audio\MGS\G91-51301-MGS-D6.2T9.1-21088.wav
-8.57937622,9.22737503,Mono_Continuous,MGS,C:\TCC\Reproduzir_artigo\data\GUITAR-FX\Mono_Continuous\Audio\MGS\G91-53303-MGS-D3.2T8.7-21090.wav
-9.41835022,10.34603596,Mono_Continuous,MGS,C:\TCC\Reproduzir_artigo\data\GUITAR-FX\Mono_Continuous\Audio\MGS\G91-53303-MGS-D3.4T1.8-21090.wav
-10.22400379,12.14050579,Mono_Continuous,MGS,C:\TCC\Reproduzir_artigo\data\GUITAR-FX\Mono_Continuous\Audio\MGS\G91-55305-MGS-D3.2T7.3-21092.wav
-0.06651859,-5.55905294,Mono_Continuous,MGS,C:\TCC\Reproduzir_artigo\data\GUITAR-FX\Mono_Continuous\Audio\MGS\G91-55400-MGS-D5.5T9-21100.wav
-9.98340511,12.76976776,Mono_Continuous,MGS,C:\TCC\Reproduzir_artigo\data\GUITAR-FX\Mono_Continuous\Audio\MGS\G91-57212-MGS-D5.7T1.7-21086.wav
-2.32555223,2.03772140,Mono_Continuous,MGS,C:\TCC\Reproduzir_artigo\data\GUITAR-FX\Mono_Continuous\Audio\MGS\G91-57402-MGS-D5.1T1.8-21102.wav
-1.17514670,1.82207048,Mono_Continuous,MGS,C:\TCC\Reproduzir_artigo\data\GUITAR-FX\Mono_Continuous\Audio\MGS\G91-57402-MGS-D5T7.5-21102.wav
-2.75862360,3.10303092,Mono_Continuous,MGS,C:\TCC\Reproduzir_artigo\data\GUITAR-FX\Mono_Continuous\Audio\MGS\G91-59309-MGS-D9.9T3.1-21096.wav
-1.07650387,-0.73720980,Mono_Continuous,MGS,C:\TCC\Reproduzir_artigo\data\GUITAR-FX\Mono_Continuous\Audio\MGS\G91-59404-MGS-D8.4T3.8-21104.wav
9.35425472,-1.86529613,Mono_Continuous,MGS,C:\TCC\Reproduzir_artigo\data\GUITAR-FX\Mono_Continuous\Audio\MGS\G91-60501-MGS-D5.3T9.1-21114.wav
9.02064896,0.31035611,Mono_Continuous,MGS,C:\TCC\Reproduzir_artigo\data\GUITAR-FX\Mono_Continuous\Audio\MGS\G91-61502-MGS-D4.5T5.7-21115.wav
11.24515152,-0.13869072,Mono_Continuous,MGS,C:\TCC\Reproduzir_artigo\data\GUITAR-FX\Mono_Continuous\Audio\MGS\G91-63504-MGS-D4.9T7.3-21117.wav
11.91256046,-3.17897654,Mono_Continuous,MGS,C:\TCC\Reproduzir_artigo\data\GUITAR-FX\Mono_Continuous\Audio\MGS\G91-65506-MGS-D8T9.9-21119.wav
12.88152409,-0.09375766,Mono_Continuous,MGS,C:\TCC\Reproduzir_artigo\data\GUITAR-FX\Mono_Continuous\Audio\MGS\G91-65601-MGS-D5.3T7.7-21127.wav
11.79022694,0.79160964,Mono_Continuous,MGS,C:\TCC\Reproduzir_artigo\data\GUITAR-FX\Mono_Continuous\Audio\MGS\G91-66507-MGS-D9.7T5.8-21120.wav
13.17334366,2.62837195,Mono_Continuous,MGS,C:\TCC\Reproduzir_artigo\data\GUITAR-FX\Mono_Continuous\Audio\MGS\G91-67508-MGS-D7.5T6.1-21121.wav
11.12254715,8.44439411,Mono_Continuous,MGS,C:\TCC\Reproduzir_artigo\data\GUITAR-FX\Mono_Continuous\Audio\MGS\G91-68509-MGS-D3T2.2-21122.wav
12.20176601,7.04183722,Mono_Continuous,MGS,C:\TCC\Reproduzir_artigo\data\GUITAR-FX\Mono_Continuous\Audio\MGS\G91-69510-MGS-D6.4T2.8-21123.wav
16.19597435,1.49752247,Mono_Continuous,MGS,C:\TCC\Reproduzir_artigo\data\GUITAR-FX\Mono_Continuous\Audio\MGS\G91-71607-MGS-D9.1T1.7-21133.wav
15.44817829,6.18771315,Mono_Continuous,MGS,C:\TCC\Reproduzir_artigo\data\GUITAR-FX\Mono_Continuous\Audio\MGS\G91-72608-MGS-D7.2T2.5-21134.wav
-14.02471828,8.81465816,Mono_Continuous,MGS,C:\TCC\Reproduzir_artigo\data\GUITAR-FX\Mono_Continuous\Audio\MGS\G93-43103-MGS-D2.4T5.7-21142.wav
-10.58813286,1.91010952,Mono_Continuous,MGS,C:\TCC\Reproduzir_artigo\data\GUITAR-FX\Mono_Continuous\Audio\MGS\G93-46201-MGS-D8.1T6.9-21153.wav
-11.48457909,8.88082504,Mono_Continuous,MGS,C:\TCC\Reproduzir_artigo\data\GUITAR-FX\Mono_Continuous\Audio\MGS\G93-48108-MGS-D4.4T1.1-21147.wav
-10.74985027,7.26899242,Mono_Continuous,MGS,C:\TCC\Reproduzir_artigo\data\GUITAR-FX\Mono_Continuous\Audio\MGS\G93-48108-MGS-D5T1.7-21147.wav
-7.64542723,-1.09803653,Mono_Continuous,MGS,C:\TCC\Reproduzir_artigo\data\GUITAR-FX\Mono_Continuous\Audio\MGS\G93-50300-MGS-D4.9T9.8-21165.wav
-10.85708141,9.06448746,Mono_Continuous,MGS,C:\TCC\Reproduzir_artigo\data\GUITAR-FX\Mono_Continuous\Audio\MGS\G93-51111-MGS-D4.8T1.7-21150.wav
-9.92202187,10.04776955,Mono_Continuous,MGS,C:\TCC\Reproduzir_artigo\data\GUITAR-FX\Mono_Continuous\Audio\MGS\G93-52207-MGS-D3.4T1.5-21159.wav
-9.59512520,1.50472677,Mono_Continuous,MGS,C:\TCC\Reproduzir_artigo\data\GUITAR-FX\Mono_Continuous\Audio\MGS\G93-52207-MGS-D9.1T8-21159.wav
-10.48121738,8.04503345,Mono_Continuous,MGS,C:\TCC\Reproduzir_artigo\data\GUITAR-FX\Mono_Continuous\Audio\MGS\G93-53208-MGS-D4.1T4.3-21160.wav
-5.44955206,2.87430406,Mono_Continuous,MGS,C:\TCC\Reproduzir_artigo\data\GUITAR-FX\Mono_Continuous\Audio\MGS\G93-53303-MGS-D4.6T7.8-21168.wav
-4.88996363,-0.60200381,Mono_Continuous,MGS,C:\TCC\Reproduzir_artigo\data\GUITAR-FX\Mono_Continuous\Audio\MGS\G93-55210-MGS-D8.7T6.6-21162.wav
-5.37123108,2.48006797,Mono_Continuous,MGS,C:\TCC\Reproduzir_artigo\data\GUITAR-FX\Mono_Continuous\Audio\MGS\G93-55400-MGS-D4.6T0.1-21178.wav
-4.86831808,-2.52287555,Mono_Continuous,MGS,C:\TCC\Reproduzir_artigo\data\GUITAR-FX\Mono_Continuous\Audio\MGS\G93-55400-MGS-D7.7T6.7-21178.wav
-5.70177937,7.93198538,Mono_Continuous,MGS,C:\TCC\Reproduzir_artigo\data\GUITAR-FX\Mono_Continuous\Audio\MGS\G93-56306-MGS-D3.4T5.9-21171.wav
2.04407716,-3.87221837,Mono_Continuous,MGS,C:\TCC\Reproduzir_artigo\data\GUITAR-FX\Mono_Continuous\Audio\MGS\G93-56401-MGS-D9.8T9.1-21179.wav
-9.91976547,13.71813297,Mono_Continuous,MGS,C:\TCC\Reproduzir_artigo\data\GUITAR-FX\Mono_Continuous\Audio\MGS\G93-57212-MGS-D2.4T8.8-21164.wav
1.33350205,4.19223928,Mono_Continuous,MGS,C:\TCC\Reproduzir_artigo\data\GUITAR-FX\Mono_Continuous\Audio\MGS\G93-58308-MGS-D3.7T10-21173.wav
0.94460732,4.26765537,Mono_Continuous,MGS,C:\TCC\Reproduzir_artigo\data\GUITAR-FX\Mono_Continuous\Audio\MGS\G93-58308-MGS-D5.2T7-21173.wav
-1.76438785,5.59714937,Mono_Continuous,MGS,C:\TCC\Reproduzir_artigo\data\GUITAR-FX\Mono_Continuous\Audio\MGS\G93-59309-MGS-D5.8T7.1-21174.wav
0.39687636,-1.41792226,Mono_Continuous,MGS,C:\TCC\Reproduzir_artigo\data\GUITAR-FX\Mono_Continuous\Audio\MGS\G93-59404-MGS-D5.9T1.1-21182.wav
6.42750454,-3.15339422,Mono_Continuous,MGS,C:\TCC\Reproduzir_artigo\data\GUITAR-FX\Mono_Continuous\Audio\MGS\G93-59500-MGS-D8.2T3.4-21191.wav
4.22213030,4.10661125,Mono_Continuous,MGS,C:\TCC\Reproduzir_artigo\data\GUITAR-FX\Mono_Continuous\Audio\MGS\G93-60405-MGS-D6.6T7.6-21183.wav
4.28474426,0.40527761,Mono_Continuous,MGS,C:\TCC\Reproduzir_artigo\data\GUITAR-FX\Mono_Continuous\Audio\MGS\G93-61311-MGS-D7.9T1.9-21176.wav
5.21220016,-1.18473959,Mono_Continuous,MGS,C:\TCC\Reproduzir_artigo\data\GUITAR-FX\Mono_Continuous\Audio\MGS\G93-61311-MGS-D9.1T7.8-21176.wav
6.41982889,2.74729204,Mono_Continuous,MGS,C:\TCC\Reproduzir_artigo\data\GUITAR-FX\Mono_Continuous\Audio\MGS\G93-61502-MGS-D2.1T5.4-21193.wav
3.43889022,4.05499363,Mono_Continuous,MGS,C:\TCC\Reproduzir_artigo\data\GUITAR-FX\Mono_Continuous\Audio\MGS\G93-62312-MGS-D6.5T8.2-21177.wav
5.71132994,7.04361820,Mono_Continuous,MGS,C:\TCC\Reproduzir_artigo\data\GUITAR-FX\Mono_Continuous\Audio\MGS\G93-63408-MGS-D2.9T6.6-21186.wav
4.55020714,7.53248358,Mono_Continuous,MGS,C:\TCC\Reproduzir_artigo\data\GUITAR-FX\Mono_Continuous\Audio\MGS\G93-64409-MGS-D3.9T4.9-21187.wav
12.38253307,5.36264467,Mono_Continuous,MGS,C:\TCC\Reproduzir_artigo\data\GUITAR-FX\Mono_Continuous\Audio\MGS\G93-64600-MGS-D2.6T0.8-21204.wav
12.77284431,5.57555532,Mono_Continuous,MGS,C:\TCC\Reproduzir_artigo\data\GUITAR-FX\Mono_Continuous\Audio\MGS\G93-68604-MGS-D5.6T3.2-21208.wav
15.02809048,2.18230319,Mono_Continuous,MGS,C:\TCC\Reproduzir_artigo\data\GUITAR-FX\Mono_Continuous\Audio\MGS\G93-69605-MGS-D7.7T9.6-21209.wav
15.87975883,4.00639439,Mono_Continuous,MGS,C:\TCC\Reproduzir_artigo\data\GUITAR-FX\Mono_Continuous\Audio\MGS\G93-70606-MGS-D8T6.9-21210.wav
10.54014969,6.61326456,Mono_Continuous,MGS,C:\TCC\Reproduzir_artigo\data\GUITAR-FX\Mono_Continuous\Audio\MGS\G93-71512-MGS-D4.2T2.1-21203.wav
13.11599159,1.72296178,Mono_Continuous,MGS,C:\TCC\Reproduzir_artigo\data\GUITAR-FX\Mono_Continuous\Audio\MGS\G93-71512-MGS-D9.1T5.8-21203.wav
13.21533871,5.96121836,Mono_Continuous,MGS,C:\TCC\Reproduzir_artigo\data\GUITAR-FX\Mono_Continuous\Audio\MGS\G93-73609-MGS-D4.4T3.4-21213.wav
-16.16784286,-7.28008747,Mono_Continuous,MT2,C:\TCC\Reproduzir_artigo\data\GUITAR-FX\Mono_Continuous\Audio\MT2\G61-40100-MT2-G7.9B6.5T8.8ML7.2MF6.6-20593.wav
-13.35187435,-5.59393072,Mono_Continuous,MT2,C:\TCC\Reproduzir_artigo\data\GUITAR-FX\Mono_Continuous\Audio\MT2\G61-44104-MT2-G2.9B0.8T1.5ML4.3MF5.2-20597.wav
-8.47474766,-5.50499058,Mono_Continuous,MT2,C:\TCC\Reproduzir_artigo\data\GUITAR-FX\Mono_Continuous\Audio\MT2\G61-46201-MT2-G2.1B9.8T5.2ML1.8MF3.7-20607.wav
-12.92657280,-8.55647659,Mono_Continuous,MT2,C:\TCC\Reproduzir_artigo\data\GUITAR-FX\Mono_Continuous\Audio\MT2\G61-47107-MT2-G7.1B0.8T5ML3MF8.6-20600.wav
-12.13412189,-3.93298626,Mono_Continuous,MT2,C:\TCC\Reproduzir_artigo\data\GUITAR-FX\Mono_Continuous\Audio\MT2\G61-49109-MT2-G5.5B8.2T3.9ML2.5MF8.5-20602.wav
-6.65490723,-6.95292282,Mono_Continuous,MT2,C:\TCC\Reproduzir_artigo\data\GUITAR-FX\Mono_Continuous\Audio\MT2\G61-49204-MT2-G3.4B0.1T4.5ML7.1MF4.4-20610.wav
-6.99979258,-9.62292862,Mono_Continuous,MT2,C:\TCC\Reproduzir_artigo\data\GUITAR-FX\Mono_Continuous\Audio\MT2\G61-51206-MT2-G7.5B4.8T6.8ML2.1MF5.1-20612.wav
-6.97703409,-6.85289860,Mono_Continuous,MT2,C:\TCC\Reproduzir_artigo\data\GUITAR-FX\Mono_Continuous\Audio\MT2\G61-52207-MT2-G7.4B9.3T9ML0.1MF1.6-20613.wav
-10.35876846,-0.86007392,Mono_Continuous,MT2,C:\TCC\Reproduzir_artigo\data\GUITAR-FX\Mono_Continuous\Audio\MT2\G61-53208-MT2-G4.2B10T2.3ML5.9MF6.9-20614.wav
-1.05225718,-4.12501240,Mono_Continuous,MT2,C:\TCC\Reproduzir_artigo\data\GUITAR-FX\Mono_Continuous\Audio\MT2\G61-54304-MT2-G2B8T5ML0.3MF5-20623.wav
-6.98559284,-4.02754784,Mono_Continuous,MT2,C:\TCC\Reproduzir_artigo\data\GUITAR-FX\Mono_Continuous\Audio\MT2\G61-55210-MT2-G3.9B4.3T5.9ML8.9MF5.5-20616.wav
1.61854780,-8.76644516,Mono_Continuous,MT2,C:\TCC\Reproduzir_artigo\data\GUITAR-FX\Mono_Continuous\Audio\MT2\G61-56306-MT2-G4.4B0.8T9.5ML8MF9.5-20625.wav
-0.87427378,-5.59043026,Mono_Continuous,MT2,C:\TCC\Reproduzir_artigo\data\GUITAR-FX\Mono_Continuous\Audio\MT2\G61-56401-MT2-G5.3B2.6T6.6ML9.9MF3.9-20633.wav
-2.17703772,-4.93396950,Mono_Continuous,MT2,C:\TCC\Reproduzir_artigo\data\GUITAR-FX\Mono_Continuous\Audio\MT2\G61-57307-MT2-G5.5B6.5T5.3ML2.6MF5.1-20626.wav
4.15354729,-3.75925064,Mono_Continuous,MT2,C:\TCC\Reproduzir_artigo\data\GUITAR-FX\Mono_Continuous\Audio\MT2\G61-57402-MT2-G2.6B6.1T8.8ML6.1MF8.1-20634.wav
4.05748749,-7.76918507,Mono_Continuous,MT2,C:\TCC\Reproduzir_artigo\data\GUITAR-FX\Mono_Continuous\Audio\MT2\G61-58403-MT2-G9.1B4.8T1.2ML8.7MF8.3-20635.wav
10.36440754,-4.01535988,Mono_Continuous,MT2,C:\TCC\Reproduzir_artigo\data\GUITAR-FX\Mono_Continuous\Audio\MT2\G61-59500-MT2-G3.2B8.5T7.4ML0.3MF2.2-20645.wav
8.08658981,-7.29739618,Mono_Continuous,MT2,C:\TCC\Reproduzir_artigo\data\GUITAR-FX\Mono_Continuous\Audio\MT2\G61-59500-MT2-G8.2B0.7T3ML2.1MF7.8-20645.wav
0.70228511,-6.40519094,Mono_Continuous,MT2,C:\TCC\Reproduzir_artigo\data\GUITAR-FX\Mono_Continuous\Audio\MT2\G61-60405-MT2-G9B5.2T3.1ML7.8MF0.1-20637.wav
8.23750687,-6.54182243,Mono_Continuous,MT2,C:\TCC\Reproduzir_artigo\data\GUITAR-FX\Mono_Continuous\Audio\MT2\G61-61406-MT2-G6.6B7.8T1.8ML9.4MF8.8-20638.wav
9.25813103,-2.16822743,Mono_Continuous,MT2,C:\TCC\Reproduzir_artigo\data\GUITAR-FX\Mono_Continuous\Audio\MT2\G61-61502-MT2-G2.2B3.9T6ML5MF4.7-20647.wav
7.70617294,-2.47379231,Mono_Continuous,MT2,C:\TCC\Reproduzir_artigo\data\GUITAR-FX\Mono_Continuous\Audio\MT2\G61-61502-MT2-G6.7B0.4T1.3ML8.4MF5.4-20647.wav
4.87889576,-0.29296750,Mono_Continuous,MT2,C:\TCC\Reproduzir_artigo\data\GUITAR-FX\Mono_Continuous\Audio\MT2\G61-62312-MT2-G2.6B5.1T3.9ML5.6MF9.6-20631.wav
5.18813229,-1.71098650,Mono_Continuous,MT2,C:\TCC\Reproduzir_artigo\data\GUITAR-FX\Mono_Continuous\Audio\MT2\G61-62312-MT2-G4.1B1.9T1.9ML3.5MF1.2-20631.wav
2.53760028,-3.26526451,Mono_Continuous,MT2,C:\TCC\Reproduzir_artigo\data\GUITAR-FX\Mono_Continuous\Audio\MT2\G61-62407-MT2-G7.4B0.6T5.7ML9MF3.3-20639.wav
7.29429436,-6.13274574,Mono_Continuous,MT2,C:\TCC\Reproduzir_artigo\data\GUITAR-FX\Mono_Continuous\Audio\MT2\G61-62503-MT2-G6.4B4.4T3.6ML2.1MF4.1-20648.wav
12.71448135,-3.11401439,Mono_Continuous,MT2,C:\TCC\Reproduzir_artigo\data\GUITAR-FX\Mono_Continuous\Audio\MT2\G61-65506-MT2-G9.5B1.4T5.5ML8.7MF0.3-20651.wav
9.64105606,1.39573193,Mono_Continuous,MT2,C:\TCC\Reproduzir_artigo\data\GUITAR-FX\Mono_Continuous\Audio\MT2\G61-65601-MT2-G5.2B9.2T1.5ML9.3MF4-20659.wav
7.64684916,2.88723040,Mono_Continuous,MT2,C:\TCC\Reproduzir_artigo\data\GUITAR-FX\Mono_Continuous\Audio\MT2\G61-66411-MT2-G3.3B8.7T3.5ML8.4MF5.3-20643.wav
12.33759689,-1.76057625,Mono_Continuous,MT2,C:\TCC\Reproduzir_artigo\data\GUITAR-FX\Mono_Continuous\Audio\MT2\G61-66411-MT2-G5B0.3T5ML0.7MF5.1-20643.wav
11.55383015,1.61841857,Mono_Continuous,MT2,C:\TCC\Reproduzir_artigo\data\GUITAR-FX\Mono_Continuous\Audio\MT2\G61-68509-MT2-G8.7B7.4T1.3ML6.9MF7.1-20654.wav
8.51013279,6.80783510,Mono_Continuous,MT2,C:\TCC\Reproduzir_artigo\data\GUITAR-FX\Mono_Continuous\Audio\MT2\G61-69510-MT2-G6.6B5.5T1.1ML10MF0.5-20655.wav
10.84479332,5.33152056,Mono_Continuous,MT2,C:\TCC\Reproduzir_artigo\data\GUITAR-FX\Mono_Continuous\Audio\MT2\G61-72608-MT2-G3B4.8T0.7ML6.4MF8.1-20666.wav
-14.91194820,-7.76985788,Mono_Continuous,MT2,C:\TCC\Reproduzir_artigo\data\GUITAR-FX\Mono_Continuous\Audio\MT2\G63-41101-MT2-G5.9B1.3T7ML9.8MF0.7-20672.wav
-15.32822323,-6.45884705,Mono_Continuous,MT2,C:\TCC\Reproduzir_artigo\data\GUITAR-FX\Mono_Continuous\Audio\MT2\G63-42102-MT2-G5.8B3T3.6ML2.1MF3.4-20673.wav
-15.40885162,-7.90042639,Mono_Continuous,MT2,C:\TCC\Reproduzir_artigo\data\GUITAR-FX\Mono_Continuous\Audio\MT2\G63-43103-MT2-G9.2B4.6T3.1ML4.7MF1.3-20674.wav
-11.34332943,-2.16397572,Mono_Continuous,MT2,C:\TCC\Reproduzir_artigo\data\GUITAR-FX\Mono_Continuous\Audio\MT2\G63-45105-MT2-G2.1B6.2T1.2ML4.7MF8.6-20676.wav
-15.32240200,-5.53084326,Mono_Continuous,MT2,C:\TCC\Reproduzir_artigo\data\GUITAR-FX\Mono_Continuous\Audio\MT2\G63-45105-MT2-G5.4B9.5T2.3ML6.2MF2.4-20676.wav
-9.80268764,-10.62073898,Mono_Continuous,MT2,C:\TCC\Reproduzir_artigo\data\GUITAR-FX\Mono_Continuous\Audio\MT2\G63-45200-MT2-G4.4B6.9T2.6ML1.4MF3.3-20684.wav
-10.93056297,-10.71116543,Mono_Continuous,MT2,C:\TCC\Reproduzir_artigo\data\GUITAR-FX\Mono_Continuous\Audio\MT2\G63-45200-MT2-G5.9B9T4.4ML4.9MF7-20684.wav
-13.01188755,-5.68515110,Mono_Continuous,MT2,C:\TCC\Reproduzir_artigo\data\GUITAR-FX\Mono_Continuous\Audio\MT2\G63-47202-MT2-G5.1B9.5T1.8ML4MF9.5-20686.wav
-7.53797007,-9.98439407,Mono_Continuous,MT2,C:\TCC\Reproduzir_artigo\data\GUITAR-FX\Mono_Continuous\Audio\MT2\G63-51111-MT2-G9.1B0.5T0.9ML6.9MF9.5-20682.wav
-6.51517153,-8.35840893,Mono_Continuous,MT2,C:\TCC\Reproduzir_artigo\data\GUITAR-FX\Mono_Continuous\Audio\MT2\G63-51206-MT2-G4.4B1.4T8.4ML9.4MF3-20690.wav
-10.93808079,-6.51662111,Mono_Continuous,MT2,C:\TCC\Reproduzir_artigo\data\GUITAR-FX\Mono_Continuous\Audio\MT2\G63-52112-MT2-G8B6.3T5.4ML2.4MF6.8-20683.wav
-5.03148651,-7.29547167,Mono_Continuous,MT2,C:\TCC\Reproduzir_artigo\data\GUITAR-FX\Mono_Continuous\Audio\MT2\G63-52207-MT2-G4.7B3.9T8.1ML5MF3.3-20691.wav
-8.73898125,-4.20904970,Mono_Continuous,MT2,C:\TCC\Reproduzir_artigo\data\GUITAR-FX\Mono_Continuous\Audio\MT2\G63-52207-MT2-G9.2B8.2T0.1ML4.6MF0.9-20691.wav
-5.63795996,-8.80212498,Mono_Continuous,MT2,C:\TCC\Reproduzir_artigo\data\GUITAR-FX\Mono_Continuous\Audio\MT2\G63-52302-MT2-G8.9B5.3T7.6ML2MF4.9-20699.wav
-3.58729458,-4.37672710,Mono_Continuous,MT2,C:\TCC\Reproduzir_artigo\data\GUITAR-FX\Mono_Continuous\Audio\MT2\G63-53208-MT2-G3.3B6.3T7.7ML6.9MF7.2-20692.wav
-6.18416023,-3.19127846,Mono_Continuous,MT2,C:\TCC\Reproduzir_artigo\data\GUITAR-FX\Mono_Continuous\Audio\MT2\G63-53208-MT2-G4.8B7.4T4.2ML7.5MF2.5-20692.wav
-1.18705142,-6.98425913,Mono_Continuous,MT2,C:\TCC\Reproduzir_artigo\data\GUITAR-FX\Mono_Continuous\Audio\MT2\G63-56211-MT2-G6.2B8T8.6ML1.4MF0.6-20695.wav
0.68368918,-9.37400436,Mono_Continuous,MT2,C:\TCC\Reproduzir_artigo\data\GUITAR-FX\Mono_Continuous\Audio\MT2\G63-56306-MT2-G6.2B3.6T4.3ML1.4MF4.4-20703.wav
-1.79132318,-8.16367245,Mono_Continuous,MT2,C:\TCC\Reproduzir_artigo\data\GUITAR-FX\Mono_Continuous\Audio\MT2\G63-57212-MT2-G7.8B3.3T9.1ML4.9MF1.6-20696.wav
0.53052676,-8.61606884,Mono_Continuous,MT2,C:\TCC\Reproduzir_artigo\data\GUITAR-FX\Mono_Continuous\Audio\MT2\G63-58308-MT2-G9B6.7T9.5ML7.4MF9.4-20705.wav
6.71894598,-9.77991199,Mono_Continuous,MT2,C:\TCC\Reproduzir_artigo\data\GUITAR-FX\Mono_Continuous\Audio\MT2\G63-60405-MT2-G9.5B4.6T8.9ML1.1MF3.6-20715.wav
8.90469170,-5.92815208,Mono_Continuous,MT2,C:\TCC\Reproduzir_artigo\data\GUITAR-FX\Mono_Continuous\Audio\MT2\G63-61311-MT2-G6B0.1T4.7ML4.5MF5.6-20708.wav
8.01133347,-8.48592281,Mono_Continuous,MT2,C:\TCC\Reproduzir_artigo\data\GUITAR-FX\Mono_Continuous\Audio\MT2\G63-61406-MT2-G8.5B2.7T5.8ML2.1MF1.8-20716.wav
10.89255905,-4.97377872,Mono_Continuous,MT2,C:\TCC\Reproduzir_artigo\data\GUITAR-FX\Mono_Continuous\Audio\MT2\G63-61502-MT2-G7.7B3.3T3.3ML5.8MF5.1-20725.wav
12.48241615,-1.25817120,Mono_Continuous,MT2,C:\TCC\Reproduzir_artigo\data\GUITAR-FX\Mono_Continuous\Audio\MT2\G63-64505-MT2-G2.8B3.7T9.6ML1.5MF9.5-20728.wav
12.44946861,-6.04744959,Mono_Continuous,MT2,C:\TCC\Reproduzir_artigo\data\GUITAR-FX\Mono_Continuous\Audio\MT2\G63-64505-MT2-G9B1.9T8ML2.1MF7.1-20728.wav
13.50923824,-2.33319068,Mono_Continuous,MT2,C:\TCC\Reproduzir_artigo\data\GUITAR-FX\Mono_Continuous\Audio\MT2\G63-65601-MT2-G8.1B1.4T9.3ML9.2MF1.9-20737.wav
13.92582607,2.16858792,Mono_Continuous,MT2,C:\TCC\Reproduzir_artigo\data\GUITAR-FX\Mono_Continuous\Audio\MT2\G63-66602-MT2-G7.2B6.4T0.9ML6.3MF1.3-20738.wav
13.15994263,2.64978313,Mono_Continuous,MT2,C:\TCC\Reproduzir_artigo\data\GUITAR-FX\Mono_Continuous\Audio\MT2\G63-67603-MT2-G6.3B4.8T7ML7.2MF1.2-20739.wav
13.60992050,3.09920621,Mono_Continuous,MT2,C:\TCC\Reproduzir_artigo\data\GUITAR-FX\Mono_Continuous\Audio\MT2\G63-69510-MT2-G2B4.3T7.3ML6.6MF8.2-20733.wav
12.36083508,3.68260813,Mono_Continuous,MT2,C:\TCC\Reproduzir_artigo\data\GUITAR-FX\Mono_Continuous\Audio\MT2\G63-70606-MT2-G3.8B8.5T6.6ML7MF2.8-20742.wav
16.72021866,-2.33907604,Mono_Continuous,MT2,C:\TCC\Reproduzir_artigo\data\GUITAR-FX\Mono_Continuous\Audio\MT2\G63-71512-MT2-G7.1B0.3T0.4ML0.7MF4.9-20735.wav
-13.43193436,-7.77285147,Mono_Continuous,MT2,C:\TCC\Reproduzir_artigo\data\GUITAR-FX\Mono_Continuous\Audio\MT2\G71-41101-MT2-G6B9.6T7.8ML0.3MF2.7-20750.wav
-13.19896317,-9.75950527,Mono_Continuous,MT2,C:\TCC\Reproduzir_artigo\data\GUITAR-FX\Mono_Continuous\Audio\MT2\G71-43103-MT2-G8.6B7.6T8.7ML8.5MF3.4-20752.wav
-13.21150017,-7.67154455,Mono_Continuous,MT2,C:\TCC\Reproduzir_artigo\data\GUITAR-FX\Mono_Continuous\Audio\MT2\G71-44104-MT2-G7.5B7.3T4.6ML1.3MF8.2-20753.wav
-8.06708908,-7.21221304,Mono_Continuous,MT2,C:\TCC\Reproduzir_artigo\data\GUITAR-FX\Mono_Continuous\Audio\MT2\G71-45200-MT2-G2.1B0.9T3.9ML9.7MF2.8-20762.wav
-8.46658993,-9.75966835,Mono_Continuous,MT2,C:\TCC\Reproduzir_artigo\data\GUITAR-FX\Mono_Continuous\Audio\MT2\G71-48108-MT2-G6.5B5.6T4.1ML6.5MF7.1-20757.wav
-5.57690334,-11.52580929,Mono_Continuous,MT2,C:\TCC\Reproduzir_artigo\data\GUITAR-FX\Mono_Continuous\Audio\MT2\G71-48203-MT2-G5.9B5.5T9.1ML1.6MF9.3-20765.wav
-6.13738632,-8.45366192,Mono_Continuous,MT2,C:\TCC\Reproduzir_artigo\data\GUITAR-FX\Mono_Continuous\Audio\MT2\G71-49109-MT2-G4.7B1.6T8.6ML9.7MF9.1-20758.wav
-9.39613342,-8.77081394,Mono_Continuous,MT2,C:\TCC\Reproduzir_artigo\data\GUITAR-FX\Mono_Continuous\Audio\MT2\G71-49109-MT2-G6.8B8.6T9.2ML6.6MF6.8-20758.wav
-6.37525558,-8.94045925,Mono_Continuous,MT2,C:\TCC\Reproduzir_artigo\data\GUITAR-FX\Mono_Continuous\Audio\MT2\G71-49204-MT2-G3.1B8T3.5ML3.5MF4.6-20766.wav
-9.29088783,-2.53749871,Mono_Continuous,MT2,C:\TCC\Reproduzir_artigo\data\GUITAR-FX\Mono_Continuous\Audio\MT2\G71-50110-MT2-G2.5B8.5T4.8ML2.9MF9-20759.wav
-5.88651371,-6.61840248,Mono_Continuous,MT2,C:\TCC\Reproduzir_artigo\data\GUITAR-FX\Mono_Continuous\Audio\MT2\G71-50110-MT2-G3.9B5T9.8ML8.8MF5.4-20759.wav
-6.73764896,-5.58866119,Mono_Continuous,MT2,C:\TCC\Reproduzir_artigo\data\GUITAR-FX\Mono_Continuous\Audio\MT2\G71-50110-MT2-G4B5.1T2.5ML8.1MF7.8-20759.wav
-0.01414249,-10.90425587,Mono_Continuous,MT2,C:\TCC\Reproduzir_artigo\data\GUITAR-FX\Mono_Continuous\Audio\MT2\G71-50300-MT2-G6.2B3.2T8.6ML3.2MF4.5-20775.wav
-3.22488523,-11.41167068,Mono_Continuous,MT2,C:\TCC\Reproduzir_artigo\data\GUITAR-FX\Mono_Continuous\Audio\MT2\G71-51111-MT2-G6.6B0.1T4.6ML3.1MF6.9-20760.wav
-2.45381212,-10.37233448,Mono_Continuous,MT2,C:\TCC\Reproduzir_artigo\data\GUITAR-FX\Mono_Continuous\Audio\MT2\G71-54304-MT2-G9.8B8.4T6ML3.8MF7.5-20779.wav
-1.27715051,-8.54812241,Mono_Continuous,MT2,C:\TCC\Reproduzir_artigo\data\GUITAR-FX\Mono_Continuous\Audio\MT2\G71-56211-MT2-G7.4B2.1T9.2ML9.2MF6.4-20773.wav
3.38243461,-8.75514889,Mono_Continuous,MT2,C:\TCC\Reproduzir_artigo\data\GUITAR-FX\Mono_Continuous\Audio\MT2\G71-56306-MT2-G6.1B5.7T9.7ML3MF0.6-20781.wav
7.78974199,-5.78402996,Mono_Continuous,MT2,C:\TCC\Reproduzir_artigo\data\GUITAR-FX\Mono_Continuous\Audio\MT2\G71-58403-MT2-G3.2B6.6T3.5ML8.6MF4.9-20791.wav
6.72947359,-3.89356494,Mono_Continuous,MT2,C:\TCC\Reproduzir_artigo\data\GUITAR-FX\Mono_Continuous\Audio\MT2\G71-59309-MT2-G4.7B1.5T7ML1.5MF0.2-20784.wav
5.71445990,-3.54813957,Mono_Continuous,MT2,C:\TCC\Reproduzir_artigo\data\GUITAR-FX\Mono_Continuous\Audio\MT2\G71-59309-MT2-G4.9B6.7T3.2ML0.6MF1.3-20784.wav
10.58110619,-6.35597372,Mono_Continuous,MT2,C:\TCC\Reproduzir_artigo\data\GUITAR-FX\Mono_Continuous\Audio\MT2\G71-61406-MT2-G4.1B0.7T3.5ML1.4MF5.2-20794.wav
10.76117992,-0.30089834,Mono_Continuous,MT2,C:\TCC\Reproduzir_artigo\data\GUITAR-FX\Mono_Continuous\Audio\MT2\G71-64409-MT2-G5.4B8.1T5.3ML0.1MF10-20797.wav
13.14720345,-4.29143524,Mono_Continuous,MT2,C:\TCC\Reproduzir_artigo\data\GUITAR-FX\Mono_Continuous\Audio\MT2\G71-64409-MT2-G5.6B6.4T5.6ML0.8MF3.7-20797.wav
13.01496696,-3.88518000,Mono_Continuous,MT2,C:\TCC\Reproduzir_artigo\data\GUITAR-FX\Mono_Continuous\Audio\MT2\G71-64409-MT2-G7.4B1T1.1ML4.5MF6.2-20797.wav
14.61070156,-2.54583764,Mono_Continuous,MT2,C:\TCC\Reproduzir_artigo\data\GUITAR-FX\Mono_Continuous\Audio\MT2\G71-64505-MT2-G7B3.1T0.4ML4.3MF6.3-20806.wav
10.55287457,-3.56727242,Mono_Continuous,MT2,C:\TCC\Reproduzir_artigo\data\GUITAR-FX\Mono_Continuous\Audio\MT2\G71-65410-MT2-G6.4B5.3T5.5ML7.9MF7.8-20798.wav
14.70448971,-3.18142200,Mono_Continuous,MT2,C:\TCC\Reproduzir_artigo\data\GUITAR-FX\Mono_Continuous\Audio\MT2\G71-65506-MT2-G4.2B5.1T6.8ML0.4MF1-20807.wav
14.34407997,1.36349785,Mono_Continuous,MT2,C:\TCC\Reproduzir_artigo\data\GUITAR-FX\Mono_Continuous\Audio\MT2\G71-65601-MT2-G2.4B5T2.1ML5.7MF6.6-20815.wav
13.92320061,1.99699402,Mono_Continuous,MT2,C:\TCC\Reproduzir_artigo\data\GUITAR-FX\Mono_Continuous\Audio\MT2\G71-66507-MT2-G3.2B0.8T5.1ML1MF2.4-20808.wav
14.69137287,0.22583964,Mono_Continuous,MT2,C:\TCC\Reproduzir_artigo\data\GUITAR-FX\Mono_Continuous\Audio\MT2\G71-66507-MT2-G5B6.7T3.3ML0.8MF3.3-20808.wav
15.02780819,-1.40856588,Mono_Continuous,MT2,C:\TCC\Reproduzir_artigo\data\GUITAR-FX\Mono_Continuous\Audio\MT2\G71-66507-MT2-G7.5B6.3T5.2ML5.8MF8.8-20808.wav
14.53728104,-0.49027467,Mono_Continuous,MT2,C:\TCC\Reproduzir_artigo\data\GUITAR-FX\Mono_Continuous\Audio\MT2\G71-69605-MT2-G6.9B8.2T4.6ML2.7MF1.6-20819.wav
11.87210560,1.02938938,Mono_Continuous,MT2,C:\TCC\Reproduzir_artigo\data\GUITAR-FX\Mono_Continuous\Audio\MT2\G71-69605-MT2-G8.4B4.4T3.5ML9.4MF0.8-20819.wav
14.44753838,1.60238218,Mono_Continuous,MT2,C:\TCC\Reproduzir_artigo\data\GUITAR-FX\Mono_Continuous\Audio\MT2\G71-74610-MT2-G9.4B0.1T6.5ML1.2MF8.8-20824.wav
15.66009521,1.99983001,Mono_Continuous,MT2,C:\TCC\Reproduzir_artigo\data\GUITAR-FX\Mono_Continuous\Audio\MT2\G71-75611-MT2-G4.1B9.8T8.4ML5.2MF3.5-20825.wav
-13.27243710,-6.70673847,Mono_Continuous,MT2,C:\TCC\Reproduzir_artigo\data\GUITAR-FX\Mono_Continuous\Audio\MT2\G73-41101-MT2-G4.9B7.8T0.8ML3.1MF1.8-20828.wav
-13.75096416,-7.15400982,Mono_Continuous,MT2,C:\TCC\Reproduzir_artigo\data\GUITAR-FX\Mono_Continuous\Audio\MT2\G73-41101-MT2-G5.2B8.8T5.7ML7.6MF2.3-20828.wav
-10.85977459,-11.67698097,Mono_Continuous,MT2,C:\TCC\Reproduzir_artigo\data\GUITAR-FX\Mono_Continuous\Audio\MT2\G73-41101-MT2-G9.1B7T9.4ML3.6MF2.7-20828.wav
-11.98080540,-8.13818932,Mono_Continuous,MT2,C:\TCC\Reproduzir_artigo\data\GUITAR-FX\Mono_Continuous\Audio\MT2\G73-43103-MT2-G5.1B3.6T1.3ML5.8MF2.1-20830.wav
-12.42706680,-7.18699932,Mono_Continuous,MT2,C:\TCC\Reproduzir_artigo\data\GUITAR-FX\Mono_Continuous\Audio\MT2\G73-44104-MT2-G3.8B3.5T3.2ML3.3MF7.4-20831.wav
-11.14693165,-8.23434448,Mono_Continuous,MT2,C:\TCC\Reproduzir_artigo\data\GUITAR-FX\Mono_Continuous\Audio\MT2\G73-47202-MT2-G5.9B9.5T0.9ML8.4MF1.2-20842.wav
-6.95561123,-8.05379009,Mono_Continuous,MT2,C:\TCC\Reproduzir_artigo\data\GUITAR-FX\Mono_Continuous\Audio\MT2\G73-48108-MT2-G3.9B5.6T6.2ML2.5MF2.5-20835.wav
-7.21292543,-9.28398323,Mono_Continuous,MT2,C:\TCC\Reproduzir_artigo\data\GUITAR-FX\Mono_Continuous\Audio\MT2\G73-48108-MT2-G5.3B7.7T3.4ML8.9MF8.5-20835.wav
-10.70394039,-9.83136940,Mono_Continuous,MT2,C:\TCC\Reproduzir_artigo\data\GUITAR-FX\Mono_Continuous\Audio\MT2\G73-48108-MT2-G8.2B2.4T1ML0.7MF5.5-20835.wav
-11.35191536,-7.86108923,Mono_Continuous,MT2,C:\TCC\Reproduzir_artigo\data\GUITAR-FX\Mono_Continuous\Audio\MT2\G73-50110-MT2-G8.8B3.6T5.1ML9.4MF1-20837.wav
0.35277814,-10.55908489,Mono_Continuous,MT2,C:\TCC\Reproduzir_artigo\data\GUITAR-FX\Mono_Continuous\Audio\MT2\G73-50300-MT2-G3.1B5.5T9.4ML5.3MF0.4-20853.wav
-0.25363305,-10.83299541,Mono_Continuous,MT2,C:\TCC\Reproduzir_artigo\data\GUITAR-FX\Mono_Continuous\Audio\MT2\G73-50300-MT2-G3.5B3.1T9.9ML9.4MF3-20853.wav
-3.19555163,-7.81595469,Mono_Continuous,MT2,C:\TCC\Reproduzir_artigo\data\GUITAR-FX\Mono_Continuous\Audio\MT2\G73-52302-MT2-G6.9B6.6T0.4ML2.3MF5.6-20855.wav
-4.06048155,-7.16235971,Mono_Continuous,MT2,C:\TCC\Reproduzir_artigo\data\GUITAR-FX\Mono_Continuous\Audio\MT2\G73-53303-MT2-G7.7B9.2T5.9ML1.2MF9.8-20856.wav
-9.47139359,-3.13120627,Mono_Continuous,MT2,C:\TCC\Reproduzir_artigo\data\GUITAR-FX\Mono_Continuous\Audio\MT2\G73-55210-MT2-G4.7B6.5T5ML0.4MF8.6-20850.wav
-6.52986383,-3.28734279,Mono_Continuous,MT2,C:\TCC\Reproduzir_artigo\data\GUITAR-FX\Mono_Continuous\Audio\MT2\G73-55305-MT2-G5.9B6.5T4.3ML1.4MF8.8-20858.wav
1.93237257,-9.49735165,Mono_Continuous,MT2,C:\TCC\Reproduzir_artigo\data\GUITAR-FX\Mono_Continuous\Audio\MT2\G73-55400-MT2-G7.5B4.5T5ML2.5MF6.6-20866.wav
2.52900100,-6.65803099,Mono_Continuous,MT2,C:\TCC\Reproduzir_artigo\data\GUITAR-FX\Mono_Continuous\Audio\MT2\G73-57212-MT2-G4.7B3.7T9.4ML7MF6.2-20852.wav
4.98170280,-5.93063736,Mono_Continuous,MT2,C:\TCC\Reproduzir_artigo\data\GUITAR-FX\Mono_Continuous\Audio\MT2\G73-58308-MT2-G3.5B2T0.6ML5MF3.7-20861.wav
4.52676535,-8.97757435,Mono_Continuous,MT2,C:\TCC\Reproduzir_artigo\data\GUITAR-FX\Mono_Continuous\Audio\MT2\G73-58403-MT2-G6.7B4.9T0.5ML7.4MF9.8-20869.wav
2.51645780,-7.02943516,Mono_Continuous,MT2,C:\TCC\Reproduzir_artigo\data\GUITAR-FX\Mono_Continuous\Audio\MT2\G73-59309-MT2-G5.8B8T4.5ML5.6MF10-20862.wav
5.21335936,-8.46829700,Mono_Continuous,MT2,C:\TCC\Reproduzir_artigo\data\GUITAR-FX\Mono_Continuous\Audio\MT2\G73-59309-MT2-G7B0.3T3.9ML2.5MF4-20862.wav
10.75679016,-2.86338830,Mono_Continuous,MT2,C:\TCC\Reproduzir_artigo\data\GUITAR-FX\Mono_Continuous\Audio\MT2\G73-60501-MT2-G5.1B5.1T6.4ML0.2MF0.3-20880.wav
11.94352531,-2.69323325,Mono_Continuous,MT2,C:\TCC\Reproduzir_artigo\data\GUITAR-FX\Mono_Continuous\Audio\MT2\G73-61502-MT2-G2.4B3T1.9ML6MF1.8-20881.wav
11.78461838,-5.87188053,Mono_Continuous,MT2,C:\TCC\Reproduzir_artigo\data\GUITAR-FX\Mono_Continuous\Audio\MT2\G73-61502-MT2-G6.9B5.7T5.7ML0.4MF0.7-20881.wav
9.80319309,-4.08784866,Mono_Continuous,MT2,C:\TCC\Reproduzir_artigo\data\GUITAR-FX\Mono_Continuous\Audio\MT2\G73-62503-MT2-G7.6B1.2T1.8ML5MF5.9-20882.wav
8.35779858,-1.32313979,Mono_Continuous,MT2,C:\TCC\Reproduzir_artigo\data\GUITAR-FX\Mono_Continuous\Audio\MT2\G73-64409-MT2-G3.3B5.4T4.6ML7.1MF0.9-20875.wav
12.49237919,-1.33621025,Mono_Continuous,MT2,C:\TCC\Reproduzir_artigo\data\GUITAR-FX\Mono_Continuous\Audio\MT2\G73-64505-MT2-G3B6.9T5.2ML4MF8-20884.wav
12.06966209,-4.07975483,Mono_Continuous,MT2,C:\TCC\Reproduzir_artigo\data\GUITAR-FX\Mono_Continuous\Audio\MT2\G73-65410-MT2-G5.2B3.6T7.5ML4MF4.4-20876.wav
14.98119068,-3.07295847,Mono_Continuous,MT2,C:\TCC\Reproduzir_artigo\data\GUITAR-FX\Mono_Continuous\Audio\MT2\G73-65601-MT2-G2.8B0.4T7.9ML0.8MF6.9-20893.wav
10.86442852,-0.28235295,Mono_Continuous,MT2,C:\TCC\Reproduzir_artigo\data\GUITAR-FX\Mono_Continuous\Audio\MT2\G73-67412-MT2-G4.3B3.2T4.6ML4.4MF5.2-20878.wav
11.00124931,-0.75978875,Mono_Continuous,MT2,C:\TCC\Reproduzir_artigo\data\GUITAR-FX\Mono_Continuous\Audio\MT2\G73-67412-MT2-G4.4B7.4T8.5ML5.2MF9.2-20878.wav
12.31001282,3.34619474,Mono_Continuous,MT2,C:\TCC\Reproduzir_artigo\data\GUITAR-FX\Mono_Continuous\Audio\MT2\G73-67603-MT2-G2.2B6.8T6.3ML1.7MF7.7-20895.wav
12.76827717,4.19408035,Mono_Continuous,MT2,C:\TCC\Reproduzir_artigo\data\GUITAR-FX\Mono_Continuous\Audio\MT2\G73-67603-MT2-G4.1B9.9T8.9ML7.9MF5-20895.wav
12.26076317,0.55200106,Mono_Continuous,MT2,C:\TCC\Reproduzir_artigo\data\GUITAR-FX\Mono_Continuous\Audio\MT2\G73-68604-MT2-G8.8B8T6.7ML1.3MF1.6-20896.wav
15.86008644,-0.62178469,Mono_Continuous,MT2,C:\TCC\Reproduzir_artigo\data\GUITAR-FX\Mono_Continuous\Audio\MT2\G73-70606-MT2-G6.9B4.1T8.4ML5.8MF7.4-20898.wav
15.49855614,-0.55907774,Mono_Continuous,MT2,C:\TCC\Reproduzir_artigo\data\GUITAR-FX\Mono_Continuous\Audio\MT2\G73-71512-MT2-G8.5B7.2T2.9ML4.3MF7.6-20891.wav
9.83194447,5.27625084,Mono_Continuous,MT2,C:\TCC\Reproduzir_artigo\data\GUITAR-FX\Mono_Continuous\Audio\MT2\G73-74610-MT2-G7.7B9.6T0.3ML3.4MF4.6-20902.wav
12.12965679,7.35370636,Mono_Continuous,MT2,C:\TCC\Reproduzir_artigo\data\GUITAR-FX\Mono_Continuous\Audio\MT2\G73-76612-MT2-G3.7B3T7.7ML8.4MF6.9-20904.wav
12.34732914,6.56390429,Mono_Continuous,MT2,C:\TCC\Reproduzir_artigo\data\GUITAR-FX\Mono_Continuous\Audio\MT2\G73-76612-MT2-G4.7B9.1T2ML3.3MF6.5-20904.wav
-12.82612419,-7.97506618,Mono_Continuous,MT2,C:\TCC\Reproduzir_artigo\data\GUITAR-FX\Mono_Continuous\Audio\MT2\G81-43103-MT2-G8.5B7.3T6.2ML9.9MF7.3-20908.wav
-11.45217037,-2.23576927,Mono_Continuous,MT2,C:\TCC\Reproduzir_artigo\data\GUITAR-FX\Mono_Continuous\Audio\MT2\G81-47202-MT2-G4.6B3.8T8.4ML8.9MF4.2-20920.wav
-10.59650612,-6.83075237,Mono_Continuous,MT2,C:\TCC\Reproduzir_artigo\data\GUITAR-FX\Mono_Continuous\Audio\MT2\G81-48108-MT2-G9.6B5.9T4.4ML0MF8.4-20913.wav
-11.41691399,-3.57712126,Mono_Continuous,MT2,C:\TCC\Reproduzir_artigo\data\GUITAR-FX\Mono_Continuous\Audio\MT2\G81-49109-MT2-G4.4B5.3T1.2ML0.7MF7.4-20914.wav
-3.84004068,-9.13922024,Mono_Continuous,MT2,C:\TCC\Reproduzir_artigo\data\GUITAR-FX\Mono_Continuous\Audio\MT2\G81-51301-MT2-G9.7B1.7T9.4ML6.5MF7.7-20932.wav
-5.84137917,-1.10627401,Mono_Continuous,MT2,C:\TCC\Reproduzir_artigo\data\GUITAR-FX\Mono_Continuous\Audio\MT2\G81-52302-MT2-G2.2B5T2.9ML0.8MF4.9-20933.wav
-5.64702320,-5.07069445,Mono_Continuous,MT2,C:\TCC\Reproduzir_artigo\data\GUITAR-FX\Mono_Continuous\Audio\MT2\G81-54209-MT2-G5.7B8.9T8ML2.1MF1-20927.wav
-4.79084444,-4.66848135,Mono_Continuous,MT2,C:\TCC\Reproduzir_artigo\data\GUITAR-FX\Mono_Continuous\Audio\MT2\G81-54304-MT2-G7B9.7T4.1ML9.8MF8.2-20935.wav
-8.24145222,-2.63290024,Mono_Continuous,MT2,C:\TCC\Reproduzir_artigo\data\GUITAR-FX\Mono_Continuous\Audio\MT2\G81-55305-MT2-G6.9B4T1.5ML7.6MF1.6-20936.wav
-2.44153309,-7.29055452,Mono_Continuous,MT2,C:\TCC\Reproduzir_artigo\data\GUITAR-FX\Mono_Continuous\Audio\MT2\G81-56211-MT2-G8.9B1.2T4.8ML6.5MF3.7-20929.wav
-0.55118740,-5.73460579,Mono_Continuous,MT2,C:\TCC\Reproduzir_artigo\data\GUITAR-FX\Mono_Continuous\Audio\MT2\G81-57212-MT2-G6.5B7.8T8.7ML3MF0.4-20930.wav
1.24409091,-7.09737110,Mono_Continuous,MT2,C:\TCC\Reproduzir_artigo\data\GUITAR-FX\Mono_Continuous\Audio\MT2\G81-57402-MT2-G7.7B0.2T5.6ML10MF4.7-20946.wav
0.43751463,1.09941196,Mono_Continuous,MT2,C:\TCC\Reproduzir_artigo\data\GUITAR-FX\Mono_Continuous\Audio\MT2\G81-58308-MT2-G4.2B3T0.1ML8.5MF2.9-20939.wav
8.29605198,-9.68108654,Mono_Continuous,MT2,C:\TCC\Reproduzir_artigo\data\GUITAR-FX\Mono_Continuous\Audio\MT2\G81-58403-MT2-G6.7B0.3T8.9ML9.1MF8.6-20947.wav
-3.00703955,-4.97330427,Mono_Continuous,MT2,C:\TCC\Reproduzir_artigo\data\GUITAR-FX\Mono_Continuous\Audio\MT2\G81-59404-MT2-G7.1B5.3T8ML4.4MF2.6-20948.wav
13.18967438,-4.65047407,Mono_Continuous,MT2,C:\TCC\Reproduzir_artigo\data\GUITAR-FX\Mono_Continuous\Audio\MT2\G81-65506-MT2-G4.5B0.5T4.9ML2.1MF1.3-20963.wav
11.24505901,-2.50435877,Mono_Continuous,MT2,C:\TCC\Reproduzir_artigo\data\GUITAR-FX\Mono_Continuous\Audio\MT2\G81-65506-MT2-G6B8.7T8.9ML9.3MF2.6-20963.wav
13.88840961,-0.02073391,Mono_Continuous,MT2,C:\TCC\Reproduzir_artigo\data\GUITAR-FX\Mono_Continuous\Audio\MT2\G81-67603-MT2-G5.8B4.1T5.9ML7.3MF9.8-20973.wav
12.19075012,3.22298431,Mono_Continuous,MT2,C:\TCC\Reproduzir_artigo\data\GUITAR-FX\Mono_Continuous\Audio\MT2\G81-68604-MT2-G2.5B7.8T2.7ML1.7MF1.4-20974.wav
15.10227776,-0.91402364,Mono_Continuous,MT2,C:\TCC\Reproduzir_artigo\data\GUITAR-FX\Mono_Continuous\Audio\MT2\G81-70511-MT2-G6.5B9.8T9.3ML5.1MF3.4-20968.wav
14.04159737,-1.63357425,Mono_Continuous,MT2,C:\TCC\Reproduzir_artigo\data\GUITAR-FX\Mono_Continuous\Audio\MT2\G81-71512-MT2-G6.2B8.8T8.6ML6.7MF5.5-20969.wav
15.28230476,-0.64073485,Mono_Continuous,MT2,C:\TCC\Reproduzir_artigo\data\GUITAR-FX\Mono_Continuous\Audio\MT2\G81-71607-MT2-G4.1B3T5.3ML6MF6.9-20977.wav
15.67368317,3.52275920,Mono_Continuous,MT2,C:\TCC\Reproduzir_artigo\data\GUITAR-FX\Mono_Continuous\Audio\MT2\G81-73609-MT2-G3.1B1.4T0.1ML1.1MF4.1-20979.wav
13.26976967,1.05863106,Mono_Continuous,MT2,C:\TCC\Reproduzir_artigo\data\GUITAR-FX\Mono_Continuous\Audio\MT2\G81-74610-MT2-G6.6B6.4T8.2ML8.2MF1.5-20980.wav
13.65441704,-1.10976255,Mono_Continuous,MT2,C:\TCC\Reproduzir_artigo\data\GUITAR-FX\Mono_Continuous\Audio\MT2\G81-74610-MT2-G7B1.3T9.8ML0.3MF9.9-20980.wav
14.83172989,4.14559364,Mono_Continuous,MT2,C:\TCC\Reproduzir_artigo\data\GUITAR-FX\Mono_Continuous\Audio\MT2\G81-76612-MT2-G3.9B0.1T5.8ML1.7MF1.5-20982.wav
-14.18260002,-4.15339422,Mono_Continuous,MT2,C:\TCC\Reproduzir_artigo\data\GUITAR-FX\Mono_Continuous\Audio\MT2\G83-41101-MT2-G3.4B6.8T4.1ML6MF2.9-20984.wav
-14.81301975,-7.19174767,Mono_Continuous,MT2,C:\TCC\Reproduzir_artigo\data\GUITAR-FX\Mono_Continuous\Audio\MT2\G83-44104-MT2-G7.8B5.4T2ML3.2MF6-20987.wav
-13.55330849,-5.28755522,Mono_Continuous,MT2,C:\TCC\Reproduzir_artigo\data\GUITAR-FX\Mono_Continuous\Audio\MT2\G83-46106-MT2-G4.7B9.3T9.9ML8.4MF3.9-20989.wav
-11.80642891,-2.66052604,Mono_Continuous,MT2,C:\TCC\Reproduzir_artigo\data\GUITAR-FX\Mono_Continuous\Audio\MT2\G83-47107-MT2-G2.3B1.3T6.7ML8.5MF1.8-20990.wav
-9.04652882,-9.76861286,Mono_Continuous,MT2,C:\TCC\Reproduzir_artigo\data\GUITAR-FX\Mono_Continuous\Audio\MT2\G83-47202-MT2-G9.6B2.9T3.9ML4MF4.7-20998.wav
-11.02133274,-6.54671049,Mono_Continuous,MT2,C:\TCC\Reproduzir_artigo\data\GUITAR-FX\Mono_Continuous\Audio\MT2\G83-49109-MT2-G5.8B6.3T4.3ML6.9MF1.4-20992.wav
-7.55736923,-7.94053650,Mono_Continuous,MT2,C:\TCC\Reproduzir_artigo\data\GUITAR-FX\Mono_Continuous\Audio\MT2\G83-49204-MT2-G8.5B9.5T5.8ML9.5MF2.7-21000.wav
-8.57316875,-3.52648187,Mono_Continuous,MT2,C:\TCC\Reproduzir_artigo\data\GUITAR-FX\Mono_Continuous\Audio\MT2\G83-51111-MT2-G2.9B4.6T9.7ML5.8MF6.4-20994.wav
3.51582241,-10.84049892,Mono_Continuous,MT2,C:\TCC\Reproduzir_artigo\data\GUITAR-FX\Mono_Continuous\Audio\MT2\G83-56401-MT2-G8.8B2.7T6ML3.5MF2.2-21023.wav
4.37634563,-6.58978128,Mono_Continuous,MT2,C:\TCC\Reproduzir_artigo\data\GUITAR-FX\Mono_Continuous\Audio\MT2\G83-60310-MT2-G8.5B9.2T7.3ML3.6MF7.3-21019.wav
4.32892323,-7.15570831,Mono_Continuous,MT2,C:\TCC\Reproduzir_artigo\data\GUITAR-FX\Mono_Continuous\Audio\MT2\G83-61406-MT2-G6.1B0.4T4.8ML1.3MF6.2-21028.wav
10.65978622,-7.14320040,Mono_Continuous,MT2,C:\TCC\Reproduzir_artigo\data\GUITAR-FX\Mono_Continuous\Audio\MT2\G83-61502-MT2-G6.7B1.6T4.8ML2.7MF5.3-21037.wav
6.92676544,-3.41102290,Mono_Continuous,MT2,C:\TCC\Reproduzir_artigo\data\GUITAR-FX\Mono_Continuous\Audio\MT2\G83-63408-MT2-G6.2B3.1T6.9ML1.7MF2-21030.wav
13.57265949,-4.94753504,Mono_Continuous,MT2,C:\TCC\Reproduzir_artigo\data\GUITAR-FX\Mono_Continuous\Audio\MT2\G83-64600-MT2-G8.6B1.3T3.6ML9.7MF8.9-21048.wav
10.07858181,-1.20092177,Mono_Continuous,MT2,C:\TCC\Reproduzir_artigo\data\GUITAR-FX\Mono_Continuous\Audio\MT2\G83-65410-MT2-G2B2.5T8.1ML4.3MF6.9-21032.wav
7.34339714,-0.63003880,Mono_Continuous,MT2,C:\TCC\Reproduzir_artigo\data\GUITAR-FX\Mono_Continuous\Audio\MT2\G83-66411-MT2-G5.6B6.1T3.7ML5.4MF7.1-21033.wav
15.12650681,-3.58699036,Mono_Continuous,MT2,C:\TCC\Reproduzir_artigo\data\GUITAR-FX\Mono_Continuous\Audio\MT2\G83-66602-MT2-G5.9B2.6T9.8ML8MF8.4-21050.wav
11.85714245,-1.27063692,Mono_Continuous,MT2,C:\TCC\Reproduzir_artigo\data\GUITAR-FX\Mono_Continuous\Audio\MT2\G83-67508-MT2-G4.6B4.4T8ML4MF8.5-21043.wav
15.60071850,-1.26663268,Mono_Continuous,MT2,C:\TCC\Reproduzir_artigo\data\GUITAR-FX\Mono_Continuous\Audio\MT2\G83-68604-MT2-G7.4B1.1T8.3ML2.7MF0-21052.wav
14.43048382,-3.04266691,Mono_Continuous,MT2,C:\TCC\Reproduzir_artigo\data\GUITAR-FX\Mono_Continuous\Audio\MT2\G83-68604-MT2-G9.7B5.1T9.5ML1.4MF4.5-21052.wav
13.72397709,2.25916600,Mono_Continuous,MT2,C:\TCC\Reproduzir_artigo\data\GUITAR-FX\Mono_Continuous\Audio\MT2\G83-70511-MT2-G4B8.1T9.5ML8.4MF7.7-21046.wav
15.54763126,0.15177609,Mono_Continuous,MT2,C:\TCC\Reproduzir_artigo\data\GUITAR-FX\Mono_Continuous\Audio\MT2\G83-71607-MT2-G4.8B3.2T8.1ML3.8MF6-21055.wav
-15.42614555,-5.62217331,Mono_Continuous,MT2,C:\TCC\Reproduzir_artigo\data\GUITAR-FX\Mono_Continuous\Audio\MT2\G91-40100-MT2-G9.7B3.1T1.2ML9.6MF8.8-21061.wav
-11.27868462,-4.76816559,Mono_Continuous,MT2,C:\TCC\Reproduzir_artigo\data\GUITAR-FX\Mono_Continuous\Audio\MT2\G91-46106-MT2-G4.6B2.4T3.2ML6MF8.6-21067.wav
-8.95662785,-1.58217371,Mono_Continuous,MT2,C:\TCC\Reproduzir_artigo\data\GUITAR-FX\Mono_Continuous\Audio\MT2\G91-47202-MT2-G2.2B8.5T9.7ML3MF4.1-21076.wav
-8.34121513,-3.54363728,Mono_Continuous,MT2,C:\TCC\Reproduzir_artigo\data\GUITAR-FX\Mono_Continuous\Audio\MT2\G91-50110-MT2-G3.8B2.2T8ML4.1MF5-21071.wav
-7.81069946,0.09636272,Mono_Continuous,MT2,C:\TCC\Reproduzir_artigo\data\GUITAR-FX\Mono_Continuous\Audio\MT2\G91-51111-MT2-G3.7B4.7T1.6ML1.8MF8.6-21072.wav
-6.11031532,-4.31692648,Mono_Continuous,MT2,C:\TCC\Reproduzir_artigo\data\GUITAR-FX\Mono_Continuous\Audio\MT2\G91-52112-MT2-G4.7B1.5T6.9ML6.3MF7.6-21073.wav
-5.25906420,-3.63741183,Mono_Continuous,MT2,C:\TCC\Reproduzir_artigo\data\GUITAR-FX\Mono_Continuous\Audio\MT2\G91-52302-MT2-G6.1B3.2T1.4ML4.1MF5.3-21089.wav
-5.22359705,-2.53972435,Mono_Continuous,MT2,C:\TCC\Reproduzir_artigo\data\GUITAR-FX\Mono_Continuous\Audio\MT2\G91-55305-MT2-G3.7B10T5.9ML7.4MF7.2-21092.wav
-1.26349175,-8.99861813,Mono_Continuous,MT2,C:\TCC\Reproduzir_artigo\data\GUITAR-FX\Mono_Continuous\Audio\MT2\G91-56306-MT2-G8.8B3.3T2.3ML8.4MF9.2-21093.wav
5.71541071,-10.53989697,Mono_Continuous,MT2,C:\TCC\Reproduzir_artigo\data\GUITAR-FX\Mono_Continuous\Audio\MT2\G91-57402-MT2-G8.9B9.5T9.3ML8.9MF9.2-21102.wav
1.26822293,-8.54768753,Mono_Continuous,MT2,C:\TCC\Reproduzir_artigo\data\GUITAR-FX\Mono_Continuous\Audio\MT2\G91-58308-MT2-G9.7B7.8T5.6ML0.6MF6.2-21095.wav
1.31132710,-2.47873139,Mono_Continuous,MT2,C:\TCC\Reproduzir_artigo\data\GUITAR-FX\Mono_Continuous\Audio\MT2\G91-60310-MT2-G6.1B5.3T1.8ML0.8MF2-21097.wav
2.24520922,-1.43747699,Mono_Continuous,MT2,C:\TCC\Reproduzir_artigo\data\GUITAR-FX\Mono_Continuous\Audio\MT2\G91-61311-MT2-G7.3B1.4T4.7ML10MF3.7-21098.wav
7.79581738,-4.44941568,Mono_Continuous,MT2,C:\TCC\Reproduzir_artigo\data\GUITAR-FX\Mono_Continuous\Audio\MT2\G91-61406-MT2-G3.4B3T2ML7.3MF0.9-21106.wav
11.26056480,-4.68955803,Mono_Continuous,MT2,C:\TCC\Reproduzir_artigo\data\GUITAR-FX\Mono_Continuous\Audio\MT2\G91-62503-MT2-G7.4B6.8T4.3ML3.7MF2.7-21116.wav
8.27901745,-6.32070065,Mono_Continuous,MT2,C:\TCC\Reproduzir_artigo\data\GUITAR-FX\Mono_Continuous\Audio\MT2\G91-63408-MT2-G9.9B7.3T5.6ML7.1MF5.2-21108.wav
8.61088562,-2.13416338,Mono_Continuous,MT2,C:\TCC\Reproduzir_artigo\data\GUITAR-FX\Mono_Continuous\Audio\MT2\G91-63504-MT2-G4B7.9T1.2ML8MF4.3-21117.wav
11.13636494,-4.94339991,Mono_Continuous,MT2,C:\TCC\Reproduzir_artigo\data\GUITAR-FX\Mono_Continuous\Audio\MT2\G91-63504-MT2-G5.8B5.2T9.3ML6.3MF9.8-21117.wav
10.33812428,-6.45535278,Mono_Continuous,MT2,C:\TCC\Reproduzir_artigo\data\GUITAR-FX\Mono_Continuous\Audio\MT2\G91-65410-MT2-G8.4B6.4T9.7ML2MF8.9-21110.wav
14.31704903,-0.35406402,Mono_Continuous,MT2,C:\TCC\Reproduzir_artigo\data\GUITAR-FX\Mono_Continuous\Audio\MT2\G91-66507-MT2-G3B4.8T1.3ML4.3MF3.1-21120.wav
15.59844875,-3.05961394,Mono_Continuous,MT2,C:\TCC\Reproduzir_artigo\data\GUITAR-FX\Mono_Continuous\Audio\MT2\G91-66507-MT2-G7.1B3.5T8.8ML7.5MF3-21120.wav
13.27476025,0.06965556,Mono_Continuous,MT2,C:\TCC\Reproduzir_artigo\data\GUITAR-FX\Mono_Continuous\Audio\MT2\G91-66602-MT2-G2.3B3.1T2.3ML2MF8.7-21128.wav
9.69050026,3.11058903,Mono_Continuous,MT2,C:\TCC\Reproduzir_artigo\data\GUITAR-FX\Mono_Continuous\Audio\MT2\G91-66602-MT2-G2.5B3.6T0.8ML0.2MF9.1-21128.wav
13.25142765,1.31033647,Mono_Continuous,MT2,C:\TCC\Reproduzir_artigo\data\GUITAR-FX\Mono_Continuous\Audio\MT2\G91-67508-MT2-G4.1B2.2T3.1ML3.4MF6.6-21121.wav
13.02533817,-1.27357328,Mono_Continuous,MT2,C:\TCC\Reproduzir_artigo\data\GUITAR-FX\Mono_Continuous\Audio\MT2\G91-68604-MT2-G7.6B1.3T9.8ML4MF3.2-21130.wav
13.47874260,2.88953257,Mono_Continuous,MT2,C:\TCC\Reproduzir_artigo\data\GUITAR-FX\Mono_Continuous\Audio\MT2\G91-70606-MT2-G7.2B9.1T8.7ML9.2MF3.2-21132.wav
12.48671246,2.01794362,Mono_Continuous,MT2,C:\TCC\Reproduzir_artigo\data\GUITAR-FX\Mono_Continuous\Audio\MT2\G91-70606-MT2-G7.5B7.5T3.9ML0.9MF7.5-21132.wav
13.34469891,-2.52576518,Mono_Continuous,MT2,C:\TCC\Reproduzir_artigo\data\GUITAR-FX\Mono_Continuous\Audio\MT2\G91-71512-MT2-G3.8B0.2T0.9ML2.4MF5.3-21125.wav
11.29934502,-4.21830797,Mono_Continuous,MT2,C:\TCC\Reproduzir_artigo\data\GUITAR-FX\Mono_Continuous\Audio\MT2\G91-71512-MT2-G6.6B2.6T4.8ML2.3MF5-21125.wav
15.94459820,0.34130511,Mono_Continuous,MT2,C:\TCC\Reproduzir_artigo\data\GUITAR-FX\Mono_Continuous\Audio\MT2\G91-72608-MT2-G9.8B6.6T9.4ML1.1MF4.3-21134.wav
11.94542503,6.57764244,Mono_Continuous,MT2,C:\TCC\Reproduzir_artigo\data\GUITAR-FX\Mono_Continuous\Audio\MT2\G91-76612-MT2-G3B0.2T0ML5.7MF3.8-21138.wav
-12.55614185,-3.49721265,Mono_Continuous,MT2,C:\TCC\Reproduzir_artigo\data\GUITAR-FX\Mono_Continuous\Audio\MT2\G93-40100-MT2-G2.4B0.9T8.1ML5.7MF7.6-21139.wav
-12.43857670,-3.55311847,Mono_Continuous,MT2,C:\TCC\Reproduzir_artigo\data\GUITAR-FX\Mono_Continuous\Audio\MT2\G93-40100-MT2-G4.5B1.3T7.3ML8.3MF6.8-21139.wav
-12.00492287,-5.10030746,Mono_Continuous,MT2,C:\TCC\Reproduzir_artigo\data\GUITAR-FX\Mono_Continuous\Audio\MT2\G93-41101-MT2-G2.9B8.1T7.9ML2.9MF5.3-21140.wav
-11.98825741,-0.13545750,Mono_Continuous,MT2,C:\TCC\Reproduzir_artigo\data\GUITAR-FX\Mono_Continuous\Audio\MT2\G93-43103-MT2-G2.8B9.6T7.3ML4.2MF0.4-21142.wav
-11.73667717,-5.26212788,Mono_Continuous,MT2,C:\TCC\Reproduzir_artigo\data\GUITAR-FX\Mono_Continuous\Audio\MT2\G93-45105-MT2-G6.3B2.5T9.3ML7.8MF9.9-21144.wav
-10.45990181,1.39541829,Mono_Continuous,MT2,C:\TCC\Reproduzir_artigo\data\GUITAR-FX\Mono_Continuous\Audio\MT2\G93-46106-MT2-G2B8.8T3.3ML2.4MF9.7-21145.wav
-8.42065144,-7.86263895,Mono_Continuous,MT2,C:\TCC\Reproduzir_artigo\data\GUITAR-FX\Mono_Continuous\Audio\MT2\G93-49109-MT2-G5.3B4.3T7.2ML5.8MF9-21148.wav
-8.83642101,-3.69136691,Mono_Continuous,MT2,C:\TCC\Reproduzir_artigo\data\GUITAR-FX\Mono_Continuous\Audio\MT2\G93-49204-MT2-G6.2B5T9.1ML9.4MF4.1-21156.wav
-10.03894424,-3.75128174,Mono_Continuous,MT2,C:\TCC\Reproduzir_artigo\data\GUITAR-FX\Mono_Continuous\Audio\MT2\G93-49204-MT2-G7.1B5.3T2.7ML7.6MF0.8-21156.wav
-0.76770765,-9.53110600,Mono_Continuous,MT2,C:\TCC\Reproduzir_artigo\data\GUITAR-FX\Mono_Continuous\Audio\MT2\G93-50300-MT2-G6.8B6.2T0.5ML0.6MF1.4-21165.wav
-9.63420868,-1.37931204,Mono_Continuous,MT2,C:\TCC\Reproduzir_artigo\data\GUITAR-FX\Mono_Continuous\Audio\MT2\G93-51111-MT2-G5.5B4.3T0.5ML5.7MF10-21150.wav
-1.91879654,-6.55246210,Mono_Continuous,MT2,C:\TCC\Reproduzir_artigo\data\GUITAR-FX\Mono_Continuous\Audio\MT2\G93-52207-MT2-G4.5B2.3T7.4ML0.6MF3.7-21159.wav
1.87191570,-2.29940677,Mono_Continuous,MT2,C:\TCC\Reproduzir_artigo\data\GUITAR-FX\Mono_Continuous\Audio\MT2\G93-56211-MT2-G2.5B0.4T4.5ML6MF2.7-21163.wav
-3.29852390,-8.25418854,Mono_Continuous,MT2,C:\TCC\Reproduzir_artigo\data\GUITAR-FX\Mono_Continuous\Audio\MT2\G93-56211-MT2-G9.8B4.4T2.8ML3.8MF1-21163.wav
3.15936232,-10.13389587,Mono_Continuous,MT2,C:\TCC\Reproduzir_artigo\data\GUITAR-FX\Mono_Continuous\Audio\MT2\G93-56401-MT2-G9.2B1.9T9.4ML3.2MF5.1-21179.wav
3.36925125,-4.17441559,Mono_Continuous,MT2,C:\TCC\Reproduzir_artigo\data\GUITAR-FX\Mono_Continuous\Audio\MT2\G93-57402-MT2-G3.9B3.4T0.5ML6.1MF5.4-21180.wav
7.12187004,-7.04765081,Mono_Continuous,MT2,C:\TCC\Reproduzir_artigo\data\GUITAR-FX\Mono_Continuous\Audio\MT2\G93-59309-MT2-G4.8B6.5T6ML2.5MF1.4-21174.wav
3.13486433,-8.75390244,Mono_Continuous,MT2,C:\TCC\Reproduzir_artigo\data\GUITAR-FX\Mono_Continuous\Audio\MT2\G93-59404-MT2-G6.6B3.9T3.2ML2.3MF7.3-21182.wav
11.35586262,-4.98095417,Mono_Continuous,MT2,C:\TCC\Reproduzir_artigo\data\GUITAR-FX\Mono_Continuous\Audio\MT2\G93-59500-MT2-G8.3B4.3T3.6ML1.4MF3.1-21191.wav
3.98048067,-7.71424580,Mono_Continuous,MT2,C:\TCC\Reproduzir_artigo\data\GUITAR-FX\Mono_Continuous\Audio\MT2\G93-60405-MT2-G9.5B8T9.1ML0.4MF4.6-21183.wav
4.48853445,-7.26658058,Mono_Continuous,MT2,C:\TCC\Reproduzir_artigo\data\GUITAR-FX\Mono_Continuous\Audio\MT2\G93-62312-MT2-G8.5B4.4T0.9ML2.8MF4.3-21177.wav
11.36348629,-4.82249689,Mono_Continuous,MT2,C:\TCC\Reproduzir_artigo\data\GUITAR-FX\Mono_Continuous\Audio\MT2\G93-63504-MT2-G5.7B9.6T6.8ML4.2MF1.1-21195.wav
15.71680927,-3.42639542,Mono_Continuous,MT2,C:\TCC\Reproduzir_artigo\data\GUITAR-FX\Mono_Continuous\Audio\MT2\G93-64600-MT2-G6.4B5.1T6.1ML6.3MF1.4-21204.wav
14.71027279,-3.26437235,Mono_Continuous,MT2,C:\TCC\Reproduzir_artigo\data\GUITAR-FX\Mono_Continuous\Audio\MT2\G93-67508-MT2-G7.5B4.8T9.1ML3.8MF3.4-21199.wav
15.68666840,0.63776863,Mono_Continuous,MT2,C:\TCC\Reproduzir_artigo\data\GUITAR-FX\Mono_Continuous\Audio\MT2\G93-68604-MT2-G6.1B5.4T6.1ML6.9MF7.9-21208.wav
13.19619370,2.78003693,Mono_Continuous,MT2,C:\TCC\Reproduzir_artigo\data\GUITAR-FX\Mono_Continuous\Audio\MT2\G93-69510-MT2-G5.1B1.2T2.5ML4.6MF8.7-21201.wav
13.58405304,1.70026994,Mono_Continuous,MT2,C:\TCC\Reproduzir_artigo\data\GUITAR-FX\Mono_Continuous\Audio\MT2\G93-69510-MT2-G5.8B6.4T5.9ML4.7MF1.7-21201.wav
12.72597694,2.66914415,Mono_Continuous,MT2,C:\TCC\Reproduzir_artigo\data\GUITAR-FX\Mono_Continuous\Audio\MT2\G93-70511-MT2-G5.1B2.3T9.1ML4.3MF9.4-21202.wav
11.21437740,3.68348598,Mono_Continuous,MT2,C:\TCC\Reproduzir_artigo\data\GUITAR-FX\Mono_Continuous\Audio\MT2\G93-70511-MT2-G5.4B8.7T4.9ML3.1MF1.4-21202.wav
15.61274052,1.78357017,Mono_Continuous,MT2,C:\TCC\Reproduzir_artigo\data\GUITAR-FX\Mono_Continuous\Audio\MT2\G93-72608-MT2-G5.2B2.5T9.7ML2.1MF7.2-21212.wav
10.38839054,6.28789616,Mono_Continuous,MT2,C:\TCC\Reproduzir_artigo\data\GUITAR-FX\Mono_Continuous\Audio\MT2\G93-74610-MT2-G4.4B5.9T0.6ML3.2MF8.5-21214.wav
-17.09178162,0.54228705,Mono_Continuous,OD1,C:\TCC\Reproduzir_artigo\data\GUITAR-FX\Mono_Continuous\Audio\OD1\G61-40100-OD1-D5-20593.wav
-15.96955776,-1.59418654,Mono_Continuous,OD1,C:\TCC\Reproduzir_artigo\data\GUITAR-FX\Mono_Continuous\Audio\OD1\G61-45105-OD1-D8.1-20598.wav
-13.16274834,2.59976506,Mono_Continuous,OD1,C:\TCC\Reproduzir_artigo\data\GUITAR-FX\Mono_Continuous\Audio\OD1\G61-46106-OD1-D3-20599.wav
-10.75928020,-1.85352612,Mono_Continuous,OD1,C:\TCC\Reproduzir_artigo\data\GUITAR-FX\Mono_Continuous\Audio\OD1\G61-46201-OD1-D3.4-20607.wav
-12.82910442,-6.16974497,Mono_Continuous,OD1,C:\TCC\Reproduzir_artigo\data\GUITAR-FX\Mono_Continuous\Audio\OD1\G61-46201-OD1-D8.3-20607.wav
-15.99263477,-1.95872748,Mono_Continuous,OD1,C:\TCC\Reproduzir_artigo\data\GUITAR-FX\Mono_Continuous\Audio\OD1\G61-47107-OD1-D7.2-20600.wav
-12.62095928,-3.75484324,Mono_Continuous,OD1,C:\TCC\Reproduzir_artigo\data\GUITAR-FX\Mono_Continuous\Audio\OD1\G61-48203-OD1-D8.3-20609.wav
-13.05723858,-1.14105642,Mono_Continuous,OD1,C:\TCC\Reproduzir_artigo\data\GUITAR-FX\Mono_Continuous\Audio\OD1\G61-50110-OD1-D8.5-20603.wav
-12.14361191,1.96089065,Mono_Continuous,OD1,C:\TCC\Reproduzir_artigo\data\GUITAR-FX\Mono_Continuous\Audio\OD1\G61-51206-OD1-D6.3-20612.wav
-10.75044060,-1.74645734,Mono_Continuous,OD1,C:\TCC\Reproduzir_artigo\data\GUITAR-FX\Mono_Continuous\Audio\OD1\G61-53208-OD1-D9.9-20614.wav
-6.05685234,-2.05879688,Mono_Continuous,OD1,C:\TCC\Reproduzir_artigo\data\GUITAR-FX\Mono_Continuous\Audio\OD1\G61-53303-OD1-D6.6-20622.wav
-9.16071510,6.39980602,Mono_Continuous,OD1,C:\TCC\Reproduzir_artigo\data\GUITAR-FX\Mono_Continuous\Audio\OD1\G61-54209-OD1-D3.8-20615.wav
-8.00865650,6.07114029,Mono_Continuous,OD1,C:\TCC\Reproduzir_artigo\data\GUITAR-FX\Mono_Continuous\Audio\OD1\G61-54304-OD1-D4.2-20623.wav
-4.51275110,2.34969640,Mono_Continuous,OD1,C:\TCC\Reproduzir_artigo\data\GUITAR-FX\Mono_Continuous\Audio\OD1\G61-56211-OD1-D4.4-20617.wav
-4.45568657,-0.77442521,Mono_Continuous,OD1,C:\TCC\Reproduzir_artigo\data\GUITAR-FX\Mono_Continuous\Audio\OD1\G61-56211-OD1-D7.3-20617.wav
-1.87878120,-1.38412905,Mono_Continuous,OD1,C:\TCC\Reproduzir_artigo\data\GUITAR-FX\Mono_Continuous\Audio\OD1\G61-56306-OD1-D5.8-20625.wav
-4.86862087,6.53969955,Mono_Continuous,OD1,C:\TCC\Reproduzir_artigo\data\GUITAR-FX\Mono_Continuous\Audio\OD1\G61-57212-OD1-D4.1-20618.wav
-4.59014034,8.29855537,Mono_Continuous,OD1,C:\TCC\Reproduzir_artigo\data\GUITAR-FX\Mono_Continuous\Audio\OD1\G61-57402-OD1-D3-20634.wav
-0.35322565,2.10688186,Mono_Continuous,OD1,C:\TCC\Reproduzir_artigo\data\GUITAR-FX\Mono_Continuous\Audio\OD1\G61-59404-OD1-D5.8-20636.wav
-0.27718592,1.08658838,Mono_Continuous,OD1,C:\TCC\Reproduzir_artigo\data\GUITAR-FX\Mono_Continuous\Audio\OD1\G61-59404-OD1-D6.3-20636.wav
1.69017470,-3.04696751,Mono_Continuous,OD1,C:\TCC\Reproduzir_artigo\data\GUITAR-FX\Mono_Continuous\Audio\OD1\G61-59404-OD1-D8.9-20636.wav
3.74911976,-1.12229717,Mono_Continuous,OD1,C:\TCC\Reproduzir_artigo\data\GUITAR-FX\Mono_Continuous\Audio\OD1\G61-60501-OD1-D5.9-20646.wav
6.30850410,-1.72348881,Mono_Continuous,OD1,C:\TCC\Reproduzir_artigo\data\GUITAR-FX\Mono_Continuous\Audio\OD1\G61-61502-OD1-D4.9-20647.wav
1.03646863,9.00939655,Mono_Continuous,OD1,C:\TCC\Reproduzir_artigo\data\GUITAR-FX\Mono_Continuous\Audio\OD1\G61-62312-OD1-D3.2-20631.wav
1.43685603,0.03702072,Mono_Continuous,OD1,C:\TCC\Reproduzir_artigo\data\GUITAR-FX\Mono_Continuous\Audio\OD1\G61-62407-OD1-D9.1-20639.wav
5.71433735,1.08501828,Mono_Continuous,OD1,C:\TCC\Reproduzir_artigo\data\GUITAR-FX\Mono_Continuous\Audio\OD1\G61-62503-OD1-D3.4-20648.wav
6.67324018,-3.25036645,Mono_Continuous,OD1,C:\TCC\Reproduzir_artigo\data\GUITAR-FX\Mono_Continuous\Audio\OD1\G61-62503-OD1-D8.6-20648.wav
8.55326366,1.46012938,Mono_Continuous,OD1,C:\TCC\Reproduzir_artigo\data\GUITAR-FX\Mono_Continuous\Audio\OD1\G61-65410-OD1-D6.5-20642.wav
10.77843189,2.79433703,Mono_Continuous,OD1,C:\TCC\Reproduzir_artigo\data\GUITAR-FX\Mono_Continuous\Audio\OD1\G61-65601-OD1-D2.5-20659.wav
7.62545824,9.90508461,Mono_Continuous,OD1,C:\TCC\Reproduzir_artigo\data\GUITAR-FX\Mono_Continuous\Audio\OD1\G61-67412-OD1-D3.5-20644.wav
14.35781288,1.81665921,Mono_Continuous,OD1,C:\TCC\Reproduzir_artigo\data\GUITAR-FX\Mono_Continuous\Audio\OD1\G61-71607-OD1-D5.2-20665.wav
12.10690498,2.71330142,Mono_Continuous,OD1,C:\TCC\Reproduzir_artigo\data\GUITAR-FX\Mono_Continuous\Audio\OD1\G61-73609-OD1-D7.1-20667.wav
11.22288799,8.22927094,Mono_Continuous,OD1,C:\TCC\Reproduzir_artigo\data\GUITAR-FX\Mono_Continuous\Audio\OD1\G61-74610-OD1-D5-20668.wav
-14.17604828,0.80600965,Mono_Continuous,OD1,C:\TCC\Reproduzir_artigo\data\GUITAR-FX\Mono_Continuous\Audio\OD1\G63-45105-OD1-D4.3-20676.wav
-13.89072037,-3.72689104,Mono_Continuous,OD1,C:\TCC\Reproduzir_artigo\data\GUITAR-FX\Mono_Continuous\Audio\OD1\G63-45105-OD1-D7.3-20676.wav
-13.26109028,-0.26109526,Mono_Continuous,OD1,C:\TCC\Reproduzir_artigo\data\GUITAR-FX\Mono_Continuous\Audio\OD1\G63-46106-OD1-D5.5-20677.wav
-11.43184090,-4.54520559,Mono_Continuous,OD1,C:\TCC\Reproduzir_artigo\data\GUITAR-FX\Mono_Continuous\Audio\OD1\G63-46201-OD1-D5.8-20685.wav
-13.15131855,-3.95442891,Mono_Continuous,OD1,C:\TCC\Reproduzir_artigo\data\GUITAR-FX\Mono_Continuous\Audio\OD1\G63-47202-OD1-D6.6-20686.wav
-10.45921230,-5.20628071,Mono_Continuous,OD1,C:\TCC\Reproduzir_artigo\data\GUITAR-FX\Mono_Continuous\Audio\OD1\G63-49204-OD1-D8.8-20688.wav
-13.30071449,-1.06308210,Mono_Continuous,OD1,C:\TCC\Reproduzir_artigo\data\GUITAR-FX\Mono_Continuous\Audio\OD1\G63-50110-OD1-D8.5-20681.wav
-8.37174797,-7.13822365,Mono_Continuous,OD1,C:\TCC\Reproduzir_artigo\data\GUITAR-FX\Mono_Continuous\Audio\OD1\G63-50300-OD1-D8.8-20697.wav
-8.60289383,3.70455003,Mono_Continuous,OD1,C:\TCC\Reproduzir_artigo\data\GUITAR-FX\Mono_Continuous\Audio\OD1\G63-51111-OD1-D3.6-20682.wav
-8.43468571,-0.02799009,Mono_Continuous,OD1,C:\TCC\Reproduzir_artigo\data\GUITAR-FX\Mono_Continuous\Audio\OD1\G63-52302-OD1-D4.8-20699.wav
-7.67673016,-2.27665019,Mono_Continuous,OD1,C:\TCC\Reproduzir_artigo\data\GUITAR-FX\Mono_Continuous\Audio\OD1\G63-52302-OD1-D6.1-20699.wav
-5.66153145,-7.16120577,Mono_Continuous,OD1,C:\TCC\Reproduzir_artigo\data\GUITAR-FX\Mono_Continuous\Audio\OD1\G63-52302-OD1-D9.9-20699.wav
-2.80899239,4.33954573,Mono_Continuous,OD1,C:\TCC\Reproduzir_artigo\data\GUITAR-FX\Mono_Continuous\Audio\OD1\G63-57212-OD1-D3.8-20696.wav
0.86057562,-2.51575541,Mono_Continuous,OD1,C:\TCC\Reproduzir_artigo\data\GUITAR-FX\Mono_Continuous\Audio\OD1\G63-57402-OD1-D6-20712.wav
-5.84833622,6.43273783,Mono_Continuous,OD1,C:\TCC\Reproduzir_artigo\data\GUITAR-FX\Mono_Continuous\Audio\OD1\G63-59309-OD1-D6.2-20706.wav
4.42230988,-1.50067759,Mono_Continuous,OD1,C:\TCC\Reproduzir_artigo\data\GUITAR-FX\Mono_Continuous\Audio\OD1\G63-59500-OD1-D6.1-20723.wav
2.04139423,-2.29899573,Mono_Continuous,OD1,C:\TCC\Reproduzir_artigo\data\GUITAR-FX\Mono_Continuous\Audio\OD1\G63-60501-OD1-D6.9-20724.wav
4.48862982,1.89185095,Mono_Continuous,OD1,C:\TCC\Reproduzir_artigo\data\GUITAR-FX\Mono_Continuous\Audio\OD1\G63-61406-OD1-D5-20716.wav
6.56448460,0.14554657,Mono_Continuous,OD1,C:\TCC\Reproduzir_artigo\data\GUITAR-FX\Mono_Continuous\Audio\OD1\G63-61502-OD1-D3.2-20725.wav
6.38027143,-6.17789698,Mono_Continuous,OD1,C:\TCC\Reproduzir_artigo\data\GUITAR-FX\Mono_Continuous\Audio\OD1\G63-61502-OD1-D9.2-20725.wav
-1.99199891,3.00260782,Mono_Continuous,OD1,C:\TCC\Reproduzir_artigo\data\GUITAR-FX\Mono_Continuous\Audio\OD1\G63-62312-OD1-D7.8-20709.wav
4.58583403,5.20633316,Mono_Continuous,OD1,C:\TCC\Reproduzir_artigo\data\GUITAR-FX\Mono_Continuous\Audio\OD1\G63-62503-OD1-D4-20726.wav
11.63694954,4.76841354,Mono_Continuous,OD1,C:\TCC\Reproduzir_artigo\data\GUITAR-FX\Mono_Continuous\Audio\OD1\G63-64600-OD1-D2.8-20736.wav
10.38458157,1.27069902,Mono_Continuous,OD1,C:\TCC\Reproduzir_artigo\data\GUITAR-FX\Mono_Continuous\Audio\OD1\G63-66411-OD1-D6.8-20721.wav
10.65905762,4.74012327,Mono_Continuous,OD1,C:\TCC\Reproduzir_artigo\data\GUITAR-FX\Mono_Continuous\Audio\OD1\G63-66507-OD1-D4.2-20730.wav
11.70360470,3.34443808,Mono_Continuous,OD1,C:\TCC\Reproduzir_artigo\data\GUITAR-FX\Mono_Continuous\Audio\OD1\G63-66507-OD1-D7.5-20730.wav
7.85044289,4.08487844,Mono_Continuous,OD1,C:\TCC\Reproduzir_artigo\data\GUITAR-FX\Mono_Continuous\Audio\OD1\G63-67412-OD1-D8.1-20722.wav
6.87460327,8.72515202,Mono_Continuous,OD1,C:\TCC\Reproduzir_artigo\data\GUITAR-FX\Mono_Continuous\Audio\OD1\G63-67508-OD1-D7-20731.wav
11.99658489,6.54706478,Mono_Continuous,OD1,C:\TCC\Reproduzir_artigo\data\GUITAR-FX\Mono_Continuous\Audio\OD1\G63-73609-OD1-D3.1-20745.wav
9.64647770,10.15073299,Mono_Continuous,OD1,C:\TCC\Reproduzir_artigo\data\GUITAR-FX\Mono_Continuous\Audio\OD1\G63-76612-OD1-D4.1-20748.wav
-14.28746223,-2.07889485,Mono_Continuous,OD1,C:\TCC\Reproduzir_artigo\data\GUITAR-FX\Mono_Continuous\Audio\OD1\G71-42102-OD1-D4.8-20751.wav
-11.93046093,-7.96372986,Mono_Continuous,OD1,C:\TCC\Reproduzir_artigo\data\GUITAR-FX\Mono_Continuous\Audio\OD1\G71-45200-OD1-D7.6-20762.wav
-13.14383125,-1.56941080,Mono_Continuous,OD1,C:\TCC\Reproduzir_artigo\data\GUITAR-FX\Mono_Continuous\Audio\OD1\G71-46201-OD1-D4.2-20763.wav
-10.21545315,-3.66933465,Mono_Continuous,OD1,C:\TCC\Reproduzir_artigo\data\GUITAR-FX\Mono_Continuous\Audio\OD1\G71-48108-OD1-D6-20757.wav
-10.77416801,2.84804440,Mono_Continuous,OD1,C:\TCC\Reproduzir_artigo\data\GUITAR-FX\Mono_Continuous\Audio\OD1\G71-49109-OD1-D3.3-20758.wav
-8.63629055,-0.55723125,Mono_Continuous,OD1,C:\TCC\Reproduzir_artigo\data\GUITAR-FX\Mono_Continuous\Audio\OD1\G71-51111-OD1-D6.1-20760.wav
-8.73719215,3.99031067,Mono_Continuous,OD1,C:\TCC\Reproduzir_artigo\data\GUITAR-FX\Mono_Continuous\Audio\OD1\G71-51206-OD1-D3.2-20768.wav
-10.47895050,7.76460075,Mono_Continuous,OD1,C:\TCC\Reproduzir_artigo\data\GUITAR-FX\Mono_Continuous\Audio\OD1\G71-52112-OD1-D2.3-20761.wav
-5.78196907,-4.21423197,Mono_Continuous,OD1,C:\TCC\Reproduzir_artigo\data\GUITAR-FX\Mono_Continuous\Audio\OD1\G71-52302-OD1-D9.8-20777.wav
-6.51327372,-2.24653602,Mono_Continuous,OD1,C:\TCC\Reproduzir_artigo\data\GUITAR-FX\Mono_Continuous\Audio\OD1\G71-53208-OD1-D5.1-20770.wav
-6.00897980,1.02330565,Mono_Continuous,OD1,C:\TCC\Reproduzir_artigo\data\GUITAR-FX\Mono_Continuous\Audio\OD1\G71-54304-OD1-D2.8-20779.wav
-2.35108185,-3.15553045,Mono_Continuous,OD1,C:\TCC\Reproduzir_artigo\data\GUITAR-FX\Mono_Continuous\Audio\OD1\G71-56306-OD1-D6.8-20781.wav
-2.59809947,3.79137683,Mono_Continuous,OD1,C:\TCC\Reproduzir_artigo\data\GUITAR-FX\Mono_Continuous\Audio\OD1\G71-57212-OD1-D5.4-20774.wav
-4.25728893,8.25214767,Mono_Continuous,OD1,C:\TCC\Reproduzir_artigo\data\GUITAR-FX\Mono_Continuous\Audio\OD1\G71-59309-OD1-D3.8-20784.wav
-3.19841671,7.18399382,Mono_Continuous,OD1,C:\TCC\Reproduzir_artigo\data\GUITAR-FX\Mono_Continuous\Audio\OD1\G71-60310-OD1-D3.7-20785.wav
-0.74516439,-1.62315619,Mono_Continuous,OD1,C:\TCC\Reproduzir_artigo\data\GUITAR-FX\Mono_Continuous\Audio\OD1\G71-60310-OD1-D9.9-20785.wav
9.12191582,-4.53241873,Mono_Continuous,OD1,C:\TCC\Reproduzir_artigo\data\GUITAR-FX\Mono_Continuous\Audio\OD1\G71-62503-OD1-D10-20804.wav
11.49895573,0.42213535,Mono_Continuous,OD1,C:\TCC\Reproduzir_artigo\data\GUITAR-FX\Mono_Continuous\Audio\OD1\G71-64409-OD1-D6-20797.wav
12.22153282,-0.67421341,Mono_Continuous,OD1,C:\TCC\Reproduzir_artigo\data\GUITAR-FX\Mono_Continuous\Audio\OD1\G71-64409-OD1-D7.6-20797.wav
13.09180546,-0.05027050,Mono_Continuous,OD1,C:\TCC\Reproduzir_artigo\data\GUITAR-FX\Mono_Continuous\Audio\OD1\G71-65506-OD1-D6.9-20807.wav
11.02979374,6.30222082,Mono_Continuous,OD1,C:\TCC\Reproduzir_artigo\data\GUITAR-FX\Mono_Continuous\Audio\OD1\G71-67508-OD1-D4.6-20809.wav
14.13224030,0.43376842,Mono_Continuous,OD1,C:\TCC\Reproduzir_artigo\data\GUITAR-FX\Mono_Continuous\Audio\OD1\G71-67603-OD1-D9.5-20817.wav
14.76789474,-0.25461873,Mono_Continuous,OD1,C:\TCC\Reproduzir_artigo\data\GUITAR-FX\Mono_Continuous\Audio\OD1\G71-68509-OD1-D10-20810.wav
13.38590431,3.73436856,Mono_Continuous,OD1,C:\TCC\Reproduzir_artigo\data\GUITAR-FX\Mono_Continuous\Audio\OD1\G71-68509-OD1-D5.6-20810.wav
15.24099350,3.03777027,Mono_Continuous,OD1,C:\TCC\Reproduzir_artigo\data\GUITAR-FX\Mono_Continuous\Audio\OD1\G71-69605-OD1-D7.3-20819.wav
15.05105972,1.98214269,Mono_Continuous,OD1,C:\TCC\Reproduzir_artigo\data\GUITAR-FX\Mono_Continuous\Audio\OD1\G71-69605-OD1-D9-20819.wav
14.29234982,5.63013363,Mono_Continuous,OD1,C:\TCC\Reproduzir_artigo\data\GUITAR-FX\Mono_Continuous\Audio\OD1\G71-70606-OD1-D6.9-20820.wav
13.70206070,5.43427420,Mono_Continuous,OD1,C:\TCC\Reproduzir_artigo\data\GUITAR-FX\Mono_Continuous\Audio\OD1\G71-71512-OD1-D3.2-20813.wav
14.69626141,2.42089128,Mono_Continuous,OD1,C:\TCC\Reproduzir_artigo\data\GUITAR-FX\Mono_Continuous\Audio\OD1\G71-71512-OD1-D7.4-20813.wav
16.06381035,1.83455586,Mono_Continuous,OD1,C:\TCC\Reproduzir_artigo\data\GUITAR-FX\Mono_Continuous\Audio\OD1\G71-71607-OD1-D8.1-20821.wav
16.07938004,1.19394648,Mono_Continuous,OD1,C:\TCC\Reproduzir_artigo\data\GUITAR-FX\Mono_Continuous\Audio\OD1\G71-71607-OD1-D8.8-20821.wav
13.74723911,5.80921793,Mono_Continuous,OD1,C:\TCC\Reproduzir_artigo\data\GUITAR-FX\Mono_Continuous\Audio\OD1\G71-74610-OD1-D9.1-20824.wav
-14.20683956,-5.65248966,Mono_Continuous,OD1,C:\TCC\Reproduzir_artigo\data\GUITAR-FX\Mono_Continuous\Audio\OD1\G73-41101-OD1-D8.9-20828.wav
-13.39221287,-4.73603153,Mono_Continuous,OD1,C:\TCC\Reproduzir_artigo\data\GUITAR-FX\Mono_Continuous\Audio\OD1\G73-45105-OD1-D8.6-20832.wav
-9.34296894,-8.60842037,Mono_Continuous,OD1,C:\TCC\Reproduzir_artigo\data\GUITAR-FX\Mono_Continuous\Audio\OD1\G73-47202-OD1-D8.2-20842.wav
-9.09783554,-7.17306232,Mono_Continuous,OD1,C:\TCC\Reproduzir_artigo\data\GUITAR-FX\Mono_Continuous\Audio\OD1\G73-48203-OD1-D9.7-20843.wav
-10.40378094,-2.55511880,Mono_Continuous,OD1,C:\TCC\Reproduzir_artigo\data\GUITAR-FX\Mono_Continuous\Audio\OD1\G73-49109-OD1-D5.8-20836.wav
-4.85446119,-7.48922873,Mono_Continuous,OD1,C:\TCC\Reproduzir_artigo\data\GUITAR-FX\Mono_Continuous\Audio\OD1\G73-50300-OD1-D4.8-20853.wav
-6.83203697,0.30801141,Mono_Continuous,OD1,C:\TCC\Reproduzir_artigo\data\GUITAR-FX\Mono_Continuous\Audio\OD1\G73-51206-OD1-D2.9-20846.wav
-4.49882841,-8.46087265,Mono_Continuous,OD1,C:\TCC\Reproduzir_artigo\data\GUITAR-FX\Mono_Continuous\Audio\OD1\G73-51301-OD1-D7.5-20854.wav
-8.42572594,-0.33475649,Mono_Continuous,OD1,C:\TCC\Reproduzir_artigo\data\GUITAR-FX\Mono_Continuous\Audio\OD1\G73-55210-OD1-D6.8-20850.wav
-0.45881364,-3.57235026,Mono_Continuous,OD1,C:\TCC\Reproduzir_artigo\data\GUITAR-FX\Mono_Continuous\Audio\OD1\G73-55400-OD1-D4.5-20866.wav
-2.28560019,-1.71820533,Mono_Continuous,OD1,C:\TCC\Reproduzir_artigo\data\GUITAR-FX\Mono_Continuous\Audio\OD1\G73-56401-OD1-D5.1-20867.wav
0.94437188,-4.19979477,Mono_Continuous,OD1,C:\TCC\Reproduzir_artigo\data\GUITAR-FX\Mono_Continuous\Audio\OD1\G73-58308-OD1-D6.5-20861.wav
4.26593876,0.26005861,Mono_Continuous,OD1,C:\TCC\Reproduzir_artigo\data\GUITAR-FX\Mono_Continuous\Audio\OD1\G73-58403-OD1-D3.4-20869.wav
-0.96048564,-2.06505919,Mono_Continuous,OD1,C:\TCC\Reproduzir_artigo\data\GUITAR-FX\Mono_Continuous\Audio\OD1\G73-59404-OD1-D8.3-20870.wav
1.76421309,-3.74242306,Mono_Continuous,OD1,C:\TCC\Reproduzir_artigo\data\GUITAR-FX\Mono_Continuous\Audio\OD1\G73-60405-OD1-D6-20871.wav
5.12371540,-5.99176502,Mono_Continuous,OD1,C:\TCC\Reproduzir_artigo\data\GUITAR-FX\Mono_Continuous\Audio\OD1\G73-60501-OD1-D8.8-20880.wav
6.71959543,0.54255128,Mono_Continuous,OD1,C:\TCC\Reproduzir_artigo\data\GUITAR-FX\Mono_Continuous\Audio\OD1\G73-61502-OD1-D3.1-20881.wav
7.40152121,-1.07984185,Mono_Continuous,OD1,C:\TCC\Reproduzir_artigo\data\GUITAR-FX\Mono_Continuous\Audio\OD1\G73-63408-OD1-D6.2-20874.wav
10.99802876,-3.79469824,Mono_Continuous,OD1,C:\TCC\Reproduzir_artigo\data\GUITAR-FX\Mono_Continuous\Audio\OD1\G73-63504-OD1-D8.6-20883.wav
7.44996929,2.26392531,Mono_Continuous,OD1,C:\TCC\Reproduzir_artigo\data\GUITAR-FX\Mono_Continuous\Audio\OD1\G73-64409-OD1-D6.4-20875.wav
10.00906754,2.29863834,Mono_Continuous,OD1,C:\TCC\Reproduzir_artigo\data\GUITAR-FX\Mono_Continuous\Audio\OD1\G73-66411-OD1-D7.4-20877.wav
15.49809742,0.37391543,Mono_Continuous,OD1,C:\TCC\Reproduzir_artigo\data\GUITAR-FX\Mono_Continuous\Audio\OD1\G73-66602-OD1-D8.4-20894.wav
8.65299129,5.61369944,Mono_Continuous,OD1,C:\TCC\Reproduzir_artigo\data\GUITAR-FX\Mono_Continuous\Audio\OD1\G73-67412-OD1-D5-20878.wav
13.33280182,0.41783226,Mono_Continuous,OD1,C:\TCC\Reproduzir_artigo\data\GUITAR-FX\Mono_Continuous\Audio\OD1\G73-71512-OD1-D8.2-20891.wav
12.50740623,2.85853577,Mono_Continuous,OD1,C:\TCC\Reproduzir_artigo\data\GUITAR-FX\Mono_Continuous\Audio\OD1\G73-71607-OD1-D5.3-20899.wav
13.52693176,6.54033279,Mono_Continuous,OD1,C:\TCC\Reproduzir_artigo\data\GUITAR-FX\Mono_Continuous\Audio\OD1\G73-72608-OD1-D7.1-20900.wav
12.70639992,3.99254370,Mono_Continuous,OD1,C:\TCC\Reproduzir_artigo\data\GUITAR-FX\Mono_Continuous\Audio\OD1\G73-73609-OD1-D8.7-20901.wav
-17.02096367,7.70504189,Mono_Continuous,OD1,C:\TCC\Reproduzir_artigo\data\GUITAR-FX\Mono_Continuous\Audio\OD1\G81-43103-OD1-D2.3-20908.wav
-15.90463543,6.05800724,Mono_Continuous,OD1,C:\TCC\Reproduzir_artigo\data\GUITAR-FX\Mono_Continuous\Audio\OD1\G81-47107-OD1-D3.9-20912.wav
-12.90084648,2.00078917,Mono_Continuous,OD1,C:\TCC\Reproduzir_artigo\data\GUITAR-FX\Mono_Continuous\Audio\OD1\G81-48203-OD1-D6.9-20921.wav
-12.26417637,0.62941015,Mono_Continuous,OD1,C:\TCC\Reproduzir_artigo\data\GUITAR-FX\Mono_Continuous\Audio\OD1\G81-48203-OD1-D7.3-20921.wav
-13.90948391,5.99140692,Mono_Continuous,OD1,C:\TCC\Reproduzir_artigo\data\GUITAR-FX\Mono_Continuous\Audio\OD1\G81-49204-OD1-D5.6-20922.wav
-12.42564297,0.93700725,Mono_Continuous,OD1,C:\TCC\Reproduzir_artigo\data\GUITAR-FX\Mono_Continuous\Audio\OD1\G81-49204-OD1-D7.7-20922.wav
-12.59512901,2.60763526,Mono_Continuous,OD1,C:\TCC\Reproduzir_artigo\data\GUITAR-FX\Mono_Continuous\Audio\OD1\G81-50110-OD1-D9.2-20915.wav
-11.53782177,0.96727413,Mono_Continuous,OD1,C:\TCC\Reproduzir_artigo\data\GUITAR-FX\Mono_Continuous\Audio\OD1\G81-53208-OD1-D8.7-20926.wav
-11.09036636,10.63306522,Mono_Continuous,OD1,C:\TCC\Reproduzir_artigo\data\GUITAR-FX\Mono_Continuous\Audio\OD1\G81-55210-OD1-D3.5-20928.wav
-5.92810822,-2.12046790,Mono_Continuous,OD1,C:\TCC\Reproduzir_artigo\data\GUITAR-FX\Mono_Continuous\Audio\OD1\G81-56211-OD1-D8.8-20929.wav
-6.99395800,9.44175911,Mono_Continuous,OD1,C:\TCC\Reproduzir_artigo\data\GUITAR-FX\Mono_Continuous\Audio\OD1\G81-57212-OD1-D5.9-20930.wav
-6.25879478,8.14785480,Mono_Continuous,OD1,C:\TCC\Reproduzir_artigo\data\GUITAR-FX\Mono_Continuous\Audio\OD1\G81-57307-OD1-D4.7-20938.wav
0.35872480,-6.16988754,Mono_Continuous,OD1,C:\TCC\Reproduzir_artigo\data\GUITAR-FX\Mono_Continuous\Audio\OD1\G81-57402-OD1-D8.2-20946.wav
4.02278042,-6.01328230,Mono_Continuous,OD1,C:\TCC\Reproduzir_artigo\data\GUITAR-FX\Mono_Continuous\Audio\OD1\G81-58403-OD1-D8.9-20947.wav
-8.46203423,13.08908653,Mono_Continuous,OD1,C:\TCC\Reproduzir_artigo\data\GUITAR-FX\Mono_Continuous\Audio\OD1\G81-59309-OD1-D2.1-20940.wav
-7.65137005,12.15593624,Mono_Continuous,OD1,C:\TCC\Reproduzir_artigo\data\GUITAR-FX\Mono_Continuous\Audio\OD1\G81-59309-OD1-D3.2-20940.wav
-7.54612255,11.98640537,Mono_Continuous,OD1,C:\TCC\Reproduzir_artigo\data\GUITAR-FX\Mono_Continuous\Audio\OD1\G81-59404-OD1-D2.8-20948.wav
-5.75092649,3.26619196,Mono_Continuous,OD1,C:\TCC\Reproduzir_artigo\data\GUITAR-FX\Mono_Continuous\Audio\OD1\G81-59404-OD1-D6.7-20948.wav
-1.66269791,8.16592693,Mono_Continuous,OD1,C:\TCC\Reproduzir_artigo\data\GUITAR-FX\Mono_Continuous\Audio\OD1\G81-61406-OD1-D3.1-20950.wav
-0.85111082,5.38613558,Mono_Continuous,OD1,C:\TCC\Reproduzir_artigo\data\GUITAR-FX\Mono_Continuous\Audio\OD1\G81-61406-OD1-D4.8-20950.wav
-1.31361032,0.90216857,Mono_Continuous,OD1,C:\TCC\Reproduzir_artigo\data\GUITAR-FX\Mono_Continuous\Audio\OD1\G81-61406-OD1-D7.9-20950.wav
2.86599207,-0.52719504,Mono_Continuous,OD1,C:\TCC\Reproduzir_artigo\data\GUITAR-FX\Mono_Continuous\Audio\OD1\G81-62407-OD1-D9.5-20951.wav
7.31651354,1.26748383,Mono_Continuous,OD1,C:\TCC\Reproduzir_artigo\data\GUITAR-FX\Mono_Continuous\Audio\OD1\G81-62503-OD1-D5.8-20960.wav
3.91543436,-1.39401722,Mono_Continuous,OD1,C:\TCC\Reproduzir_artigo\data\GUITAR-FX\Mono_Continuous\Audio\OD1\G81-63408-OD1-D9.1-20952.wav
12.26640892,2.97913527,Mono_Continuous,OD1,C:\TCC\Reproduzir_artigo\data\GUITAR-FX\Mono_Continuous\Audio\OD1\G81-65601-OD1-D4.2-20971.wav
12.46250248,1.23100996,Mono_Continuous,OD1,C:\TCC\Reproduzir_artigo\data\GUITAR-FX\Mono_Continuous\Audio\OD1\G81-66602-OD1-D7.2-20972.wav
9.83359241,9.73826027,Mono_Continuous,OD1,C:\TCC\Reproduzir_artigo\data\GUITAR-FX\Mono_Continuous\Audio\OD1\G81-67508-OD1-D3-20965.wav
13.18758774,1.59136271,Mono_Continuous,OD1,C:\TCC\Reproduzir_artigo\data\GUITAR-FX\Mono_Continuous\Audio\OD1\G81-67603-OD1-D8.6-20973.wav
13.18252850,1.39434004,Mono_Continuous,OD1,C:\TCC\Reproduzir_artigo\data\GUITAR-FX\Mono_Continuous\Audio\OD1\G81-67603-OD1-D8.8-20973.wav
10.60883427,7.95628691,Mono_Continuous,OD1,C:\TCC\Reproduzir_artigo\data\GUITAR-FX\Mono_Continuous\Audio\OD1\G81-68604-OD1-D5.2-20974.wav
12.88560867,5.67699957,Mono_Continuous,OD1,C:\TCC\Reproduzir_artigo\data\GUITAR-FX\Mono_Continuous\Audio\OD1\G81-69605-OD1-D4.8-20975.wav
15.85133362,4.53231049,Mono_Continuous,OD1,C:\TCC\Reproduzir_artigo\data\GUITAR-FX\Mono_Continuous\Audio\OD1\G81-72608-OD1-D8.8-20978.wav
13.28178120,7.23486519,Mono_Continuous,OD1,C:\TCC\Reproduzir_artigo\data\GUITAR-FX\Mono_Continuous\Audio\OD1\G81-75611-OD1-D3.3-20981.wav
-15.09852791,-3.48216224,Mono_Continuous,OD1,C:\TCC\Reproduzir_artigo\data\GUITAR-FX\Mono_Continuous\Audio\OD1\G83-41101-OD1-D7.6-20984.wav
-15.06018448,6.95575428,Mono_Continuous,OD1,C:\TCC\Reproduzir_artigo\data\GUITAR-FX\Mono_Continuous\Audio\OD1\G83-43103-OD1-D3.6-20986.wav
-14.66852570,6.47014809,Mono_Continuous,OD1,C:\TCC\Reproduzir_artigo\data\GUITAR-FX\Mono_Continuous\Audio\OD1\G83-46106-OD1-D2.2-20989.wav
-15.64870167,-2.00847173,Mono_Continuous,OD1,C:\TCC\Reproduzir_artigo\data\GUITAR-FX\Mono_Continuous\Audio\OD1\G83-46106-OD1-D6.7-20989.wav
-10.86705399,-3.09474301,Mono_Continuous,OD1,C:\TCC\Reproduzir_artigo\data\GUITAR-FX\Mono_Continuous\Audio\OD1\G83-49109-OD1-D7.6-20992.wav
-11.92227459,-4.49861574,Mono_Continuous,OD1,C:\TCC\Reproduzir_artigo\data\GUITAR-FX\Mono_Continuous\Audio\OD1\G83-50110-OD1-D9.8-20993.wav
-12.27388954,0.35419753,Mono_Continuous,OD1,C:\TCC\Reproduzir_artigo\data\GUITAR-FX\Mono_Continuous\Audio\OD1\G83-51111-OD1-D7.9-20994.wav
-4.90760803,-2.20598841,Mono_Continuous,OD1,C:\TCC\Reproduzir_artigo\data\GUITAR-FX\Mono_Continuous\Audio\OD1\G83-51301-OD1-D5.4-21010.wav
-7.59338284,-0.15853664,Mono_Continuous,OD1,C:\TCC\Reproduzir_artigo\data\GUITAR-FX\Mono_Continuous\Audio\OD1\G83-52302-OD1-D5.6-21011.wav
-8.13172340,4.23693275,Mono_Continuous,OD1,C:\TCC\Reproduzir_artigo\data\GUITAR-FX\Mono_Continuous\Audio\OD1\G83-53303-OD1-D3-21012.wav
-10.74153805,8.23686028,Mono_Continuous,OD1,C:\TCC\Reproduzir_artigo\data\GUITAR-FX\Mono_Continuous\Audio\OD1\G83-54209-OD1-D3.3-21005.wav
-9.59240627,-3.00170636,Mono_Continuous,OD1,C:\TCC\Reproduzir_artigo\data\GUITAR-FX\Mono_Continuous\Audio\OD1\G83-54209-OD1-D8.8-21005.wav
-4.28599310,-2.60912824,Mono_Continuous,OD1,C:\TCC\Reproduzir_artigo\data\GUITAR-FX\Mono_Continuous\Audio\OD1\G83-55305-OD1-D6.2-21014.wav
-4.38474941,-3.51340556,Mono_Continuous,OD1,C:\TCC\Reproduzir_artigo\data\GUITAR-FX\Mono_Continuous\Audio\OD1\G83-55400-OD1-D10-21022.wav
-4.59063148,-3.20534921,Mono_Continuous,OD1,C:\TCC\Reproduzir_artigo\data\GUITAR-FX\Mono_Continuous\Audio\OD1\G83-55400-OD1-D9.8-21022.wav
-5.49215698,4.89652681,Mono_Continuous,OD1,C:\TCC\Reproduzir_artigo\data\GUITAR-FX\Mono_Continuous\Audio\OD1\G83-56211-OD1-D4.7-21007.wav
-4.88705540,0.04800492,Mono_Continuous,OD1,C:\TCC\Reproduzir_artigo\data\GUITAR-FX\Mono_Continuous\Audio\OD1\G83-57212-OD1-D7-21008.wav
-4.66801453,4.77725077,Mono_Continuous,OD1,C:\TCC\Reproduzir_artigo\data\GUITAR-FX\Mono_Continuous\Audio\OD1\G83-57307-OD1-D5.6-21016.wav
2.70430541,3.35474420,Mono_Continuous,OD1,C:\TCC\Reproduzir_artigo\data\GUITAR-FX\Mono_Continuous\Audio\OD1\G83-58403-OD1-D2.5-21025.wav
-2.21613979,-2.62756610,Mono_Continuous,OD1,C:\TCC\Reproduzir_artigo\data\GUITAR-FX\Mono_Continuous\Audio\OD1\G83-59404-OD1-D9.2-21026.wav
3.46073842,7.47107363,Mono_Continuous,OD1,C:\TCC\Reproduzir_artigo\data\GUITAR-FX\Mono_Continuous\Audio\OD1\G83-61502-OD1-D2.2-21037.wav
8.76539326,-1.05318916,Mono_Continuous,OD1,C:\TCC\Reproduzir_artigo\data\GUITAR-FX\Mono_Continuous\Audio\OD1\G83-61502-OD1-D6-21037.wav
3.32346916,6.86212301,Mono_Continuous,OD1,C:\TCC\Reproduzir_artigo\data\GUITAR-FX\Mono_Continuous\Audio\OD1\G83-62407-OD1-D5.6-21029.wav
7.11616850,4.87256098,Mono_Continuous,OD1,C:\TCC\Reproduzir_artigo\data\GUITAR-FX\Mono_Continuous\Audio\OD1\G83-62503-OD1-D5.7-21038.wav
3.57321286,9.75090313,Mono_Continuous,OD1,C:\TCC\Reproduzir_artigo\data\GUITAR-FX\Mono_Continuous\Audio\OD1\G83-65410-OD1-D2.1-21032.wav
8.42136574,6.02141094,Mono_Continuous,OD1,C:\TCC\Reproduzir_artigo\data\GUITAR-FX\Mono_Continuous\Audio\OD1\G83-65506-OD1-D5.7-21041.wav
11.11746788,0.34923452,Mono_Continuous,OD1,C:\TCC\Reproduzir_artigo\data\GUITAR-FX\Mono_Continuous\Audio\OD1\G83-65601-OD1-D5.7-21049.wav
10.50236607,10.74475765,Mono_Continuous,OD1,C:\TCC\Reproduzir_artigo\data\GUITAR-FX\Mono_Continuous\Audio\OD1\G83-69605-OD1-D3.2-21053.wav
12.76112461,7.67329359,Mono_Continuous,OD1,C:\TCC\Reproduzir_artigo\data\GUITAR-FX\Mono_Continuous\Audio\OD1\G83-69605-OD1-D5.1-21053.wav
13.84384346,4.10242605,Mono_Continuous,OD1,C:\TCC\Reproduzir_artigo\data\GUITAR-FX\Mono_Continuous\Audio\OD1\G83-69605-OD1-D9.3-21053.wav
12.57121372,2.37645459,Mono_Continuous,OD1,C:\TCC\Reproduzir_artigo\data\GUITAR-FX\Mono_Continuous\Audio\OD1\G83-74610-OD1-D9.3-21058.wav
-15.91086388,0.03401437,Mono_Continuous,OD1,C:\TCC\Reproduzir_artigo\data\GUITAR-FX\Mono_Continuous\Audio\OD1\G91-43103-OD1-D9-21064.wav
-14.20852089,1.14631116,Mono_Continuous,OD1,C:\TCC\Reproduzir_artigo\data\GUITAR-FX\Mono_Continuous\Audio\OD1\G91-47202-OD1-D7.3-21076.wav
-13.40809250,-2.59579897,Mono_Continuous,OD1,C:\TCC\Reproduzir_artigo\data\GUITAR-FX\Mono_Continuous\Audio\OD1\G91-48108-OD1-D9.7-21069.wav
-14.06071472,12.13768387,Mono_Continuous,OD1,C:\TCC\Reproduzir_artigo\data\GUITAR-FX\Mono_Continuous\Audio\OD1\G91-50205-OD1-D3-21079.wav
-12.57239246,2.46355295,Mono_Continuous,OD1,C:\TCC\Reproduzir_artigo\data\GUITAR-FX\Mono_Continuous\Audio\OD1\G91-50205-OD1-D8.5-21079.wav
-12.63224125,2.29177999,Mono_Continuous,OD1,C:\TCC\Reproduzir_artigo\data\GUITAR-FX\Mono_Continuous\Audio\OD1\G91-50205-OD1-D8.6-21079.wav
-11.13016796,1.82475162,Mono_Continuous,OD1,C:\TCC\Reproduzir_artigo\data\GUITAR-FX\Mono_Continuous\Audio\OD1\G91-51111-OD1-D7.6-21072.wav
-10.87168026,2.20378137,Mono_Continuous,OD1,C:\TCC\Reproduzir_artigo\data\GUITAR-FX\Mono_Continuous\Audio\OD1\G91-51206-OD1-D7.5-21080.wav
-10.19143963,10.62010002,Mono_Continuous,OD1,C:\TCC\Reproduzir_artigo\data\GUITAR-FX\Mono_Continuous\Audio\OD1\G91-52207-OD1-D2.6-21081.wav
-9.47588253,6.58756685,Mono_Continuous,OD1,C:\TCC\Reproduzir_artigo\data\GUITAR-FX\Mono_Continuous\Audio\OD1\G91-54304-OD1-D3.6-21091.wav
-9.16259766,8.65819073,Mono_Continuous,OD1,C:\TCC\Reproduzir_artigo\data\GUITAR-FX\Mono_Continuous\Audio\OD1\G91-56211-OD1-D5.2-21085.wav
-7.55674362,2.34147382,Mono_Continuous,OD1,C:\TCC\Reproduzir_artigo\data\GUITAR-FX\Mono_Continuous\Audio\OD1\G91-56211-OD1-D8.1-21085.wav
-5.71655798,-0.47638705,Mono_Continuous,OD1,C:\TCC\Reproduzir_artigo\data\GUITAR-FX\Mono_Continuous\Audio\OD1\G91-56306-OD1-D7.1-21093.wav
-7.96639204,13.37631226,Mono_Continuous,OD1,C:\TCC\Reproduzir_artigo\data\GUITAR-FX\Mono_Continuous\Audio\OD1\G91-57307-OD1-D4.9-21094.wav
-0.27513206,-2.40692639,Mono_Continuous,OD1,C:\TCC\Reproduzir_artigo\data\GUITAR-FX\Mono_Continuous\Audio\OD1\G91-57402-OD1-D5.9-21102.wav
-6.13496637,14.06803703,Mono_Continuous,OD1,C:\TCC\Reproduzir_artigo\data\GUITAR-FX\Mono_Continuous\Audio\OD1\G91-60310-OD1-D2.9-21097.wav
-5.14955521,12.83729076,Mono_Continuous,OD1,C:\TCC\Reproduzir_artigo\data\GUITAR-FX\Mono_Continuous\Audio\OD1\G91-60310-OD1-D3.5-21097.wav
-0.61614954,-3.22291756,Mono_Continuous,OD1,C:\TCC\Reproduzir_artigo\data\GUITAR-FX\Mono_Continuous\Audio\OD1\G91-60405-OD1-D9.8-21105.wav
8.62143707,1.11103725,Mono_Continuous,OD1,C:\TCC\Reproduzir_artigo\data\GUITAR-FX\Mono_Continuous\Audio\OD1\G91-61502-OD1-D3.6-21115.wav
0.40475017,11.01878262,Mono_Continuous,OD1,C:\TCC\Reproduzir_artigo\data\GUITAR-FX\Mono_Continuous\Audio\OD1\G91-62312-OD1-D4.2-21099.wav
5.23494625,2.17001462,Mono_Continuous,OD1,C:\TCC\Reproduzir_artigo\data\GUITAR-FX\Mono_Continuous\Audio\OD1\G91-64409-OD1-D9-21109.wav
15.34602547,-1.93942010,Mono_Continuous,OD1,C:\TCC\Reproduzir_artigo\data\GUITAR-FX\Mono_Continuous\Audio\OD1\G91-64600-OD1-D10-21126.wav
13.30095577,1.63584912,Mono_Continuous,OD1,C:\TCC\Reproduzir_artigo\data\GUITAR-FX\Mono_Continuous\Audio\OD1\G91-64600-OD1-D5.2-21126.wav
9.84285736,-0.55308318,Mono_Continuous,OD1,C:\TCC\Reproduzir_artigo\data\GUITAR-FX\Mono_Continuous\Audio\OD1\G91-65506-OD1-D6.7-21119.wav
10.81346035,4.48746014,Mono_Continuous,OD1,C:\TCC\Reproduzir_artigo\data\GUITAR-FX\Mono_Continuous\Audio\OD1\G91-66507-OD1-D3.9-21120.wav
6.36268139,4.94670677,Mono_Continuous,OD1,C:\TCC\Reproduzir_artigo\data\GUITAR-FX\Mono_Continuous\Audio\OD1\G91-67412-OD1-D9.9-21112.wav
13.98681927,-3.53543973,Mono_Continuous,OD1,C:\TCC\Reproduzir_artigo\data\GUITAR-FX\Mono_Continuous\Audio\OD1\G91-68604-OD1-D10-21130.wav
12.01851559,7.19953012,Mono_Continuous,OD1,C:\TCC\Reproduzir_artigo\data\GUITAR-FX\Mono_Continuous\Audio\OD1\G91-69510-OD1-D5.1-21123.wav
14.82769775,2.11404729,Mono_Continuous,OD1,C:\TCC\Reproduzir_artigo\data\GUITAR-FX\Mono_Continuous\Audio\OD1\G91-70606-OD1-D8.7-21132.wav
11.90462875,5.88277817,Mono_Continuous,OD1,C:\TCC\Reproduzir_artigo\data\GUITAR-FX\Mono_Continuous\Audio\OD1\G91-73609-OD1-D2.5-21135.wav
12.51232433,4.92624235,Mono_Continuous,OD1,C:\TCC\Reproduzir_artigo\data\GUITAR-FX\Mono_Continuous\Audio\OD1\G91-73609-OD1-D5.1-21135.wav
14.45753288,2.51909041,Mono_Continuous,OD1,C:\TCC\Reproduzir_artigo\data\GUITAR-FX\Mono_Continuous\Audio\OD1\G91-74610-OD1-D8.1-21136.wav
-13.49990273,5.33828974,Mono_Continuous,OD1,C:\TCC\Reproduzir_artigo\data\GUITAR-FX\Mono_Continuous\Audio\OD1\G93-45105-OD1-D3.6-21144.wav
-13.09367085,3.02116847,Mono_Continuous,OD1,C:\TCC\Reproduzir_artigo\data\GUITAR-FX\Mono_Continuous\Audio\OD1\G93-45200-OD1-D4.2-21152.wav
-10.01359844,-2.73875022,Mono_Continuous,OD1,C:\TCC\Reproduzir_artigo\data\GUITAR-FX\Mono_Continuous\Audio\OD1\G93-47202-OD1-D7.7-21154.wav
-12.75325108,8.97985458,Mono_Continuous,OD1,C:\TCC\Reproduzir_artigo\data\GUITAR-FX\Mono_Continuous\Audio\OD1\G93-49109-OD1-D2.1-21148.wav
-10.47706509,4.69900227,Mono_Continuous,OD1,C:\TCC\Reproduzir_artigo\data\GUITAR-FX\Mono_Continuous\Audio\OD1\G93-49204-OD1-D4.2-21156.wav
-9.63539696,2.45326924,Mono_Continuous,OD1,C:\TCC\Reproduzir_artigo\data\GUITAR-FX\Mono_Continuous\Audio\OD1\G93-49204-OD1-D5.4-21156.wav
-11.79840183,11.32801819,Mono_Continuous,OD1,C:\TCC\Reproduzir_artigo\data\GUITAR-FX\Mono_Continuous\Audio\OD1\G93-50110-OD1-D2.1-21149.wav
-10.14964962,7.11426353,Mono_Continuous,OD1,C:\TCC\Reproduzir_artigo\data\GUITAR-FX\Mono_Continuous\Audio\OD1\G93-50110-OD1-D4.3-21149.wav
-9.35471153,-2.43685627,Mono_Continuous,OD1,C:\TCC\Reproduzir_artigo\data\GUITAR-FX\Mono_Continuous\Audio\OD1\G93-50110-OD1-D9.7-21149.wav
-9.38080788,4.53447962,Mono_Continuous,OD1,C:\TCC\Reproduzir_artigo\data\GUITAR-FX\Mono_Continuous\Audio\OD1\G93-51111-OD1-D5.1-21150.wav
-9.90744019,2.34042406,Mono_Continuous,OD1,C:\TCC\Reproduzir_artigo\data\GUITAR-FX\Mono_Continuous\Audio\OD1\G93-51206-OD1-D4.1-21158.wav
-9.64522171,8.01391697,Mono_Continuous,OD1,C:\TCC\Reproduzir_artigo\data\GUITAR-FX\Mono_Continuous\Audio\OD1\G93-53208-OD1-D2.6-21160.wav
-5.56596279,-3.42902470,Mono_Continuous,OD1,C:\TCC\Reproduzir_artigo\data\GUITAR-FX\Mono_Continuous\Audio\OD1\G93-54304-OD1-D7.5-21169.wav
-3.70482183,3.02797985,Mono_Continuous,OD1,C:\TCC\Reproduzir_artigo\data\GUITAR-FX\Mono_Continuous\Audio\OD1\G93-56306-OD1-D3.8-21171.wav
-2.55866647,9.00750542,Mono_Continuous,OD1,C:\TCC\Reproduzir_artigo\data\GUITAR-FX\Mono_Continuous\Audio\OD1\G93-57402-OD1-D2.4-21180.wav
1.13469028,1.67815828,Mono_Continuous,OD1,C:\TCC\Reproduzir_artigo\data\GUITAR-FX\Mono_Continuous\Audio\OD1\G93-58308-OD1-D5.1-21173.wav
1.12943816,-1.97089148,Mono_Continuous,OD1,C:\TCC\Reproduzir_artigo\data\GUITAR-FX\Mono_Continuous\Audio\OD1\G93-58308-OD1-D7-21173.wav
0.63670278,-5.12025690,Mono_Continuous,OD1,C:\TCC\Reproduzir_artigo\data\GUITAR-FX\Mono_Continuous\Audio\OD1\G93-58308-OD1-D9.4-21173.wav
-1.53480780,8.57317352,Mono_Continuous,OD1,C:\TCC\Reproduzir_artigo\data\GUITAR-FX\Mono_Continuous\Audio\OD1\G93-60310-OD1-D3.1-21175.wav
1.70326483,3.95121694,Mono_Continuous,OD1,C:\TCC\Reproduzir_artigo\data\GUITAR-FX\Mono_Continuous\Audio\OD1\G93-62312-OD1-D5.6-21177.wav
7.68431759,4.19961357,Mono_Continuous,OD1,C:\TCC\Reproduzir_artigo\data\GUITAR-FX\Mono_Continuous\Audio\OD1\G93-63504-OD1-D2.7-21195.wav
5.56311369,4.62788916,Mono_Continuous,OD1,C:\TCC\Reproduzir_artigo\data\GUITAR-FX\Mono_Continuous\Audio\OD1\G93-64505-OD1-D6.2-21196.wav
9.37730789,2.64395380,Mono_Continuous,OD1,C:\TCC\Reproduzir_artigo\data\GUITAR-FX\Mono_Continuous\Audio\OD1\G93-65506-OD1-D8.2-21197.wav
8.90624905,8.80363178,Mono_Continuous,OD1,C:\TCC\Reproduzir_artigo\data\GUITAR-FX\Mono_Continuous\Audio\OD1\G93-66507-OD1-D2.7-21198.wav
8.21044350,7.42724133,Mono_Continuous,OD1,C:\TCC\Reproduzir_artigo\data\GUITAR-FX\Mono_Continuous\Audio\OD1\G93-67412-OD1-D4.1-21190.wav
11.65167522,0.04571715,Mono_Continuous,OD1,C:\TCC\Reproduzir_artigo\data\GUITAR-FX\Mono_Continuous\Audio\OD1\G93-67508-OD1-D10-21199.wav
11.84544086,0.39663815,Mono_Continuous,OD1,C:\TCC\Reproduzir_artigo\data\GUITAR-FX\Mono_Continuous\Audio\OD1\G93-67508-OD1-D9.2-21199.wav
9.66174507,0.24545212,Mono_Continuous,OD1,C:\TCC\Reproduzir_artigo\data\GUITAR-FX\Mono_Continuous\Audio\OD1\G93-68509-OD1-D9.9-21200.wav
9.68587875,11.99360847,Mono_Continuous,OD1,C:\TCC\Reproduzir_artigo\data\GUITAR-FX\Mono_Continuous\Audio\OD1\G93-70511-OD1-D3.9-21202.wav
15.76916313,2.39539742,Mono_Continuous,OD1,C:\TCC\Reproduzir_artigo\data\GUITAR-FX\Mono_Continuous\Audio\OD1\G93-70606-OD1-D8.8-21210.wav
12.11449432,8.54591084,Mono_Continuous,OD1,C:\TCC\Reproduzir_artigo\data\GUITAR-FX\Mono_Continuous\Audio\OD1\G93-75611-OD1-D2.7-21215.wav
14.21138763,2.31260538,Mono_Continuous,OD1,C:\TCC\Reproduzir_artigo\data\GUITAR-FX\Mono_Continuous\Audio\OD1\G93-75611-OD1-D8.2-21215.wav
-16.15100861,-4.15292883,Mono_Continuous,RAT,C:\TCC\Reproduzir_artigo\data\GUITAR-FX\Mono_Continuous\Audio\RAT\G61-45105-RAT-D7.6F10-20598.wav
-13.90925694,-6.40055895,Mono_Continuous,RAT,C:\TCC\Reproduzir_artigo\data\GUITAR-FX\Mono_Continuous\Audio\RAT\G61-47202-RAT-D8.8F9.5-20608.wav
-12.72856331,2.65876079,Mono_Continuous,RAT,C:\TCC\Reproduzir_artigo\data\GUITAR-FX\Mono_Continuous\Audio\RAT\G61-48108-RAT-D2.3F9.6-20601.wav
-13.23585129,-2.02471280,Mono_Continuous,RAT,C:\TCC\Reproduzir_artigo\data\GUITAR-FX\Mono_Continuous\Audio\RAT\G61-48108-RAT-D5.1F9.3-20601.wav
-12.19718075,-4.42521811,Mono_Continuous,RAT,C:\TCC\Reproduzir_artigo\data\GUITAR-FX\Mono_Continuous\Audio\RAT\G61-48108-RAT-D8.2F7-20601.wav
-12.54343987,-5.88153124,Mono_Continuous,RAT,C:\TCC\Reproduzir_artigo\data\GUITAR-FX\Mono_Continuous\Audio\RAT\G61-49109-RAT-D6.6F3.2-20602.wav
-12.68799496,-2.95768356,Mono_Continuous,RAT,C:\TCC\Reproduzir_artigo\data\GUITAR-FX\Mono_Continuous\Audio\RAT\G61-49204-RAT-D7.2F5-20610.wav
-11.55551529,-4.90350389,Mono_Continuous,RAT,C:\TCC\Reproduzir_artigo\data\GUITAR-FX\Mono_Continuous\Audio\RAT\G61-49204-RAT-D8.6F3.3-20610.wav
-9.90999794,-6.13749886,Mono_Continuous,RAT,C:\TCC\Reproduzir_artigo\data\GUITAR-FX\Mono_Continuous\Audio\RAT\G61-50300-RAT-D4.9F5.2-20619.wav
-10.35886860,-3.91679001,Mono_Continuous,RAT,C:\TCC\Reproduzir_artigo\data\GUITAR-FX\Mono_Continuous\Audio\RAT\G61-52112-RAT-D5.4F0.3-20605.wav
-9.64314556,3.48938894,Mono_Continuous,RAT,C:\TCC\Reproduzir_artigo\data\GUITAR-FX\Mono_Continuous\Audio\RAT\G61-52207-RAT-D2.6F5.4-20613.wav
-9.62046528,-3.68593097,Mono_Continuous,RAT,C:\TCC\Reproduzir_artigo\data\GUITAR-FX\Mono_Continuous\Audio\RAT\G61-52207-RAT-D8.4F6.5-20613.wav
-5.80212879,-7.05208588,Mono_Continuous,RAT,C:\TCC\Reproduzir_artigo\data\GUITAR-FX\Mono_Continuous\Audio\RAT\G61-53208-RAT-D6.5F0.1-20614.wav
-5.46449709,-8.04047680,Mono_Continuous,RAT,C:\TCC\Reproduzir_artigo\data\GUITAR-FX\Mono_Continuous\Audio\RAT\G61-53303-RAT-D9.9F1.6-20622.wav
-8.19177628,-5.41210127,Mono_Continuous,RAT,C:\TCC\Reproduzir_artigo\data\GUITAR-FX\Mono_Continuous\Audio\RAT\G61-55210-RAT-D9.1F1.2-20616.wav
0.19812246,-9.03541946,Mono_Continuous,RAT,C:\TCC\Reproduzir_artigo\data\GUITAR-FX\Mono_Continuous\Audio\RAT\G61-55305-RAT-D8.6F1.9-20624.wav
-2.70966363,-8.34586811,Mono_Continuous,RAT,C:\TCC\Reproduzir_artigo\data\GUITAR-FX\Mono_Continuous\Audio\RAT\G61-56401-RAT-D8.4F6.5-20633.wav
-4.53075886,-3.81058121,Mono_Continuous,RAT,C:\TCC\Reproduzir_artigo\data\GUITAR-FX\Mono_Continuous\Audio\RAT\G61-57307-RAT-D8F9.9-20626.wav
0.42559853,-2.03846812,Mono_Continuous,RAT,C:\TCC\Reproduzir_artigo\data\GUITAR-FX\Mono_Continuous\Audio\RAT\G61-58308-RAT-D9.5F4.3-20627.wav
-0.40265429,-4.08839893,Mono_Continuous,RAT,C:\TCC\Reproduzir_artigo\data\GUITAR-FX\Mono_Continuous\Audio\RAT\G61-58403-RAT-D3.6F3.2-20635.wav
-0.79382497,-3.19166183,Mono_Continuous,RAT,C:\TCC\Reproduzir_artigo\data\GUITAR-FX\Mono_Continuous\Audio\RAT\G61-59309-RAT-D7.4F8.1-20628.wav
-1.16781163,-2.78022671,Mono_Continuous,RAT,C:\TCC\Reproduzir_artigo\data\GUITAR-FX\Mono_Continuous\Audio\RAT\G61-59309-RAT-D7.4F9.8-20628.wav
1.35931373,-4.79734659,Mono_Continuous,RAT,C:\TCC\Reproduzir_artigo\data\GUITAR-FX\Mono_Continuous\Audio\RAT\G61-59404-RAT-D8F5.4-20636.wav
-1.93927824,1.63641655,Mono_Continuous,RAT,C:\TCC\Reproduzir_artigo\data\GUITAR-FX\Mono_Continuous\Audio\RAT\G61-60310-RAT-D3.1F2.2-20629.wav
3.30962205,-4.84971666,Mono_Continuous,RAT,C:\TCC\Reproduzir_artigo\data\GUITAR-FX\Mono_Continuous\Audio\RAT\G61-60501-RAT-D4.8F9.9-20646.wav
4.07726526,-6.62775135,Mono_Continuous,RAT,C:\TCC\Reproduzir_artigo\data\GUITAR-FX\Mono_Continuous\Audio\RAT\G61-60501-RAT-D8.1F4.6-20646.wav
3.69888926,0.15501216,Mono_Continuous,RAT,C:\TCC\Reproduzir_artigo\data\GUITAR-FX\Mono_Continuous\Audio\RAT\G61-62312-RAT-D5.1F4.4-20631.wav
5.34885883,-0.99398279,Mono_Continuous,RAT,C:\TCC\Reproduzir_artigo\data\GUITAR-FX\Mono_Continuous\Audio\RAT\G61-62407-RAT-D2.7F0-20639.wav
5.51938486,-4.65069723,Mono_Continuous,RAT,C:\TCC\Reproduzir_artigo\data\GUITAR-FX\Mono_Continuous\Audio\RAT\G61-62503-RAT-D4.9F8.6-20648.wav
5.71052074,1.48281491,Mono_Continuous,RAT,C:\TCC\Reproduzir_artigo\data\GUITAR-FX\Mono_Continuous\Audio\RAT\G61-63408-RAT-D2.5F8.3-20640.wav
8.08561993,-6.50971508,Mono_Continuous,RAT,C:\TCC\Reproduzir_artigo\data\GUITAR-FX\Mono_Continuous\Audio\RAT\G61-63408-RAT-D6.8F0.3-20640.wav
8.30492306,-5.63815355,Mono_Continuous,RAT,C:\TCC\Reproduzir_artigo\data\GUITAR-FX\Mono_Continuous\Audio\RAT\G61-63504-RAT-D8.2F7.6-20649.wav
3.83496833,1.77153659,Mono_Continuous,RAT,C:\TCC\Reproduzir_artigo\data\GUITAR-FX\Mono_Continuous\Audio\RAT\G61-64409-RAT-D3.3F6.5-20641.wav
12.28665352,-1.69217539,Mono_Continuous,RAT,C:\TCC\Reproduzir_artigo\data\GUITAR-FX\Mono_Continuous\Audio\RAT\G61-65506-RAT-D3.8F4.6-20651.wav
13.95523071,-1.41073835,Mono_Continuous,RAT,C:\TCC\Reproduzir_artigo\data\GUITAR-FX\Mono_Continuous\Audio\RAT\G61-65601-RAT-D8.1F3.5-20659.wav
12.15957832,-0.93652451,Mono_Continuous,RAT,C:\TCC\Reproduzir_artigo\data\GUITAR-FX\Mono_Continuous\Audio\RAT\G61-65601-RAT-D9.9F8.3-20659.wav
13.89307308,-1.15356553,Mono_Continuous,RAT,C:\TCC\Reproduzir_artigo\data\GUITAR-FX\Mono_Continuous\Audio\RAT\G61-68509-RAT-D6.8F4-20654.wav
15.02422523,-0.10882369,Mono_Continuous,RAT,C:\TCC\Reproduzir_artigo\data\GUITAR-FX\Mono_Continuous\Audio\RAT\G61-70606-RAT-D7.8F6.4-20664.wav
13.55398750,5.65112448,Mono_Continuous,RAT,C:\TCC\Reproduzir_artigo\data\GUITAR-FX\Mono_Continuous\Audio\RAT\G61-73609-RAT-D2.9F6-20667.wav
13.27016258,0.63481516,Mono_Continuous,RAT,C:\TCC\Reproduzir_artigo\data\GUITAR-FX\Mono_Continuous\Audio\RAT\G61-73609-RAT-D7F8.5-20667.wav
14.29376125,4.19206381,Mono_Continuous,RAT,C:\TCC\Reproduzir_artigo\data\GUITAR-FX\Mono_Continuous\Audio\RAT\G61-74610-RAT-D6.8F7.4-20668.wav
-16.44595146,-7.23374224,Mono_Continuous,RAT,C:\TCC\Reproduzir_artigo\data\GUITAR-FX\Mono_Continuous\Audio\RAT\G63-42102-RAT-D7.7F8.3-20673.wav
-15.27206326,-9.34780788,Mono_Continuous,RAT,C:\TCC\Reproduzir_artigo\data\GUITAR-FX\Mono_Continuous\Audio\RAT\G63-42102-RAT-D9.9F6.1-20673.wav
-14.01783466,-4.51889467,Mono_Continuous,RAT,C:\TCC\Reproduzir_artigo\data\GUITAR-FX\Mono_Continuous\Audio\RAT\G63-44104-RAT-D4.9F9.5-20675.wav
-10.36691856,-10.01830673,Mono_Continuous,RAT,C:\TCC\Reproduzir_artigo\data\GUITAR-FX\Mono_Continuous\Audio\RAT\G63-48108-RAT-D9.2F1.5-20679.wav
-2.90652514,-9.87452984,Mono_Continuous,RAT,C:\TCC\Reproduzir_artigo\data\GUITAR-FX\Mono_Continuous\Audio\RAT\G63-53303-RAT-D8.3F2.7-20700.wav
-3.06757951,-8.72217083,Mono_Continuous,RAT,C:\TCC\Reproduzir_artigo\data\GUITAR-FX\Mono_Continuous\Audio\RAT\G63-53303-RAT-D9.8F4.1-20700.wav
-7.42001057,-5.46600819,Mono_Continuous,RAT,C:\TCC\Reproduzir_artigo\data\GUITAR-FX\Mono_Continuous\Audio\RAT\G63-54209-RAT-D3.7F4.5-20693.wav
-2.30818081,-5.88775587,Mono_Continuous,RAT,C:\TCC\Reproduzir_artigo\data\GUITAR-FX\Mono_Continuous\Audio\RAT\G63-56306-RAT-D6.8F5-20703.wav
-4.09046888,-1.28702772,Mono_Continuous,RAT,C:\TCC\Reproduzir_artigo\data\GUITAR-FX\Mono_Continuous\Audio\RAT\G63-57307-RAT-D2.1F6.5-20704.wav
-1.99585557,-3.95837021,Mono_Continuous,RAT,C:\TCC\Reproduzir_artigo\data\GUITAR-FX\Mono_Continuous\Audio\RAT\G63-57402-RAT-D3.1F5.8-20712.wav
3.90065885,-4.81829023,Mono_Continuous,RAT,C:\TCC\Reproduzir_artigo\data\GUITAR-FX\Mono_Continuous\Audio\RAT\G63-59500-RAT-D3.2F4.2-20723.wav
1.97239447,-4.20023108,Mono_Continuous,RAT,C:\TCC\Reproduzir_artigo\data\GUITAR-FX\Mono_Continuous\Audio\RAT\G63-61406-RAT-D6F7.3-20716.wav
11.30979538,-2.63010001,Mono_Continuous,RAT,C:\TCC\Reproduzir_artigo\data\GUITAR-FX\Mono_Continuous\Audio\RAT\G63-66411-RAT-D8.3F6.3-20721.wav
11.50597477,-0.59996110,Mono_Continuous,RAT,C:\TCC\Reproduzir_artigo\data\GUITAR-FX\Mono_Continuous\Audio\RAT\G63-66507-RAT-D3.8F5.5-20730.wav
12.50964451,-2.71087003,Mono_Continuous,RAT,C:\TCC\Reproduzir_artigo\data\GUITAR-FX\Mono_Continuous\Audio\RAT\G63-66507-RAT-D8F8.7-20730.wav
12.89066696,-2.86805654,Mono_Continuous,RAT,C:\TCC\Reproduzir_artigo\data\GUITAR-FX\Mono_Continuous\Audio\RAT\G63-66602-RAT-D6F4.6-20738.wav
13.88565826,-1.61655343,Mono_Continuous,RAT,C:\TCC\Reproduzir_artigo\data\GUITAR-FX\Mono_Continuous\Audio\RAT\G63-66602-RAT-D8.4F7.4-20738.wav
16.48480034,-2.48757243,Mono_Continuous,RAT,C:\TCC\Reproduzir_artigo\data\GUITAR-FX\Mono_Continuous\Audio\RAT\G63-68604-RAT-D8.9F0.1-20740.wav
16.47481728,2.01151109,Mono_Continuous,RAT,C:\TCC\Reproduzir_artigo\data\GUITAR-FX\Mono_Continuous\Audio\RAT\G63-70606-RAT-D4.9F3.7-20742.wav
15.38066769,-3.18936443,Mono_Continuous,RAT,C:\TCC\Reproduzir_artigo\data\GUITAR-FX\Mono_Continuous\Audio\RAT\G63-71512-RAT-D8.7F1.8-20735.wav
15.57923222,0.33325532,Mono_Continuous,RAT,C:\TCC\Reproduzir_artigo\data\GUITAR-FX\Mono_Continuous\Audio\RAT\G63-75611-RAT-D4.5F8-20747.wav
-15.16966248,-9.47931480,Mono_Continuous,RAT,C:\TCC\Reproduzir_artigo\data\GUITAR-FX\Mono_Continuous\Audio\RAT\G71-42102-RAT-D9.2F5.5-20751.wav
-12.14841175,-7.72332811,Mono_Continuous,RAT,C:\TCC\Reproduzir_artigo\data\GUITAR-FX\Mono_Continuous\Audio\RAT\G71-45200-RAT-D2.8F6.2-20762.wav
-11.29234886,-6.22591114,Mono_Continuous,RAT,C:\TCC\Reproduzir_artigo\data\GUITAR-FX\Mono_Continuous\Audio\RAT\G71-48108-RAT-D4.6F9.2-20757.wav
-9.63906956,-7.06147528,Mono_Continuous,RAT,C:\TCC\Reproduzir_artigo\data\GUITAR-FX\Mono_Continuous\Audio\RAT\G71-48203-RAT-D2.8F8.8-20765.wav
-8.26979733,-6.06196833,Mono_Continuous,RAT,C:\TCC\Reproduzir_artigo\data\GUITAR-FX\Mono_Continuous\Audio\RAT\G71-49109-RAT-D2.5F1-20758.wav
-4.78511333,-12.44956875,Mono_Continuous,RAT,C:\TCC\Reproduzir_artigo\data\GUITAR-FX\Mono_Continuous\Audio\RAT\G71-49204-RAT-D8.9F1.7-20766.wav
-11.79076576,-4.20498562,Mono_Continuous,RAT,C:\TCC\Reproduzir_artigo\data\GUITAR-FX\Mono_Continuous\Audio\RAT\G71-50205-RAT-D3.4F3-20767.wav
-10.15959263,-7.87576628,Mono_Continuous,RAT,C:\TCC\Reproduzir_artigo\data\GUITAR-FX\Mono_Continuous\Audio\RAT\G71-50205-RAT-D7.9F5.2-20767.wav
0.00600659,-12.71004105,Mono_Continuous,RAT,C:\TCC\Reproduzir_artigo\data\GUITAR-FX\Mono_Continuous\Audio\RAT\G71-51301-RAT-D6.2F0.3-20776.wav
-5.06916571,-7.14418983,Mono_Continuous,RAT,C:\TCC\Reproduzir_artigo\data\GUITAR-FX\Mono_Continuous\Audio\RAT\G71-53303-RAT-D5.4F6.9-20778.wav
-1.54358780,-10.36563969,Mono_Continuous,RAT,C:\TCC\Reproduzir_artigo\data\GUITAR-FX\Mono_Continuous\Audio\RAT\G71-54304-RAT-D7.3F8.4-20779.wav
-0.87554586,-7.53908443,Mono_Continuous,RAT,C:\TCC\Reproduzir_artigo\data\GUITAR-FX\Mono_Continuous\Audio\RAT\G71-56306-RAT-D4F6.5-20781.wav
8.77754688,-10.02745533,Mono_Continuous,RAT,C:\TCC\Reproduzir_artigo\data\GUITAR-FX\Mono_Continuous\Audio\RAT\G71-59404-RAT-D8.3F1.3-20792.wav
4.85968494,-6.84929180,Mono_Continuous,RAT,C:\TCC\Reproduzir_artigo\data\GUITAR-FX\Mono_Continuous\Audio\RAT\G71-59500-RAT-D3F9.5-20801.wav
4.22518921,-8.09125614,Mono_Continuous,RAT,C:\TCC\Reproduzir_artigo\data\GUITAR-FX\Mono_Continuous\Audio\RAT\G71-59500-RAT-D7.1F6.5-20801.wav
4.75519705,-2.72323918,Mono_Continuous,RAT,C:\TCC\Reproduzir_artigo\data\GUITAR-FX\Mono_Continuous\Audio\RAT\G71-62312-RAT-D3.5F3.3-20787.wav
9.27095222,-6.56231260,Mono_Continuous,RAT,C:\TCC\Reproduzir_artigo\data\GUITAR-FX\Mono_Continuous\Audio\RAT\G71-63408-RAT-D7F3.5-20796.wav
11.91154957,-2.67193508,Mono_Continuous,RAT,C:\TCC\Reproduzir_artigo\data\GUITAR-FX\Mono_Continuous\Audio\RAT\G71-63504-RAT-D2.3F3.7-20805.wav
11.78362846,-3.84122157,Mono_Continuous,RAT,C:\TCC\Reproduzir_artigo\data\GUITAR-FX\Mono_Continuous\Audio\RAT\G71-63504-RAT-D4.2F7.6-20805.wav
13.93517017,-5.80913877,Mono_Continuous,RAT,C:\TCC\Reproduzir_artigo\data\GUITAR-FX\Mono_Continuous\Audio\RAT\G71-63504-RAT-D8.5F2.3-20805.wav
14.68302441,-4.51311016,Mono_Continuous,RAT,C:\TCC\Reproduzir_artigo\data\GUITAR-FX\Mono_Continuous\Audio\RAT\G71-64600-RAT-D3.9F2-20814.wav
15.20516682,-1.38848209,Mono_Continuous,RAT,C:\TCC\Reproduzir_artigo\data\GUITAR-FX\Mono_Continuous\Audio\RAT\G71-65601-RAT-D3.8F5.3-20815.wav
14.19060898,-0.98322433,Mono_Continuous,RAT,C:\TCC\Reproduzir_artigo\data\GUITAR-FX\Mono_Continuous\Audio\RAT\G71-66507-RAT-D9.5F9-20808.wav
13.77527809,-0.11060724,Mono_Continuous,RAT,C:\TCC\Reproduzir_artigo\data\GUITAR-FX\Mono_Continuous\Audio\RAT\G71-68509-RAT-D2.3F5.8-20810.wav
15.26586246,-0.64964473,Mono_Continuous,RAT,C:\TCC\Reproduzir_artigo\data\GUITAR-FX\Mono_Continuous\Audio\RAT\G71-70511-RAT-D8.8F5.7-20812.wav
17.47978783,-1.65335178,Mono_Continuous,RAT,C:\TCC\Reproduzir_artigo\data\GUITAR-FX\Mono_Continuous\Audio\RAT\G71-70606-RAT-D8.4F1.7-20820.wav
15.60020828,-1.37587607,Mono_Continuous,RAT,C:\TCC\Reproduzir_artigo\data\GUITAR-FX\Mono_Continuous\Audio\RAT\G71-73609-RAT-D8.1F1.9-20823.wav
15.09714794,-2.08013177,Mono_Continuous,RAT,C:\TCC\Reproduzir_artigo\data\GUITAR-FX\Mono_Continuous\Audio\RAT\G71-75611-RAT-D7.4F3.7-20825.wav
-13.90012264,-8.03263092,Mono_Continuous,RAT,C:\TCC\Reproduzir_artigo\data\GUITAR-FX\Mono_Continuous\Audio\RAT\G73-40100-RAT-D7.5F4.5-20827.wav
-10.73588181,-11.15277195,Mono_Continuous,RAT,C:\TCC\Reproduzir_artigo\data\GUITAR-FX\Mono_Continuous\Audio\RAT\G73-44104-RAT-D8.5F1.3-20831.wav
-13.45399475,-7.25724173,Mono_Continuous,RAT,C:\TCC\Reproduzir_artigo\data\GUITAR-FX\Mono_Continuous\Audio\RAT\G73-45105-RAT-D5.2F1.8-20832.wav
-14.48584652,-5.28266621,Mono_Continuous,RAT,C:\TCC\Reproduzir_artigo\data\GUITAR-FX\Mono_Continuous\Audio\RAT\G73-45105-RAT-D5.7F7.9-20832.wav
-11.45609188,-10.74565315,Mono_Continuous,RAT,C:\TCC\Reproduzir_artigo\data\GUITAR-FX\Mono_Continuous\Audio\RAT\G73-45105-RAT-D8.9F1.4-20832.wav
-5.67460775,-14.39927387,Mono_Continuous,RAT,C:\TCC\Reproduzir_artigo\data\GUITAR-FX\Mono_Continuous\Audio\RAT\G73-46201-RAT-D7.5F0.5-20841.wav
-12.16800785,-6.16619110,Mono_Continuous,RAT,C:\TCC\Reproduzir_artigo\data\GUITAR-FX\Mono_Continuous\Audio\RAT\G73-49109-RAT-D4.3F8.9-20836.wav
-11.63202381,-4.14424562,Mono_Continuous,RAT,C:\TCC\Reproduzir_artigo\data\GUITAR-FX\Mono_Continuous\Audio\RAT\G73-50110-RAT-D4.8F4.1-20837.wav
-5.12601233,-8.65573025,Mono_Continuous,RAT,C:\TCC\Reproduzir_artigo\data\GUITAR-FX\Mono_Continuous\Audio\RAT\G73-50300-RAT-D2.5F3.1-20853.wav
-5.96754074,-7.59432888,Mono_Continuous,RAT,C:\TCC\Reproduzir_artigo\data\GUITAR-FX\Mono_Continuous\Audio\RAT\G73-50300-RAT-D2.5F7.3-20853.wav
-3.55895901,-8.11895752,Mono_Continuous,RAT,C:\TCC\Reproduzir_artigo\data\GUITAR-FX\Mono_Continuous\Audio\RAT\G73-53303-RAT-D6.6F6.6-20856.wav
-1.60282862,-5.44159746,Mono_Continuous,RAT,C:\TCC\Reproduzir_artigo\data\GUITAR-FX\Mono_Continuous\Audio\RAT\G73-55400-RAT-D2.5F3.4-20866.wav
-1.18608963,-5.83641052,Mono_Continuous,RAT,C:\TCC\Reproduzir_artigo\data\GUITAR-FX\Mono_Continuous\Audio\RAT\G73-55400-RAT-D3.3F3.8-20866.wav
-1.94300306,-5.41659689,Mono_Continuous,RAT,C:\TCC\Reproduzir_artigo\data\GUITAR-FX\Mono_Continuous\Audio\RAT\G73-55400-RAT-D3.8F7.2-20866.wav
-3.50438690,-7.81236887,Mono_Continuous,RAT,C:\TCC\Reproduzir_artigo\data\GUITAR-FX\Mono_Continuous\Audio\RAT\G73-56211-RAT-D6.1F7.5-20851.wav
-1.74746192,-4.71598721,Mono_Continuous,RAT,C:\TCC\Reproduzir_artigo\data\GUITAR-FX\Mono_Continuous\Audio\RAT\G73-57212-RAT-D4.7F3.8-20852.wav
0.55457926,-7.52322578,Mono_Continuous,RAT,C:\TCC\Reproduzir_artigo\data\GUITAR-FX\Mono_Continuous\Audio\RAT\G73-57212-RAT-D5.5F0.6-20852.wav
2.90720010,-6.87195635,Mono_Continuous,RAT,C:\TCC\Reproduzir_artigo\data\GUITAR-FX\Mono_Continuous\Audio\RAT\G73-57402-RAT-D2.3F1-20868.wav
2.86226964,-7.57348156,Mono_Continuous,RAT,C:\TCC\Reproduzir_artigo\data\GUITAR-FX\Mono_Continuous\Audio\RAT\G73-57402-RAT-D3.5F2.6-20868.wav
1.27604961,-7.68813705,Mono_Continuous,RAT,C:\TCC\Reproduzir_artigo\data\GUITAR-FX\Mono_Continuous\Audio\RAT\G73-58308-RAT-D5.5F9.3-20861.wav
4.63332510,-8.00057983,Mono_Continuous,RAT,C:\TCC\Reproduzir_artigo\data\GUITAR-FX\Mono_Continuous\Audio\RAT\G73-59404-RAT-D5.2F1.2-20870.wav
4.07657337,-6.48760080,Mono_Continuous,RAT,C:\TCC\Reproduzir_artigo\data\GUITAR-FX\Mono_Continuous\Audio\RAT\G73-60310-RAT-D9.7F4.6-20863.wav
9.57424259,-9.15553951,Mono_Continuous,RAT,C:\TCC\Reproduzir_artigo\data\GUITAR-FX\Mono_Continuous\Audio\RAT\G73-60501-RAT-D7.3F1.3-20880.wav
8.02954388,-7.14268160,Mono_Continuous,RAT,C:\TCC\Reproduzir_artigo\data\GUITAR-FX\Mono_Continuous\Audio\RAT\G73-60501-RAT-D9F7.5-20880.wav
5.93646574,-5.88404894,Mono_Continuous,RAT,C:\TCC\Reproduzir_artigo\data\GUITAR-FX\Mono_Continuous\Audio\RAT\G73-62407-RAT-D3.1F0.6-20873.wav
9.04976845,-7.43631840,Mono_Continuous,RAT,C:\TCC\Reproduzir_artigo\data\GUITAR-FX\Mono_Continuous\Audio\RAT\G73-62503-RAT-D7F0.7-20882.wav
10.29909611,-7.70600080,Mono_Continuous,RAT,C:\TCC\Reproduzir_artigo\data\GUITAR-FX\Mono_Continuous\Audio\RAT\G73-63504-RAT-D7.9F3.6-20883.wav
7.42685556,-0.67512178,Mono_Continuous,RAT,C:\TCC\Reproduzir_artigo\data\GUITAR-FX\Mono_Continuous\Audio\RAT\G73-65410-RAT-D4.8F8.7-20876.wav
13.28698158,-4.84083986,Mono_Continuous,RAT,C:\TCC\Reproduzir_artigo\data\GUITAR-FX\Mono_Continuous\Audio\RAT\G73-65506-RAT-D9.9F2-20885.wav
11.76252937,-0.30042845,Mono_Continuous,RAT,C:\TCC\Reproduzir_artigo\data\GUITAR-FX\Mono_Continuous\Audio\RAT\G73-66507-RAT-D4.5F7-20886.wav
12.37191296,-1.17774129,Mono_Continuous,RAT,C:\TCC\Reproduzir_artigo\data\GUITAR-FX\Mono_Continuous\Audio\RAT\G73-67508-RAT-D8.1F9.7-20887.wav
11.52819252,0.47467747,Mono_Continuous,RAT,C:\TCC\Reproduzir_artigo\data\GUITAR-FX\Mono_Continuous\Audio\RAT\G73-67508-RAT-D8.9F9-20887.wav
12.28018379,6.31508923,Mono_Continuous,RAT,C:\TCC\Reproduzir_artigo\data\GUITAR-FX\Mono_Continuous\Audio\RAT\G73-67603-RAT-D2.1F6.7-20895.wav
16.78779984,2.02597523,Mono_Continuous,RAT,C:\TCC\Reproduzir_artigo\data\GUITAR-FX\Mono_Continuous\Audio\RAT\G73-72608-RAT-D9F5.2-20900.wav
16.07427597,-0.21926165,Mono_Continuous,RAT,C:\TCC\Reproduzir_artigo\data\GUITAR-FX\Mono_Continuous\Audio\RAT\G73-75611-RAT-D7F3.5-20903.wav
13.07302856,3.86427593,Mono_Continuous,RAT,C:\TCC\Reproduzir_artigo\data\GUITAR-FX\Mono_Continuous\Audio\RAT\G73-76612-RAT-D7.8F3.3-20904.wav
-12.48164177,0.26894435,Mono_Continuous,RAT,C:\TCC\Reproduzir_artigo\data\GUITAR-FX\Mono_Continuous\Audio\RAT\G81-43103-RAT-D2.6F0.8-20908.wav
-13.34169960,-4.09783077,Mono_Continuous,RAT,C:\TCC\Reproduzir_artigo\data\GUITAR-FX\Mono_Continuous\Audio\RAT\G81-43103-RAT-D7.3F1.2-20908.wav
-14.35210419,-1.48955441,Mono_Continuous,RAT,C:\TCC\Reproduzir_artigo\data\GUITAR-FX\Mono_Continuous\Audio\RAT\G81-45200-RAT-D5.9F9.4-20918.wav
-13.08483696,1.15105748,Mono_Continuous,RAT,C:\TCC\Reproduzir_artigo\data\GUITAR-FX\Mono_Continuous\Audio\RAT\G81-47107-RAT-D3.1F2.9-20912.wav
-13.04133034,-4.73944092,Mono_Continuous,RAT,C:\TCC\Reproduzir_artigo\data\GUITAR-FX\Mono_Continuous\Audio\RAT\G81-47202-RAT-D7.5F9-20920.wav
-11.84057617,-1.75951231,Mono_Continuous,RAT,C:\TCC\Reproduzir_artigo\data\GUITAR-FX\Mono_Continuous\Audio\RAT\G81-48108-RAT-D3.2F0.3-20913.wav
-11.32337475,-0.13541766,Mono_Continuous,RAT,C:\TCC\Reproduzir_artigo\data\GUITAR-FX\Mono_Continuous\Audio\RAT\G81-51111-RAT-D9.4F9.7-20916.wav
-11.92356300,1.56096172,Mono_Continuous,RAT,C:\TCC\Reproduzir_artigo\data\GUITAR-FX\Mono_Continuous\Audio\RAT\G81-51206-RAT-D3F6.8-20924.wav
-7.97610760,-6.66364479,Mono_Continuous,RAT,C:\TCC\Reproduzir_artigo\data\GUITAR-FX\Mono_Continuous\Audio\RAT\G81-51301-RAT-D9F6.5-20932.wav
-11.44308567,0.24220271,Mono_Continuous,RAT,C:\TCC\Reproduzir_artigo\data\GUITAR-FX\Mono_Continuous\Audio\RAT\G81-52207-RAT-D4.3F3.7-20925.wav
-9.23216820,-3.74754024,Mono_Continuous,RAT,C:\TCC\Reproduzir_artigo\data\GUITAR-FX\Mono_Continuous\Audio\RAT\G81-52302-RAT-D7.9F8.5-20933.wav
-10.27239037,-3.48592210,Mono_Continuous,RAT,C:\TCC\Reproduzir_artigo\data\GUITAR-FX\Mono_Continuous\Audio\RAT\G81-53208-RAT-D5.5F2.3-20926.wav
-8.57086849,2.45657110,Mono_Continuous,RAT,C:\TCC\Reproduzir_artigo\data\GUITAR-FX\Mono_Continuous\Audio\RAT\G81-54209-RAT-D3.6F6.9-20927.wav
-8.74471474,-4.32031488,Mono_Continuous,RAT,C:\TCC\Reproduzir_artigo\data\GUITAR-FX\Mono_Continuous\Audio\RAT\G81-55305-RAT-D8F6.1-20936.wav
-5.87290239,-2.41323018,Mono_Continuous,RAT,C:\TCC\Reproduzir_artigo\data\GUITAR-FX\Mono_Continuous\Audio\RAT\G81-56211-RAT-D5.2F6-20929.wav
-5.68926668,-5.89109135,Mono_Continuous,RAT,C:\TCC\Reproduzir_artigo\data\GUITAR-FX\Mono_Continuous\Audio\RAT\G81-56211-RAT-D8.4F2.6-20929.wav
-1.06549203,-6.14126158,Mono_Continuous,RAT,C:\TCC\Reproduzir_artigo\data\GUITAR-FX\Mono_Continuous\Audio\RAT\G81-56401-RAT-D5.7F5.4-20945.wav
-6.26194191,3.82044077,Mono_Continuous,RAT,C:\TCC\Reproduzir_artigo\data\GUITAR-FX\Mono_Continuous\Audio\RAT\G81-57212-RAT-D6.2F9.6-20930.wav
-0.18433580,-8.61895275,Mono_Continuous,RAT,C:\TCC\Reproduzir_artigo\data\GUITAR-FX\Mono_Continuous\Audio\RAT\G81-57402-RAT-D9.2F9.5-20946.wav
2.34426689,-4.34320545,Mono_Continuous,RAT,C:\TCC\Reproduzir_artigo\data\GUITAR-FX\Mono_Continuous\Audio\RAT\G81-58403-RAT-D4.9F8.6-20947.wav
10.00652027,-7.98427773,Mono_Continuous,RAT,C:\TCC\Reproduzir_artigo\data\GUITAR-FX\Mono_Continuous\Audio\RAT\G81-59500-RAT-D9.7F3.3-20957.wav
-1.37006962,-2.39023781,Mono_Continuous,RAT,C:\TCC\Reproduzir_artigo\data\GUITAR-FX\Mono_Continuous\Audio\RAT\G81-60405-RAT-D3.9F3.9-20949.wav
1.89715922,-8.21834850,Mono_Continuous,RAT,C:\TCC\Reproduzir_artigo\data\GUITAR-FX\Mono_Continuous\Audio\RAT\G81-60405-RAT-D5.7F0.6-20949.wav
-1.21592116,-1.48067451,Mono_Continuous,RAT,C:\TCC\Reproduzir_artigo\data\GUITAR-FX\Mono_Continuous\Audio\RAT\G81-61406-RAT-D7.2F7.4-20950.wav
5.05673599,0.97781342,Mono_Continuous,RAT,C:\TCC\Reproduzir_artigo\data\GUITAR-FX\Mono_Continuous\Audio\RAT\G81-62503-RAT-D2.9F8.1-20960.wav
4.06417322,-4.38240719,Mono_Continuous,RAT,C:\TCC\Reproduzir_artigo\data\GUITAR-FX\Mono_Continuous\Audio\RAT\G81-63408-RAT-D6.6F4.9-20952.wav
5.17485094,-0.70233458,Mono_Continuous,RAT,C:\TCC\Reproduzir_artigo\data\GUITAR-FX\Mono_Continuous\Audio\RAT\G81-64409-RAT-D6.1F7.4-20953.wav
8.97268963,-3.99213290,Mono_Continuous,RAT,C:\TCC\Reproduzir_artigo\data\GUITAR-FX\Mono_Continuous\Audio\RAT\G81-64409-RAT-D9.1F2-20953.wav
6.76249743,-0.37090454,Mono_Continuous,RAT,C:\TCC\Reproduzir_artigo\data\GUITAR-FX\Mono_Continuous\Audio\RAT\G81-66411-RAT-D8.5F9-20955.wav
16.15324211,0.60709387,Mono_Continuous,RAT,C:\TCC\Reproduzir_artigo\data\GUITAR-FX\Mono_Continuous\Audio\RAT\G81-73609-RAT-D4.9F4.9-20979.wav
14.83784485,-0.27299619,Mono_Continuous,RAT,C:\TCC\Reproduzir_artigo\data\GUITAR-FX\Mono_Continuous\Audio\RAT\G81-73609-RAT-D8.2F2.8-20979.wav
13.52620316,-0.26636806,Mono_Continuous,RAT,C:\TCC\Reproduzir_artigo\data\GUITAR-FX\Mono_Continuous\Audio\RAT\G81-74610-RAT-D9.6F9.2-20980.wav
13.58312607,4.17521477,Mono_Continuous,RAT,C:\TCC\Reproduzir_artigo\data\GUITAR-FX\Mono_Continuous\Audio\RAT\G81-75611-RAT-D2.6F7.9-20981.wav
-16.44470406,-3.29772782,Mono_Continuous,RAT,C:\TCC\Reproduzir_artigo\data\GUITAR-FX\Mono_Continuous\Audio\RAT\G83-40100-RAT-D4.6F5.2-20983.wav
-13.30895329,-8.66244793,Mono_Continuous,RAT,C:\TCC\Reproduzir_artigo\data\GUITAR-FX\Mono_Continuous\Audio\RAT\G83-41101-RAT-D8.9F8-20984.wav
-12.44099617,-8.49613667,Mono_Continuous,RAT,C:\TCC\Reproduzir_artigo\data\GUITAR-FX\Mono_Continuous\Audio\RAT\G83-43103-RAT-D6.8F3.8-20986.wav
-11.53824615,-9.39406872,Mono_Continuous,RAT,C:\TCC\Reproduzir_artigo\data\GUITAR-FX\Mono_Continuous\Audio\RAT\G83-43103-RAT-D7.9F2.6-20986.wav
-12.29845333,-5.16542387,Mono_Continuous,RAT,C:\TCC\Reproduzir_artigo\data\GUITAR-FX\Mono_Continuous\Audio\RAT\G83-45200-RAT-D8.4F4-20996.wav
-11.38948250,-9.53995514,Mono_Continuous,RAT,C:\TCC\Reproduzir_artigo\data\GUITAR-FX\Mono_Continuous\Audio\RAT\G83-46106-RAT-D7.6F1.9-20989.wav
-9.70213127,-7.41031742,Mono_Continuous,RAT,C:\TCC\Reproduzir_artigo\data\GUITAR-FX\Mono_Continuous\Audio\RAT\G83-49204-RAT-D5.4F3.5-21000.wav
-9.37016869,-7.84481955,Mono_Continuous,RAT,C:\TCC\Reproduzir_artigo\data\GUITAR-FX\Mono_Continuous\Audio\RAT\G83-50110-RAT-D8.1F3.3-20993.wav
-10.30426025,-3.71838737,Mono_Continuous,RAT,C:\TCC\Reproduzir_artigo\data\GUITAR-FX\Mono_Continuous\Audio\RAT\G83-50205-RAT-D3.6F2.5-21001.wav
-6.32972765,-8.71441746,Mono_Continuous,RAT,C:\TCC\Reproduzir_artigo\data\GUITAR-FX\Mono_Continuous\Audio\RAT\G83-50300-RAT-D3.1F0.3-21009.wav
-4.75808859,-10.21293640,Mono_Continuous,RAT,C:\TCC\Reproduzir_artigo\data\GUITAR-FX\Mono_Continuous\Audio\RAT\G83-50300-RAT-D8.7F2.6-21009.wav
-4.75079346,-6.90141869,Mono_Continuous,RAT,C:\TCC\Reproduzir_artigo\data\GUITAR-FX\Mono_Continuous\Audio\RAT\G83-52302-RAT-D3.1F1.2-21011.wav
-8.07643414,-5.52496672,Mono_Continuous,RAT,C:\TCC\Reproduzir_artigo\data\GUITAR-FX\Mono_Continuous\Audio\RAT\G83-53208-RAT-D8.2F8.4-21004.wav
-5.76943970,-5.11139154,Mono_Continuous,RAT,C:\TCC\Reproduzir_artigo\data\GUITAR-FX\Mono_Continuous\Audio\RAT\G83-55210-RAT-D5.6F1.3-21006.wav
2.13514519,-7.11143446,Mono_Continuous,RAT,C:\TCC\Reproduzir_artigo\data\GUITAR-FX\Mono_Continuous\Audio\RAT\G83-56401-RAT-D6F6.9-21023.wav
-3.37597370,-0.52879339,Mono_Continuous,RAT,C:\TCC\Reproduzir_artigo\data\GUITAR-FX\Mono_Continuous\Audio\RAT\G83-57307-RAT-D3F4.3-21016.wav
0.65585631,-0.95212764,Mono_Continuous,RAT,C:\TCC\Reproduzir_artigo\data\GUITAR-FX\Mono_Continuous\Audio\RAT\G83-57402-RAT-D2.2F6.1-21024.wav
-0.47893411,-6.05070019,Mono_Continuous,RAT,C:\TCC\Reproduzir_artigo\data\GUITAR-FX\Mono_Continuous\Audio\RAT\G83-57402-RAT-D6.7F9.4-21024.wav
-2.59773183,-5.36637878,Mono_Continuous,RAT,C:\TCC\Reproduzir_artigo\data\GUITAR-FX\Mono_Continuous\Audio\RAT\G83-57402-RAT-D7.4F6.7-21024.wav
3.66725993,-6.54456472,Mono_Continuous,RAT,C:\TCC\Reproduzir_artigo\data\GUITAR-FX\Mono_Continuous\Audio\RAT\G83-58403-RAT-D3.3F2.6-21025.wav
3.99734259,-6.24687862,Mono_Continuous,RAT,C:\TCC\Reproduzir_artigo\data\GUITAR-FX\Mono_Continuous\Audio\RAT\G83-58403-RAT-D4.9F8.8-21025.wav
9.03691006,-9.37788486,Mono_Continuous,RAT,C:\TCC\Reproduzir_artigo\data\GUITAR-FX\Mono_Continuous\Audio\RAT\G83-59500-RAT-D7.5F1.8-21035.wav
9.59710121,-8.56487370,Mono_Continuous,RAT,C:\TCC\Reproduzir_artigo\data\GUITAR-FX\Mono_Continuous\Audio\RAT\G83-60501-RAT-D4.3F1.2-21036.wav
6.72574806,-6.32012558,Mono_Continuous,RAT,C:\TCC\Reproduzir_artigo\data\GUITAR-FX\Mono_Continuous\Audio\RAT\G83-60501-RAT-D4.8F8.1-21036.wav
3.00744915,0.47182685,Mono_Continuous,RAT,C:\TCC\Reproduzir_artigo\data\GUITAR-FX\Mono_Continuous\Audio\RAT\G83-62407-RAT-D4.8F5-21029.wav
8.81682301,-1.46007669,Mono_Continuous,RAT,C:\TCC\Reproduzir_artigo\data\GUITAR-FX\Mono_Continuous\Audio\RAT\G83-63504-RAT-D4.7F9.9-21039.wav
8.26115704,-3.27077127,Mono_Continuous,RAT,C:\TCC\Reproduzir_artigo\data\GUITAR-FX\Mono_Continuous\Audio\RAT\G83-63504-RAT-D5.9F7.9-21039.wav
9.83115578,0.13359140,Mono_Continuous,RAT,C:\TCC\Reproduzir_artigo\data\GUITAR-FX\Mono_Continuous\Audio\RAT\G83-64505-RAT-D5.1F4.7-21040.wav
8.93811321,-2.44504333,Mono_Continuous,RAT,C:\TCC\Reproduzir_artigo\data\GUITAR-FX\Mono_Continuous\Audio\RAT\G83-66411-RAT-D6.3F1.8-21033.wav
4.60338211,-0.08918665,Mono_Continuous,RAT,C:\TCC\Reproduzir_artigo\data\GUITAR-FX\Mono_Continuous\Audio\RAT\G83-67412-RAT-D10F4.1-21034.wav
14.06126690,-1.81491506,Mono_Continuous,RAT,C:\TCC\Reproduzir_artigo\data\GUITAR-FX\Mono_Continuous\Audio\RAT\G83-67508-RAT-D6.8F1.2-21043.wav
10.78599548,0.83862525,Mono_Continuous,RAT,C:\TCC\Reproduzir_artigo\data\GUITAR-FX\Mono_Continuous\Audio\RAT\G83-68509-RAT-D5F7.8-21044.wav
14.63212204,-0.79747742,Mono_Continuous,RAT,C:\TCC\Reproduzir_artigo\data\GUITAR-FX\Mono_Continuous\Audio\RAT\G83-70606-RAT-D7.6F7.9-21054.wav
12.96306038,5.16698027,Mono_Continuous,RAT,C:\TCC\Reproduzir_artigo\data\GUITAR-FX\Mono_Continuous\Audio\RAT\G83-71512-RAT-D2F7.9-21047.wav
14.12911034,-0.56653029,Mono_Continuous,RAT,C:\TCC\Reproduzir_artigo\data\GUITAR-FX\Mono_Continuous\Audio\RAT\G83-71512-RAT-D3.9F1.6-21047.wav
15.70621014,2.00212312,Mono_Continuous,RAT,C:\TCC\Reproduzir_artigo\data\GUITAR-FX\Mono_Continuous\Audio\RAT\G83-72608-RAT-D7.3F1.9-21056.wav
13.10509682,4.33154535,Mono_Continuous,RAT,C:\TCC\Reproduzir_artigo\data\GUITAR-FX\Mono_Continuous\Audio\RAT\G83-72608-RAT-D7.7F6.8-21056.wav
15.28631878,-1.24070621,Mono_Continuous,RAT,C:\TCC\Reproduzir_artigo\data\GUITAR-FX\Mono_Continuous\Audio\RAT\G83-75611-RAT-D7.4F2.5-21059.wav
14.36670876,4.37938976,Mono_Continuous,RAT,C:\TCC\Reproduzir_artigo\data\GUITAR-FX\Mono_Continuous\Audio\RAT\G83-76612-RAT-D3.2F1.7-21060.wav
-12.15642166,-3.80992961,Mono_Continuous,RAT,C:\TCC\Reproduzir_artigo\data\GUITAR-FX\Mono_Continuous\Audio\RAT\G91-45105-RAT-D8.8F2.9-21066.wav
-8.63897133,-4.88973045,Mono_Continuous,RAT,C:\TCC\Reproduzir_artigo\data\GUITAR-FX\Mono_Continuous\Audio\RAT\G91-50110-RAT-D7.8F0.5-21071.wav
-10.14320660,-1.55731356,Mono_Continuous,RAT,C:\TCC\Reproduzir_artigo\data\GUITAR-FX\Mono_Continuous\Audio\RAT\G91-50205-RAT-D4.5F1.8-21079.wav
-9.54735565,-0.64047366,Mono_Continuous,RAT,C:\TCC\Reproduzir_artigo\data\GUITAR-FX\Mono_Continuous\Audio\RAT\G91-50300-RAT-D3.5F7.5-21087.wav
-6.05950403,-5.04611540,Mono_Continuous,RAT,C:\TCC\Reproduzir_artigo\data\GUITAR-FX\Mono_Continuous\Audio\RAT\G91-52302-RAT-D9.5F9.5-21089.wav
-7.75553226,-5.84085464,Mono_Continuous,RAT,C:\TCC\Reproduzir_artigo\data\GUITAR-FX\Mono_Continuous\Audio\RAT\G91-53208-RAT-D8.4F3.5-21082.wav
-5.61137295,-5.11203623,Mono_Continuous,RAT,C:\TCC\Reproduzir_artigo\data\GUITAR-FX\Mono_Continuous\Audio\RAT\G91-54304-RAT-D6.6F7.8-21091.wav
-10.55094051,1.47533035,Mono_Continuous,RAT,C:\TCC\Reproduzir_artigo\data\GUITAR-FX\Mono_Continuous\Audio\RAT\G91-55210-RAT-D4.1F3.7-21084.wav
-4.67856741,-5.85131216,Mono_Continuous,RAT,C:\TCC\Reproduzir_artigo\data\GUITAR-FX\Mono_Continuous\Audio\RAT\G91-55305-RAT-D5.8F1.6-21092.wav
-7.23946857,-1.35500348,Mono_Continuous,RAT,C:\TCC\Reproduzir_artigo\data\GUITAR-FX\Mono_Continuous\Audio\RAT\G91-56211-RAT-D5.5F3.9-21085.wav
-6.69232607,-0.85934228,Mono_Continuous,RAT,C:\TCC\Reproduzir_artigo\data\GUITAR-FX\Mono_Continuous\Audio\RAT\G91-56306-RAT-D3.8F6.5-21093.wav
5.90347004,-7.43529654,Mono_Continuous,RAT,C:\TCC\Reproduzir_artigo\data\GUITAR-FX\Mono_Continuous\Audio\RAT\G91-59500-RAT-D8.1F7.8-21113.wav
-1.62349641,2.68760681,Mono_Continuous,RAT,C:\TCC\Reproduzir_artigo\data\GUITAR-FX\Mono_Continuous\Audio\RAT\G91-62312-RAT-D8.7F9.6-21099.wav
2.79317498,0.96539289,Mono_Continuous,RAT,C:\TCC\Reproduzir_artigo\data\GUITAR-FX\Mono_Continuous\Audio\RAT\G91-64409-RAT-D6.2F7.8-21109.wav
5.91607952,-1.94133627,Mono_Continuous,RAT,C:\TCC\Reproduzir_artigo\data\GUITAR-FX\Mono_Continuous\Audio\RAT\G91-64409-RAT-D7.5F4-21109.wav
13.11518764,-4.12237501,Mono_Continuous,RAT,C:\TCC\Reproduzir_artigo\data\GUITAR-FX\Mono_Continuous\Audio\RAT\G91-66507-RAT-D8.8F3-21120.wav
12.34332275,0.25065142,Mono_Continuous,RAT,C:\TCC\Reproduzir_artigo\data\GUITAR-FX\Mono_Continuous\Audio\RAT\G91-67508-RAT-D3.7F7.7-21121.wav
14.18509579,-3.61326218,Mono_Continuous,RAT,C:\TCC\Reproduzir_artigo\data\GUITAR-FX\Mono_Continuous\Audio\RAT\G91-67603-RAT-D8.4F4.3-21129.wav
13.74911022,-2.71143818,Mono_Continuous,RAT,C:\TCC\Reproduzir_artigo\data\GUITAR-FX\Mono_Continuous\Audio\RAT\G91-67603-RAT-D9F3.7-21129.wav
15.91928387,-0.75234199,Mono_Continuous,RAT,C:\TCC\Reproduzir_artigo\data\GUITAR-FX\Mono_Continuous\Audio\RAT\G91-70511-RAT-D4.9F1.1-21124.wav
14.20407963,1.60482216,Mono_Continuous,RAT,C:\TCC\Reproduzir_artigo\data\GUITAR-FX\Mono_Continuous\Audio\RAT\G91-71512-RAT-D2.6F5-21125.wav
14.75866413,5.16322613,Mono_Continuous,RAT,C:\TCC\Reproduzir_artigo\data\GUITAR-FX\Mono_Continuous\Audio\RAT\G91-72608-RAT-D2.1F9.1-21134.wav
13.63816738,2.89791632,Mono_Continuous,RAT,C:\TCC\Reproduzir_artigo\data\GUITAR-FX\Mono_Continuous\Audio\RAT\G91-76612-RAT-D4.6F7.5-21138.wav
-12.80064106,-5.79562235,Mono_Continuous,RAT,C:\TCC\Reproduzir_artigo\data\GUITAR-FX\Mono_Continuous\Audio\RAT\G93-44104-RAT-D5.8F6-21143.wav
-10.88922310,-6.80822277,Mono_Continuous,RAT,C:\TCC\Reproduzir_artigo\data\GUITAR-FX\Mono_Continuous\Audio\RAT\G93-45200-RAT-D5.3F2.1-21152.wav
-2.93231201,-10.23727798,Mono_Continuous,RAT,C:\TCC\Reproduzir_artigo\data\GUITAR-FX\Mono_Continuous\Audio\RAT\G93-46201-RAT-D5F0.6-21153.wav
-9.76035500,-5.98983908,Mono_Continuous,RAT,C:\TCC\Reproduzir_artigo\data\GUITAR-FX\Mono_Continuous\Audio\RAT\G93-50205-RAT-D5.9F4.7-21157.wav
-3.48372650,-7.17791510,Mono_Continuous,RAT,C:\TCC\Reproduzir_artigo\data\GUITAR-FX\Mono_Continuous\Audio\RAT\G93-51301-RAT-D3F0.6-21166.wav
2.25583982,-10.37820339,Mono_Continuous,RAT,C:\TCC\Reproduzir_artigo\data\GUITAR-FX\Mono_Continuous\Audio\RAT\G93-51301-RAT-D9.6F4.2-21166.wav
-11.27310467,3.57413411,Mono_Continuous,RAT,C:\TCC\Reproduzir_artigo\data\GUITAR-FX\Mono_Continuous\Audio\RAT\G93-52112-RAT-D2.2F9.3-21151.wav
-10.56733513,1.59044778,Mono_Continuous,RAT,C:\TCC\Reproduzir_artigo\data\GUITAR-FX\Mono_Continuous\Audio\RAT\G93-52112-RAT-D2.5F4.1-21151.wav
-6.94350672,-7.75352669,Mono_Continuous,RAT,C:\TCC\Reproduzir_artigo\data\GUITAR-FX\Mono_Continuous\Audio\RAT\G93-52112-RAT-D6.2F3.4-21151.wav
-6.97978210,-5.12849808,Mono_Continuous,RAT,C:\TCC\Reproduzir_artigo\data\GUITAR-FX\Mono_Continuous\Audio\RAT\G93-52207-RAT-D6.9F6.9-21159.wav
-7.25537157,-4.26555586,Mono_Continuous,RAT,C:\TCC\Reproduzir_artigo\data\GUITAR-FX\Mono_Continuous\Audio\RAT\G93-54209-RAT-D5.3F4.2-21161.wav
-4.68441010,-6.66668510,Mono_Continuous,RAT,C:\TCC\Reproduzir_artigo\data\GUITAR-FX\Mono_Continuous\Audio\RAT\G93-55305-RAT-D9.2F4-21170.wav
-4.84371471,-3.32695198,Mono_Continuous,RAT,C:\TCC\Reproduzir_artigo\data\GUITAR-FX\Mono_Continuous\Audio\RAT\G93-56306-RAT-D5.3F9.2-21171.wav
3.65738797,-7.37798166,Mono_Continuous,RAT,C:\TCC\Reproduzir_artigo\data\GUITAR-FX\Mono_Continuous\Audio\RAT\G93-57402-RAT-D5F6.2-21180.wav
7.20677280,-11.21229458,Mono_Continuous,RAT,C:\TCC\Reproduzir_artigo\data\GUITAR-FX\Mono_Continuous\Audio\RAT\G93-58403-RAT-D7.1F3.8-21181.wav
-0.71635884,-5.15802765,Mono_Continuous,RAT,C:\TCC\Reproduzir_artigo\data\GUITAR-FX\Mono_Continuous\Audio\RAT\G93-59404-RAT-D3.7F5-21182.wav
9.33759975,-6.23751307,Mono_Continuous,RAT,C:\TCC\Reproduzir_artigo\data\GUITAR-FX\Mono_Continuous\Audio\RAT\G93-60501-RAT-D9.5F5.5-21192.wav
8.72067261,-1.67973220,Mono_Continuous,RAT,C:\TCC\Reproduzir_artigo\data\GUITAR-FX\Mono_Continuous\Audio\RAT\G93-62503-RAT-D3F6.7-21194.wav
7.04135895,-2.26403117,Mono_Continuous,RAT,C:\TCC\Reproduzir_artigo\data\GUITAR-FX\Mono_Continuous\Audio\RAT\G93-63408-RAT-D3F0.2-21186.wav
5.70759916,-1.12696624,Mono_Continuous,RAT,C:\TCC\Reproduzir_artigo\data\GUITAR-FX\Mono_Continuous\Audio\RAT\G93-65410-RAT-D7.2F6.4-21188.wav
9.98905182,-0.03326170,Mono_Continuous,RAT,C:\TCC\Reproduzir_artigo\data\GUITAR-FX\Mono_Continuous\Audio\RAT\G93-65506-RAT-D4.9F4.2-21197.wav
8.48157883,-1.69940543,Mono_Continuous,RAT,C:\TCC\Reproduzir_artigo\data\GUITAR-FX\Mono_Continuous\Audio\RAT\G93-66411-RAT-D4.9F8.4-21189.wav
11.53423882,-4.63318396,Mono_Continuous,RAT,C:\TCC\Reproduzir_artigo\data\GUITAR-FX\Mono_Continuous\Audio\RAT\G93-67508-RAT-D10F0.1-21199.wav
13.65265274,-1.42404413,Mono_Continuous,RAT,C:\TCC\Reproduzir_artigo\data\GUITAR-FX\Mono_Continuous\Audio\RAT\G93-69510-RAT-D8.6F8.3-21201.wav
16.31313705,-1.22308767,Mono_Continuous,RAT,C:\TCC\Reproduzir_artigo\data\GUITAR-FX\Mono_Continuous\Audio\RAT\G93-70606-RAT-D7.5F7.9-21210.wav
16.45362854,-3.55114388,Mono_Continuous,RAT,C:\TCC\Reproduzir_artigo\data\GUITAR-FX\Mono_Continuous\Audio\RAT\G93-70606-RAT-D7F1.1-21210.wav
15.56672955,-0.68394983,Mono_Continuous,RAT,C:\TCC\Reproduzir_artigo\data\GUITAR-FX\Mono_Continuous\Audio\RAT\G93-72608-RAT-D8.1F4.2-21212.wav
13.49518967,-0.57686037,Mono_Continuous,RAT,C:\TCC\Reproduzir_artigo\data\GUITAR-FX\Mono_Continuous\Audio\RAT\G93-73609-RAT-D8.9F7.7-21213.wav
10.41293716,-0.53039873,Mono_Continuous,RAT,C:\TCC\Reproduzir_artigo\data\GUITAR-FX\Mono_Continuous\Audio\RAT\G93-74610-RAT-D8.4F9.2-21214.wav
-13.49449158,-5.22445726,Mono_Continuous,RBM,C:\TCC\Reproduzir_artigo\data\GUITAR-FX\Mono_Continuous\Audio\RBM\G61-41101-RBM-T4S9.5-20594.wav
-12.64951897,-7.55554390,Mono_Continuous,RBM,C:\TCC\Reproduzir_artigo\data\GUITAR-FX\Mono_Continuous\Audio\RBM\G61-41101-RBM-T8.7S9.2-20594.wav
-13.94995785,-2.57884693,Mono_Continuous,RBM,C:\TCC\Reproduzir_artigo\data\GUITAR-FX\Mono_Continuous\Audio\RBM\G61-43103-RBM-T2.7S6.4-20596.wav
-14.58425140,-0.56955898,Mono_Continuous,RBM,C:\TCC\Reproduzir_artigo\data\GUITAR-FX\Mono_Continuous\Audio\RBM\G61-44104-RBM-T2.8S4.5-20597.wav
-12.76807117,-5.08730459,Mono_Continuous,RBM,C:\TCC\Reproduzir_artigo\data\GUITAR-FX\Mono_Continuous\Audio\RBM\G61-48108-RBM-T6.9S9.1-20601.wav
-10.50382042,-6.78400612,Mono_Continuous,RBM,C:\TCC\Reproduzir_artigo\data\GUITAR-FX\Mono_Continuous\Audio\RBM\G61-48108-RBM-T7.6S3-20601.wav
-10.29741287,-8.79530430,Mono_Continuous,RBM,C:\TCC\Reproduzir_artigo\data\GUITAR-FX\Mono_Continuous\Audio\RBM\G61-48203-RBM-T9.7S7.3-20609.wav
-11.23598194,-4.55963993,Mono_Continuous,RBM,C:\TCC\Reproduzir_artigo\data\GUITAR-FX\Mono_Continuous\Audio\RBM\G61-49109-RBM-T5.9S4.7-20602.wav
-9.57772732,-3.27037120,Mono_Continuous,RBM,C:\TCC\Reproduzir_artigo\data\GUITAR-FX\Mono_Continuous\Audio\RBM\G61-49204-RBM-T3.6S9.4-20610.wav
-10.78673363,-1.56369364,Mono_Continuous,RBM,C:\TCC\Reproduzir_artigo\data\GUITAR-FX\Mono_Continuous\Audio\RBM\G61-50205-RBM-T0S6.1-20611.wav
-10.24427795,-5.12271023,Mono_Continuous,RBM,C:\TCC\Reproduzir_artigo\data\GUITAR-FX\Mono_Continuous\Audio\RBM\G61-50205-RBM-T6S5.6-20611.wav
-3.36457729,-7.20229101,Mono_Continuous,RBM,C:\TCC\Reproduzir_artigo\data\GUITAR-FX\Mono_Continuous\Audio\RBM\G61-53303-RBM-T8.6S6.7-20622.wav
-9.19896126,-1.71393168,Mono_Continuous,RBM,C:\TCC\Reproduzir_artigo\data\GUITAR-FX\Mono_Continuous\Audio\RBM\G61-54304-RBM-T0.6S8.1-20623.wav
-5.99896479,1.04294932,Mono_Continuous,RBM,C:\TCC\Reproduzir_artigo\data\GUITAR-FX\Mono_Continuous\Audio\RBM\G61-55305-RBM-T0.3S2-20624.wav
-0.55503529,-5.66178560,Mono_Continuous,RBM,C:\TCC\Reproduzir_artigo\data\GUITAR-FX\Mono_Continuous\Audio\RBM\G61-56306-RBM-T6.7S8.4-20625.wav
-2.24138117,-3.10219812,Mono_Continuous,RBM,C:\TCC\Reproduzir_artigo\data\GUITAR-FX\Mono_Continuous\Audio\RBM\G61-56401-RBM-T2.3S5.4-20633.wav
0.00962997,0.79559535,Mono_Continuous,RBM,C:\TCC\Reproduzir_artigo\data\GUITAR-FX\Mono_Continuous\Audio\RBM\G61-58308-RBM-T1S4.5-20627.wav
1.35304523,-1.98791897,Mono_Continuous,RBM,C:\TCC\Reproduzir_artigo\data\GUITAR-FX\Mono_Continuous\Audio\RBM\G61-58308-RBM-T6.3S8.6-20627.wav
3.52759242,-6.19881678,Mono_Continuous,RBM,C:\TCC\Reproduzir_artigo\data\GUITAR-FX\Mono_Continuous\Audio\RBM\G61-59309-RBM-T9.1S2.6-20628.wav
0.07884603,1.71892774,Mono_Continuous,RBM,C:\TCC\Reproduzir_artigo\data\GUITAR-FX\Mono_Continuous\Audio\RBM\G61-59500-RBM-T0.5S4.2-20645.wav
-1.16313303,-2.09095621,Mono_Continuous,RBM,C:\TCC\Reproduzir_artigo\data\GUITAR-FX\Mono_Continuous\Audio\RBM\G61-60405-RBM-T1.4S7.7-20637.wav
3.13663554,0.15614258,Mono_Continuous,RBM,C:\TCC\Reproduzir_artigo\data\GUITAR-FX\Mono_Continuous\Audio\RBM\G61-62503-RBM-T1S7.3-20648.wav
6.49843979,-1.65724599,Mono_Continuous,RBM,C:\TCC\Reproduzir_artigo\data\GUITAR-FX\Mono_Continuous\Audio\RBM\G61-63408-RBM-T0.8S9.5-20640.wav
10.31358051,-3.61254764,Mono_Continuous,RBM,C:\TCC\Reproduzir_artigo\data\GUITAR-FX\Mono_Continuous\Audio\RBM\G61-64409-RBM-T7.1S6-20641.wav
14.57689857,-3.73726678,Mono_Continuous,RBM,C:\TCC\Reproduzir_artigo\data\GUITAR-FX\Mono_Continuous\Audio\RBM\G61-64600-RBM-T9.3S3.9-20658.wav
8.26134586,-1.00056756,Mono_Continuous,RBM,C:\TCC\Reproduzir_artigo\data\GUITAR-FX\Mono_Continuous\Audio\RBM\G61-65506-RBM-T3.8S8-20651.wav
10.32462883,-3.83471107,Mono_Continuous,RBM,C:\TCC\Reproduzir_artigo\data\GUITAR-FX\Mono_Continuous\Audio\RBM\G61-65601-RBM-T8.2S3.4-20659.wav
12.02116585,-2.75435233,Mono_Continuous,RBM,C:\TCC\Reproduzir_artigo\data\GUITAR-FX\Mono_Continuous\Audio\RBM\G61-66507-RBM-T6.9S6.8-20652.wav
8.13378143,-0.50291282,Mono_Continuous,RBM,C:\TCC\Reproduzir_artigo\data\GUITAR-FX\Mono_Continuous\Audio\RBM\G61-66602-RBM-T3.3S9-20660.wav
9.17764091,-1.00188088,Mono_Continuous,RBM,C:\TCC\Reproduzir_artigo\data\GUITAR-FX\Mono_Continuous\Audio\RBM\G61-68509-RBM-T4.1S5.6-20654.wav
14.33130836,-0.02071198,Mono_Continuous,RBM,C:\TCC\Reproduzir_artigo\data\GUITAR-FX\Mono_Continuous\Audio\RBM\G61-69510-RBM-T8.7S2.3-20655.wav
8.17979050,4.12569284,Mono_Continuous,RBM,C:\TCC\Reproduzir_artigo\data\GUITAR-FX\Mono_Continuous\Audio\RBM\G61-69605-RBM-T0S6.9-20663.wav
14.92306995,-0.93397593,Mono_Continuous,RBM,C:\TCC\Reproduzir_artigo\data\GUITAR-FX\Mono_Continuous\Audio\RBM\G61-71512-RBM-T9.7S9-20657.wav
11.53930283,4.09279442,Mono_Continuous,RBM,C:\TCC\Reproduzir_artigo\data\GUITAR-FX\Mono_Continuous\Audio\RBM\G61-75611-RBM-T2.8S4.7-20669.wav
-15.91135597,-6.23101807,Mono_Continuous,RBM,C:\TCC\Reproduzir_artigo\data\GUITAR-FX\Mono_Continuous\Audio\RBM\G63-41101-RBM-T8.6S7.8-20672.wav
-16.25299072,-5.91494846,Mono_Continuous,RBM,C:\TCC\Reproduzir_artigo\data\GUITAR-FX\Mono_Continuous\Audio\RBM\G63-43103-RBM-T6.3S9.1-20674.wav
-14.82198048,-6.60947752,Mono_Continuous,RBM,C:\TCC\Reproduzir_artigo\data\GUITAR-FX\Mono_Continuous\Audio\RBM\G63-45105-RBM-T6.6S8.4-20676.wav
-14.27992153,-4.70574427,Mono_Continuous,RBM,C:\TCC\Reproduzir_artigo\data\GUITAR-FX\Mono_Continuous\Audio\RBM\G63-45105-RBM-T8.3S2.7-20676.wav
-14.51952076,-6.13436556,Mono_Continuous,RBM,C:\TCC\Reproduzir_artigo\data\GUITAR-FX\Mono_Continuous\Audio\RBM\G63-46201-RBM-T6S6.2-20685.wav
-8.57222939,-5.05023670,Mono_Continuous,RBM,C:\TCC\Reproduzir_artigo\data\GUITAR-FX\Mono_Continuous\Audio\RBM\G63-49109-RBM-T2.1S9.8-20680.wav
-6.49404430,-4.40861464,Mono_Continuous,RBM,C:\TCC\Reproduzir_artigo\data\GUITAR-FX\Mono_Continuous\Audio\RBM\G63-52207-RBM-T8.1S2.5-20691.wav
-5.95438862,-6.13788033,Mono_Continuous,RBM,C:\TCC\Reproduzir_artigo\data\GUITAR-FX\Mono_Continuous\Audio\RBM\G63-53303-RBM-T9.1S3.6-20700.wav
-4.66880846,-0.32405764,Mono_Continuous,RBM,C:\TCC\Reproduzir_artigo\data\GUITAR-FX\Mono_Continuous\Audio\RBM\G63-55305-RBM-T0.9S2.9-20702.wav
-5.34821701,-2.03686976,Mono_Continuous,RBM,C:\TCC\Reproduzir_artigo\data\GUITAR-FX\Mono_Continuous\Audio\RBM\G63-57307-RBM-T3.5S8.7-20704.wav
-2.22491574,0.22375247,Mono_Continuous,RBM,C:\TCC\Reproduzir_artigo\data\GUITAR-FX\Mono_Continuous\Audio\RBM\G63-58308-RBM-T1.9S4.9-20705.wav
3.81340408,-10.12930775,Mono_Continuous,RBM,C:\TCC\Reproduzir_artigo\data\GUITAR-FX\Mono_Continuous\Audio\RBM\G63-58403-RBM-T8.9S8.9-20713.wav
-4.15443039,-0.43744940,Mono_Continuous,RBM,C:\TCC\Reproduzir_artigo\data\GUITAR-FX\Mono_Continuous\Audio\RBM\G63-59404-RBM-T2.4S7.5-20714.wav
4.34529018,-7.55787992,Mono_Continuous,RBM,C:\TCC\Reproduzir_artigo\data\GUITAR-FX\Mono_Continuous\Audio\RBM\G63-59500-RBM-T7.5S7.2-20723.wav
6.50325966,-5.75493860,Mono_Continuous,RBM,C:\TCC\Reproduzir_artigo\data\GUITAR-FX\Mono_Continuous\Audio\RBM\G63-61311-RBM-T4.6S7.4-20708.wav
3.48622990,-1.14010262,Mono_Continuous,RBM,C:\TCC\Reproduzir_artigo\data\GUITAR-FX\Mono_Continuous\Audio\RBM\G63-61406-RBM-T0.4S4.7-20716.wav
6.78997087,-5.76694536,Mono_Continuous,RBM,C:\TCC\Reproduzir_artigo\data\GUITAR-FX\Mono_Continuous\Audio\RBM\G63-61406-RBM-T8.3S4.5-20716.wav
4.51186848,-2.58422065,Mono_Continuous,RBM,C:\TCC\Reproduzir_artigo\data\GUITAR-FX\Mono_Continuous\Audio\RBM\G63-61502-RBM-T3.1S2.3-20725.wav
8.10349751,-7.06439543,Mono_Continuous,RBM,C:\TCC\Reproduzir_artigo\data\GUITAR-FX\Mono_Continuous\Audio\RBM\G63-61502-RBM-T9S5.6-20725.wav
2.25564456,-0.49746415,Mono_Continuous,RBM,C:\TCC\Reproduzir_artigo\data\GUITAR-FX\Mono_Continuous\Audio\RBM\G63-62407-RBM-T3.5S8.7-20717.wav
7.09912682,-0.01934501,Mono_Continuous,RBM,C:\TCC\Reproduzir_artigo\data\GUITAR-FX\Mono_Continuous\Audio\RBM\G63-63408-RBM-T0.8S3.2-20718.wav
6.04754114,-1.55504763,Mono_Continuous,RBM,C:\TCC\Reproduzir_artigo\data\GUITAR-FX\Mono_Continuous\Audio\RBM\G63-63408-RBM-T1.9S8.7-20718.wav
5.43404770,-0.47386387,Mono_Continuous,RBM,C:\TCC\Reproduzir_artigo\data\GUITAR-FX\Mono_Continuous\Audio\RBM\G63-64409-RBM-T5.5S9.9-20719.wav
7.74280453,-0.62989789,Mono_Continuous,RBM,C:\TCC\Reproduzir_artigo\data\GUITAR-FX\Mono_Continuous\Audio\RBM\G63-64505-RBM-T3.8S6-20728.wav
11.07144547,-3.47126603,Mono_Continuous,RBM,C:\TCC\Reproduzir_artigo\data\GUITAR-FX\Mono_Continuous\Audio\RBM\G63-64600-RBM-T7.3S4-20736.wav
5.29104805,2.08128357,Mono_Continuous,RBM,C:\TCC\Reproduzir_artigo\data\GUITAR-FX\Mono_Continuous\Audio\RBM\G63-67603-RBM-T6S4.7-20739.wav
8.82611752,-0.61300677,Mono_Continuous,RBM,C:\TCC\Reproduzir_artigo\data\GUITAR-FX\Mono_Continuous\Audio\RBM\G63-67603-RBM-T9.1S3.9-20739.wav
-14.66229725,-6.89457035,Mono_Continuous,RBM,C:\TCC\Reproduzir_artigo\data\GUITAR-FX\Mono_Continuous\Audio\RBM\G71-40100-RBM-T8.7S6.3-20749.wav
-15.12145805,-4.16608524,Mono_Continuous,RBM,C:\TCC\Reproduzir_artigo\data\GUITAR-FX\Mono_Continuous\Audio\RBM\G71-42102-RBM-T0.8S4-20751.wav
-13.32077885,-4.28920364,Mono_Continuous,RBM,C:\TCC\Reproduzir_artigo\data\GUITAR-FX\Mono_Continuous\Audio\RBM\G71-45105-RBM-T2.4S2.2-20754.wav
-12.78497505,-5.32899094,Mono_Continuous,RBM,C:\TCC\Reproduzir_artigo\data\GUITAR-FX\Mono_Continuous\Audio\RBM\G71-45200-RBM-T0.8S7.3-20762.wav
-8.06196976,-6.00638533,Mono_Continuous,RBM,C:\TCC\Reproduzir_artigo\data\GUITAR-FX\Mono_Continuous\Audio\RBM\G71-48203-RBM-T1.5S3.7-20765.wav
-8.71646500,-8.45604706,Mono_Continuous,RBM,C:\TCC\Reproduzir_artigo\data\GUITAR-FX\Mono_Continuous\Audio\RBM\G71-48203-RBM-T6.5S6.1-20765.wav
-7.89351606,-8.43209267,Mono_Continuous,RBM,C:\TCC\Reproduzir_artigo\data\GUITAR-FX\Mono_Continuous\Audio\RBM\G71-49204-RBM-T4.2S6.5-20766.wav
-7.69571018,-4.83265352,Mono_Continuous,RBM,C:\TCC\Reproduzir_artigo\data\GUITAR-FX\Mono_Continuous\Audio\RBM\G71-50300-RBM-T1.1S2.6-20775.wav
-5.90812588,-7.20452070,Mono_Continuous,RBM,C:\TCC\Reproduzir_artigo\data\GUITAR-FX\Mono_Continuous\Audio\RBM\G71-51206-RBM-T6.1S3.9-20768.wav
-5.59948683,-7.49501085,Mono_Continuous,RBM,C:\TCC\Reproduzir_artigo\data\GUITAR-FX\Mono_Continuous\Audio\RBM\G71-51206-RBM-T7.8S3.1-20768.wav
-7.28397417,-7.37313461,Mono_Continuous,RBM,C:\TCC\Reproduzir_artigo\data\GUITAR-FX\Mono_Continuous\Audio\RBM\G71-51301-RBM-T9.8S5-20776.wav
-8.32363892,-5.11261940,Mono_Continuous,RBM,C:\TCC\Reproduzir_artigo\data\GUITAR-FX\Mono_Continuous\Audio\RBM\G71-52207-RBM-T6S9.4-20769.wav
-6.08204412,-6.76065969,Mono_Continuous,RBM,C:\TCC\Reproduzir_artigo\data\GUITAR-FX\Mono_Continuous\Audio\RBM\G71-52207-RBM-T9.5S5-20769.wav
-11.27416134,0.78028798,Mono_Continuous,RBM,C:\TCC\Reproduzir_artigo\data\GUITAR-FX\Mono_Continuous\Audio\RBM\G71-52302-RBM-T0.8S6.2-20777.wav
-4.85900021,-5.03311586,Mono_Continuous,RBM,C:\TCC\Reproduzir_artigo\data\GUITAR-FX\Mono_Continuous\Audio\RBM\G71-55305-RBM-T5.5S10-20780.wav
-4.31087875,-7.60836172,Mono_Continuous,RBM,C:\TCC\Reproduzir_artigo\data\GUITAR-FX\Mono_Continuous\Audio\RBM\G71-55400-RBM-T4.1S2.3-20788.wav
-1.69650483,-9.38289165,Mono_Continuous,RBM,C:\TCC\Reproduzir_artigo\data\GUITAR-FX\Mono_Continuous\Audio\RBM\G71-55400-RBM-T9.9S8.8-20788.wav
-6.43681192,2.13671637,Mono_Continuous,RBM,C:\TCC\Reproduzir_artigo\data\GUITAR-FX\Mono_Continuous\Audio\RBM\G71-57307-RBM-T1.1S7.8-20782.wav
-2.39297748,-4.23804188,Mono_Continuous,RBM,C:\TCC\Reproduzir_artigo\data\GUITAR-FX\Mono_Continuous\Audio\RBM\G71-57402-RBM-T2.2S5.3-20790.wav
1.85573149,-3.25547671,Mono_Continuous,RBM,C:\TCC\Reproduzir_artigo\data\GUITAR-FX\Mono_Continuous\Audio\RBM\G71-58403-RBM-T1.6S8.2-20791.wav
-0.73891646,-0.75079978,Mono_Continuous,RBM,C:\TCC\Reproduzir_artigo\data\GUITAR-FX\Mono_Continuous\Audio\RBM\G71-59309-RBM-T3.1S4.7-20784.wav
-0.62649924,-3.96231675,Mono_Continuous,RBM,C:\TCC\Reproduzir_artigo\data\GUITAR-FX\Mono_Continuous\Audio\RBM\G71-60405-RBM-T5.1S5.1-20793.wav
4.93058491,-3.57797289,Mono_Continuous,RBM,C:\TCC\Reproduzir_artigo\data\GUITAR-FX\Mono_Continuous\Audio\RBM\G71-61406-RBM-T5.4S2.5-20794.wav
1.89157295,-4.33326864,Mono_Continuous,RBM,C:\TCC\Reproduzir_artigo\data\GUITAR-FX\Mono_Continuous\Audio\RBM\G71-62407-RBM-T6.6S8-20795.wav
9.57230282,-3.30543375,Mono_Continuous,RBM,C:\TCC\Reproduzir_artigo\data\GUITAR-FX\Mono_Continuous\Audio\RBM\G71-63504-RBM-T4.5S3.8-20805.wav
6.36088228,0.58066279,Mono_Continuous,RBM,C:\TCC\Reproduzir_artigo\data\GUITAR-FX\Mono_Continuous\Audio\RBM\G71-64409-RBM-T1.4S5.6-20797.wav
9.85199928,0.06050778,Mono_Continuous,RBM,C:\TCC\Reproduzir_artigo\data\GUITAR-FX\Mono_Continuous\Audio\RBM\G71-64505-RBM-T0.8S4.2-20806.wav
13.61603642,-2.28007841,Mono_Continuous,RBM,C:\TCC\Reproduzir_artigo\data\GUITAR-FX\Mono_Continuous\Audio\RBM\G71-64600-RBM-T7.5S5.4-20814.wav
14.45063877,-1.30349672,Mono_Continuous,RBM,C:\TCC\Reproduzir_artigo\data\GUITAR-FX\Mono_Continuous\Audio\RBM\G71-65601-RBM-T8.2S6.7-20815.wav
9.13097286,-0.59420925,Mono_Continuous,RBM,C:\TCC\Reproduzir_artigo\data\GUITAR-FX\Mono_Continuous\Audio\RBM\G71-66411-RBM-T3.3S5.7-20799.wav
12.85513496,-0.50370812,Mono_Continuous,RBM,C:\TCC\Reproduzir_artigo\data\GUITAR-FX\Mono_Continuous\Audio\RBM\G71-67603-RBM-T8.9S6.7-20817.wav
13.24271297,-2.03038430,Mono_Continuous,RBM,C:\TCC\Reproduzir_artigo\data\GUITAR-FX\Mono_Continuous\Audio\RBM\G71-67603-RBM-T9.7S8.8-20817.wav
15.27254963,1.33289707,Mono_Continuous,RBM,C:\TCC\Reproduzir_artigo\data\GUITAR-FX\Mono_Continuous\Audio\RBM\G71-69605-RBM-T7.3S5.3-20819.wav
16.77026939,0.73408061,Mono_Continuous,RBM,C:\TCC\Reproduzir_artigo\data\GUITAR-FX\Mono_Continuous\Audio\RBM\G71-70606-RBM-T9.4S5.4-20820.wav
9.25574017,1.01304889,Mono_Continuous,RBM,C:\TCC\Reproduzir_artigo\data\GUITAR-FX\Mono_Continuous\Audio\RBM\G71-71512-RBM-T3.1S8.1-20813.wav
12.44260788,2.49452758,Mono_Continuous,RBM,C:\TCC\Reproduzir_artigo\data\GUITAR-FX\Mono_Continuous\Audio\RBM\G71-71607-RBM-T3.7S2.6-20821.wav
9.89396381,2.60360980,Mono_Continuous,RBM,C:\TCC\Reproduzir_artigo\data\GUITAR-FX\Mono_Continuous\Audio\RBM\G71-73609-RBM-T1.5S8.3-20823.wav
10.51957607,6.31252527,Mono_Continuous,RBM,C:\TCC\Reproduzir_artigo\data\GUITAR-FX\Mono_Continuous\Audio\RBM\G71-74610-RBM-T2.6S8.3-20824.wav
14.33050632,3.28178144,Mono_Continuous,RBM,C:\TCC\Reproduzir_artigo\data\GUITAR-FX\Mono_Continuous\Audio\RBM\G71-76612-RBM-T7.3S9.3-20826.wav
14.78512764,1.99187863,Mono_Continuous,RBM,C:\TCC\Reproduzir_artigo\data\GUITAR-FX\Mono_Continuous\Audio\RBM\G71-76612-RBM-T9.6S4.2-20826.wav
-11.31669807,-7.33952665,Mono_Continuous,RBM,C:\TCC\Reproduzir_artigo\data\GUITAR-FX\Mono_Continuous\Audio\RBM\G73-48108-RBM-T3.1S6.5-20835.wav
-10.79029942,-5.41767120,Mono_Continuous,RBM,C:\TCC\Reproduzir_artigo\data\GUITAR-FX\Mono_Continuous\Audio\RBM\G73-50205-RBM-T5.6S7.8-20845.wav
-6.37487268,-5.95823956,Mono_Continuous,RBM,C:\TCC\Reproduzir_artigo\data\GUITAR-FX\Mono_Continuous\Audio\RBM\G73-50300-RBM-T0.7S2.2-20853.wav
-9.77053165,-4.53720856,Mono_Continuous,RBM,C:\TCC\Reproduzir_artigo\data\GUITAR-FX\Mono_Continuous\Audio\RBM\G73-51206-RBM-T7.3S8.4-20846.wav
-8.64729595,-4.22918081,Mono_Continuous,RBM,C:\TCC\Reproduzir_artigo\data\GUITAR-FX\Mono_Continuous\Audio\RBM\G73-51206-RBM-T7.6S2.5-20846.wav
-6.26145554,-4.77879810,Mono_Continuous,RBM,C:\TCC\Reproduzir_artigo\data\GUITAR-FX\Mono_Continuous\Audio\RBM\G73-52302-RBM-T0.2S4.8-20855.wav
-5.59882641,-5.91886091,Mono_Continuous,RBM,C:\TCC\Reproduzir_artigo\data\GUITAR-FX\Mono_Continuous\Audio\RBM\G73-53208-RBM-T9.3S7-20848.wav
-7.31095934,-6.22024488,Mono_Continuous,RBM,C:\TCC\Reproduzir_artigo\data\GUITAR-FX\Mono_Continuous\Audio\RBM\G73-53303-RBM-T2.1S7.7-20856.wav
-3.02991486,-8.67966652,Mono_Continuous,RBM,C:\TCC\Reproduzir_artigo\data\GUITAR-FX\Mono_Continuous\Audio\RBM\G73-54304-RBM-T8.5S5.3-20857.wav
-1.92810190,-5.16251087,Mono_Continuous,RBM,C:\TCC\Reproduzir_artigo\data\GUITAR-FX\Mono_Continuous\Audio\RBM\G73-57402-RBM-T1.4S3.4-20868.wav
-2.33379388,-3.26496387,Mono_Continuous,RBM,C:\TCC\Reproduzir_artigo\data\GUITAR-FX\Mono_Continuous\Audio\RBM\G73-58308-RBM-T1.8S6.1-20861.wav
-1.35029590,-3.82750010,Mono_Continuous,RBM,C:\TCC\Reproduzir_artigo\data\GUITAR-FX\Mono_Continuous\Audio\RBM\G73-59500-RBM-T1S9.7-20879.wav
0.36575288,-5.63687038,Mono_Continuous,RBM,C:\TCC\Reproduzir_artigo\data\GUITAR-FX\Mono_Continuous\Audio\RBM\G73-59500-RBM-T6.4S2.8-20879.wav
3.07800269,-3.22334743,Mono_Continuous,RBM,C:\TCC\Reproduzir_artigo\data\GUITAR-FX\Mono_Continuous\Audio\RBM\G73-61406-RBM-T5.1S3.9-20872.wav
4.79765129,-3.33726597,Mono_Continuous,RBM,C:\TCC\Reproduzir_artigo\data\GUITAR-FX\Mono_Continuous\Audio\RBM\G73-61502-RBM-T2.8S5.2-20881.wav
6.03751945,-4.25286341,Mono_Continuous,RBM,C:\TCC\Reproduzir_artigo\data\GUITAR-FX\Mono_Continuous\Audio\RBM\G73-62503-RBM-T7.7S4-20882.wav
5.37592125,-3.04999304,Mono_Continuous,RBM,C:\TCC\Reproduzir_artigo\data\GUITAR-FX\Mono_Continuous\Audio\RBM\G73-64409-RBM-T5.9S7.7-20875.wav
7.01494646,-3.44423056,Mono_Continuous,RBM,C:\TCC\Reproduzir_artigo\data\GUITAR-FX\Mono_Continuous\Audio\RBM\G73-64409-RBM-T8.5S3.6-20875.wav
9.33283520,-2.37140632,Mono_Continuous,RBM,C:\TCC\Reproduzir_artigo\data\GUITAR-FX\Mono_Continuous\Audio\RBM\G73-66411-RBM-T6.7S4.2-20877.wav
13.68026543,-3.04095817,Mono_Continuous,RBM,C:\TCC\Reproduzir_artigo\data\GUITAR-FX\Mono_Continuous\Audio\RBM\G73-66602-RBM-T8S4.2-20894.wav
8.30398846,5.05883694,Mono_Continuous,RBM,C:\TCC\Reproduzir_artigo\data\GUITAR-FX\Mono_Continuous\Audio\RBM\G73-67603-RBM-T3.1S3.1-20895.wav
12.35608578,-0.95069903,Mono_Continuous,RBM,C:\TCC\Reproduzir_artigo\data\GUITAR-FX\Mono_Continuous\Audio\RBM\G73-68509-RBM-T7.5S4.1-20888.wav
9.11849403,2.24974179,Mono_Continuous,RBM,C:\TCC\Reproduzir_artigo\data\GUITAR-FX\Mono_Continuous\Audio\RBM\G73-69605-RBM-T2S8-20897.wav
14.08986855,-1.74950731,Mono_Continuous,RBM,C:\TCC\Reproduzir_artigo\data\GUITAR-FX\Mono_Continuous\Audio\RBM\G73-71512-RBM-T7.3S2.4-20891.wav
12.38812256,1.80798471,Mono_Continuous,RBM,C:\TCC\Reproduzir_artigo\data\GUITAR-FX\Mono_Continuous\Audio\RBM\G73-76612-RBM-T6.7S8-20904.wav
-14.92954731,-0.73018360,Mono_Continuous,RBM,C:\TCC\Reproduzir_artigo\data\GUITAR-FX\Mono_Continuous\Audio\RBM\G81-44104-RBM-T1.6S3.6-20909.wav
-14.64728642,-3.98011541,Mono_Continuous,RBM,C:\TCC\Reproduzir_artigo\data\GUITAR-FX\Mono_Continuous\Audio\RBM\G81-44104-RBM-T6.8S7.1-20909.wav
-13.94818592,-5.18275070,Mono_Continuous,RBM,C:\TCC\Reproduzir_artigo\data\GUITAR-FX\Mono_Continuous\Audio\RBM\G81-45105-RBM-T8.5S5.2-20910.wav
-12.33853817,-3.36496425,Mono_Continuous,RBM,C:\TCC\Reproduzir_artigo\data\GUITAR-FX\Mono_Continuous\Audio\RBM\G81-47107-RBM-T5.9S4.6-20912.wav
-9.44925022,-2.97683716,Mono_Continuous,RBM,C:\TCC\Reproduzir_artigo\data\GUITAR-FX\Mono_Continuous\Audio\RBM\G81-50300-RBM-T2.1S5.7-20931.wav
-8.07864761,-8.07308006,Mono_Continuous,RBM,C:\TCC\Reproduzir_artigo\data\GUITAR-FX\Mono_Continuous\Audio\RBM\G81-50300-RBM-T8.3S7.8-20931.wav
-8.51514721,-2.22144032,Mono_Continuous,RBM,C:\TCC\Reproduzir_artigo\data\GUITAR-FX\Mono_Continuous\Audio\RBM\G81-51206-RBM-T1.4S3.4-20924.wav
-10.41776466,-3.22039247,Mono_Continuous,RBM,C:\TCC\Reproduzir_artigo\data\GUITAR-FX\Mono_Continuous\Audio\RBM\G81-51301-RBM-T4.5S2.8-20932.wav
-7.94768715,0.77477199,Mono_Continuous,RBM,C:\TCC\Reproduzir_artigo\data\GUITAR-FX\Mono_Continuous\Audio\RBM\G81-54209-RBM-T0.7S2.7-20927.wav
-2.70045900,-5.57891035,Mono_Continuous,RBM,C:\TCC\Reproduzir_artigo\data\GUITAR-FX\Mono_Continuous\Audio\RBM\G81-56211-RBM-T9.9S7.3-20929.wav
-0.28970441,-6.74548388,Mono_Continuous,RBM,C:\TCC\Reproduzir_artigo\data\GUITAR-FX\Mono_Continuous\Audio\RBM\G81-56401-RBM-T8.8S2.4-20945.wav
-3.42415309,-2.22547817,Mono_Continuous,RBM,C:\TCC\Reproduzir_artigo\data\GUITAR-FX\Mono_Continuous\Audio\RBM\G81-57307-RBM-T6.2S6.4-20938.wav
-3.81323695,-4.21423531,Mono_Continuous,RBM,C:\TCC\Reproduzir_artigo\data\GUITAR-FX\Mono_Continuous\Audio\RBM\G81-57402-RBM-T3.7S8.6-20946.wav
-4.22124434,-0.07100955,Mono_Continuous,RBM,C:\TCC\Reproduzir_artigo\data\GUITAR-FX\Mono_Continuous\Audio\RBM\G81-59309-RBM-T0.2S3.2-20940.wav
-3.39203405,-1.05539060,Mono_Continuous,RBM,C:\TCC\Reproduzir_artigo\data\GUITAR-FX\Mono_Continuous\Audio\RBM\G81-60310-RBM-T0.2S8-20941.wav
0.73645127,-7.27009010,Mono_Continuous,RBM,C:\TCC\Reproduzir_artigo\data\GUITAR-FX\Mono_Continuous\Audio\RBM\G81-60310-RBM-T9.2S8.7-20941.wav
0.51359856,-2.66078591,Mono_Continuous,RBM,C:\TCC\Reproduzir_artigo\data\GUITAR-FX\Mono_Continuous\Audio\RBM\G81-60501-RBM-T1S9.7-20958.wav
2.80458283,-5.00100756,Mono_Continuous,RBM,C:\TCC\Reproduzir_artigo\data\GUITAR-FX\Mono_Continuous\Audio\RBM\G81-60501-RBM-T4.4S6.5-20958.wav
3.25032187,-5.01622963,Mono_Continuous,RBM,C:\TCC\Reproduzir_artigo\data\GUITAR-FX\Mono_Continuous\Audio\RBM\G81-60501-RBM-T4.5S5.8-20958.wav
1.51734519,-4.03442240,Mono_Continuous,RBM,C:\TCC\Reproduzir_artigo\data\GUITAR-FX\Mono_Continuous\Audio\RBM\G81-62407-RBM-T4.6S7.5-20951.wav
7.23653078,-3.72568679,Mono_Continuous,RBM,C:\TCC\Reproduzir_artigo\data\GUITAR-FX\Mono_Continuous\Audio\RBM\G81-63504-RBM-T2.3S3.9-20961.wav
9.93132019,-0.18479478,Mono_Continuous,RBM,C:\TCC\Reproduzir_artigo\data\GUITAR-FX\Mono_Continuous\Audio\RBM\G81-64505-RBM-T7.1S3.8-20962.wav
10.89253712,0.23077598,Mono_Continuous,RBM,C:\TCC\Reproduzir_artigo\data\GUITAR-FX\Mono_Continuous\Audio\RBM\G81-64600-RBM-T3S7.1-20970.wav
12.31023312,-3.09279633,Mono_Continuous,RBM,C:\TCC\Reproduzir_artigo\data\GUITAR-FX\Mono_Continuous\Audio\RBM\G81-64600-RBM-T7.7S2.9-20970.wav
4.72026777,2.80759382,Mono_Continuous,RBM,C:\TCC\Reproduzir_artigo\data\GUITAR-FX\Mono_Continuous\Audio\RBM\G81-65410-RBM-T0.2S2.2-20954.wav
5.58737564,0.66658169,Mono_Continuous,RBM,C:\TCC\Reproduzir_artigo\data\GUITAR-FX\Mono_Continuous\Audio\RBM\G81-65410-RBM-T3.5S3-20954.wav
10.81290627,-6.04278564,Mono_Continuous,RBM,C:\TCC\Reproduzir_artigo\data\GUITAR-FX\Mono_Continuous\Audio\RBM\G81-65601-RBM-T8.2S9.3-20971.wav
12.81966209,-2.79466891,Mono_Continuous,RBM,C:\TCC\Reproduzir_artigo\data\GUITAR-FX\Mono_Continuous\Audio\RBM\G81-66507-RBM-T9.6S8.7-20964.wav
4.50988388,3.20004511,Mono_Continuous,RBM,C:\TCC\Reproduzir_artigo\data\GUITAR-FX\Mono_Continuous\Audio\RBM\G81-67412-RBM-T0.1S4.8-20956.wav
8.87251377,-3.30349946,Mono_Continuous,RBM,C:\TCC\Reproduzir_artigo\data\GUITAR-FX\Mono_Continuous\Audio\RBM\G81-67412-RBM-T9.8S9.2-20956.wav
8.56285572,3.93611670,Mono_Continuous,RBM,C:\TCC\Reproduzir_artigo\data\GUITAR-FX\Mono_Continuous\Audio\RBM\G81-67603-RBM-T1.1S7.1-20973.wav
9.94997501,3.08878422,Mono_Continuous,RBM,C:\TCC\Reproduzir_artigo\data\GUITAR-FX\Mono_Continuous\Audio\RBM\G81-69605-RBM-T2.1S6-20975.wav
11.34459114,4.50458956,Mono_Continuous,RBM,C:\TCC\Reproduzir_artigo\data\GUITAR-FX\Mono_Continuous\Audio\RBM\G81-70606-RBM-T1.3S9.6-20976.wav
10.94526672,0.29546773,Mono_Continuous,RBM,C:\TCC\Reproduzir_artigo\data\GUITAR-FX\Mono_Continuous\Audio\RBM\G81-71607-RBM-T2.8S2.8-20977.wav
14.61334419,-0.82960659,Mono_Continuous,RBM,C:\TCC\Reproduzir_artigo\data\GUITAR-FX\Mono_Continuous\Audio\RBM\G81-74610-RBM-T7.3S4-20980.wav
-13.21536160,-8.40929794,Mono_Continuous,RBM,C:\TCC\Reproduzir_artigo\data\GUITAR-FX\Mono_Continuous\Audio\RBM\G83-41101-RBM-T9.8S9.5-20984.wav
-13.35030079,-6.15877485,Mono_Continuous,RBM,C:\TCC\Reproduzir_artigo\data\GUITAR-FX\Mono_Continuous\Audio\RBM\G83-42102-RBM-T1.6S5.6-20985.wav
-11.48685169,-3.15932035,Mono_Continuous,RBM,C:\TCC\Reproduzir_artigo\data\GUITAR-FX\Mono_Continuous\Audio\RBM\G83-49204-RBM-T0.8S8.5-21000.wav
-7.72760916,-6.20708704,Mono_Continuous,RBM,C:\TCC\Reproduzir_artigo\data\GUITAR-FX\Mono_Continuous\Audio\RBM\G83-51111-RBM-T9.3S4.4-20994.wav
-7.41538429,-3.36638379,Mono_Continuous,RBM,C:\TCC\Reproduzir_artigo\data\GUITAR-FX\Mono_Continuous\Audio\RBM\G83-51206-RBM-T1S8.1-21002.wav
-11.70935154,2.14935851,Mono_Continuous,RBM,C:\TCC\Reproduzir_artigo\data\GUITAR-FX\Mono_Continuous\Audio\RBM\G83-52112-RBM-T0.5S2.2-20995.wav
-11.35897350,-3.65664625,Mono_Continuous,RBM,C:\TCC\Reproduzir_artigo\data\GUITAR-FX\Mono_Continuous\Audio\RBM\G83-52112-RBM-T6.9S6.3-20995.wav
-6.18946886,-4.45345259,Mono_Continuous,RBM,C:\TCC\Reproduzir_artigo\data\GUITAR-FX\Mono_Continuous\Audio\RBM\G83-53303-RBM-T4.1S9.2-21012.wav
-7.06490278,-1.07473493,Mono_Continuous,RBM,C:\TCC\Reproduzir_artigo\data\GUITAR-FX\Mono_Continuous\Audio\RBM\G83-54304-RBM-T3.1S3.5-21013.wav
-3.03361320,-2.84756994,Mono_Continuous,RBM,C:\TCC\Reproduzir_artigo\data\GUITAR-FX\Mono_Continuous\Audio\RBM\G83-56306-RBM-T2.9S8.5-21015.wav
-2.67517471,-4.16694307,Mono_Continuous,RBM,C:\TCC\Reproduzir_artigo\data\GUITAR-FX\Mono_Continuous\Audio\RBM\G83-59309-RBM-T6.6S5.8-21018.wav
-3.04012227,-3.99578285,Mono_Continuous,RBM,C:\TCC\Reproduzir_artigo\data\GUITAR-FX\Mono_Continuous\Audio\RBM\G83-59404-RBM-T5.3S8.4-21026.wav
-1.56168354,-2.83983970,Mono_Continuous,RBM,C:\TCC\Reproduzir_artigo\data\GUITAR-FX\Mono_Continuous\Audio\RBM\G83-60310-RBM-T1.9S7.3-21019.wav
5.67430639,-8.23008156,Mono_Continuous,RBM,C:\TCC\Reproduzir_artigo\data\GUITAR-FX\Mono_Continuous\Audio\RBM\G83-61311-RBM-T9.3S4.3-21020.wav
1.02296591,-4.37037373,Mono_Continuous,RBM,C:\TCC\Reproduzir_artigo\data\GUITAR-FX\Mono_Continuous\Audio\RBM\G83-61406-RBM-T5.8S2.9-21028.wav
0.77504504,-5.91603041,Mono_Continuous,RBM,C:\TCC\Reproduzir_artigo\data\GUITAR-FX\Mono_Continuous\Audio\RBM\G83-61406-RBM-T6.2S8-21028.wav
7.22464609,-9.92447376,Mono_Continuous,RBM,C:\TCC\Reproduzir_artigo\data\GUITAR-FX\Mono_Continuous\Audio\RBM\G83-61502-RBM-T9.2S9.7-21037.wav
2.25755310,-5.29228306,Mono_Continuous,RBM,C:\TCC\Reproduzir_artigo\data\GUITAR-FX\Mono_Continuous\Audio\RBM\G83-62312-RBM-T7.9S8.5-21021.wav
7.33446264,-1.23687541,Mono_Continuous,RBM,C:\TCC\Reproduzir_artigo\data\GUITAR-FX\Mono_Continuous\Audio\RBM\G83-64600-RBM-T3.4S6.4-21048.wav
10.69115925,-3.57203817,Mono_Continuous,RBM,C:\TCC\Reproduzir_artigo\data\GUITAR-FX\Mono_Continuous\Audio\RBM\G83-65506-RBM-T7.7S6.9-21041.wav
5.88247013,-1.33617842,Mono_Continuous,RBM,C:\TCC\Reproduzir_artigo\data\GUITAR-FX\Mono_Continuous\Audio\RBM\G83-65601-RBM-T2S9.1-21049.wav
6.60712910,-3.88432813,Mono_Continuous,RBM,C:\TCC\Reproduzir_artigo\data\GUITAR-FX\Mono_Continuous\Audio\RBM\G83-65601-RBM-T6S9.3-21049.wav
9.29773045,2.07287335,Mono_Continuous,RBM,C:\TCC\Reproduzir_artigo\data\GUITAR-FX\Mono_Continuous\Audio\RBM\G83-66507-RBM-T1.5S6.2-21042.wav
7.72264719,-0.83151001,Mono_Continuous,RBM,C:\TCC\Reproduzir_artigo\data\GUITAR-FX\Mono_Continuous\Audio\RBM\G83-67412-RBM-T8.6S3-21034.wav
13.73058987,-1.85788739,Mono_Continuous,RBM,C:\TCC\Reproduzir_artigo\data\GUITAR-FX\Mono_Continuous\Audio\RBM\G83-73609-RBM-T8.9S7.3-21057.wav
12.68510628,3.10527563,Mono_Continuous,RBM,C:\TCC\Reproduzir_artigo\data\GUITAR-FX\Mono_Continuous\Audio\RBM\G83-75611-RBM-T3.8S3.2-21059.wav
-12.12036610,-5.74919271,Mono_Continuous,RBM,C:\TCC\Reproduzir_artigo\data\GUITAR-FX\Mono_Continuous\Audio\RBM\G91-40100-RBM-T9.4S3.4-21061.wav
-12.32845306,-7.54725361,Mono_Continuous,RBM,C:\TCC\Reproduzir_artigo\data\GUITAR-FX\Mono_Continuous\Audio\RBM\G91-46201-RBM-T7.2S8.7-21075.wav
-14.80600929,-5.52002144,Mono_Continuous,RBM,C:\TCC\Reproduzir_artigo\data\GUITAR-FX\Mono_Continuous\Audio\RBM\G91-47107-RBM-T5.1S9.9-21068.wav
-13.13338852,-6.40141916,Mono_Continuous,RBM,C:\TCC\Reproduzir_artigo\data\GUITAR-FX\Mono_Continuous\Audio\RBM\G91-47202-RBM-T5.1S9.6-21076.wav
-11.99593353,-7.76598263,Mono_Continuous,RBM,C:\TCC\Reproduzir_artigo\data\GUITAR-FX\Mono_Continuous\Audio\RBM\G91-47202-RBM-T7.7S6.6-21076.wav
-8.83012104,-4.69591665,Mono_Continuous,RBM,C:\TCC\Reproduzir_artigo\data\GUITAR-FX\Mono_Continuous\Audio\RBM\G91-49109-RBM-T6.3S7.6-21070.wav
-10.23815441,-2.87874126,Mono_Continuous,RBM,C:\TCC\Reproduzir_artigo\data\GUITAR-FX\Mono_Continuous\Audio\RBM\G91-49204-RBM-T4.1S3.6-21078.wav
-8.10265064,-2.85458803,Mono_Continuous,RBM,C:\TCC\Reproduzir_artigo\data\GUITAR-FX\Mono_Continuous\Audio\RBM\G91-51111-RBM-T5S8.1-21072.wav
-11.24564171,-4.24927855,Mono_Continuous,RBM,C:\TCC\Reproduzir_artigo\data\GUITAR-FX\Mono_Continuous\Audio\RBM\G91-51301-RBM-T3.7S6.9-21088.wav
-10.89977264,-4.99449015,Mono_Continuous,RBM,C:\TCC\Reproduzir_artigo\data\GUITAR-FX\Mono_Continuous\Audio\RBM\G91-51301-RBM-T4.5S5.6-21088.wav
-9.00295639,-0.89176065,Mono_Continuous,RBM,C:\TCC\Reproduzir_artigo\data\GUITAR-FX\Mono_Continuous\Audio\RBM\G91-52112-RBM-T3.4S8.2-21073.wav
-9.45230198,-1.47674060,Mono_Continuous,RBM,C:\TCC\Reproduzir_artigo\data\GUITAR-FX\Mono_Continuous\Audio\RBM\G91-52302-RBM-T2.7S2.9-21089.wav
-9.10534763,-1.77073669,Mono_Continuous,RBM,C:\TCC\Reproduzir_artigo\data\GUITAR-FX\Mono_Continuous\Audio\RBM\G91-54209-RBM-T2.4S5.1-21083.wav
-9.17054749,-4.28205252,Mono_Continuous,RBM,C:\TCC\Reproduzir_artigo\data\GUITAR-FX\Mono_Continuous\Audio\RBM\G91-55210-RBM-T5.6S9.4-21084.wav
-5.06163979,-0.04184124,Mono_Continuous,RBM,C:\TCC\Reproduzir_artigo\data\GUITAR-FX\Mono_Continuous\Audio\RBM\G91-57307-RBM-T0.8S8.3-21094.wav
3.59925890,-5.74399424,Mono_Continuous,RBM,C:\TCC\Reproduzir_artigo\data\GUITAR-FX\Mono_Continuous\Audio\RBM\G91-58403-RBM-T2.9S2.7-21103.wav
3.47748327,-8.45414829,Mono_Continuous,RBM,C:\TCC\Reproduzir_artigo\data\GUITAR-FX\Mono_Continuous\Audio\RBM\G91-58403-RBM-T5.8S9.6-21103.wav
-5.33318090,-3.84300041,Mono_Continuous,RBM,C:\TCC\Reproduzir_artigo\data\GUITAR-FX\Mono_Continuous\Audio\RBM\G91-59404-RBM-T4S5.5-21104.wav
6.98843813,-6.26188087,Mono_Continuous,RBM,C:\TCC\Reproduzir_artigo\data\GUITAR-FX\Mono_Continuous\Audio\RBM\G91-59500-RBM-T8.2S5.5-21113.wav
-0.89914566,-4.63485479,Mono_Continuous,RBM,C:\TCC\Reproduzir_artigo\data\GUITAR-FX\Mono_Continuous\Audio\RBM\G91-60310-RBM-T6.9S8-21097.wav
0.13318892,-5.01536083,Mono_Continuous,RBM,C:\TCC\Reproduzir_artigo\data\GUITAR-FX\Mono_Continuous\Audio\RBM\G91-60405-RBM-T4.6S9.6-21105.wav
2.03347898,-5.52134991,Mono_Continuous,RBM,C:\TCC\Reproduzir_artigo\data\GUITAR-FX\Mono_Continuous\Audio\RBM\G91-61311-RBM-T5.1S8.7-21098.wav
5.45883417,-8.20700264,Mono_Continuous,RBM,C:\TCC\Reproduzir_artigo\data\GUITAR-FX\Mono_Continuous\Audio\RBM\G91-61311-RBM-T9.8S9.7-21098.wav
2.22190928,-3.26231194,Mono_Continuous,RBM,C:\TCC\Reproduzir_artigo\data\GUITAR-FX\Mono_Continuous\Audio\RBM\G91-62407-RBM-T5.9S7.5-21107.wav
9.00511551,-3.82855153,Mono_Continuous,RBM,C:\TCC\Reproduzir_artigo\data\GUITAR-FX\Mono_Continuous\Audio\RBM\G91-64505-RBM-T5.8S6.1-21118.wav
10.17111301,0.96339887,Mono_Continuous,RBM,C:\TCC\Reproduzir_artigo\data\GUITAR-FX\Mono_Continuous\Audio\RBM\G91-64600-RBM-T1.7S8.4-21126.wav
12.68890285,-2.53734040,Mono_Continuous,RBM,C:\TCC\Reproduzir_artigo\data\GUITAR-FX\Mono_Continuous\Audio\RBM\G91-64600-RBM-T6.3S4.6-21126.wav
7.07985544,3.39030361,Mono_Continuous,RBM,C:\TCC\Reproduzir_artigo\data\GUITAR-FX\Mono_Continuous\Audio\RBM\G91-65410-RBM-T1.7S2.8-21110.wav
13.08534718,-3.19377565,Mono_Continuous,RBM,C:\TCC\Reproduzir_artigo\data\GUITAR-FX\Mono_Continuous\Audio\RBM\G91-66507-RBM-T9.8S8.8-21120.wav
11.09827232,3.47792315,Mono_Continuous,RBM,C:\TCC\Reproduzir_artigo\data\GUITAR-FX\Mono_Continuous\Audio\RBM\G91-68509-RBM-T2.9S2.7-21122.wav
8.24248314,5.69602346,Mono_Continuous,RBM,C:\TCC\Reproduzir_artigo\data\GUITAR-FX\Mono_Continuous\Audio\RBM\G91-68604-RBM-T0.9S8.3-21130.wav
9.47787952,4.41954994,Mono_Continuous,RBM,C:\TCC\Reproduzir_artigo\data\GUITAR-FX\Mono_Continuous\Audio\RBM\G91-68604-RBM-T2.3S6.4-21130.wav
14.21498871,0.16642179,Mono_Continuous,RBM,C:\TCC\Reproduzir_artigo\data\GUITAR-FX\Mono_Continuous\Audio\RBM\G91-69510-RBM-T7.9S5.2-21123.wav
12.56924725,2.95881820,Mono_Continuous,RBM,C:\TCC\Reproduzir_artigo\data\GUITAR-FX\Mono_Continuous\Audio\RBM\G91-70511-RBM-T6.3S7-21124.wav
11.16814613,7.70073986,Mono_Continuous,RBM,C:\TCC\Reproduzir_artigo\data\GUITAR-FX\Mono_Continuous\Audio\RBM\G91-70606-RBM-T0.3S5.5-21132.wav
10.42985916,0.88301098,Mono_Continuous,RBM,C:\TCC\Reproduzir_artigo\data\GUITAR-FX\Mono_Continuous\Audio\RBM\G91-71512-RBM-T1.8S7.6-21125.wav
-12.54656982,-7.33657455,Mono_Continuous,RBM,C:\TCC\Reproduzir_artigo\data\GUITAR-FX\Mono_Continuous\Audio\RBM\G93-41101-RBM-T4.9S8.2-21140.wav
-12.27938080,-5.23985386,Mono_Continuous,RBM,C:\TCC\Reproduzir_artigo\data\GUITAR-FX\Mono_Continuous\Audio\RBM\G93-46106-RBM-T1.3S5.7-21145.wav
-11.19251442,-5.94009447,Mono_Continuous,RBM,C:\TCC\Reproduzir_artigo\data\GUITAR-FX\Mono_Continuous\Audio\RBM\G93-48108-RBM-T1.1S8.5-21147.wav
-11.05390453,-7.63829660,Mono_Continuous,RBM,C:\TCC\Reproduzir_artigo\data\GUITAR-FX\Mono_Continuous\Audio\RBM\G93-48108-RBM-T4.4S8.6-21147.wav
-7.87057781,-5.91260338,Mono_Continuous,RBM,C:\TCC\Reproduzir_artigo\data\GUITAR-FX\Mono_Continuous\Audio\RBM\G93-49204-RBM-T3.8S2.9-21156.wav
-7.55371237,-5.54053354,Mono_Continuous,RBM,C:\TCC\Reproduzir_artigo\data\GUITAR-FX\Mono_Continuous\Audio\RBM\G93-49204-RBM-T3S2.5-21156.wav
-11.74007797,-1.73828995,Mono_Continuous,RBM,C:\TCC\Reproduzir_artigo\data\GUITAR-FX\Mono_Continuous\Audio\RBM\G93-50205-RBM-T3.3S9.8-21157.wav
-8.75502014,-4.14026737,Mono_Continuous,RBM,C:\TCC\Reproduzir_artigo\data\GUITAR-FX\Mono_Continuous\Audio\RBM\G93-51111-RBM-T4S6.6-21150.wav
-9.16192150,-5.03813982,Mono_Continuous,RBM,C:\TCC\Reproduzir_artigo\data\GUITAR-FX\Mono_Continuous\Audio\RBM\G93-51111-RBM-T5.3S6.4-21150.wav
-1.12597716,-10.56761932,Mono_Continuous,RBM,C:\TCC\Reproduzir_artigo\data\GUITAR-FX\Mono_Continuous\Audio\RBM\G93-51301-RBM-T10S3.1-21166.wav
-5.97960711,-5.42370415,Mono_Continuous,RBM,C:\TCC\Reproduzir_artigo\data\GUITAR-FX\Mono_Continuous\Audio\RBM\G93-54209-RBM-T8.1S2.3-21161.wav
-8.23880577,-2.13951325,Mono_Continuous,RBM,C:\TCC\Reproduzir_artigo\data\GUITAR-FX\Mono_Continuous\Audio\RBM\G93-55305-RBM-T4.1S6.2-21170.wav
-4.35949373,-3.92916250,Mono_Continuous,RBM,C:\TCC\Reproduzir_artigo\data\GUITAR-FX\Mono_Continuous\Audio\RBM\G93-56306-RBM-T3.3S8.2-21171.wav
-7.80001688,-2.38735843,Mono_Continuous,RBM,C:\TCC\Reproduzir_artigo\data\GUITAR-FX\Mono_Continuous\Audio\RBM\G93-57212-RBM-T8.7S6-21164.wav
-4.48761034,-2.59091568,Mono_Continuous,RBM,C:\TCC\Reproduzir_artigo\data\GUITAR-FX\Mono_Continuous\Audio\RBM\G93-57402-RBM-T3.9S5.1-21180.wav
-2.00266171,-4.06903601,Mono_Continuous,RBM,C:\TCC\Reproduzir_artigo\data\GUITAR-FX\Mono_Continuous\Audio\RBM\G93-59500-RBM-T5.1S8.7-21191.wav
4.60163832,-2.90943408,Mono_Continuous,RBM,C:\TCC\Reproduzir_artigo\data\GUITAR-FX\Mono_Continuous\Audio\RBM\G93-61502-RBM-T2.5S3.3-21193.wav
1.16478384,0.28815642,Mono_Continuous,RBM,C:\TCC\Reproduzir_artigo\data\GUITAR-FX\Mono_Continuous\Audio\RBM\G93-62312-RBM-T3.2S8.8-21177.wav
0.67994839,2.33236551,Mono_Continuous,RBM,C:\TCC\Reproduzir_artigo\data\GUITAR-FX\Mono_Continuous\Audio\RBM\G93-62407-RBM-T0.5S5.3-21185.wav
0.76063234,-0.13902923,Mono_Continuous,RBM,C:\TCC\Reproduzir_artigo\data\GUITAR-FX\Mono_Continuous\Audio\RBM\G93-62503-RBM-T5.2S9.2-21194.wav
3.31287527,3.87313008,Mono_Continuous,RBM,C:\TCC\Reproduzir_artigo\data\GUITAR-FX\Mono_Continuous\Audio\RBM\G93-64409-RBM-T0.1S9.9-21187.wav
8.67670441,-2.30308509,Mono_Continuous,RBM,C:\TCC\Reproduzir_artigo\data\GUITAR-FX\Mono_Continuous\Audio\RBM\G93-65601-RBM-T1.4S9.6-21205.wav
9.88836956,-2.39613175,Mono_Continuous,RBM,C:\TCC\Reproduzir_artigo\data\GUITAR-FX\Mono_Continuous\Audio\RBM\G93-65601-RBM-T3.6S5.7-21205.wav
10.12044430,-3.56940031,Mono_Continuous,RBM,C:\TCC\Reproduzir_artigo\data\GUITAR-FX\Mono_Continuous\Audio\RBM\G93-65601-RBM-T3.9S8.5-21205.wav
6.17601633,3.58557463,Mono_Continuous,RBM,C:\TCC\Reproduzir_artigo\data\GUITAR-FX\Mono_Continuous\Audio\RBM\G93-67508-RBM-T0.5S6.9-21199.wav
6.59600496,2.57078838,Mono_Continuous,RBM,C:\TCC\Reproduzir_artigo\data\GUITAR-FX\Mono_Continuous\Audio\RBM\G93-68509-RBM-T1.6S7.8-21200.wav
9.74739456,0.32609680,Mono_Continuous,RBM,C:\TCC\Reproduzir_artigo\data\GUITAR-FX\Mono_Continuous\Audio\RBM\G93-68509-RBM-T4.9S4.6-21200.wav
-17.41723633,-3.48132920,Mono_Continuous,SD1,C:\TCC\Reproduzir_artigo\data\GUITAR-FX\Mono_Continuous\Audio\SD1\G61-41101-SD1-D8.4T3.7-20594.wav
-15.93517685,2.43866873,Mono_Continuous,SD1,C:\TCC\Reproduzir_artigo\data\GUITAR-FX\Mono_Continuous\Audio\SD1\G61-43103-SD1-D4.1T3.4-20596.wav
-14.35881233,3.39419198,Mono_Continuous,SD1,C:\TCC\Reproduzir_artigo\data\GUITAR-FX\Mono_Continuous\Audio\SD1\G61-44104-SD1-D3.3T6.3-20597.wav
-11.60778141,-6.65089321,Mono_Continuous,SD1,C:\TCC\Reproduzir_artigo\data\GUITAR-FX\Mono_Continuous\Audio\SD1\G61-46201-SD1-D7.8T8.8-20607.wav
-13.06491280,-0.85454398,Mono_Continuous,SD1,C:\TCC\Reproduzir_artigo\data\GUITAR-FX\Mono_Continuous\Audio\SD1\G61-47202-SD1-D4.7T7.2-20608.wav
-12.28399181,-3.06936455,Mono_Continuous,SD1,C:\TCC\Reproduzir_artigo\data\GUITAR-FX\Mono_Continuous\Audio\SD1\G61-48203-SD1-D7.5T6.7-20609.wav
-12.00176811,4.61801481,Mono_Continuous,SD1,C:\TCC\Reproduzir_artigo\data\GUITAR-FX\Mono_Continuous\Audio\SD1\G61-49109-SD1-D3T8.6-20602.wav
-12.94981670,-1.91655636,Mono_Continuous,SD1,C:\TCC\Reproduzir_artigo\data\GUITAR-FX\Mono_Continuous\Audio\SD1\G61-50110-SD1-D10T2.8-20603.wav
-12.57206345,-2.43140507,Mono_Continuous,SD1,C:\TCC\Reproduzir_artigo\data\GUITAR-FX\Mono_Continuous\Audio\SD1\G61-50110-SD1-D9.5T7-20603.wav
-9.68882942,7.51654863,Mono_Continuous,SD1,C:\TCC\Reproduzir_artigo\data\GUITAR-FX\Mono_Continuous\Audio\SD1\G61-52112-SD1-D2.4T6.4-20605.wav
-10.63777924,3.08823872,Mono_Continuous,SD1,C:\TCC\Reproduzir_artigo\data\GUITAR-FX\Mono_Continuous\Audio\SD1\G61-52207-SD1-D7.1T3.2-20613.wav
-10.16187572,1.04692233,Mono_Continuous,SD1,C:\TCC\Reproduzir_artigo\data\GUITAR-FX\Mono_Continuous\Audio\SD1\G61-52207-SD1-D7.8T7.5-20613.wav
-11.42033577,1.62630904,Mono_Continuous,SD1,C:\TCC\Reproduzir_artigo\data\GUITAR-FX\Mono_Continuous\Audio\SD1\G61-52207-SD1-D9.1T2.5-20613.wav
-7.76639366,6.56467676,Mono_Continuous,SD1,C:\TCC\Reproduzir_artigo\data\GUITAR-FX\Mono_Continuous\Audio\SD1\G61-54304-SD1-D3T4.6-20623.wav
-7.41574287,0.88298029,Mono_Continuous,SD1,C:\TCC\Reproduzir_artigo\data\GUITAR-FX\Mono_Continuous\Audio\SD1\G61-55400-SD1-D3.5T4.7-20632.wav
-5.88349438,3.88205838,Mono_Continuous,SD1,C:\TCC\Reproduzir_artigo\data\GUITAR-FX\Mono_Continuous\Audio\SD1\G61-56211-SD1-D3.5T0.5-20617.wav
-0.68780655,-2.61914206,Mono_Continuous,SD1,C:\TCC\Reproduzir_artigo\data\GUITAR-FX\Mono_Continuous\Audio\SD1\G61-56401-SD1-D5T9.4-20633.wav
-3.46676445,6.95480537,Mono_Continuous,SD1,C:\TCC\Reproduzir_artigo\data\GUITAR-FX\Mono_Continuous\Audio\SD1\G61-59309-SD1-D2.6T7.9-20628.wav
-0.31654730,-0.34326071,Mono_Continuous,SD1,C:\TCC\Reproduzir_artigo\data\GUITAR-FX\Mono_Continuous\Audio\SD1\G61-59309-SD1-D9.5T9-20628.wav
6.04107571,-4.29170609,Mono_Continuous,SD1,C:\TCC\Reproduzir_artigo\data\GUITAR-FX\Mono_Continuous\Audio\SD1\G61-60501-SD1-D9.3T6.1-20646.wav
5.54323196,9.92456436,Mono_Continuous,SD1,C:\TCC\Reproduzir_artigo\data\GUITAR-FX\Mono_Continuous\Audio\SD1\G61-65410-SD1-D2.6T1.8-20642.wav
8.81533146,-0.78114951,Mono_Continuous,SD1,C:\TCC\Reproduzir_artigo\data\GUITAR-FX\Mono_Continuous\Audio\SD1\G61-65410-SD1-D7.9T6.8-20642.wav
9.69564915,-2.13811755,Mono_Continuous,SD1,C:\TCC\Reproduzir_artigo\data\GUITAR-FX\Mono_Continuous\Audio\SD1\G61-65410-SD1-D9.7T6.1-20642.wav
5.99818039,7.69491577,Mono_Continuous,SD1,C:\TCC\Reproduzir_artigo\data\GUITAR-FX\Mono_Continuous\Audio\SD1\G61-66411-SD1-D4.7T1.4-20643.wav
6.12968636,9.58031273,Mono_Continuous,SD1,C:\TCC\Reproduzir_artigo\data\GUITAR-FX\Mono_Continuous\Audio\SD1\G61-67508-SD1-D3.5T0.1-20653.wav
13.91762733,2.29874825,Mono_Continuous,SD1,C:\TCC\Reproduzir_artigo\data\GUITAR-FX\Mono_Continuous\Audio\SD1\G61-68604-SD1-D7.6T4.5-20662.wav
14.04360676,0.79615134,Mono_Continuous,SD1,C:\TCC\Reproduzir_artigo\data\GUITAR-FX\Mono_Continuous\Audio\SD1\G61-69510-SD1-D9.7T9-20655.wav
14.19924831,2.30677009,Mono_Continuous,SD1,C:\TCC\Reproduzir_artigo\data\GUITAR-FX\Mono_Continuous\Audio\SD1\G61-71607-SD1-D4.3T4.1-20665.wav
11.28584003,7.48574448,Mono_Continuous,SD1,C:\TCC\Reproduzir_artigo\data\GUITAR-FX\Mono_Continuous\Audio\SD1\G61-72608-SD1-D4.9T3.3-20666.wav
12.69147301,6.92216110,Mono_Continuous,SD1,C:\TCC\Reproduzir_artigo\data\GUITAR-FX\Mono_Continuous\Audio\SD1\G61-75611-SD1-D4.8T2.3-20669.wav
-15.25782108,2.85016799,Mono_Continuous,SD1,C:\TCC\Reproduzir_artigo\data\GUITAR-FX\Mono_Continuous\Audio\SD1\G63-41101-SD1-D3.1T1.3-20672.wav
-15.99225044,-2.45694947,Mono_Continuous,SD1,C:\TCC\Reproduzir_artigo\data\GUITAR-FX\Mono_Continuous\Audio\SD1\G63-41101-SD1-D6.3T3.8-20672.wav
-16.82528687,-4.24755859,Mono_Continuous,SD1,C:\TCC\Reproduzir_artigo\data\GUITAR-FX\Mono_Continuous\Audio\SD1\G63-41101-SD1-D8T3.1-20672.wav
-13.84201717,2.21773767,Mono_Continuous,SD1,C:\TCC\Reproduzir_artigo\data\GUITAR-FX\Mono_Continuous\Audio\SD1\G63-43103-SD1-D3.7T8.3-20674.wav
-14.79104042,3.30608463,Mono_Continuous,SD1,C:\TCC\Reproduzir_artigo\data\GUITAR-FX\Mono_Continuous\Audio\SD1\G63-43103-SD1-D3.8T3.5-20674.wav
-11.14459419,0.28328931,Mono_Continuous,SD1,C:\TCC\Reproduzir_artigo\data\GUITAR-FX\Mono_Continuous\Audio\SD1\G63-48108-SD1-D5.8T2.6-20679.wav
-11.81052685,3.23248291,Mono_Continuous,SD1,C:\TCC\Reproduzir_artigo\data\GUITAR-FX\Mono_Continuous\Audio\SD1\G63-49109-SD1-D3.5T0.4-20680.wav
-10.77375221,3.24495745,Mono_Continuous,SD1,C:\TCC\Reproduzir_artigo\data\GUITAR-FX\Mono_Continuous\Audio\SD1\G63-49204-SD1-D2.6T5.5-20688.wav
-6.10332060,1.79603815,Mono_Continuous,SD1,C:\TCC\Reproduzir_artigo\data\GUITAR-FX\Mono_Continuous\Audio\SD1\G63-52207-SD1-D4T4.8-20691.wav
-6.83837557,-0.40929094,Mono_Continuous,SD1,C:\TCC\Reproduzir_artigo\data\GUITAR-FX\Mono_Continuous\Audio\SD1\G63-53208-SD1-D6.1T6.3-20692.wav
-5.84001112,-4.96030569,Mono_Continuous,SD1,C:\TCC\Reproduzir_artigo\data\GUITAR-FX\Mono_Continuous\Audio\SD1\G63-53303-SD1-D9.1T6.7-20700.wav
-4.51353073,-0.57207197,Mono_Continuous,SD1,C:\TCC\Reproduzir_artigo\data\GUITAR-FX\Mono_Continuous\Audio\SD1\G63-55305-SD1-D4.6T2.7-20702.wav
-1.97967124,0.96389383,Mono_Continuous,SD1,C:\TCC\Reproduzir_artigo\data\GUITAR-FX\Mono_Continuous\Audio\SD1\G63-56306-SD1-D3.9T2.8-20703.wav
-1.46037197,1.79164362,Mono_Continuous,SD1,C:\TCC\Reproduzir_artigo\data\GUITAR-FX\Mono_Continuous\Audio\SD1\G63-56401-SD1-D2.8T1.3-20711.wav
-1.38528371,0.27020633,Mono_Continuous,SD1,C:\TCC\Reproduzir_artigo\data\GUITAR-FX\Mono_Continuous\Audio\SD1\G63-56401-SD1-D4.4T0.5-20711.wav
2.59741926,-8.19542789,Mono_Continuous,SD1,C:\TCC\Reproduzir_artigo\data\GUITAR-FX\Mono_Continuous\Audio\SD1\G63-57402-SD1-D9.9T8.6-20712.wav
-6.05811691,8.15227032,Mono_Continuous,SD1,C:\TCC\Reproduzir_artigo\data\GUITAR-FX\Mono_Continuous\Audio\SD1\G63-59309-SD1-D4.2T7.5-20706.wav
-6.59753132,7.22139120,Mono_Continuous,SD1,C:\TCC\Reproduzir_artigo\data\GUITAR-FX\Mono_Continuous\Audio\SD1\G63-59309-SD1-D5.7T1.7-20706.wav
-1.22589946,3.40003133,Mono_Continuous,SD1,C:\TCC\Reproduzir_artigo\data\GUITAR-FX\Mono_Continuous\Audio\SD1\G63-59404-SD1-D3.7T7.1-20714.wav
-1.90547407,-1.33801568,Mono_Continuous,SD1,C:\TCC\Reproduzir_artigo\data\GUITAR-FX\Mono_Continuous\Audio\SD1\G63-59404-SD1-D8.3T4.6-20714.wav
0.49129748,-3.23569465,Mono_Continuous,SD1,C:\TCC\Reproduzir_artigo\data\GUITAR-FX\Mono_Continuous\Audio\SD1\G63-60405-SD1-D8.6T4.9-20715.wav
4.55451679,-5.92710161,Mono_Continuous,SD1,C:\TCC\Reproduzir_artigo\data\GUITAR-FX\Mono_Continuous\Audio\SD1\G63-60501-SD1-D9.2T8.2-20724.wav
7.09875870,-0.96173930,Mono_Continuous,SD1,C:\TCC\Reproduzir_artigo\data\GUITAR-FX\Mono_Continuous\Audio\SD1\G63-61502-SD1-D3.8T5.6-20725.wav
3.91023612,5.89497709,Mono_Continuous,SD1,C:\TCC\Reproduzir_artigo\data\GUITAR-FX\Mono_Continuous\Audio\SD1\G63-62503-SD1-D2.8T1.4-20726.wav
7.99967098,1.38459933,Mono_Continuous,SD1,C:\TCC\Reproduzir_artigo\data\GUITAR-FX\Mono_Continuous\Audio\SD1\G63-63408-SD1-D3.7T9.8-20718.wav
6.01205015,-0.31885156,Mono_Continuous,SD1,C:\TCC\Reproduzir_artigo\data\GUITAR-FX\Mono_Continuous\Audio\SD1\G63-63408-SD1-D6.9T3.5-20718.wav
7.10917616,-4.27313042,Mono_Continuous,SD1,C:\TCC\Reproduzir_artigo\data\GUITAR-FX\Mono_Continuous\Audio\SD1\G63-63504-SD1-D8.7T8.6-20727.wav
12.02769566,2.23838353,Mono_Continuous,SD1,C:\TCC\Reproduzir_artigo\data\GUITAR-FX\Mono_Continuous\Audio\SD1\G63-64600-SD1-D6.2T6.7-20736.wav
10.17375088,4.03195477,Mono_Continuous,SD1,C:\TCC\Reproduzir_artigo\data\GUITAR-FX\Mono_Continuous\Audio\SD1\G63-66411-SD1-D4.8T2.7-20721.wav
12.14088345,2.89390993,Mono_Continuous,SD1,C:\TCC\Reproduzir_artigo\data\GUITAR-FX\Mono_Continuous\Audio\SD1\G63-66507-SD1-D7.1T7.8-20730.wav
8.74622250,8.41565132,Mono_Continuous,SD1,C:\TCC\Reproduzir_artigo\data\GUITAR-FX\Mono_Continuous\Audio\SD1\G63-67412-SD1-D4.9T1.7-20722.wav
4.87916183,12.02810860,Mono_Continuous,SD1,C:\TCC\Reproduzir_artigo\data\GUITAR-FX\Mono_Continuous\Audio\SD1\G63-67508-SD1-D4.5T1.1-20731.wav
13.63319588,0.28239509,Mono_Continuous,SD1,C:\TCC\Reproduzir_artigo\data\GUITAR-FX\Mono_Continuous\Audio\SD1\G63-68604-SD1-D9T7.3-20740.wav
12.92854977,5.37896824,Mono_Continuous,SD1,C:\TCC\Reproduzir_artigo\data\GUITAR-FX\Mono_Continuous\Audio\SD1\G63-70511-SD1-D5.9T7.6-20734.wav
11.89621830,3.17553234,Mono_Continuous,SD1,C:\TCC\Reproduzir_artigo\data\GUITAR-FX\Mono_Continuous\Audio\SD1\G63-71607-SD1-D7.1T1.1-20743.wav
11.29975319,7.26382065,Mono_Continuous,SD1,C:\TCC\Reproduzir_artigo\data\GUITAR-FX\Mono_Continuous\Audio\SD1\G63-73609-SD1-D3.2T0.4-20745.wav
12.54782772,5.35173512,Mono_Continuous,SD1,C:\TCC\Reproduzir_artigo\data\GUITAR-FX\Mono_Continuous\Audio\SD1\G63-73609-SD1-D4.4T6.8-20745.wav
11.68428040,3.31207013,Mono_Continuous,SD1,C:\TCC\Reproduzir_artigo\data\GUITAR-FX\Mono_Continuous\Audio\SD1\G63-73609-SD1-D8T3.9-20745.wav
11.59686184,1.44229519,Mono_Continuous,SD1,C:\TCC\Reproduzir_artigo\data\GUITAR-FX\Mono_Continuous\Audio\SD1\G63-73609-SD1-D9.8T7.2-20745.wav
11.26567268,8.62941456,Mono_Continuous,SD1,C:\TCC\Reproduzir_artigo\data\GUITAR-FX\Mono_Continuous\Audio\SD1\G63-74610-SD1-D5.5T1.4-20746.wav
-10.48265266,-2.94217539,Mono_Continuous,SD1,C:\TCC\Reproduzir_artigo\data\GUITAR-FX\Mono_Continuous\Audio\SD1\G71-41101-SD1-D4.3T6.2-20750.wav
-12.48590755,-8.43054962,Mono_Continuous,SD1,C:\TCC\Reproduzir_artigo\data\GUITAR-FX\Mono_Continuous\Audio\SD1\G71-41101-SD1-D9.6T6.2-20750.wav
-12.61552715,-1.87434912,Mono_Continuous,SD1,C:\TCC\Reproduzir_artigo\data\GUITAR-FX\Mono_Continuous\Audio\SD1\G71-46201-SD1-D3.9T6.2-20763.wav
-10.11727333,-4.72430086,Mono_Continuous,SD1,C:\TCC\Reproduzir_artigo\data\GUITAR-FX\Mono_Continuous\Audio\SD1\G71-47107-SD1-D6.4T1.4-20756.wav
-12.00264168,1.92634368,Mono_Continuous,SD1,C:\TCC\Reproduzir_artigo\data\GUITAR-FX\Mono_Continuous\Audio\SD1\G71-50205-SD1-D3.3T7.8-20767.wav
-10.85134029,-1.66190481,Mono_Continuous,SD1,C:\TCC\Reproduzir_artigo\data\GUITAR-FX\Mono_Continuous\Audio\SD1\G71-50205-SD1-D4.6T8.9-20767.wav
-7.70395899,-5.66142035,Mono_Continuous,SD1,C:\TCC\Reproduzir_artigo\data\GUITAR-FX\Mono_Continuous\Audio\SD1\G71-52112-SD1-D8.7T9-20761.wav
-9.45642185,3.01539612,Mono_Continuous,SD1,C:\TCC\Reproduzir_artigo\data\GUITAR-FX\Mono_Continuous\Audio\SD1\G71-52207-SD1-D4.2T5.1-20769.wav
-7.08786774,-2.34956837,Mono_Continuous,SD1,C:\TCC\Reproduzir_artigo\data\GUITAR-FX\Mono_Continuous\Audio\SD1\G71-52302-SD1-D6.7T7.5-20777.wav
-8.16762161,1.95661807,Mono_Continuous,SD1,C:\TCC\Reproduzir_artigo\data\GUITAR-FX\Mono_Continuous\Audio\SD1\G71-53208-SD1-D2.5T0.8-20770.wav
-7.15327740,-3.63627148,Mono_Continuous,SD1,C:\TCC\Reproduzir_artigo\data\GUITAR-FX\Mono_Continuous\Audio\SD1\G71-53208-SD1-D9.2T1.6-20770.wav
-8.68445206,-0.41589114,Mono_Continuous,SD1,C:\TCC\Reproduzir_artigo\data\GUITAR-FX\Mono_Continuous\Audio\SD1\G71-54209-SD1-D5.2T5-20771.wav
-8.86427784,-1.49441910,Mono_Continuous,SD1,C:\TCC\Reproduzir_artigo\data\GUITAR-FX\Mono_Continuous\Audio\SD1\G71-54209-SD1-D5.8T3.9-20771.wav
-3.25933385,-3.38983178,Mono_Continuous,SD1,C:\TCC\Reproduzir_artigo\data\GUITAR-FX\Mono_Continuous\Audio\SD1\G71-54304-SD1-D3.4T9.3-20779.wav
-4.30984831,-5.54250336,Mono_Continuous,SD1,C:\TCC\Reproduzir_artigo\data\GUITAR-FX\Mono_Continuous\Audio\SD1\G71-54304-SD1-D6.4T7.4-20779.wav
-8.02668476,2.12105131,Mono_Continuous,SD1,C:\TCC\Reproduzir_artigo\data\GUITAR-FX\Mono_Continuous\Audio\SD1\G71-55210-SD1-D4.1T2.8-20772.wav
-4.64808798,1.29167342,Mono_Continuous,SD1,C:\TCC\Reproduzir_artigo\data\GUITAR-FX\Mono_Continuous\Audio\SD1\G71-55305-SD1-D2.2T9.2-20780.wav
-2.44262052,1.71789837,Mono_Continuous,SD1,C:\TCC\Reproduzir_artigo\data\GUITAR-FX\Mono_Continuous\Audio\SD1\G71-57212-SD1-D7.2T2.9-20774.wav
-2.80874300,0.94094145,Mono_Continuous,SD1,C:\TCC\Reproduzir_artigo\data\GUITAR-FX\Mono_Continuous\Audio\SD1\G71-57307-SD1-D5.5T3.1-20782.wav
2.34235740,-3.29217172,Mono_Continuous,SD1,C:\TCC\Reproduzir_artigo\data\GUITAR-FX\Mono_Continuous\Audio\SD1\G71-57402-SD1-D3.4T7.2-20790.wav
4.90460253,-4.79141235,Mono_Continuous,SD1,C:\TCC\Reproduzir_artigo\data\GUITAR-FX\Mono_Continuous\Audio\SD1\G71-58403-SD1-D5.7T2.1-20791.wav
-1.79380238,-1.17294085,Mono_Continuous,SD1,C:\TCC\Reproduzir_artigo\data\GUITAR-FX\Mono_Continuous\Audio\SD1\G71-60310-SD1-D7.9T8.2-20785.wav
2.52513051,-2.76687217,Mono_Continuous,SD1,C:\TCC\Reproduzir_artigo\data\GUITAR-FX\Mono_Continuous\Audio\SD1\G71-60405-SD1-D6.3T3.3-20793.wav
4.74430037,3.50568151,Mono_Continuous,SD1,C:\TCC\Reproduzir_artigo\data\GUITAR-FX\Mono_Continuous\Audio\SD1\G71-62407-SD1-D4.2T4.3-20795.wav
8.45759583,-3.33548641,Mono_Continuous,SD1,C:\TCC\Reproduzir_artigo\data\GUITAR-FX\Mono_Continuous\Audio\SD1\G71-63408-SD1-D9.2T5-20796.wav
10.43777275,-0.04963071,Mono_Continuous,SD1,C:\TCC\Reproduzir_artigo\data\GUITAR-FX\Mono_Continuous\Audio\SD1\G71-63504-SD1-D3.1T7.7-20805.wav
9.69630718,-2.40436554,Mono_Continuous,SD1,C:\TCC\Reproduzir_artigo\data\GUITAR-FX\Mono_Continuous\Audio\SD1\G71-65410-SD1-D9.1T8.6-20798.wav
13.46540260,-0.97053552,Mono_Continuous,SD1,C:\TCC\Reproduzir_artigo\data\GUITAR-FX\Mono_Continuous\Audio\SD1\G71-65601-SD1-D7.8T2.9-20815.wav
11.94131565,4.56334209,Mono_Continuous,SD1,C:\TCC\Reproduzir_artigo\data\GUITAR-FX\Mono_Continuous\Audio\SD1\G71-67603-SD1-D3.3T8.7-20817.wav
12.53801060,5.47264957,Mono_Continuous,SD1,C:\TCC\Reproduzir_artigo\data\GUITAR-FX\Mono_Continuous\Audio\SD1\G71-68604-SD1-D2.6T5.9-20818.wav
14.28714848,0.55682290,Mono_Continuous,SD1,C:\TCC\Reproduzir_artigo\data\GUITAR-FX\Mono_Continuous\Audio\SD1\G71-68604-SD1-D8.9T4.2-20818.wav
13.94165516,3.11637664,Mono_Continuous,SD1,C:\TCC\Reproduzir_artigo\data\GUITAR-FX\Mono_Continuous\Audio\SD1\G71-71512-SD1-D7.5T0.4-20813.wav
15.10882759,1.76369464,Mono_Continuous,SD1,C:\TCC\Reproduzir_artigo\data\GUITAR-FX\Mono_Continuous\Audio\SD1\G71-75611-SD1-D8.7T7.5-20825.wav
-12.93055725,-1.65101993,Mono_Continuous,SD1,C:\TCC\Reproduzir_artigo\data\GUITAR-FX\Mono_Continuous\Audio\SD1\G73-41101-SD1-D4.6T8.9-20828.wav
-13.29157448,2.57128358,Mono_Continuous,SD1,C:\TCC\Reproduzir_artigo\data\GUITAR-FX\Mono_Continuous\Audio\SD1\G73-45105-SD1-D2.7T9.7-20832.wav
-14.11943626,1.28652167,Mono_Continuous,SD1,C:\TCC\Reproduzir_artigo\data\GUITAR-FX\Mono_Continuous\Audio\SD1\G73-45105-SD1-D4.4T6.9-20832.wav
-13.47574520,-2.39886069,Mono_Continuous,SD1,C:\TCC\Reproduzir_artigo\data\GUITAR-FX\Mono_Continuous\Audio\SD1\G73-45105-SD1-D5.9T7.7-20832.wav
-9.75929260,-1.16053307,Mono_Continuous,SD1,C:\TCC\Reproduzir_artigo\data\GUITAR-FX\Mono_Continuous\Audio\SD1\G73-49109-SD1-D4.9T6.6-20836.wav
-12.28051281,-3.83667588,Mono_Continuous,SD1,C:\TCC\Reproduzir_artigo\data\GUITAR-FX\Mono_Continuous\Audio\SD1\G73-50110-SD1-D8.1T1.6-20837.wav
-4.12941742,-1.63960326,Mono_Continuous,SD1,C:\TCC\Reproduzir_artigo\data\GUITAR-FX\Mono_Continuous\Audio\SD1\G73-52302-SD1-D2.9T4.9-20855.wav
-7.42884207,-2.30590177,Mono_Continuous,SD1,C:\TCC\Reproduzir_artigo\data\GUITAR-FX\Mono_Continuous\Audio\SD1\G73-53208-SD1-D7.8T1.4-20848.wav
-8.72490215,-0.31709173,Mono_Continuous,SD1,C:\TCC\Reproduzir_artigo\data\GUITAR-FX\Mono_Continuous\Audio\SD1\G73-55210-SD1-D7.3T4.2-20850.wav
-2.28796601,-1.45852661,Mono_Continuous,SD1,C:\TCC\Reproduzir_artigo\data\GUITAR-FX\Mono_Continuous\Audio\SD1\G73-56401-SD1-D4.7T6-20867.wav
-1.29814363,-1.34496176,Mono_Continuous,SD1,C:\TCC\Reproduzir_artigo\data\GUITAR-FX\Mono_Continuous\Audio\SD1\G73-57212-SD1-D6.6T7-20852.wav
1.16839314,-7.90330219,Mono_Continuous,SD1,C:\TCC\Reproduzir_artigo\data\GUITAR-FX\Mono_Continuous\Audio\SD1\G73-57307-SD1-D10T9.3-20860.wav
1.58400106,-5.00969648,Mono_Continuous,SD1,C:\TCC\Reproduzir_artigo\data\GUITAR-FX\Mono_Continuous\Audio\SD1\G73-57307-SD1-D7.1T8.3-20860.wav
1.39270735,-1.53979158,Mono_Continuous,SD1,C:\TCC\Reproduzir_artigo\data\GUITAR-FX\Mono_Continuous\Audio\SD1\G73-57402-SD1-D3.1T3.8-20868.wav
3.48799419,-5.08791351,Mono_Continuous,SD1,C:\TCC\Reproduzir_artigo\data\GUITAR-FX\Mono_Continuous\Audio\SD1\G73-59500-SD1-D6.7T1.1-20879.wav
4.85693884,-7.53158331,Mono_Continuous,SD1,C:\TCC\Reproduzir_artigo\data\GUITAR-FX\Mono_Continuous\Audio\SD1\G73-59500-SD1-D9.7T6.8-20879.wav
0.55730635,0.29175985,Mono_Continuous,SD1,C:\TCC\Reproduzir_artigo\data\GUITAR-FX\Mono_Continuous\Audio\SD1\G73-60310-SD1-D6.4T9.6-20863.wav
2.92239690,-1.03825450,Mono_Continuous,SD1,C:\TCC\Reproduzir_artigo\data\GUITAR-FX\Mono_Continuous\Audio\SD1\G73-60405-SD1-D3.8T7.2-20871.wav
6.11343241,-6.42508698,Mono_Continuous,SD1,C:\TCC\Reproduzir_artigo\data\GUITAR-FX\Mono_Continuous\Audio\SD1\G73-60501-SD1-D8.8T9-20880.wav
4.40054178,2.10658050,Mono_Continuous,SD1,C:\TCC\Reproduzir_artigo\data\GUITAR-FX\Mono_Continuous\Audio\SD1\G73-61311-SD1-D2.3T0.6-20864.wav
5.42335558,-4.31552505,Mono_Continuous,SD1,C:\TCC\Reproduzir_artigo\data\GUITAR-FX\Mono_Continuous\Audio\SD1\G73-61311-SD1-D7.1T6.5-20864.wav
5.00025654,-5.33691025,Mono_Continuous,SD1,C:\TCC\Reproduzir_artigo\data\GUITAR-FX\Mono_Continuous\Audio\SD1\G73-61311-SD1-D8.9T1.4-20864.wav
7.93041611,-3.82551122,Mono_Continuous,SD1,C:\TCC\Reproduzir_artigo\data\GUITAR-FX\Mono_Continuous\Audio\SD1\G73-61502-SD1-D6.4T8.1-20881.wav
5.21770668,4.81945992,Mono_Continuous,SD1,C:\TCC\Reproduzir_artigo\data\GUITAR-FX\Mono_Continuous\Audio\SD1\G73-62312-SD1-D2.1T3.2-20865.wav
4.89390945,0.38108745,Mono_Continuous,SD1,C:\TCC\Reproduzir_artigo\data\GUITAR-FX\Mono_Continuous\Audio\SD1\G73-62312-SD1-D5.9T3.5-20865.wav
8.86847019,-0.26031584,Mono_Continuous,SD1,C:\TCC\Reproduzir_artigo\data\GUITAR-FX\Mono_Continuous\Audio\SD1\G73-62503-SD1-D3.4T7.5-20882.wav
6.39723969,-4.46994305,Mono_Continuous,SD1,C:\TCC\Reproduzir_artigo\data\GUITAR-FX\Mono_Continuous\Audio\SD1\G73-62503-SD1-D9.7T2-20882.wav
11.23661900,-3.90739131,Mono_Continuous,SD1,C:\TCC\Reproduzir_artigo\data\GUITAR-FX\Mono_Continuous\Audio\SD1\G73-63504-SD1-D8.9T7.8-20883.wav
10.05890656,4.98206997,Mono_Continuous,SD1,C:\TCC\Reproduzir_artigo\data\GUITAR-FX\Mono_Continuous\Audio\SD1\G73-64600-SD1-D2.8T5.7-20892.wav
10.32683945,3.86532831,Mono_Continuous,SD1,C:\TCC\Reproduzir_artigo\data\GUITAR-FX\Mono_Continuous\Audio\SD1\G73-64600-SD1-D3.7T7-20892.wav
10.87629509,0.99958152,Mono_Continuous,SD1,C:\TCC\Reproduzir_artigo\data\GUITAR-FX\Mono_Continuous\Audio\SD1\G73-65601-SD1-D6.7T0.9-20893.wav
8.88632107,7.67544651,Mono_Continuous,SD1,C:\TCC\Reproduzir_artigo\data\GUITAR-FX\Mono_Continuous\Audio\SD1\G73-66507-SD1-D3.3T8.1-20886.wav
10.27937794,5.69091129,Mono_Continuous,SD1,C:\TCC\Reproduzir_artigo\data\GUITAR-FX\Mono_Continuous\Audio\SD1\G73-67508-SD1-D5.8T0.7-20887.wav
13.91511536,1.28752458,Mono_Continuous,SD1,C:\TCC\Reproduzir_artigo\data\GUITAR-FX\Mono_Continuous\Audio\SD1\G73-70511-SD1-D7.9T5.4-20890.wav
11.98683548,7.85206318,Mono_Continuous,SD1,C:\TCC\Reproduzir_artigo\data\GUITAR-FX\Mono_Continuous\Audio\SD1\G73-72608-SD1-D4.2T6.6-20900.wav
9.55968380,9.93830585,Mono_Continuous,SD1,C:\TCC\Reproduzir_artigo\data\GUITAR-FX\Mono_Continuous\Audio\SD1\G73-74610-SD1-D4.1T6.2-20902.wav
9.67046547,9.87023354,Mono_Continuous,SD1,C:\TCC\Reproduzir_artigo\data\GUITAR-FX\Mono_Continuous\Audio\SD1\G73-74610-SD1-D4.1T7.3-20902.wav
-15.21087360,6.13273001,Mono_Continuous,SD1,C:\TCC\Reproduzir_artigo\data\GUITAR-FX\Mono_Continuous\Audio\SD1\G81-47202-SD1-D6.3T1.6-20920.wav
-14.39773846,12.54903030,Mono_Continuous,SD1,C:\TCC\Reproduzir_artigo\data\GUITAR-FX\Mono_Continuous\Audio\SD1\G81-49204-SD1-D2.5T8.1-20922.wav
-13.87503910,9.72664738,Mono_Continuous,SD1,C:\TCC\Reproduzir_artigo\data\GUITAR-FX\Mono_Continuous\Audio\SD1\G81-49204-SD1-D4.1T4.9-20922.wav
-12.40452003,10.50407600,Mono_Continuous,SD1,C:\TCC\Reproduzir_artigo\data\GUITAR-FX\Mono_Continuous\Audio\SD1\G81-51206-SD1-D2.6T8.5-20924.wav
-12.81017017,9.01379871,Mono_Continuous,SD1,C:\TCC\Reproduzir_artigo\data\GUITAR-FX\Mono_Continuous\Audio\SD1\G81-51206-SD1-D4.6T1.1-20924.wav
-12.54121876,11.28438091,Mono_Continuous,SD1,C:\TCC\Reproduzir_artigo\data\GUITAR-FX\Mono_Continuous\Audio\SD1\G81-52112-SD1-D2.8T4.5-20917.wav
-10.64130878,3.19874692,Mono_Continuous,SD1,C:\TCC\Reproduzir_artigo\data\GUITAR-FX\Mono_Continuous\Audio\SD1\G81-53208-SD1-D7.6T6.7-20926.wav
-7.23621368,-0.35494316,Mono_Continuous,SD1,C:\TCC\Reproduzir_artigo\data\GUITAR-FX\Mono_Continuous\Audio\SD1\G81-53303-SD1-D8.3T8.7-20934.wav
-10.54874611,3.08502007,Mono_Continuous,SD1,C:\TCC\Reproduzir_artigo\data\GUITAR-FX\Mono_Continuous\Audio\SD1\G81-55210-SD1-D7.1T3.2-20928.wav
-10.62951469,4.52838898,Mono_Continuous,SD1,C:\TCC\Reproduzir_artigo\data\GUITAR-FX\Mono_Continuous\Audio\SD1\G81-55305-SD1-D6.2T2.3-20936.wav
-7.48308229,10.41215706,Mono_Continuous,SD1,C:\TCC\Reproduzir_artigo\data\GUITAR-FX\Mono_Continuous\Audio\SD1\G81-57307-SD1-D4.3T0.1-20938.wav
-2.58875179,6.01612425,Mono_Continuous,SD1,C:\TCC\Reproduzir_artigo\data\GUITAR-FX\Mono_Continuous\Audio\SD1\G81-58308-SD1-D6.2T2.2-20939.wav
3.09889746,-4.89304543,Mono_Continuous,SD1,C:\TCC\Reproduzir_artigo\data\GUITAR-FX\Mono_Continuous\Audio\SD1\G81-58403-SD1-D7.6T4.3-20947.wav
4.20280886,-6.14605474,Mono_Continuous,SD1,C:\TCC\Reproduzir_artigo\data\GUITAR-FX\Mono_Continuous\Audio\SD1\G81-58403-SD1-D9.5T6.9-20947.wav
-8.44053268,12.65389347,Mono_Continuous,SD1,C:\TCC\Reproduzir_artigo\data\GUITAR-FX\Mono_Continuous\Audio\SD1\G81-59404-SD1-D2.4T2.6-20948.wav
-0.16405192,-1.04847956,Mono_Continuous,SD1,C:\TCC\Reproduzir_artigo\data\GUITAR-FX\Mono_Continuous\Audio\SD1\G81-60405-SD1-D6.2T8.6-20949.wav
3.32544160,4.28659439,Mono_Continuous,SD1,C:\TCC\Reproduzir_artigo\data\GUITAR-FX\Mono_Continuous\Audio\SD1\G81-60501-SD1-D2.6T3.6-20958.wav
9.84166145,-2.83833265,Mono_Continuous,SD1,C:\TCC\Reproduzir_artigo\data\GUITAR-FX\Mono_Continuous\Audio\SD1\G81-61502-SD1-D4.4T2.9-20959.wav
0.75900578,0.97795993,Mono_Continuous,SD1,C:\TCC\Reproduzir_artigo\data\GUITAR-FX\Mono_Continuous\Audio\SD1\G81-62312-SD1-D8.1T2.5-20943.wav
5.75859499,0.22831333,Mono_Continuous,SD1,C:\TCC\Reproduzir_artigo\data\GUITAR-FX\Mono_Continuous\Audio\SD1\G81-63408-SD1-D6.2T4.5-20952.wav
6.14986849,-0.72496390,Mono_Continuous,SD1,C:\TCC\Reproduzir_artigo\data\GUITAR-FX\Mono_Continuous\Audio\SD1\G81-63408-SD1-D6.3T8.7-20952.wav
3.98155689,-0.44370183,Mono_Continuous,SD1,C:\TCC\Reproduzir_artigo\data\GUITAR-FX\Mono_Continuous\Audio\SD1\G81-63408-SD1-D7.9T2.3-20952.wav
4.64220715,-2.83048511,Mono_Continuous,SD1,C:\TCC\Reproduzir_artigo\data\GUITAR-FX\Mono_Continuous\Audio\SD1\G81-63408-SD1-D9.3T9-20952.wav
12.52171516,-0.12228955,Mono_Continuous,SD1,C:\TCC\Reproduzir_artigo\data\GUITAR-FX\Mono_Continuous\Audio\SD1\G81-66602-SD1-D9.3T1.3-20972.wav
6.59505892,6.62052107,Mono_Continuous,SD1,C:\TCC\Reproduzir_artigo\data\GUITAR-FX\Mono_Continuous\Audio\SD1\G81-67412-SD1-D5.6T1.5-20956.wav
12.83699799,5.06990910,Mono_Continuous,SD1,C:\TCC\Reproduzir_artigo\data\GUITAR-FX\Mono_Continuous\Audio\SD1\G81-67508-SD1-D5.7T8.2-20965.wav
12.94573307,1.66663325,Mono_Continuous,SD1,C:\TCC\Reproduzir_artigo\data\GUITAR-FX\Mono_Continuous\Audio\SD1\G81-69510-SD1-D9.6T7.6-20967.wav
13.17712116,4.61074543,Mono_Continuous,SD1,C:\TCC\Reproduzir_artigo\data\GUITAR-FX\Mono_Continuous\Audio\SD1\G81-69605-SD1-D6.9T2.3-20975.wav
13.83958340,6.42005634,Mono_Continuous,SD1,C:\TCC\Reproduzir_artigo\data\GUITAR-FX\Mono_Continuous\Audio\SD1\G81-71512-SD1-D3.6T8.6-20969.wav
16.73561096,3.68987107,Mono_Continuous,SD1,C:\TCC\Reproduzir_artigo\data\GUITAR-FX\Mono_Continuous\Audio\SD1\G81-72608-SD1-D7.9T9.4-20978.wav
12.10651302,10.33182812,Mono_Continuous,SD1,C:\TCC\Reproduzir_artigo\data\GUITAR-FX\Mono_Continuous\Audio\SD1\G81-74610-SD1-D5.2T3.6-20980.wav
-15.05267620,-2.83066297,Mono_Continuous,SD1,C:\TCC\Reproduzir_artigo\data\GUITAR-FX\Mono_Continuous\Audio\SD1\G83-44104-SD1-D8.8T7.5-20987.wav
-14.61655807,0.64487219,Mono_Continuous,SD1,C:\TCC\Reproduzir_artigo\data\GUITAR-FX\Mono_Continuous\Audio\SD1\G83-45200-SD1-D6.9T0.8-20996.wav
-14.07597065,-1.80469310,Mono_Continuous,SD1,C:\TCC\Reproduzir_artigo\data\GUITAR-FX\Mono_Continuous\Audio\SD1\G83-45200-SD1-D8.4T5-20996.wav
-14.13190556,-0.12670232,Mono_Continuous,SD1,C:\TCC\Reproduzir_artigo\data\GUITAR-FX\Mono_Continuous\Audio\SD1\G83-47107-SD1-D6.1T7-20990.wav
-14.69722652,8.21058655,Mono_Continuous,SD1,C:\TCC\Reproduzir_artigo\data\GUITAR-FX\Mono_Continuous\Audio\SD1\G83-49109-SD1-D2.6T2.2-20992.wav
-9.36460590,-1.13825333,Mono_Continuous,SD1,C:\TCC\Reproduzir_artigo\data\GUITAR-FX\Mono_Continuous\Audio\SD1\G83-50300-SD1-D5T3.3-21009.wav
-10.28491116,4.72474718,Mono_Continuous,SD1,C:\TCC\Reproduzir_artigo\data\GUITAR-FX\Mono_Continuous\Audio\SD1\G83-51206-SD1-D3.4T6.2-21002.wav
-3.13159752,-9.15514660,Mono_Continuous,SD1,C:\TCC\Reproduzir_artigo\data\GUITAR-FX\Mono_Continuous\Audio\SD1\G83-51301-SD1-D9.2T10-21010.wav
-7.16971540,3.40048885,Mono_Continuous,SD1,C:\TCC\Reproduzir_artigo\data\GUITAR-FX\Mono_Continuous\Audio\SD1\G83-52112-SD1-D4.4T9.3-20995.wav
-10.70327568,4.90602732,Mono_Continuous,SD1,C:\TCC\Reproduzir_artigo\data\GUITAR-FX\Mono_Continuous\Audio\SD1\G83-54209-SD1-D5T0.7-21005.wav
-4.63994694,5.37732267,Mono_Continuous,SD1,C:\TCC\Reproduzir_artigo\data\GUITAR-FX\Mono_Continuous\Audio\SD1\G83-55400-SD1-D3.9T1.7-21022.wav
-1.38461685,5.15756178,Mono_Continuous,SD1,C:\TCC\Reproduzir_artigo\data\GUITAR-FX\Mono_Continuous\Audio\SD1\G83-57402-SD1-D4.5T0.3-21024.wav
6.33338594,-1.46412683,Mono_Continuous,SD1,C:\TCC\Reproduzir_artigo\data\GUITAR-FX\Mono_Continuous\Audio\SD1\G83-59500-SD1-D3.9T9.5-21035.wav
-3.58506966,10.37930584,Mono_Continuous,SD1,C:\TCC\Reproduzir_artigo\data\GUITAR-FX\Mono_Continuous\Audio\SD1\G83-60405-SD1-D2T6.4-21027.wav
0.87845874,3.39080811,Mono_Continuous,SD1,C:\TCC\Reproduzir_artigo\data\GUITAR-FX\Mono_Continuous\Audio\SD1\G83-61311-SD1-D6.4T2-21020.wav
2.85879970,7.06950760,Mono_Continuous,SD1,C:\TCC\Reproduzir_artigo\data\GUITAR-FX\Mono_Continuous\Audio\SD1\G83-64409-SD1-D4.6T5.2-21031.wav
4.65358114,10.68517113,Mono_Continuous,SD1,C:\TCC\Reproduzir_artigo\data\GUITAR-FX\Mono_Continuous\Audio\SD1\G83-64505-SD1-D4.7T0.5-21040.wav
5.28705645,3.73657155,Mono_Continuous,SD1,C:\TCC\Reproduzir_artigo\data\GUITAR-FX\Mono_Continuous\Audio\SD1\G83-65410-SD1-D6.3T0.7-21032.wav
9.04049778,2.66617060,Mono_Continuous,SD1,C:\TCC\Reproduzir_artigo\data\GUITAR-FX\Mono_Continuous\Audio\SD1\G83-65601-SD1-D4.7T0.1-21049.wav
6.83072758,1.20476937,Mono_Continuous,SD1,C:\TCC\Reproduzir_artigo\data\GUITAR-FX\Mono_Continuous\Audio\SD1\G83-66411-SD1-D7.4T0.6-21033.wav
8.44201565,6.88510180,Mono_Continuous,SD1,C:\TCC\Reproduzir_artigo\data\GUITAR-FX\Mono_Continuous\Audio\SD1\G83-69510-SD1-D7T0.3-21045.wav
13.14695740,2.97967339,Mono_Continuous,SD1,C:\TCC\Reproduzir_artigo\data\GUITAR-FX\Mono_Continuous\Audio\SD1\G83-74610-SD1-D8.8T6.7-21058.wav
9.42229462,13.89566708,Mono_Continuous,SD1,C:\TCC\Reproduzir_artigo\data\GUITAR-FX\Mono_Continuous\Audio\SD1\G83-76612-SD1-D3.3T0.6-21060.wav
12.50825882,6.58253336,Mono_Continuous,SD1,C:\TCC\Reproduzir_artigo\data\GUITAR-FX\Mono_Continuous\Audio\SD1\G83-76612-SD1-D8.8T1-21060.wav
-16.95729065,6.76997662,Mono_Continuous,SD1,C:\TCC\Reproduzir_artigo\data\GUITAR-FX\Mono_Continuous\Audio\SD1\G91-40100-SD1-D3.2T3.6-21061.wav
-15.96542454,4.93674469,Mono_Continuous,SD1,C:\TCC\Reproduzir_artigo\data\GUITAR-FX\Mono_Continuous\Audio\SD1\G91-40100-SD1-D4.3T8-21061.wav
-15.37570286,-2.23325706,Mono_Continuous,SD1,C:\TCC\Reproduzir_artigo\data\GUITAR-FX\Mono_Continuous\Audio\SD1\G91-42102-SD1-D7.2T6.8-21063.wav
-15.80896378,2.64123774,Mono_Continuous,SD1,C:\TCC\Reproduzir_artigo\data\GUITAR-FX\Mono_Continuous\Audio\SD1\G91-43103-SD1-D4.6T7.3-21064.wav
-16.22849846,4.89877748,Mono_Continuous,SD1,C:\TCC\Reproduzir_artigo\data\GUITAR-FX\Mono_Continuous\Audio\SD1\G91-44104-SD1-D6.4T2-21065.wav
-15.08929920,3.02150249,Mono_Continuous,SD1,C:\TCC\Reproduzir_artigo\data\GUITAR-FX\Mono_Continuous\Audio\SD1\G91-44104-SD1-D6.9T9.7-21065.wav
-17.03846741,9.79529572,Mono_Continuous,SD1,C:\TCC\Reproduzir_artigo\data\GUITAR-FX\Mono_Continuous\Audio\SD1\G91-45105-SD1-D2.1T1.9-21066.wav
-15.66719627,4.86858368,Mono_Continuous,SD1,C:\TCC\Reproduzir_artigo\data\GUITAR-FX\Mono_Continuous\Audio\SD1\G91-45200-SD1-D3.4T8.6-21074.wav
-15.34869289,8.36448956,Mono_Continuous,SD1,C:\TCC\Reproduzir_artigo\data\GUITAR-FX\Mono_Continuous\Audio\SD1\G91-46106-SD1-D2.6T9.4-21067.wav
-12.81470585,6.98964262,Mono_Continuous,SD1,C:\TCC\Reproduzir_artigo\data\GUITAR-FX\Mono_Continuous\Audio\SD1\G91-46201-SD1-D3.9T6.8-21075.wav
-12.04724407,1.79324281,Mono_Continuous,SD1,C:\TCC\Reproduzir_artigo\data\GUITAR-FX\Mono_Continuous\Audio\SD1\G91-46201-SD1-D7.4T7.3-21075.wav
-13.32073784,-0.34688759,Mono_Continuous,SD1,C:\TCC\Reproduzir_artigo\data\GUITAR-FX\Mono_Continuous\Audio\SD1\G91-48108-SD1-D7.9T2.2-21069.wav
-14.13468361,10.90760612,Mono_Continuous,SD1,C:\TCC\Reproduzir_artigo\data\GUITAR-FX\Mono_Continuous\Audio\SD1\G91-49109-SD1-D2.2T8.8-21070.wav
-13.51232624,2.12471366,Mono_Continuous,SD1,C:\TCC\Reproduzir_artigo\data\GUITAR-FX\Mono_Continuous\Audio\SD1\G91-49109-SD1-D8T4.4-21070.wav
-12.98877430,8.24033070,Mono_Continuous,SD1,C:\TCC\Reproduzir_artigo\data\GUITAR-FX\Mono_Continuous\Audio\SD1\G91-49204-SD1-D3.7T1.7-21078.wav
-12.52659321,4.32938814,Mono_Continuous,SD1,C:\TCC\Reproduzir_artigo\data\GUITAR-FX\Mono_Continuous\Audio\SD1\G91-50205-SD1-D7.5T3.2-21079.wav
-9.43398190,3.58485627,Mono_Continuous,SD1,C:\TCC\Reproduzir_artigo\data\GUITAR-FX\Mono_Continuous\Audio\SD1\G91-50300-SD1-D4.4T8.6-21087.wav
-12.30481720,8.34721279,Mono_Continuous,SD1,C:\TCC\Reproduzir_artigo\data\GUITAR-FX\Mono_Continuous\Audio\SD1\G91-51111-SD1-D2.9T6.9-21072.wav
-9.74497986,7.07175159,Mono_Continuous,SD1,C:\TCC\Reproduzir_artigo\data\GUITAR-FX\Mono_Continuous\Audio\SD1\G91-54304-SD1-D3.1T6.1-21091.wav
-9.99384403,3.70381451,Mono_Continuous,SD1,C:\TCC\Reproduzir_artigo\data\GUITAR-FX\Mono_Continuous\Audio\SD1\G91-55210-SD1-D7.8T5.7-21084.wav
-7.24610138,2.05184221,Mono_Continuous,SD1,C:\TCC\Reproduzir_artigo\data\GUITAR-FX\Mono_Continuous\Audio\SD1\G91-55305-SD1-D6.4T8-21092.wav
-9.94954395,14.99964809,Mono_Continuous,SD1,C:\TCC\Reproduzir_artigo\data\GUITAR-FX\Mono_Continuous\Audio\SD1\G91-57212-SD1-D2.8T4.7-21086.wav
-6.41472816,9.45661354,Mono_Continuous,SD1,C:\TCC\Reproduzir_artigo\data\GUITAR-FX\Mono_Continuous\Audio\SD1\G91-57307-SD1-D6T4.9-21094.wav
-3.44678903,4.45755434,Mono_Continuous,SD1,C:\TCC\Reproduzir_artigo\data\GUITAR-FX\Mono_Continuous\Audio\SD1\G91-59309-SD1-D6.8T4.1-21096.wav
-3.01951814,4.09385204,Mono_Continuous,SD1,C:\TCC\Reproduzir_artigo\data\GUITAR-FX\Mono_Continuous\Audio\SD1\G91-59404-SD1-D3.7T7-21104.wav
-1.24985826,-2.43270206,Mono_Continuous,SD1,C:\TCC\Reproduzir_artigo\data\GUITAR-FX\Mono_Continuous\Audio\SD1\G91-60405-SD1-D9.6T0.8-21105.wav
3.79543161,5.37462473,Mono_Continuous,SD1,C:\TCC\Reproduzir_artigo\data\GUITAR-FX\Mono_Continuous\Audio\SD1\G91-62312-SD1-D7T6.1-21099.wav
3.61048579,5.53781939,Mono_Continuous,SD1,C:\TCC\Reproduzir_artigo\data\GUITAR-FX\Mono_Continuous\Audio\SD1\G91-64409-SD1-D6.5T0-21109.wav
9.83627892,-0.16731289,Mono_Continuous,SD1,C:\TCC\Reproduzir_artigo\data\GUITAR-FX\Mono_Continuous\Audio\SD1\G91-64505-SD1-D4.8T9.7-21118.wav
7.08795929,1.48307717,Mono_Continuous,SD1,C:\TCC\Reproduzir_artigo\data\GUITAR-FX\Mono_Continuous\Audio\SD1\G91-66411-SD1-D9T7.5-21111.wav
12.87821674,-2.33940268,Mono_Continuous,SD1,C:\TCC\Reproduzir_artigo\data\GUITAR-FX\Mono_Continuous\Audio\SD1\G91-66602-SD1-D8.8T2.4-21128.wav
13.05016232,5.47672892,Mono_Continuous,SD1,C:\TCC\Reproduzir_artigo\data\GUITAR-FX\Mono_Continuous\Audio\SD1\G91-69510-SD1-D4.8T9.6-21123.wav
15.23427582,4.07969856,Mono_Continuous,SD1,C:\TCC\Reproduzir_artigo\data\GUITAR-FX\Mono_Continuous\Audio\SD1\G91-70511-SD1-D7.7T8.7-21124.wav
14.39284325,2.85723090,Mono_Continuous,SD1,C:\TCC\Reproduzir_artigo\data\GUITAR-FX\Mono_Continuous\Audio\SD1\G91-70606-SD1-D7.2T2.8-21132.wav
14.47230530,2.67406297,Mono_Continuous,SD1,C:\TCC\Reproduzir_artigo\data\GUITAR-FX\Mono_Continuous\Audio\SD1\G91-71512-SD1-D8.4T5.5-21125.wav
15.27159214,0.13980298,Mono_Continuous,SD1,C:\TCC\Reproduzir_artigo\data\GUITAR-FX\Mono_Continuous\Audio\SD1\G91-74610-SD1-D9.3T9.1-21136.wav
-13.89273071,-1.94420993,Mono_Continuous,SD1,C:\TCC\Reproduzir_artigo\data\GUITAR-FX\Mono_Continuous\Audio\SD1\G93-41101-SD1-D6.4T3.2-21140.wav
-13.32881737,-1.25023198,Mono_Continuous,SD1,C:\TCC\Reproduzir_artigo\data\GUITAR-FX\Mono_Continuous\Audio\SD1\G93-47107-SD1-D7.8T2-21146.wav
-9.55814552,2.89762664,Mono_Continuous,SD1,C:\TCC\Reproduzir_artigo\data\GUITAR-FX\Mono_Continuous\Audio\SD1\G93-51206-SD1-D3.7T8.7-21158.wav
-11.38271332,8.45069695,Mono_Continuous,SD1,C:\TCC\Reproduzir_artigo\data\GUITAR-FX\Mono_Continuous\Audio\SD1\G93-52112-SD1-D3.2T4.3-21151.wav
-5.84638071,-5.19464064,Mono_Continuous,SD1,C:\TCC\Reproduzir_artigo\data\GUITAR-FX\Mono_Continuous\Audio\SD1\G93-54209-SD1-D8.6T9.5-21161.wav
-5.97759676,1.67797363,Mono_Continuous,SD1,C:\TCC\Reproduzir_artigo\data\GUITAR-FX\Mono_Continuous\Audio\SD1\G93-54304-SD1-D4.9T1.1-21169.wav
-4.92418051,7.46785736,Mono_Continuous,SD1,C:\TCC\Reproduzir_artigo\data\GUITAR-FX\Mono_Continuous\Audio\SD1\G93-56306-SD1-D2T4.7-21171.wav
1.78704584,-2.59394550,Mono_Continuous,SD1,C:\TCC\Reproduzir_artigo\data\GUITAR-FX\Mono_Continuous\Audio\SD1\G93-56401-SD1-D6.3T2-21179.wav
5.05261850,-2.21712136,Mono_Continuous,SD1,C:\TCC\Reproduzir_artigo\data\GUITAR-FX\Mono_Continuous\Audio\SD1\G93-59500-SD1-D4.6T8.9-21191.wav
1.10356009,7.72040319,Mono_Continuous,SD1,C:\TCC\Reproduzir_artigo\data\GUITAR-FX\Mono_Continuous\Audio\SD1\G93-60405-SD1-D3.7T6.9-21183.wav
4.48057032,5.12251997,Mono_Continuous,SD1,C:\TCC\Reproduzir_artigo\data\GUITAR-FX\Mono_Continuous\Audio\SD1\G93-61406-SD1-D3.9T2.2-21184.wav
1.95883310,-1.12445390,Mono_Continuous,SD1,C:\TCC\Reproduzir_artigo\data\GUITAR-FX\Mono_Continuous\Audio\SD1\G93-62312-SD1-D9T5.1-21177.wav
9.66345501,-0.33278811,Mono_Continuous,SD1,C:\TCC\Reproduzir_artigo\data\GUITAR-FX\Mono_Continuous\Audio\SD1\G93-63504-SD1-D5.3T9.2-21195.wav
9.19885921,-2.93225956,Mono_Continuous,SD1,C:\TCC\Reproduzir_artigo\data\GUITAR-FX\Mono_Continuous\Audio\SD1\G93-66411-SD1-D9.9T8.6-21189.wav
11.81987000,4.25011921,Mono_Continuous,SD1,C:\TCC\Reproduzir_artigo\data\GUITAR-FX\Mono_Continuous\Audio\SD1\G93-67508-SD1-D5.6T5-21199.wav
14.29291630,0.83727068,Mono_Continuous,SD1,C:\TCC\Reproduzir_artigo\data\GUITAR-FX\Mono_Continuous\Audio\SD1\G93-68604-SD1-D8.5T1.9-21208.wav
10.22067738,10.59592247,Mono_Continuous,SD1,C:\TCC\Reproduzir_artigo\data\GUITAR-FX\Mono_Continuous\Audio\SD1\G93-70511-SD1-D6T2.7-21202.wav
10.86847019,2.79134417,Mono_Continuous,SD1,C:\TCC\Reproduzir_artigo\data\GUITAR-FX\Mono_Continuous\Audio\SD1\G93-70511-SD1-D9.6T7.8-21202.wav
15.59271431,4.45285988,Mono_Continuous,SD1,C:\TCC\Reproduzir_artigo\data\GUITAR-FX\Mono_Continuous\Audio\SD1\G93-70606-SD1-D6.3T7.1-21210.wav
-17.40252686,2.13124609,Mono_Continuous,TS9,C:\TCC\Reproduzir_artigo\data\GUITAR-FX\Mono_Continuous\Audio\TS9\G61-40100-TS9-D2.2T9.8-20593.wav
-17.01461220,-0.28746971,Mono_Continuous,TS9,C:\TCC\Reproduzir_artigo\data\GUITAR-FX\Mono_Continuous\Audio\TS9\G61-44104-TS9-D8.7T4.2-20597.wav
-16.01077271,2.18847036,Mono_Continuous,TS9,C:\TCC\Reproduzir_artigo\data\GUITAR-FX\Mono_Continuous\Audio\TS9\G61-45105-TS9-D4.3T6.8-20598.wav
-16.49310875,-0.80878955,Mono_Continuous,TS9,C:\TCC\Reproduzir_artigo\data\GUITAR-FX\Mono_Continuous\Audio\TS9\G61-45105-TS9-D8.4T6.1-20598.wav
-13.28549767,-1.18107152,Mono_Continuous,TS9,C:\TCC\Reproduzir_artigo\data\GUITAR-FX\Mono_Continuous\Audio\TS9\G61-45200-TS9-D3.1T2.5-20606.wav
-15.90650272,0.43447164,Mono_Continuous,TS9,C:\TCC\Reproduzir_artigo\data\GUITAR-FX\Mono_Continuous\Audio\TS9\G61-46106-TS9-D10T4.7-20599.wav
-14.29727173,3.89374280,Mono_Continuous,TS9,C:\TCC\Reproduzir_artigo\data\GUITAR-FX\Mono_Continuous\Audio\TS9\G61-46106-TS9-D2.2T6.5-20599.wav
-12.78213215,-3.02631211,Mono_Continuous,TS9,C:\TCC\Reproduzir_artigo\data\GUITAR-FX\Mono_Continuous\Audio\TS9\G61-46201-TS9-D6.2T2.1-20607.wav
-13.16012764,-1.05607831,Mono_Continuous,TS9,C:\TCC\Reproduzir_artigo\data\GUITAR-FX\Mono_Continuous\Audio\TS9\G61-48108-TS9-D10T9.6-20601.wav
-14.10863972,1.10785830,Mono_Continuous,TS9,C:\TCC\Reproduzir_artigo\data\GUITAR-FX\Mono_Continuous\Audio\TS9\G61-49204-TS9-D9.9T0.8-20610.wav
-14.16468906,5.85022974,Mono_Continuous,TS9,C:\TCC\Reproduzir_artigo\data\GUITAR-FX\Mono_Continuous\Audio\TS9\G61-50110-TS9-D2.8T8-20603.wav
-14.46990776,5.53353167,Mono_Continuous,TS9,C:\TCC\Reproduzir_artigo\data\GUITAR-FX\Mono_Continuous\Audio\TS9\G61-50110-TS9-D4T2.5-20603.wav
-14.23263931,9.00628185,Mono_Continuous,TS9,C:\TCC\Reproduzir_artigo\data\GUITAR-FX\Mono_Continuous\Audio\TS9\G61-50205-TS9-D2.4T1.8-20611.wav
-12.21937561,2.04306865,Mono_Continuous,TS9,C:\TCC\Reproduzir_artigo\data\GUITAR-FX\Mono_Continuous\Audio\TS9\G61-51111-TS9-D9.4T8.9-20604.wav
-12.57760239,5.23389769,Mono_Continuous,TS9,C:\TCC\Reproduzir_artigo\data\GUITAR-FX\Mono_Continuous\Audio\TS9\G61-51206-TS9-D3.2T5-20612.wav
-10.12036991,1.67839134,Mono_Continuous,TS9,C:\TCC\Reproduzir_artigo\data\GUITAR-FX\Mono_Continuous\Audio\TS9\G61-51301-TS9-D5.4T8.6-20620.wav
-10.23756599,0.78461450,Mono_Continuous,TS9,C:\TCC\Reproduzir_artigo\data\GUITAR-FX\Mono_Continuous\Audio\TS9\G61-51301-TS9-D7T6.6-20620.wav
-14.78850365,10.39613152,Mono_Continuous,TS9,C:\TCC\Reproduzir_artigo\data\GUITAR-FX\Mono_Continuous\Audio\TS9\G61-52112-TS9-D5.1T0.1-20605.wav
-13.87968063,7.33359337,Mono_Continuous,TS9,C:\TCC\Reproduzir_artigo\data\GUITAR-FX\Mono_Continuous\Audio\TS9\G61-52112-TS9-D9.2T7.2-20605.wav
-4.16992617,2.02850342,Mono_Continuous,TS9,C:\TCC\Reproduzir_artigo\data\GUITAR-FX\Mono_Continuous\Audio\TS9\G61-56211-TS9-D5.9T8.2-20617.wav
-3.81854606,1.32554317,Mono_Continuous,TS9,C:\TCC\Reproduzir_artigo\data\GUITAR-FX\Mono_Continuous\Audio\TS9\G61-56211-TS9-D6.4T9.3-20617.wav
-7.47826576,7.29542017,Mono_Continuous,TS9,C:\TCC\Reproduzir_artigo\data\GUITAR-FX\Mono_Continuous\Audio\TS9\G61-57212-TS9-D7.1T5-20618.wav
-7.54741240,7.23680830,Mono_Continuous,TS9,C:\TCC\Reproduzir_artigo\data\GUITAR-FX\Mono_Continuous\Audio\TS9\G61-57212-TS9-D7.2T0.9-20618.wav
-2.62491059,6.52347040,Mono_Continuous,TS9,C:\TCC\Reproduzir_artigo\data\GUITAR-FX\Mono_Continuous\Audio\TS9\G61-59404-TS9-D3.5T8.2-20636.wav
2.43716598,1.36313796,Mono_Continuous,TS9,C:\TCC\Reproduzir_artigo\data\GUITAR-FX\Mono_Continuous\Audio\TS9\G61-60501-TS9-D9.5T7.1-20646.wav
4.60148144,1.45813024,Mono_Continuous,TS9,C:\TCC\Reproduzir_artigo\data\GUITAR-FX\Mono_Continuous\Audio\TS9\G61-62503-TS9-D7.2T2.1-20648.wav
4.71481085,1.40440178,Mono_Continuous,TS9,C:\TCC\Reproduzir_artigo\data\GUITAR-FX\Mono_Continuous\Audio\TS9\G61-62503-TS9-D7.6T4.5-20648.wav
9.34997082,1.93746161,Mono_Continuous,TS9,C:\TCC\Reproduzir_artigo\data\GUITAR-FX\Mono_Continuous\Audio\TS9\G61-64505-TS9-D5T0.9-20650.wav
11.51569557,3.56117654,Mono_Continuous,TS9,C:\TCC\Reproduzir_artigo\data\GUITAR-FX\Mono_Continuous\Audio\TS9\G61-64600-TS9-D4.9T3.9-20658.wav
11.82527161,3.24134421,Mono_Continuous,TS9,C:\TCC\Reproduzir_artigo\data\GUITAR-FX\Mono_Continuous\Audio\TS9\G61-65601-TS9-D3.8T9.9-20659.wav
10.48620415,5.38169336,Mono_Continuous,TS9,C:\TCC\Reproduzir_artigo\data\GUITAR-FX\Mono_Continuous\Audio\TS9\G61-65601-TS9-D5.9T4.6-20659.wav
8.37485981,8.29406929,Mono_Continuous,TS9,C:\TCC\Reproduzir_artigo\data\GUITAR-FX\Mono_Continuous\Audio\TS9\G61-67508-TS9-D6.5T1.7-20653.wav
13.48580265,5.35013342,Mono_Continuous,TS9,C:\TCC\Reproduzir_artigo\data\GUITAR-FX\Mono_Continuous\Audio\TS9\G61-68604-TS9-D9.4T1.8-20662.wav
11.69401836,6.59545231,Mono_Continuous,TS9,C:\TCC\Reproduzir_artigo\data\GUITAR-FX\Mono_Continuous\Audio\TS9\G61-69510-TS9-D8T9-20655.wav
10.77856159,7.70304680,Mono_Continuous,TS9,C:\TCC\Reproduzir_artigo\data\GUITAR-FX\Mono_Continuous\Audio\TS9\G61-69605-TS9-D8T3.7-20663.wav
10.89860535,5.12514830,Mono_Continuous,TS9,C:\TCC\Reproduzir_artigo\data\GUITAR-FX\Mono_Continuous\Audio\TS9\G61-71512-TS9-D5.3T8.3-20657.wav
15.10738277,1.60610092,Mono_Continuous,TS9,C:\TCC\Reproduzir_artigo\data\GUITAR-FX\Mono_Continuous\Audio\TS9\G61-71607-TS9-D7T7.8-20665.wav
-16.14612198,0.38759723,Mono_Continuous,TS9,C:\TCC\Reproduzir_artigo\data\GUITAR-FX\Mono_Continuous\Audio\TS9\G63-40100-TS9-D3.4T9.3-20671.wav
-14.43254566,0.18565011,Mono_Continuous,TS9,C:\TCC\Reproduzir_artigo\data\GUITAR-FX\Mono_Continuous\Audio\TS9\G63-44104-TS9-D5.6T4.7-20675.wav
-11.48132515,-6.16710901,Mono_Continuous,TS9,C:\TCC\Reproduzir_artigo\data\GUITAR-FX\Mono_Continuous\Audio\TS9\G63-45200-TS9-D6T0.7-20684.wav
-14.45935535,0.16261205,Mono_Continuous,TS9,C:\TCC\Reproduzir_artigo\data\GUITAR-FX\Mono_Continuous\Audio\TS9\G63-46106-TS9-D6.2T8.9-20677.wav
-16.11990166,-1.45985270,Mono_Continuous,TS9,C:\TCC\Reproduzir_artigo\data\GUITAR-FX\Mono_Continuous\Audio\TS9\G63-47107-TS9-D7.2T9.5-20678.wav
-11.82821274,1.45412219,Mono_Continuous,TS9,C:\TCC\Reproduzir_artigo\data\GUITAR-FX\Mono_Continuous\Audio\TS9\G63-49109-TS9-D2.7T4.7-20680.wav
-12.79282475,3.11863375,Mono_Continuous,TS9,C:\TCC\Reproduzir_artigo\data\GUITAR-FX\Mono_Continuous\Audio\TS9\G63-49204-TS9-D4.2T7.6-20688.wav
-9.83068275,-1.46240711,Mono_Continuous,TS9,C:\TCC\Reproduzir_artigo\data\GUITAR-FX\Mono_Continuous\Audio\TS9\G63-50300-TS9-D4.5T2.9-20697.wav
-11.12349987,3.83347821,Mono_Continuous,TS9,C:\TCC\Reproduzir_artigo\data\GUITAR-FX\Mono_Continuous\Audio\TS9\G63-51111-TS9-D4.5T1.6-20682.wav
-8.17559528,-4.30827951,Mono_Continuous,TS9,C:\TCC\Reproduzir_artigo\data\GUITAR-FX\Mono_Continuous\Audio\TS9\G63-51206-TS9-D9.2T4.2-20690.wav
-8.71229649,4.75134468,Mono_Continuous,TS9,C:\TCC\Reproduzir_artigo\data\GUITAR-FX\Mono_Continuous\Audio\TS9\G63-53208-TS9-D3.8T2.1-20692.wav
-7.46100378,-1.83125556,Mono_Continuous,TS9,C:\TCC\Reproduzir_artigo\data\GUITAR-FX\Mono_Continuous\Audio\TS9\G63-54304-TS9-D7.4T3.3-20701.wav
-4.89298964,3.22660685,Mono_Continuous,TS9,C:\TCC\Reproduzir_artigo\data\GUITAR-FX\Mono_Continuous\Audio\TS9\G63-56211-TS9-D6.7T4-20695.wav
-3.18348789,4.03672886,Mono_Continuous,TS9,C:\TCC\Reproduzir_artigo\data\GUITAR-FX\Mono_Continuous\Audio\TS9\G63-60310-TS9-D9.3T7.9-20707.wav
0.21341810,-1.75847983,Mono_Continuous,TS9,C:\TCC\Reproduzir_artigo\data\GUITAR-FX\Mono_Continuous\Audio\TS9\G63-60405-TS9-D8.9T9.9-20715.wav
-1.09358299,4.25144529,Mono_Continuous,TS9,C:\TCC\Reproduzir_artigo\data\GUITAR-FX\Mono_Continuous\Audio\TS9\G63-62312-TS9-D9.5T7.3-20709.wav
4.50318289,6.47309160,Mono_Continuous,TS9,C:\TCC\Reproduzir_artigo\data\GUITAR-FX\Mono_Continuous\Audio\TS9\G63-65410-TS9-D6.9T4.3-20720.wav
5.00287008,8.36710930,Mono_Continuous,TS9,C:\TCC\Reproduzir_artigo\data\GUITAR-FX\Mono_Continuous\Audio\TS9\G63-65506-TS9-D2.8T7.9-20729.wav
9.72231102,3.10475278,Mono_Continuous,TS9,C:\TCC\Reproduzir_artigo\data\GUITAR-FX\Mono_Continuous\Audio\TS9\G63-66411-TS9-D7.9T9.4-20721.wav
5.40104437,9.73722172,Mono_Continuous,TS9,C:\TCC\Reproduzir_artigo\data\GUITAR-FX\Mono_Continuous\Audio\TS9\G63-67412-TS9-D6T7.4-20722.wav
7.71063137,9.17797089,Mono_Continuous,TS9,C:\TCC\Reproduzir_artigo\data\GUITAR-FX\Mono_Continuous\Audio\TS9\G63-67603-TS9-D2.4T6.7-20739.wav
11.53584480,7.65405846,Mono_Continuous,TS9,C:\TCC\Reproduzir_artigo\data\GUITAR-FX\Mono_Continuous\Audio\TS9\G63-73609-TS9-D4.3T7.9-20745.wav
13.77857590,4.28196859,Mono_Continuous,TS9,C:\TCC\Reproduzir_artigo\data\GUITAR-FX\Mono_Continuous\Audio\TS9\G63-75611-TS9-D3T9.8-20747.wav
13.66786098,2.87347531,Mono_Continuous,TS9,C:\TCC\Reproduzir_artigo\data\GUITAR-FX\Mono_Continuous\Audio\TS9\G63-75611-TS9-D8.1T7.7-20747.wav
-13.98944664,-1.26570404,Mono_Continuous,TS9,C:\TCC\Reproduzir_artigo\data\GUITAR-FX\Mono_Continuous\Audio\TS9\G71-43103-TS9-D5.2T4.5-20752.wav
-12.12158298,-5.43016815,Mono_Continuous,TS9,C:\TCC\Reproduzir_artigo\data\GUITAR-FX\Mono_Continuous\Audio\TS9\G71-45105-TS9-D8.3T0.7-20754.wav
-11.89980030,-4.52067423,Mono_Continuous,TS9,C:\TCC\Reproduzir_artigo\data\GUITAR-FX\Mono_Continuous\Audio\TS9\G71-46201-TS9-D8.5T8.4-20763.wav
-9.37203979,-4.64378262,Mono_Continuous,TS9,C:\TCC\Reproduzir_artigo\data\GUITAR-FX\Mono_Continuous\Audio\TS9\G71-48203-TS9-D4.4T0.1-20765.wav
-8.42037392,-5.86733961,Mono_Continuous,TS9,C:\TCC\Reproduzir_artigo\data\GUITAR-FX\Mono_Continuous\Audio\TS9\G71-48203-TS9-D4.4T9.5-20765.wav
-11.10780525,4.60388994,Mono_Continuous,TS9,C:\TCC\Reproduzir_artigo\data\GUITAR-FX\Mono_Continuous\Audio\TS9\G71-50110-TS9-D3.3T2.8-20759.wav
-11.92672634,-1.11775279,Mono_Continuous,TS9,C:\TCC\Reproduzir_artigo\data\GUITAR-FX\Mono_Continuous\Audio\TS9\G71-50205-TS9-D8.7T7-20767.wav
-6.77315426,-5.63423824,Mono_Continuous,TS9,C:\TCC\Reproduzir_artigo\data\GUITAR-FX\Mono_Continuous\Audio\TS9\G71-50300-TS9-D8.8T2.3-20775.wav
-5.70018911,-4.64616776,Mono_Continuous,TS9,C:\TCC\Reproduzir_artigo\data\GUITAR-FX\Mono_Continuous\Audio\TS9\G71-51301-TS9-D8.7T2.3-20776.wav
-10.74390411,2.12815809,Mono_Continuous,TS9,C:\TCC\Reproduzir_artigo\data\GUITAR-FX\Mono_Continuous\Audio\TS9\G71-52207-TS9-D6.4T7-20769.wav
-9.90328884,3.27005935,Mono_Continuous,TS9,C:\TCC\Reproduzir_artigo\data\GUITAR-FX\Mono_Continuous\Audio\TS9\G71-52302-TS9-D2.6T3.7-20777.wav
-7.35344124,0.15034103,Mono_Continuous,TS9,C:\TCC\Reproduzir_artigo\data\GUITAR-FX\Mono_Continuous\Audio\TS9\G71-53208-TS9-D5.6T6.8-20770.wav
-10.26805687,0.70988500,Mono_Continuous,TS9,C:\TCC\Reproduzir_artigo\data\GUITAR-FX\Mono_Continuous\Audio\TS9\G71-54209-TS9-D6.6T5.6-20771.wav
-9.68724537,-0.11902675,Mono_Continuous,TS9,C:\TCC\Reproduzir_artigo\data\GUITAR-FX\Mono_Continuous\Audio\TS9\G71-54209-TS9-D7.7T5.9-20771.wav
-5.84249687,0.19374894,Mono_Continuous,TS9,C:\TCC\Reproduzir_artigo\data\GUITAR-FX\Mono_Continuous\Audio\TS9\G71-56211-TS9-D9.8T0.1-20773.wav
3.49583650,-1.50674450,Mono_Continuous,TS9,C:\TCC\Reproduzir_artigo\data\GUITAR-FX\Mono_Continuous\Audio\TS9\G71-58403-TS9-D4.3T5.2-20791.wav
0.95437652,-0.38342765,Mono_Continuous,TS9,C:\TCC\Reproduzir_artigo\data\GUITAR-FX\Mono_Continuous\Audio\TS9\G71-59404-TS9-D6.9T3.1-20792.wav
-3.78089285,4.12198019,Mono_Continuous,TS9,C:\TCC\Reproduzir_artigo\data\GUITAR-FX\Mono_Continuous\Audio\TS9\G71-60310-TS9-D8.6T3.6-20785.wav
6.62081814,-2.34707928,Mono_Continuous,TS9,C:\TCC\Reproduzir_artigo\data\GUITAR-FX\Mono_Continuous\Audio\TS9\G71-60501-TS9-D7.5T2.4-20802.wav
9.06580162,-0.42982265,Mono_Continuous,TS9,C:\TCC\Reproduzir_artigo\data\GUITAR-FX\Mono_Continuous\Audio\TS9\G71-61502-TS9-D8.5T8.5-20803.wav
9.09820175,-0.74137062,Mono_Continuous,TS9,C:\TCC\Reproduzir_artigo\data\GUITAR-FX\Mono_Continuous\Audio\TS9\G71-61502-TS9-D9.2T1.5-20803.wav
0.90363473,6.50162125,Mono_Continuous,TS9,C:\TCC\Reproduzir_artigo\data\GUITAR-FX\Mono_Continuous\Audio\TS9\G71-62312-TS9-D4.8T5.1-20787.wav
9.83626366,-1.55897176,Mono_Continuous,TS9,C:\TCC\Reproduzir_artigo\data\GUITAR-FX\Mono_Continuous\Audio\TS9\G71-62503-TS9-D9.7T8.6-20804.wav
11.01077557,-1.44575799,Mono_Continuous,TS9,C:\TCC\Reproduzir_artigo\data\GUITAR-FX\Mono_Continuous\Audio\TS9\G71-63504-TS9-D9.2T1.5-20805.wav
11.00735760,4.01513195,Mono_Continuous,TS9,C:\TCC\Reproduzir_artigo\data\GUITAR-FX\Mono_Continuous\Audio\TS9\G71-64409-TS9-D5.7T8.8-20797.wav
12.07223034,3.77882671,Mono_Continuous,TS9,C:\TCC\Reproduzir_artigo\data\GUITAR-FX\Mono_Continuous\Audio\TS9\G71-64505-TS9-D5.5T7.9-20806.wav
8.25170708,10.00978279,Mono_Continuous,TS9,C:\TCC\Reproduzir_artigo\data\GUITAR-FX\Mono_Continuous\Audio\TS9\G71-67412-TS9-D4.6T2-20800.wav
10.90886688,7.11503410,Mono_Continuous,TS9,C:\TCC\Reproduzir_artigo\data\GUITAR-FX\Mono_Continuous\Audio\TS9\G71-68604-TS9-D2.4T9.1-20818.wav
12.50411987,5.43055820,Mono_Continuous,TS9,C:\TCC\Reproduzir_artigo\data\GUITAR-FX\Mono_Continuous\Audio\TS9\G71-68604-TS9-D7.5T5.4-20818.wav
13.23660564,4.83228302,Mono_Continuous,TS9,C:\TCC\Reproduzir_artigo\data\GUITAR-FX\Mono_Continuous\Audio\TS9\G71-68604-TS9-D8.6T6-20818.wav
11.53922272,7.84409571,Mono_Continuous,TS9,C:\TCC\Reproduzir_artigo\data\GUITAR-FX\Mono_Continuous\Audio\TS9\G71-69510-TS9-D2.2T0.7-20811.wav
12.92353535,7.79816628,Mono_Continuous,TS9,C:\TCC\Reproduzir_artigo\data\GUITAR-FX\Mono_Continuous\Audio\TS9\G71-69605-TS9-D2.7T6.6-20819.wav
11.60848999,9.99384975,Mono_Continuous,TS9,C:\TCC\Reproduzir_artigo\data\GUITAR-FX\Mono_Continuous\Audio\TS9\G71-72608-TS9-D4.4T8.1-20822.wav
-15.11125278,-2.58931637,Mono_Continuous,TS9,C:\TCC\Reproduzir_artigo\data\GUITAR-FX\Mono_Continuous\Audio\TS9\G73-40100-TS9-D5.6T4.3-20827.wav
-14.06500435,-4.14565754,Mono_Continuous,TS9,C:\TCC\Reproduzir_artigo\data\GUITAR-FX\Mono_Continuous\Audio\TS9\G73-41101-TS9-D8.4T9.7-20828.wav
-13.74805546,0.38978866,Mono_Continuous,TS9,C:\TCC\Reproduzir_artigo\data\GUITAR-FX\Mono_Continuous\Audio\TS9\G73-43103-TS9-D3.6T6.1-20830.wav
-11.16176414,-1.66114855,Mono_Continuous,TS9,C:\TCC\Reproduzir_artigo\data\GUITAR-FX\Mono_Continuous\Audio\TS9\G73-50205-TS9-D6.5T9.8-20845.wav
-7.97746086,-5.90458107,Mono_Continuous,TS9,C:\TCC\Reproduzir_artigo\data\GUITAR-FX\Mono_Continuous\Audio\TS9\G73-51206-TS9-D9.5T1.8-20846.wav
-9.46434784,0.92497313,Mono_Continuous,TS9,C:\TCC\Reproduzir_artigo\data\GUITAR-FX\Mono_Continuous\Audio\TS9\G73-52112-TS9-D7.3T3.7-20839.wav
-7.04437733,0.61094797,Mono_Continuous,TS9,C:\TCC\Reproduzir_artigo\data\GUITAR-FX\Mono_Continuous\Audio\TS9\G73-53208-TS9-D5.2T3.7-20848.wav
-6.59028101,0.74814057,Mono_Continuous,TS9,C:\TCC\Reproduzir_artigo\data\GUITAR-FX\Mono_Continuous\Audio\TS9\G73-54209-TS9-D2.2T8-20849.wav
-5.55313349,-2.75535178,Mono_Continuous,TS9,C:\TCC\Reproduzir_artigo\data\GUITAR-FX\Mono_Continuous\Audio\TS9\G73-54209-TS9-D6.3T8.7-20849.wav
-9.04976845,4.14770603,Mono_Continuous,TS9,C:\TCC\Reproduzir_artigo\data\GUITAR-FX\Mono_Continuous\Audio\TS9\G73-55210-TS9-D2.6T0.9-20850.wav
-8.70588970,3.92743945,Mono_Continuous,TS9,C:\TCC\Reproduzir_artigo\data\GUITAR-FX\Mono_Continuous\Audio\TS9\G73-55210-TS9-D3.5T4.4-20850.wav
-5.94737387,-0.43443739,Mono_Continuous,TS9,C:\TCC\Reproduzir_artigo\data\GUITAR-FX\Mono_Continuous\Audio\TS9\G73-55305-TS9-D4.5T5.1-20858.wav
-3.80084991,1.58859372,Mono_Continuous,TS9,C:\TCC\Reproduzir_artigo\data\GUITAR-FX\Mono_Continuous\Audio\TS9\G73-56211-TS9-D2.3T1.5-20851.wav
-3.73538303,1.57227397,Mono_Continuous,TS9,C:\TCC\Reproduzir_artigo\data\GUITAR-FX\Mono_Continuous\Audio\TS9\G73-56211-TS9-D2.6T3.4-20851.wav
-5.27629423,-1.18054366,Mono_Continuous,TS9,C:\TCC\Reproduzir_artigo\data\GUITAR-FX\Mono_Continuous\Audio\TS9\G73-56211-TS9-D5.9T0.7-20851.wav
-5.12777996,-1.07228625,Mono_Continuous,TS9,C:\TCC\Reproduzir_artigo\data\GUITAR-FX\Mono_Continuous\Audio\TS9\G73-56211-TS9-D6T1.9-20851.wav
-5.58794451,-4.04860687,Mono_Continuous,TS9,C:\TCC\Reproduzir_artigo\data\GUITAR-FX\Mono_Continuous\Audio\TS9\G73-56211-TS9-D9.7T0.7-20851.wav
-4.41535378,0.53363442,Mono_Continuous,TS9,C:\TCC\Reproduzir_artigo\data\GUITAR-FX\Mono_Continuous\Audio\TS9\G73-57212-TS9-D9.7T8.1-20852.wav
0.65400141,-3.29036856,Mono_Continuous,TS9,C:\TCC\Reproduzir_artigo\data\GUITAR-FX\Mono_Continuous\Audio\TS9\G73-58308-TS9-D6.5T7.8-20861.wav
3.40440893,-4.22182083,Mono_Continuous,TS9,C:\TCC\Reproduzir_artigo\data\GUITAR-FX\Mono_Continuous\Audio\TS9\G73-58403-TS9-D8.1T2.6-20869.wav
-2.80193162,-1.28001761,Mono_Continuous,TS9,C:\TCC\Reproduzir_artigo\data\GUITAR-FX\Mono_Continuous\Audio\TS9\G73-59309-TS9-D8.6T2.8-20862.wav
4.65034199,-3.69230032,Mono_Continuous,TS9,C:\TCC\Reproduzir_artigo\data\GUITAR-FX\Mono_Continuous\Audio\TS9\G73-59500-TS9-D3.5T8.3-20879.wav
-2.71984243,6.23676682,Mono_Continuous,TS9,C:\TCC\Reproduzir_artigo\data\GUITAR-FX\Mono_Continuous\Audio\TS9\G73-60310-TS9-D3.1T7.4-20863.wav
6.36020088,-2.08394718,Mono_Continuous,TS9,C:\TCC\Reproduzir_artigo\data\GUITAR-FX\Mono_Continuous\Audio\TS9\G73-60501-TS9-D5.4T7.9-20880.wav
4.04071617,-1.45705724,Mono_Continuous,TS9,C:\TCC\Reproduzir_artigo\data\GUITAR-FX\Mono_Continuous\Audio\TS9\G73-61311-TS9-D7.7T3.6-20864.wav
3.15241051,1.72877276,Mono_Continuous,TS9,C:\TCC\Reproduzir_artigo\data\GUITAR-FX\Mono_Continuous\Audio\TS9\G73-62312-TS9-D7.3T5.7-20865.wav
6.65080023,-0.03020098,Mono_Continuous,TS9,C:\TCC\Reproduzir_artigo\data\GUITAR-FX\Mono_Continuous\Audio\TS9\G73-62407-TS9-D3.1T9.9-20873.wav
5.76746941,-2.17577338,Mono_Continuous,TS9,C:\TCC\Reproduzir_artigo\data\GUITAR-FX\Mono_Continuous\Audio\TS9\G73-63408-TS9-D9.8T8.8-20874.wav
9.59641933,2.64757180,Mono_Continuous,TS9,C:\TCC\Reproduzir_artigo\data\GUITAR-FX\Mono_Continuous\Audio\TS9\G73-64505-TS9-D4.6T2.9-20884.wav
11.26053238,5.07237911,Mono_Continuous,TS9,C:\TCC\Reproduzir_artigo\data\GUITAR-FX\Mono_Continuous\Audio\TS9\G73-69605-TS9-D7.6T2.9-20897.wav
13.41090107,5.35093164,Mono_Continuous,TS9,C:\TCC\Reproduzir_artigo\data\GUITAR-FX\Mono_Continuous\Audio\TS9\G73-70511-TS9-D5.6T0.7-20890.wav
13.60365963,4.95891094,Mono_Continuous,TS9,C:\TCC\Reproduzir_artigo\data\GUITAR-FX\Mono_Continuous\Audio\TS9\G73-75611-TS9-D6.4T2.2-20903.wav
-18.07877350,6.73397493,Mono_Continuous,TS9,C:\TCC\Reproduzir_artigo\data\GUITAR-FX\Mono_Continuous\Audio\TS9\G81-42102-TS9-D2.7T6.7-20907.wav
-18.12528801,6.88497829,Mono_Continuous,TS9,C:\TCC\Reproduzir_artigo\data\GUITAR-FX\Mono_Continuous\Audio\TS9\G81-42102-TS9-D3.9T0.4-20907.wav
-16.99129486,7.00699902,Mono_Continuous,TS9,C:\TCC\Reproduzir_artigo\data\GUITAR-FX\Mono_Continuous\Audio\TS9\G81-44104-TS9-D4.2T5.4-20909.wav
-15.06663704,2.89300919,Mono_Continuous,TS9,C:\TCC\Reproduzir_artigo\data\GUITAR-FX\Mono_Continuous\Audio\TS9\G81-45200-TS9-D8.2T2.5-20918.wav
-14.67954063,6.62556314,Mono_Continuous,TS9,C:\TCC\Reproduzir_artigo\data\GUITAR-FX\Mono_Continuous\Audio\TS9\G81-46201-TS9-D4.2T6.1-20919.wav
-14.70036697,6.02171659,Mono_Continuous,TS9,C:\TCC\Reproduzir_artigo\data\GUITAR-FX\Mono_Continuous\Audio\TS9\G81-48203-TS9-D6.1T2.6-20921.wav
-14.27560043,4.28514862,Mono_Continuous,TS9,C:\TCC\Reproduzir_artigo\data\GUITAR-FX\Mono_Continuous\Audio\TS9\G81-49109-TS9-D6.8T0.8-20914.wav
-13.70975304,5.41329002,Mono_Continuous,TS9,C:\TCC\Reproduzir_artigo\data\GUITAR-FX\Mono_Continuous\Audio\TS9\G81-50205-TS9-D8.2T1.3-20923.wav
-11.47644329,4.38356256,Mono_Continuous,TS9,C:\TCC\Reproduzir_artigo\data\GUITAR-FX\Mono_Continuous\Audio\TS9\G81-50300-TS9-D2.9T8.5-20931.wav
-12.58786106,9.31671715,Mono_Continuous,TS9,C:\TCC\Reproduzir_artigo\data\GUITAR-FX\Mono_Continuous\Audio\TS9\G81-51206-TS9-D3.2T8.3-20924.wav
-11.63075161,4.53072119,Mono_Continuous,TS9,C:\TCC\Reproduzir_artigo\data\GUITAR-FX\Mono_Continuous\Audio\TS9\G81-51301-TS9-D7.7T8-20932.wav
-11.18674850,3.78960872,Mono_Continuous,TS9,C:\TCC\Reproduzir_artigo\data\GUITAR-FX\Mono_Continuous\Audio\TS9\G81-51301-TS9-D8.3T4.1-20932.wav
-12.47846699,4.91554642,Mono_Continuous,TS9,C:\TCC\Reproduzir_artigo\data\GUITAR-FX\Mono_Continuous\Audio\TS9\G81-52207-TS9-D8.8T7.3-20925.wav
-9.02465916,5.40450048,Mono_Continuous,TS9,C:\TCC\Reproduzir_artigo\data\GUITAR-FX\Mono_Continuous\Audio\TS9\G81-53303-TS9-D8.5T3.1-20934.wav
-9.89231968,4.94321203,Mono_Continuous,TS9,C:\TCC\Reproduzir_artigo\data\GUITAR-FX\Mono_Continuous\Audio\TS9\G81-54209-TS9-D7.6T6.5-20927.wav
-10.44144058,6.07258892,Mono_Continuous,TS9,C:\TCC\Reproduzir_artigo\data\GUITAR-FX\Mono_Continuous\Audio\TS9\G81-54304-TS9-D5.4T4.2-20935.wav
-4.43157196,2.35088348,Mono_Continuous,TS9,C:\TCC\Reproduzir_artigo\data\GUITAR-FX\Mono_Continuous\Audio\TS9\G81-55400-TS9-D3.9T9-20944.wav
-0.72994041,-3.55775404,Mono_Continuous,TS9,C:\TCC\Reproduzir_artigo\data\GUITAR-FX\Mono_Continuous\Audio\TS9\G81-55400-TS9-D8.5T10-20944.wav
-7.99839544,8.24989319,Mono_Continuous,TS9,C:\TCC\Reproduzir_artigo\data\GUITAR-FX\Mono_Continuous\Audio\TS9\G81-56306-TS9-D2.9T6.9-20937.wav
-8.25853634,10.97722530,Mono_Continuous,TS9,C:\TCC\Reproduzir_artigo\data\GUITAR-FX\Mono_Continuous\Audio\TS9\G81-57212-TS9-D4.5T9-20930.wav
-7.65166473,9.27562904,Mono_Continuous,TS9,C:\TCC\Reproduzir_artigo\data\GUITAR-FX\Mono_Continuous\Audio\TS9\G81-57307-TS9-D5.6T7-20938.wav
-3.81221843,4.81968451,Mono_Continuous,TS9,C:\TCC\Reproduzir_artigo\data\GUITAR-FX\Mono_Continuous\Audio\TS9\G81-57402-TS9-D3.6T0.7-20946.wav
-5.16039801,11.13091373,Mono_Continuous,TS9,C:\TCC\Reproduzir_artigo\data\GUITAR-FX\Mono_Continuous\Audio\TS9\G81-60310-TS9-D3T8.5-20941.wav
-0.58420187,9.30412483,Mono_Continuous,TS9,C:\TCC\Reproduzir_artigo\data\GUITAR-FX\Mono_Continuous\Audio\TS9\G81-61311-TS9-D3.2T2.2-20942.wav
-0.44790789,7.62901878,Mono_Continuous,TS9,C:\TCC\Reproduzir_artigo\data\GUITAR-FX\Mono_Continuous\Audio\TS9\G81-61311-TS9-D5.5T5.2-20942.wav
4.40586376,9.51195812,Mono_Continuous,TS9,C:\TCC\Reproduzir_artigo\data\GUITAR-FX\Mono_Continuous\Audio\TS9\G81-64409-TS9-D4.1T9.4-20953.wav
4.00368786,9.21524143,Mono_Continuous,TS9,C:\TCC\Reproduzir_artigo\data\GUITAR-FX\Mono_Continuous\Audio\TS9\G81-65410-TS9-D3.5T3.8-20954.wav
4.61705160,6.74517870,Mono_Continuous,TS9,C:\TCC\Reproduzir_artigo\data\GUITAR-FX\Mono_Continuous\Audio\TS9\G81-65410-TS9-D6.7T1.2-20954.wav
5.38812733,4.68017530,Mono_Continuous,TS9,C:\TCC\Reproduzir_artigo\data\GUITAR-FX\Mono_Continuous\Audio\TS9\G81-65410-TS9-D9.7T2.3-20954.wav
11.47970295,4.21054697,Mono_Continuous,TS9,C:\TCC\Reproduzir_artigo\data\GUITAR-FX\Mono_Continuous\Audio\TS9\G81-65506-TS9-D2.7T9-20963.wav
8.69162846,6.84068060,Mono_Continuous,TS9,C:\TCC\Reproduzir_artigo\data\GUITAR-FX\Mono_Continuous\Audio\TS9\G81-66411-TS9-D5.9T5.1-20955.wav
6.11478996,6.59775877,Mono_Continuous,TS9,C:\TCC\Reproduzir_artigo\data\GUITAR-FX\Mono_Continuous\Audio\TS9\G81-67412-TS9-D7.8T7.4-20956.wav
10.05266571,9.75390339,Mono_Continuous,TS9,C:\TCC\Reproduzir_artigo\data\GUITAR-FX\Mono_Continuous\Audio\TS9\G81-67508-TS9-D3T1-20965.wav
11.88409138,6.44718361,Mono_Continuous,TS9,C:\TCC\Reproduzir_artigo\data\GUITAR-FX\Mono_Continuous\Audio\TS9\G81-67603-TS9-D6.8T6.1-20973.wav
11.30112934,5.48535967,Mono_Continuous,TS9,C:\TCC\Reproduzir_artigo\data\GUITAR-FX\Mono_Continuous\Audio\TS9\G81-68509-TS9-D3.6T3.7-20966.wav
11.54258919,8.13242531,Mono_Continuous,TS9,C:\TCC\Reproduzir_artigo\data\GUITAR-FX\Mono_Continuous\Audio\TS9\G81-69605-TS9-D2.1T6.3-20975.wav
11.84540844,7.64794636,Mono_Continuous,TS9,C:\TCC\Reproduzir_artigo\data\GUITAR-FX\Mono_Continuous\Audio\TS9\G81-69605-TS9-D4.6T2.7-20975.wav
13.07818604,6.76256371,Mono_Continuous,TS9,C:\TCC\Reproduzir_artigo\data\GUITAR-FX\Mono_Continuous\Audio\TS9\G81-75611-TS9-D8.6T3.1-20981.wav
-16.89556313,7.25076675,Mono_Continuous,TS9,C:\TCC\Reproduzir_artigo\data\GUITAR-FX\Mono_Continuous\Audio\TS9\G83-44104-TS9-D3T2.8-20987.wav
-14.11987877,-3.78587651,Mono_Continuous,TS9,C:\TCC\Reproduzir_artigo\data\GUITAR-FX\Mono_Continuous\Audio\TS9\G83-45105-TS9-D9.9T1.2-20988.wav
-12.49053955,3.73428035,Mono_Continuous,TS9,C:\TCC\Reproduzir_artigo\data\GUITAR-FX\Mono_Continuous\Audio\TS9\G83-48108-TS9-D2.4T9.8-20991.wav
-13.37985516,2.57403731,Mono_Continuous,TS9,C:\TCC\Reproduzir_artigo\data\GUITAR-FX\Mono_Continuous\Audio\TS9\G83-49204-TS9-D3.3T7.2-21000.wav
-12.69563770,-2.03576899,Mono_Continuous,TS9,C:\TCC\Reproduzir_artigo\data\GUITAR-FX\Mono_Continuous\Audio\TS9\G83-49204-TS9-D9.3T3.7-21000.wav
-12.21047211,-0.21240070,Mono_Continuous,TS9,C:\TCC\Reproduzir_artigo\data\GUITAR-FX\Mono_Continuous\Audio\TS9\G83-50205-TS9-D9.5T2.5-21001.wav
-8.84587669,-4.30160570,Mono_Continuous,TS9,C:\TCC\Reproduzir_artigo\data\GUITAR-FX\Mono_Continuous\Audio\TS9\G83-50300-TS9-D6.8T9.9-21009.wav
-7.77044392,-4.43271017,Mono_Continuous,TS9,C:\TCC\Reproduzir_artigo\data\GUITAR-FX\Mono_Continuous\Audio\TS9\G83-50300-TS9-D9T8.5-21009.wav
-8.22968292,5.28372622,Mono_Continuous,TS9,C:\TCC\Reproduzir_artigo\data\GUITAR-FX\Mono_Continuous\Audio\TS9\G83-54304-TS9-D4.1T1.1-21013.wav
-4.22248697,-1.98091316,Mono_Continuous,TS9,C:\TCC\Reproduzir_artigo\data\GUITAR-FX\Mono_Continuous\Audio\TS9\G83-54304-TS9-D9.8T7.3-21013.wav
-7.02029085,3.69630146,Mono_Continuous,TS9,C:\TCC\Reproduzir_artigo\data\GUITAR-FX\Mono_Continuous\Audio\TS9\G83-55305-TS9-D3T8.4-21014.wav
-5.32609797,-1.35994625,Mono_Continuous,TS9,C:\TCC\Reproduzir_artigo\data\GUITAR-FX\Mono_Continuous\Audio\TS9\G83-56306-TS9-D8.4T4-21015.wav
-2.15220118,0.25300908,Mono_Continuous,TS9,C:\TCC\Reproduzir_artigo\data\GUITAR-FX\Mono_Continuous\Audio\TS9\G83-56401-TS9-D9T0.3-21023.wav
-4.79086065,6.28579235,Mono_Continuous,TS9,C:\TCC\Reproduzir_artigo\data\GUITAR-FX\Mono_Continuous\Audio\TS9\G83-58308-TS9-D8.5T8.7-21017.wav
4.08091831,-5.17981052,Mono_Continuous,TS9,C:\TCC\Reproduzir_artigo\data\GUITAR-FX\Mono_Continuous\Audio\TS9\G83-58403-TS9-D9T9.8-21025.wav
-4.99922943,2.24230909,Mono_Continuous,TS9,C:\TCC\Reproduzir_artigo\data\GUITAR-FX\Mono_Continuous\Audio\TS9\G83-59309-TS9-D10T8.8-21018.wav
-6.33336210,8.19106007,Mono_Continuous,TS9,C:\TCC\Reproduzir_artigo\data\GUITAR-FX\Mono_Continuous\Audio\TS9\G83-59309-TS9-D2.7T6.7-21018.wav
-4.14299536,2.22070861,Mono_Continuous,TS9,C:\TCC\Reproduzir_artigo\data\GUITAR-FX\Mono_Continuous\Audio\TS9\G83-59404-TS9-D7.4T8.7-21026.wav
-1.96433794,7.41330862,Mono_Continuous,TS9,C:\TCC\Reproduzir_artigo\data\GUITAR-FX\Mono_Continuous\Audio\TS9\G83-60405-TS9-D2.8T2.8-21027.wav
0.34944993,8.65969372,Mono_Continuous,TS9,C:\TCC\Reproduzir_artigo\data\GUITAR-FX\Mono_Continuous\Audio\TS9\G83-62312-TS9-D3.9T5.4-21021.wav
3.94270205,6.38185740,Mono_Continuous,TS9,C:\TCC\Reproduzir_artigo\data\GUITAR-FX\Mono_Continuous\Audio\TS9\G83-63408-TS9-D4.5T4.7-21030.wav
4.51933002,5.13737011,Mono_Continuous,TS9,C:\TCC\Reproduzir_artigo\data\GUITAR-FX\Mono_Continuous\Audio\TS9\G83-63408-TS9-D6.1T2.4-21030.wav
3.26545930,13.39311981,Mono_Continuous,TS9,C:\TCC\Reproduzir_artigo\data\GUITAR-FX\Mono_Continuous\Audio\TS9\G83-64505-TS9-D2.3T6.2-21040.wav
10.93152332,2.80751324,Mono_Continuous,TS9,C:\TCC\Reproduzir_artigo\data\GUITAR-FX\Mono_Continuous\Audio\TS9\G83-64600-TS9-D7.7T8.9-21048.wav
2.76479816,6.70211840,Mono_Continuous,TS9,C:\TCC\Reproduzir_artigo\data\GUITAR-FX\Mono_Continuous\Audio\TS9\G83-65410-TS9-D9.7T8.4-21032.wav
2.31953502,6.85476446,Mono_Continuous,TS9,C:\TCC\Reproduzir_artigo\data\GUITAR-FX\Mono_Continuous\Audio\TS9\G83-65410-TS9-D9T0.3-21032.wav
5.90122509,10.94822311,Mono_Continuous,TS9,C:\TCC\Reproduzir_artigo\data\GUITAR-FX\Mono_Continuous\Audio\TS9\G83-65506-TS9-D3.3T3.9-21041.wav
10.13252068,1.14068234,Mono_Continuous,TS9,C:\TCC\Reproduzir_artigo\data\GUITAR-FX\Mono_Continuous\Audio\TS9\G83-65601-TS9-D8.1T4.1-21049.wav
6.69174433,8.69621086,Mono_Continuous,TS9,C:\TCC\Reproduzir_artigo\data\GUITAR-FX\Mono_Continuous\Audio\TS9\G83-66507-TS9-D4.3T6.9-21042.wav
13.22613239,4.92741776,Mono_Continuous,TS9,C:\TCC\Reproduzir_artigo\data\GUITAR-FX\Mono_Continuous\Audio\TS9\G83-66602-TS9-D4.4T9.7-21050.wav
10.03492451,7.15669394,Mono_Continuous,TS9,C:\TCC\Reproduzir_artigo\data\GUITAR-FX\Mono_Continuous\Audio\TS9\G83-68604-TS9-D7.5T4-21052.wav
13.32404137,6.34206057,Mono_Continuous,TS9,C:\TCC\Reproduzir_artigo\data\GUITAR-FX\Mono_Continuous\Audio\TS9\G83-70606-TS9-D9.1T7.8-21054.wav
13.53136730,4.58727121,Mono_Continuous,TS9,C:\TCC\Reproduzir_artigo\data\GUITAR-FX\Mono_Continuous\Audio\TS9\G83-71607-TS9-D5.8T5.3-21055.wav
12.06628418,9.17882252,Mono_Continuous,TS9,C:\TCC\Reproduzir_artigo\data\GUITAR-FX\Mono_Continuous\Audio\TS9\G83-76612-TS9-D8.2T4.4-21060.wav
-16.27369690,4.20533800,Mono_Continuous,TS9,C:\TCC\Reproduzir_artigo\data\GUITAR-FX\Mono_Continuous\Audio\TS9\G91-44104-TS9-D8.6T4.9-21065.wav
-15.18686295,3.12634611,Mono_Continuous,TS9,C:\TCC\Reproduzir_artigo\data\GUITAR-FX\Mono_Continuous\Audio\TS9\G91-47107-TS9-D9.7T5.2-21068.wav
-13.16845703,4.61931229,Mono_Continuous,TS9,C:\TCC\Reproduzir_artigo\data\GUITAR-FX\Mono_Continuous\Audio\TS9\G91-49204-TS9-D9.2T7.2-21078.wav
-9.05164909,3.52298474,Mono_Continuous,TS9,C:\TCC\Reproduzir_artigo\data\GUITAR-FX\Mono_Continuous\Audio\TS9\G91-51301-TS9-D9.8T6.6-21088.wav
-11.57184982,6.84418964,Mono_Continuous,TS9,C:\TCC\Reproduzir_artigo\data\GUITAR-FX\Mono_Continuous\Audio\TS9\G91-52112-TS9-D6.1T6.3-21073.wav
-10.14388084,7.72339535,Mono_Continuous,TS9,C:\TCC\Reproduzir_artigo\data\GUITAR-FX\Mono_Continuous\Audio\TS9\G91-54209-TS9-D5.2T2.1-21083.wav
-9.21840286,6.07585096,Mono_Continuous,TS9,C:\TCC\Reproduzir_artigo\data\GUITAR-FX\Mono_Continuous\Audio\TS9\G91-54304-TS9-D4.6T3.4-21091.wav
-9.02515125,3.83297467,Mono_Continuous,TS9,C:\TCC\Reproduzir_artigo\data\GUITAR-FX\Mono_Continuous\Audio\TS9\G91-54304-TS9-D6.6T4.7-21091.wav
-8.44377232,3.43017292,Mono_Continuous,TS9,C:\TCC\Reproduzir_artigo\data\GUITAR-FX\Mono_Continuous\Audio\TS9\G91-56306-TS9-D8T8.8-21093.wav
-0.33438930,1.07910573,Mono_Continuous,TS9,C:\TCC\Reproduzir_artigo\data\GUITAR-FX\Mono_Continuous\Audio\TS9\G91-56401-TS9-D4.2T1.1-21101.wav
0.57890850,-0.65549505,Mono_Continuous,TS9,C:\TCC\Reproduzir_artigo\data\GUITAR-FX\Mono_Continuous\Audio\TS9\G91-56401-TS9-D6.6T5.1-21101.wav
6.91000223,2.28614783,Mono_Continuous,TS9,C:\TCC\Reproduzir_artigo\data\GUITAR-FX\Mono_Continuous\Audio\TS9\G91-60501-TS9-D5T5.9-21114.wav
1.73403680,2.27121687,Mono_Continuous,TS9,C:\TCC\Reproduzir_artigo\data\GUITAR-FX\Mono_Continuous\Audio\TS9\G91-61406-TS9-D3T5.9-21106.wav
-0.30727881,8.78182793,Mono_Continuous,TS9,C:\TCC\Reproduzir_artigo\data\GUITAR-FX\Mono_Continuous\Audio\TS9\G91-62407-TS9-D4T5.9-21107.wav
4.52337265,7.52125740,Mono_Continuous,TS9,C:\TCC\Reproduzir_artigo\data\GUITAR-FX\Mono_Continuous\Audio\TS9\G91-64409-TS9-D7.4T3.3-21109.wav
5.46623278,7.60611868,Mono_Continuous,TS9,C:\TCC\Reproduzir_artigo\data\GUITAR-FX\Mono_Continuous\Audio\TS9\G91-65410-TS9-D8.8T4.2-21110.wav
5.87912226,11.53018284,Mono_Continuous,TS9,C:\TCC\Reproduzir_artigo\data\GUITAR-FX\Mono_Continuous\Audio\TS9\G91-67412-TS9-D3.6T7.4-21112.wav
14.25355434,7.37004185,Mono_Continuous,TS9,C:\TCC\Reproduzir_artigo\data\GUITAR-FX\Mono_Continuous\Audio\TS9\G91-72608-TS9-D7.2T5.4-21134.wav
12.09324741,6.62514114,Mono_Continuous,TS9,C:\TCC\Reproduzir_artigo\data\GUITAR-FX\Mono_Continuous\Audio\TS9\G91-73609-TS9-D3.2T4.1-21135.wav
14.26710892,7.15753937,Mono_Continuous,TS9,C:\TCC\Reproduzir_artigo\data\GUITAR-FX\Mono_Continuous\Audio\TS9\G91-74610-TS9-D7.7T6.1-21136.wav
-13.43058014,0.83842379,Mono_Continuous,TS9,C:\TCC\Reproduzir_artigo\data\GUITAR-FX\Mono_Continuous\Audio\TS9\G93-42102-TS9-D2.2T1-21141.wav
-13.92906570,-2.10655761,Mono_Continuous,TS9,C:\TCC\Reproduzir_artigo\data\GUITAR-FX\Mono_Continuous\Audio\TS9\G93-44104-TS9-D9.4T6.1-21143.wav
-13.91906261,3.36243749,Mono_Continuous,TS9,C:\TCC\Reproduzir_artigo\data\GUITAR-FX\Mono_Continuous\Audio\TS9\G93-45200-TS9-D2.1T3.2-21152.wav
-14.13693714,0.62404853,Mono_Continuous,TS9,C:\TCC\Reproduzir_artigo\data\GUITAR-FX\Mono_Continuous\Audio\TS9\G93-47107-TS9-D9T8.5-21146.wav
-10.74926949,5.86523485,Mono_Continuous,TS9,C:\TCC\Reproduzir_artigo\data\GUITAR-FX\Mono_Continuous\Audio\TS9\G93-48203-TS9-D2.8T8.3-21155.wav
-11.71951008,7.29149580,Mono_Continuous,TS9,C:\TCC\Reproduzir_artigo\data\GUITAR-FX\Mono_Continuous\Audio\TS9\G93-50110-TS9-D4.8T2.6-21149.wav
-11.41551018,0.64036912,Mono_Continuous,TS9,C:\TCC\Reproduzir_artigo\data\GUITAR-FX\Mono_Continuous\Audio\TS9\G93-50205-TS9-D10T3.9-21157.wav
-9.67611313,7.67163801,Mono_Continuous,TS9,C:\TCC\Reproduzir_artigo\data\GUITAR-FX\Mono_Continuous\Audio\TS9\G93-52207-TS9-D3.6T0.1-21159.wav
-7.35585880,3.23107648,Mono_Continuous,TS9,C:\TCC\Reproduzir_artigo\data\GUITAR-FX\Mono_Continuous\Audio\TS9\G93-52302-TS9-D3.2T8.3-21167.wav
-8.75564098,4.29519367,Mono_Continuous,TS9,C:\TCC\Reproduzir_artigo\data\GUITAR-FX\Mono_Continuous\Audio\TS9\G93-54209-TS9-D3.9T6.7-21161.wav
-4.22749949,-1.90923274,Mono_Continuous,TS9,C:\TCC\Reproduzir_artigo\data\GUITAR-FX\Mono_Continuous\Audio\TS9\G93-54304-TS9-D8.7T0.1-21169.wav
-6.23003960,0.01906687,Mono_Continuous,TS9,C:\TCC\Reproduzir_artigo\data\GUITAR-FX\Mono_Continuous\Audio\TS9\G93-55210-TS9-D9.8T1.5-21162.wav
-2.52468276,3.08592868,Mono_Continuous,TS9,C:\TCC\Reproduzir_artigo\data\GUITAR-FX\Mono_Continuous\Audio\TS9\G93-56211-TS9-D6.3T8.8-21163.wav
-5.95500183,6.86229944,Mono_Continuous,TS9,C:\TCC\Reproduzir_artigo\data\GUITAR-FX\Mono_Continuous\Audio\TS9\G93-57212-TS9-D7.9T9.6-21164.wav
6.09671354,-6.71105242,Mono_Continuous,TS9,C:\TCC\Reproduzir_artigo\data\GUITAR-FX\Mono_Continuous\Audio\TS9\G93-58403-TS9-D7.6T4.6-21181.wav
6.42419624,-2.57039189,Mono_Continuous,TS9,C:\TCC\Reproduzir_artigo\data\GUITAR-FX\Mono_Continuous\Audio\TS9\G93-59500-TS9-D7.5T6.1-21191.wav
8.10349178,-2.36080337,Mono_Continuous,TS9,C:\TCC\Reproduzir_artigo\data\GUITAR-FX\Mono_Continuous\Audio\TS9\G93-60501-TS9-D8T6.1-21192.wav
4.78347111,-0.12906486,Mono_Continuous,TS9,C:\TCC\Reproduzir_artigo\data\GUITAR-FX\Mono_Continuous\Audio\TS9\G93-61406-TS9-D8.6T6.2-21184.wav
7.75436592,-2.61077666,Mono_Continuous,TS9,C:\TCC\Reproduzir_artigo\data\GUITAR-FX\Mono_Continuous\Audio\TS9\G93-61502-TS9-D4.3T4.5-21193.wav
2.39357781,3.51804709,Mono_Continuous,TS9,C:\TCC\Reproduzir_artigo\data\GUITAR-FX\Mono_Continuous\Audio\TS9\G93-62407-TS9-D8T7.5-21185.wav
7.27089930,5.32747173,Mono_Continuous,TS9,C:\TCC\Reproduzir_artigo\data\GUITAR-FX\Mono_Continuous\Audio\TS9\G93-62503-TS9-D5.4T1.9-21194.wav
7.65293455,8.80333519,Mono_Continuous,TS9,C:\TCC\Reproduzir_artigo\data\GUITAR-FX\Mono_Continuous\Audio\TS9\G93-65506-TS9-D3.8T1.4-21197.wav
7.19127417,5.04185677,Mono_Continuous,TS9,C:\TCC\Reproduzir_artigo\data\GUITAR-FX\Mono_Continuous\Audio\TS9\G93-66411-TS9-D5.3T6.7-21189.wav
10.45316982,4.99213934,Mono_Continuous,TS9,C:\TCC\Reproduzir_artigo\data\GUITAR-FX\Mono_Continuous\Audio\TS9\G93-67603-TS9-D8.6T2.3-21207.wav
10.22771168,3.44437528,Mono_Continuous,TS9,C:\TCC\Reproduzir_artigo\data\GUITAR-FX\Mono_Continuous\Audio\TS9\G93-68509-TS9-D10T1.7-21200.wav
10.27236080,3.64195323,Mono_Continuous,TS9,C:\TCC\Reproduzir_artigo\data\GUITAR-FX\Mono_Continuous\Audio\TS9\G93-68509-TS9-D10T7.8-21200.wav
10.27467823,5.04596615,Mono_Continuous,TS9,C:\TCC\Reproduzir_artigo\data\GUITAR-FX\Mono_Continuous\Audio\TS9\G93-68509-TS9-D8.1T3.4-21200.wav
13.12646389,6.58432150,Mono_Continuous,TS9,C:\TCC\Reproduzir_artigo\data\GUITAR-FX\Mono_Continuous\Audio\TS9\G93-69605-TS9-D4.4T3.8-21209.wav
14.09033871,4.73381376,Mono_Continuous,TS9,C:\TCC\Reproduzir_artigo\data\GUITAR-FX\Mono_Continuous\Audio\TS9\G93-69605-TS9-D9.8T7.3-21209.wav
10.18082428,9.03085804,Mono_Continuous,TS9,C:\TCC\Reproduzir_artigo\data\GUITAR-FX\Mono_Continuous\Audio\TS9\G93-70511-TS9-D7.6T2-21202.wav
14.08402348,6.97902727,Mono_Continuous,TS9,C:\TCC\Reproduzir_artigo\data\GUITAR-FX\Mono_Continuous\Audio\TS9\G93-70606-TS9-D5.6T4.2-21210.wav
14.11655521,3.13241220,Mono_Continuous,TS9,C:\TCC\Reproduzir_artigo\data\GUITAR-FX\Mono_Continuous\Audio\TS9\G93-71607-TS9-D3.4T1.2-21211.wav
-16.73769379,-5.44771957,Mono_Continuous,VTB,C:\TCC\Reproduzir_artigo\data\GUITAR-FX\Mono_Continuous\Audio\VTB\G61-40100-VTB-F6.3-20593.wav
-15.80394745,-3.29710937,Mono_Continuous,VTB,C:\TCC\Reproduzir_artigo\data\GUITAR-FX\Mono_Continuous\Audio\VTB\G61-41101-VTB-F5.7-20594.wav
-14.57347298,-4.22540236,Mono_Continuous,VTB,C:\TCC\Reproduzir_artigo\data\GUITAR-FX\Mono_Continuous\Audio\VTB\G61-43103-VTB-F4.2-20596.wav
-11.47273350,-9.17942905,Mono_Continuous,VTB,C:\TCC\Reproduzir_artigo\data\GUITAR-FX\Mono_Continuous\Audio\VTB\G61-45200-VTB-F2.2-20606.wav
-11.64149857,-8.03063869,Mono_Continuous,VTB,C:\TCC\Reproduzir_artigo\data\GUITAR-FX\Mono_Continuous\Audio\VTB\G61-47107-VTB-F5.1-20600.wav
-10.75057220,-10.91479301,Mono_Continuous,VTB,C:\TCC\Reproduzir_artigo\data\GUITAR-FX\Mono_Continuous\Audio\VTB\G61-47202-VTB-F9.2-20608.wav
-7.60593462,-7.56716776,Mono_Continuous,VTB,C:\TCC\Reproduzir_artigo\data\GUITAR-FX\Mono_Continuous\Audio\VTB\G61-48108-VTB-F6-20601.wav
-8.22829533,-4.74074554,Mono_Continuous,VTB,C:\TCC\Reproduzir_artigo\data\GUITAR-FX\Mono_Continuous\Audio\VTB\G61-49109-VTB-F4.9-20602.wav
-8.14072609,-2.42348576,Mono_Continuous,VTB,C:\TCC\Reproduzir_artigo\data\GUITAR-FX\Mono_Continuous\Audio\VTB\G61-51111-VTB-F3.3-20604.wav
-6.11165285,-6.12951994,Mono_Continuous,VTB,C:\TCC\Reproduzir_artigo\data\GUITAR-FX\Mono_Continuous\Audio\VTB\G61-55210-VTB-F7.7-20616.wav
0.74817264,-8.94793510,Mono_Continuous,VTB,C:\TCC\Reproduzir_artigo\data\GUITAR-FX\Mono_Continuous\Audio\VTB\G61-55305-VTB-F7.4-20624.wav
2.55768180,-10.26102161,Mono_Continuous,VTB,C:\TCC\Reproduzir_artigo\data\GUITAR-FX\Mono_Continuous\Audio\VTB\G61-55305-VTB-F9.7-20624.wav
-2.16184783,-8.24204350,Mono_Continuous,VTB,C:\TCC\Reproduzir_artigo\data\GUITAR-FX\Mono_Continuous\Audio\VTB\G61-55400-VTB-F1.9-20632.wav
0.39967912,-6.93752718,Mono_Continuous,VTB,C:\TCC\Reproduzir_artigo\data\GUITAR-FX\Mono_Continuous\Audio\VTB\G61-56211-VTB-F4.7-20617.wav
2.00983763,-7.75561380,Mono_Continuous,VTB,C:\TCC\Reproduzir_artigo\data\GUITAR-FX\Mono_Continuous\Audio\VTB\G61-58308-VTB-F8.5-20627.wav
8.06171227,-9.86489105,Mono_Continuous,VTB,C:\TCC\Reproduzir_artigo\data\GUITAR-FX\Mono_Continuous\Audio\VTB\G61-58403-VTB-F9.9-20635.wav
2.55898571,-4.62397432,Mono_Continuous,VTB,C:\TCC\Reproduzir_artigo\data\GUITAR-FX\Mono_Continuous\Audio\VTB\G61-59309-VTB-F4.8-20628.wav
2.50169373,1.16457307,Mono_Continuous,VTB,C:\TCC\Reproduzir_artigo\data\GUITAR-FX\Mono_Continuous\Audio\VTB\G61-60310-VTB-F1.3-20629.wav
8.64554882,-7.90547276,Mono_Continuous,VTB,C:\TCC\Reproduzir_artigo\data\GUITAR-FX\Mono_Continuous\Audio\VTB\G61-60501-VTB-F4-20646.wav
6.60264921,-5.92926025,Mono_Continuous,VTB,C:\TCC\Reproduzir_artigo\data\GUITAR-FX\Mono_Continuous\Audio\VTB\G61-61311-VTB-F5.3-20630.wav
4.59229040,-2.10650826,Mono_Continuous,VTB,C:\TCC\Reproduzir_artigo\data\GUITAR-FX\Mono_Continuous\Audio\VTB\G61-62407-VTB-F5.7-20639.wav
6.37535477,-6.91070271,Mono_Continuous,VTB,C:\TCC\Reproduzir_artigo\data\GUITAR-FX\Mono_Continuous\Audio\VTB\G61-62407-VTB-F9-20639.wav
11.99462986,-7.00021505,Mono_Continuous,VTB,C:\TCC\Reproduzir_artigo\data\GUITAR-FX\Mono_Continuous\Audio\VTB\G61-63504-VTB-F5.1-20649.wav
8.33720589,-1.26615322,Mono_Continuous,VTB,C:\TCC\Reproduzir_artigo\data\GUITAR-FX\Mono_Continuous\Audio\VTB\G61-64409-VTB-F1.3-20641.wav
12.68309116,-3.93591142,Mono_Continuous,VTB,C:\TCC\Reproduzir_artigo\data\GUITAR-FX\Mono_Continuous\Audio\VTB\G61-65506-VTB-F2.9-20651.wav
11.30651951,-5.12826252,Mono_Continuous,VTB,C:\TCC\Reproduzir_artigo\data\GUITAR-FX\Mono_Continuous\Audio\VTB\G61-67412-VTB-F9.4-20644.wav
13.35687828,-0.90273994,Mono_Continuous,VTB,C:\TCC\Reproduzir_artigo\data\GUITAR-FX\Mono_Continuous\Audio\VTB\G61-68509-VTB-F1.3-20654.wav
10.33276176,-7.66111517,Mono_Continuous,VTB,C:\TCC\Reproduzir_artigo\data\GUITAR-FX\Mono_Continuous\Audio\VTB\G61-68509-VTB-F10-20654.wav
15.93262959,-1.55806148,Mono_Continuous,VTB,C:\TCC\Reproduzir_artigo\data\GUITAR-FX\Mono_Continuous\Audio\VTB\G61-70606-VTB-F5.6-20664.wav
14.58013916,3.33355761,Mono_Continuous,VTB,C:\TCC\Reproduzir_artigo\data\GUITAR-FX\Mono_Continuous\Audio\VTB\G61-76612-VTB-F6.9-20670.wav
14.75105476,2.24581981,Mono_Continuous,VTB,C:\TCC\Reproduzir_artigo\data\GUITAR-FX\Mono_Continuous\Audio\VTB\G61-76612-VTB-F8.9-20670.wav
-14.37395954,-3.17087030,Mono_Continuous,VTB,C:\TCC\Reproduzir_artigo\data\GUITAR-FX\Mono_Continuous\Audio\VTB\G63-42102-VTB-F2.1-20673.wav
-9.05536079,-12.02408409,Mono_Continuous,VTB,C:\TCC\Reproduzir_artigo\data\GUITAR-FX\Mono_Continuous\Audio\VTB\G63-44104-VTB-F9.3-20675.wav
-10.78920650,-9.70282841,Mono_Continuous,VTB,C:\TCC\Reproduzir_artigo\data\GUITAR-FX\Mono_Continuous\Audio\VTB\G63-46106-VTB-F8.1-20677.wav
-8.47839451,-9.35078716,Mono_Continuous,VTB,C:\TCC\Reproduzir_artigo\data\GUITAR-FX\Mono_Continuous\Audio\VTB\G63-46201-VTB-F5.4-20685.wav
-7.95629501,-5.48274708,Mono_Continuous,VTB,C:\TCC\Reproduzir_artigo\data\GUITAR-FX\Mono_Continuous\Audio\VTB\G63-50205-VTB-F4.9-20689.wav
-0.81801069,-11.68201160,Mono_Continuous,VTB,C:\TCC\Reproduzir_artigo\data\GUITAR-FX\Mono_Continuous\Audio\VTB\G63-51301-VTB-F7.7-20698.wav
-3.16778040,-2.73314261,Mono_Continuous,VTB,C:\TCC\Reproduzir_artigo\data\GUITAR-FX\Mono_Continuous\Audio\VTB\G63-52112-VTB-F3.6-20683.wav
-4.77093697,-9.69756126,Mono_Continuous,VTB,C:\TCC\Reproduzir_artigo\data\GUITAR-FX\Mono_Continuous\Audio\VTB\G63-52207-VTB-F8.6-20691.wav
-4.19918299,-5.05659866,Mono_Continuous,VTB,C:\TCC\Reproduzir_artigo\data\GUITAR-FX\Mono_Continuous\Audio\VTB\G63-53208-VTB-F4.4-20692.wav
-0.51827699,-7.10318232,Mono_Continuous,VTB,C:\TCC\Reproduzir_artigo\data\GUITAR-FX\Mono_Continuous\Audio\VTB\G63-53303-VTB-F1.3-20700.wav
-3.09295869,-4.62315750,Mono_Continuous,VTB,C:\TCC\Reproduzir_artigo\data\GUITAR-FX\Mono_Continuous\Audio\VTB\G63-55210-VTB-F4.6-20694.wav
-2.21201134,-8.24577618,Mono_Continuous,VTB,C:\TCC\Reproduzir_artigo\data\GUITAR-FX\Mono_Continuous\Audio\VTB\G63-55305-VTB-F7.5-20702.wav
-1.85040414,-10.36942673,Mono_Continuous,VTB,C:\TCC\Reproduzir_artigo\data\GUITAR-FX\Mono_Continuous\Audio\VTB\G63-56211-VTB-F9.4-20695.wav
3.86619639,-6.58962965,Mono_Continuous,VTB,C:\TCC\Reproduzir_artigo\data\GUITAR-FX\Mono_Continuous\Audio\VTB\G63-59404-VTB-F5.1-20714.wav
7.42158651,-9.33674335,Mono_Continuous,VTB,C:\TCC\Reproduzir_artigo\data\GUITAR-FX\Mono_Continuous\Audio\VTB\G63-60501-VTB-F9.7-20724.wav
7.09358501,-5.48859596,Mono_Continuous,VTB,C:\TCC\Reproduzir_artigo\data\GUITAR-FX\Mono_Continuous\Audio\VTB\G63-61311-VTB-F4.4-20708.wav
7.61661100,-2.64903212,Mono_Continuous,VTB,C:\TCC\Reproduzir_artigo\data\GUITAR-FX\Mono_Continuous\Audio\VTB\G63-61406-VTB-F3.1-20716.wav
2.72693205,-4.05195522,Mono_Continuous,VTB,C:\TCC\Reproduzir_artigo\data\GUITAR-FX\Mono_Continuous\Audio\VTB\G63-62312-VTB-F4.4-20709.wav
7.67505026,-3.31231356,Mono_Continuous,VTB,C:\TCC\Reproduzir_artigo\data\GUITAR-FX\Mono_Continuous\Audio\VTB\G63-65410-VTB-F5.1-20720.wav
11.39636707,-2.76784396,Mono_Continuous,VTB,C:\TCC\Reproduzir_artigo\data\GUITAR-FX\Mono_Continuous\Audio\VTB\G63-65506-VTB-F1.5-20729.wav
12.01433372,-0.88802528,Mono_Continuous,VTB,C:\TCC\Reproduzir_artigo\data\GUITAR-FX\Mono_Continuous\Audio\VTB\G63-66411-VTB-F3.2-20721.wav
13.34488392,-5.45573616,Mono_Continuous,VTB,C:\TCC\Reproduzir_artigo\data\GUITAR-FX\Mono_Continuous\Audio\VTB\G63-66507-VTB-F8.2-20730.wav
13.78138542,-4.75180626,Mono_Continuous,VTB,C:\TCC\Reproduzir_artigo\data\GUITAR-FX\Mono_Continuous\Audio\VTB\G63-66602-VTB-F7.8-20738.wav
10.16645145,-1.46475232,Mono_Continuous,VTB,C:\TCC\Reproduzir_artigo\data\GUITAR-FX\Mono_Continuous\Audio\VTB\G63-67412-VTB-F6-20722.wav
15.37029839,-1.71824300,Mono_Continuous,VTB,C:\TCC\Reproduzir_artigo\data\GUITAR-FX\Mono_Continuous\Audio\VTB\G63-70511-VTB-F6-20734.wav
15.23366451,-2.59017849,Mono_Continuous,VTB,C:\TCC\Reproduzir_artigo\data\GUITAR-FX\Mono_Continuous\Audio\VTB\G63-70511-VTB-F7.7-20734.wav
15.45960712,-4.08815718,Mono_Continuous,VTB,C:\TCC\Reproduzir_artigo\data\GUITAR-FX\Mono_Continuous\Audio\VTB\G63-71512-VTB-F9.1-20735.wav
12.82763577,-4.35946321,Mono_Continuous,VTB,C:\TCC\Reproduzir_artigo\data\GUITAR-FX\Mono_Continuous\Audio\VTB\G63-71607-VTB-F9.6-20743.wav
15.53250694,1.26568568,Mono_Continuous,VTB,C:\TCC\Reproduzir_artigo\data\GUITAR-FX\Mono_Continuous\Audio\VTB\G63-74610-VTB-F6.8-20746.wav
15.22502995,1.04967165,Mono_Continuous,VTB,C:\TCC\Reproduzir_artigo\data\GUITAR-FX\Mono_Continuous\Audio\VTB\G63-74610-VTB-F7.5-20746.wav
13.14611816,3.71711588,Mono_Continuous,VTB,C:\TCC\Reproduzir_artigo\data\GUITAR-FX\Mono_Continuous\Audio\VTB\G63-76612-VTB-F3-20748.wav
-10.64829350,-7.37448025,Mono_Continuous,VTB,C:\TCC\Reproduzir_artigo\data\GUITAR-FX\Mono_Continuous\Audio\VTB\G71-43103-VTB-F3-20752.wav
-10.19617939,-6.82951403,Mono_Continuous,VTB,C:\TCC\Reproduzir_artigo\data\GUITAR-FX\Mono_Continuous\Audio\VTB\G71-44104-VTB-F2.5-20753.wav
-8.61941910,-13.45736504,Mono_Continuous,VTB,C:\TCC\Reproduzir_artigo\data\GUITAR-FX\Mono_Continuous\Audio\VTB\G71-45200-VTB-F8.3-20762.wav
-6.89967775,-14.92409897,Mono_Continuous,VTB,C:\TCC\Reproduzir_artigo\data\GUITAR-FX\Mono_Continuous\Audio\VTB\G71-45200-VTB-F9.3-20762.wav
-3.28498197,-7.87853622,Mono_Continuous,VTB,C:\TCC\Reproduzir_artigo\data\GUITAR-FX\Mono_Continuous\Audio\VTB\G71-51206-VTB-F5.4-20768.wav
-2.23386645,-7.97243595,Mono_Continuous,VTB,C:\TCC\Reproduzir_artigo\data\GUITAR-FX\Mono_Continuous\Audio\VTB\G71-53208-VTB-F3.5-20770.wav
-2.25035357,-9.61525249,Mono_Continuous,VTB,C:\TCC\Reproduzir_artigo\data\GUITAR-FX\Mono_Continuous\Audio\VTB\G71-53208-VTB-F7.8-20770.wav
-2.82558131,-6.82771683,Mono_Continuous,VTB,C:\TCC\Reproduzir_artigo\data\GUITAR-FX\Mono_Continuous\Audio\VTB\G71-54209-VTB-F3.5-20771.wav
-1.15768790,-9.56082153,Mono_Continuous,VTB,C:\TCC\Reproduzir_artigo\data\GUITAR-FX\Mono_Continuous\Audio\VTB\G71-54304-VTB-F6.3-20779.wav
-1.06292284,-11.87282467,Mono_Continuous,VTB,C:\TCC\Reproduzir_artigo\data\GUITAR-FX\Mono_Continuous\Audio\VTB\G71-54304-VTB-F9.5-20779.wav
-2.54092789,-7.95823145,Mono_Continuous,VTB,C:\TCC\Reproduzir_artigo\data\GUITAR-FX\Mono_Continuous\Audio\VTB\G71-55305-VTB-F6.9-20780.wav
-4.09573507,-8.50955009,Mono_Continuous,VTB,C:\TCC\Reproduzir_artigo\data\GUITAR-FX\Mono_Continuous\Audio\VTB\G71-56211-VTB-F9-20773.wav
5.85873032,-5.14687634,Mono_Continuous,VTB,C:\TCC\Reproduzir_artigo\data\GUITAR-FX\Mono_Continuous\Audio\VTB\G71-58308-VTB-F2.1-20783.wav
8.51439667,-9.65410709,Mono_Continuous,VTB,C:\TCC\Reproduzir_artigo\data\GUITAR-FX\Mono_Continuous\Audio\VTB\G71-58403-VTB-F7.4-20791.wav
9.26758862,-8.24019051,Mono_Continuous,VTB,C:\TCC\Reproduzir_artigo\data\GUITAR-FX\Mono_Continuous\Audio\VTB\G71-61406-VTB-F7.9-20794.wav
9.60933208,-6.02298880,Mono_Continuous,VTB,C:\TCC\Reproduzir_artigo\data\GUITAR-FX\Mono_Continuous\Audio\VTB\G71-63408-VTB-F5.8-20796.wav
12.36072159,-5.25936794,Mono_Continuous,VTB,C:\TCC\Reproduzir_artigo\data\GUITAR-FX\Mono_Continuous\Audio\VTB\G71-64409-VTB-F4.6-20797.wav
15.01122093,-6.92551327,Mono_Continuous,VTB,C:\TCC\Reproduzir_artigo\data\GUITAR-FX\Mono_Continuous\Audio\VTB\G71-64505-VTB-F7.2-20806.wav
10.61425209,-4.78063631,Mono_Continuous,VTB,C:\TCC\Reproduzir_artigo\data\GUITAR-FX\Mono_Continuous\Audio\VTB\G71-65410-VTB-F5.7-20798.wav
15.18972588,-2.90090585,Mono_Continuous,VTB,C:\TCC\Reproduzir_artigo\data\GUITAR-FX\Mono_Continuous\Audio\VTB\G71-66602-VTB-F4-20816.wav
15.25051022,-3.97978401,Mono_Continuous,VTB,C:\TCC\Reproduzir_artigo\data\GUITAR-FX\Mono_Continuous\Audio\VTB\G71-66602-VTB-F6.6-20816.wav
14.71765804,-3.92377710,Mono_Continuous,VTB,C:\TCC\Reproduzir_artigo\data\GUITAR-FX\Mono_Continuous\Audio\VTB\G71-68509-VTB-F3.5-20810.wav
14.98539162,-5.22611713,Mono_Continuous,VTB,C:\TCC\Reproduzir_artigo\data\GUITAR-FX\Mono_Continuous\Audio\VTB\G71-68509-VTB-F7.5-20810.wav
15.64477062,-3.04972458,Mono_Continuous,VTB,C:\TCC\Reproduzir_artigo\data\GUITAR-FX\Mono_Continuous\Audio\VTB\G71-69605-VTB-F7.2-20819.wav
15.82754993,-2.79428458,Mono_Continuous,VTB,C:\TCC\Reproduzir_artigo\data\GUITAR-FX\Mono_Continuous\Audio\VTB\G71-70606-VTB-F3.8-20820.wav
16.13126945,-2.02402067,Mono_Continuous,VTB,C:\TCC\Reproduzir_artigo\data\GUITAR-FX\Mono_Continuous\Audio\VTB\G71-71512-VTB-F6.8-20813.wav
15.45908451,-0.06116064,Mono_Continuous,VTB,C:\TCC\Reproduzir_artigo\data\GUITAR-FX\Mono_Continuous\Audio\VTB\G71-72608-VTB-F3.6-20822.wav
13.99785042,3.17173982,Mono_Continuous,VTB,C:\TCC\Reproduzir_artigo\data\GUITAR-FX\Mono_Continuous\Audio\VTB\G71-74610-VTB-F2.3-20824.wav
16.42119217,1.50515175,Mono_Continuous,VTB,C:\TCC\Reproduzir_artigo\data\GUITAR-FX\Mono_Continuous\Audio\VTB\G71-76612-VTB-F1.8-20826.wav
-10.73155308,-8.40414524,Mono_Continuous,VTB,C:\TCC\Reproduzir_artigo\data\GUITAR-FX\Mono_Continuous\Audio\VTB\G73-41101-VTB-F3.5-20828.wav
-13.60036564,-7.20799780,Mono_Continuous,VTB,C:\TCC\Reproduzir_artigo\data\GUITAR-FX\Mono_Continuous\Audio\VTB\G73-42102-VTB-F7.3-20829.wav
-4.20232105,-11.01115799,Mono_Continuous,VTB,C:\TCC\Reproduzir_artigo\data\GUITAR-FX\Mono_Continuous\Audio\VTB\G73-47202-VTB-F7.8-20842.wav
-4.59451818,-8.56648350,Mono_Continuous,VTB,C:\TCC\Reproduzir_artigo\data\GUITAR-FX\Mono_Continuous\Audio\VTB\G73-48108-VTB-F2.7-20835.wav
-8.23636723,-10.39753056,Mono_Continuous,VTB,C:\TCC\Reproduzir_artigo\data\GUITAR-FX\Mono_Continuous\Audio\VTB\G73-48108-VTB-F8.5-20835.wav
-7.76546669,-9.66880989,Mono_Continuous,VTB,C:\TCC\Reproduzir_artigo\data\GUITAR-FX\Mono_Continuous\Audio\VTB\G73-49109-VTB-F4.9-20836.wav
-4.96892691,-9.11883163,Mono_Continuous,VTB,C:\TCC\Reproduzir_artigo\data\GUITAR-FX\Mono_Continuous\Audio\VTB\G73-49204-VTB-F1.6-20844.wav
-8.69195938,-8.60854626,Mono_Continuous,VTB,C:\TCC\Reproduzir_artigo\data\GUITAR-FX\Mono_Continuous\Audio\VTB\G73-50205-VTB-F8.7-20845.wav
-4.26251793,-3.84716487,Mono_Continuous,VTB,C:\TCC\Reproduzir_artigo\data\GUITAR-FX\Mono_Continuous\Audio\VTB\G73-51111-VTB-F1.2-20838.wav
-2.33934355,-10.53651428,Mono_Continuous,VTB,C:\TCC\Reproduzir_artigo\data\GUITAR-FX\Mono_Continuous\Audio\VTB\G73-51206-VTB-F4.8-20846.wav
-5.42625380,-0.33420122,Mono_Continuous,VTB,C:\TCC\Reproduzir_artigo\data\GUITAR-FX\Mono_Continuous\Audio\VTB\G73-52112-VTB-F1.1-20839.wav
-1.72566628,-8.59955883,Mono_Continuous,VTB,C:\TCC\Reproduzir_artigo\data\GUITAR-FX\Mono_Continuous\Audio\VTB\G73-52302-VTB-F1.9-20855.wav
-4.61145353,-7.10190964,Mono_Continuous,VTB,C:\TCC\Reproduzir_artigo\data\GUITAR-FX\Mono_Continuous\Audio\VTB\G73-53208-VTB-F5.5-20848.wav
-1.70121109,-7.93146515,Mono_Continuous,VTB,C:\TCC\Reproduzir_artigo\data\GUITAR-FX\Mono_Continuous\Audio\VTB\G73-53303-VTB-F1.5-20856.wav
-2.70971918,-7.43996572,Mono_Continuous,VTB,C:\TCC\Reproduzir_artigo\data\GUITAR-FX\Mono_Continuous\Audio\VTB\G73-55305-VTB-F1.5-20858.wav
-2.85216713,-7.23369551,Mono_Continuous,VTB,C:\TCC\Reproduzir_artigo\data\GUITAR-FX\Mono_Continuous\Audio\VTB\G73-55305-VTB-F2.7-20858.wav
-2.89341879,-7.16201973,Mono_Continuous,VTB,C:\TCC\Reproduzir_artigo\data\GUITAR-FX\Mono_Continuous\Audio\VTB\G73-55305-VTB-F2.9-20858.wav
3.98146415,-10.71737862,Mono_Continuous,VTB,C:\TCC\Reproduzir_artigo\data\GUITAR-FX\Mono_Continuous\Audio\VTB\G73-55400-VTB-F2.6-20866.wav
3.40842509,-10.84829617,Mono_Continuous,VTB,C:\TCC\Reproduzir_artigo\data\GUITAR-FX\Mono_Continuous\Audio\VTB\G73-55400-VTB-F4.6-20866.wav
2.55762267,-11.05594826,Mono_Continuous,VTB,C:\TCC\Reproduzir_artigo\data\GUITAR-FX\Mono_Continuous\Audio\VTB\G73-55400-VTB-F7.2-20866.wav
6.76167536,-11.00847530,Mono_Continuous,VTB,C:\TCC\Reproduzir_artigo\data\GUITAR-FX\Mono_Continuous\Audio\VTB\G73-58308-VTB-F8.8-20861.wav
5.07751513,-11.05025196,Mono_Continuous,VTB,C:\TCC\Reproduzir_artigo\data\GUITAR-FX\Mono_Continuous\Audio\VTB\G73-58403-VTB-F9.5-20869.wav
1.82449400,-7.12381363,Mono_Continuous,VTB,C:\TCC\Reproduzir_artigo\data\GUITAR-FX\Mono_Continuous\Audio\VTB\G73-59309-VTB-F3.7-20862.wav
5.07008123,-6.21349239,Mono_Continuous,VTB,C:\TCC\Reproduzir_artigo\data\GUITAR-FX\Mono_Continuous\Audio\VTB\G73-59404-VTB-F3.1-20870.wav
10.23231030,-9.22709179,Mono_Continuous,VTB,C:\TCC\Reproduzir_artigo\data\GUITAR-FX\Mono_Continuous\Audio\VTB\G73-60501-VTB-F9.3-20880.wav
9.16476059,-7.83780432,Mono_Continuous,VTB,C:\TCC\Reproduzir_artigo\data\GUITAR-FX\Mono_Continuous\Audio\VTB\G73-61502-VTB-F2.4-20881.wav
9.85304070,-6.74178219,Mono_Continuous,VTB,C:\TCC\Reproduzir_artigo\data\GUITAR-FX\Mono_Continuous\Audio\VTB\G73-63408-VTB-F8.8-20874.wav
12.37277031,-5.85935831,Mono_Continuous,VTB,C:\TCC\Reproduzir_artigo\data\GUITAR-FX\Mono_Continuous\Audio\VTB\G73-65506-VTB-F3.6-20885.wav
12.36690712,-7.86036682,Mono_Continuous,VTB,C:\TCC\Reproduzir_artigo\data\GUITAR-FX\Mono_Continuous\Audio\VTB\G73-65506-VTB-F9.9-20885.wav
13.38352776,-5.32383966,Mono_Continuous,VTB,C:\TCC\Reproduzir_artigo\data\GUITAR-FX\Mono_Continuous\Audio\VTB\G73-65601-VTB-F4.5-20893.wav
13.84105110,-4.04190445,Mono_Continuous,VTB,C:\TCC\Reproduzir_artigo\data\GUITAR-FX\Mono_Continuous\Audio\VTB\G73-68509-VTB-F7.7-20888.wav
15.06692505,-1.69209909,Mono_Continuous,VTB,C:\TCC\Reproduzir_artigo\data\GUITAR-FX\Mono_Continuous\Audio\VTB\G73-70606-VTB-F4-20898.wav
14.20481873,-4.26509047,Mono_Continuous,VTB,C:\TCC\Reproduzir_artigo\data\GUITAR-FX\Mono_Continuous\Audio\VTB\G73-71512-VTB-F9.6-20891.wav
-14.45814705,-0.38051623,Mono_Continuous,VTB,C:\TCC\Reproduzir_artigo\data\GUITAR-FX\Mono_Continuous\Audio\VTB\G81-42102-VTB-F5.1-20907.wav
-5.28768206,-3.36896682,Mono_Continuous,VTB,C:\TCC\Reproduzir_artigo\data\GUITAR-FX\Mono_Continuous\Audio\VTB\G81-48203-VTB-F4-20921.wav
-11.11422920,-0.62854069,Mono_Continuous,VTB,C:\TCC\Reproduzir_artigo\data\GUITAR-FX\Mono_Continuous\Audio\VTB\G81-49109-VTB-F4.5-20914.wav
-7.58352327,-0.49042335,Mono_Continuous,VTB,C:\TCC\Reproduzir_artigo\data\GUITAR-FX\Mono_Continuous\Audio\VTB\G81-49204-VTB-F2.4-20922.wav
-9.34614468,-4.46888638,Mono_Continuous,VTB,C:\TCC\Reproduzir_artigo\data\GUITAR-FX\Mono_Continuous\Audio\VTB\G81-50110-VTB-F7.5-20915.wav
-9.91961193,-6.64386845,Mono_Continuous,VTB,C:\TCC\Reproduzir_artigo\data\GUITAR-FX\Mono_Continuous\Audio\VTB\G81-50110-VTB-F8.6-20915.wav
-8.81147575,2.28818321,Mono_Continuous,VTB,C:\TCC\Reproduzir_artigo\data\GUITAR-FX\Mono_Continuous\Audio\VTB\G81-51111-VTB-F2.7-20916.wav
-2.08527732,-8.67405128,Mono_Continuous,VTB,C:\TCC\Reproduzir_artigo\data\GUITAR-FX\Mono_Continuous\Audio\VTB\G81-51301-VTB-F8.4-20932.wav
-6.35290003,-4.96991062,Mono_Continuous,VTB,C:\TCC\Reproduzir_artigo\data\GUITAR-FX\Mono_Continuous\Audio\VTB\G81-52112-VTB-F7.9-20917.wav
-5.52973032,-1.04545569,Mono_Continuous,VTB,C:\TCC\Reproduzir_artigo\data\GUITAR-FX\Mono_Continuous\Audio\VTB\G81-52207-VTB-F3.4-20925.wav
-2.22708678,-9.51994133,Mono_Continuous,VTB,C:\TCC\Reproduzir_artigo\data\GUITAR-FX\Mono_Continuous\Audio\VTB\G81-52302-VTB-F9.7-20933.wav
-2.69435620,-1.66258466,Mono_Continuous,VTB,C:\TCC\Reproduzir_artigo\data\GUITAR-FX\Mono_Continuous\Audio\VTB\G81-54304-VTB-F1.3-20935.wav
-0.89424700,-5.46462870,Mono_Continuous,VTB,C:\TCC\Reproduzir_artigo\data\GUITAR-FX\Mono_Continuous\Audio\VTB\G81-54304-VTB-F5.9-20935.wav
-3.74651313,-3.45681071,Mono_Continuous,VTB,C:\TCC\Reproduzir_artigo\data\GUITAR-FX\Mono_Continuous\Audio\VTB\G81-55210-VTB-F6.5-20928.wav
-1.11443388,-0.70544982,Mono_Continuous,VTB,C:\TCC\Reproduzir_artigo\data\GUITAR-FX\Mono_Continuous\Audio\VTB\G81-56211-VTB-F2.5-20929.wav
-1.00376117,-5.36092901,Mono_Continuous,VTB,C:\TCC\Reproduzir_artigo\data\GUITAR-FX\Mono_Continuous\Audio\VTB\G81-59309-VTB-F8.2-20940.wav
4.68000698,-5.51410675,Mono_Continuous,VTB,C:\TCC\Reproduzir_artigo\data\GUITAR-FX\Mono_Continuous\Audio\VTB\G81-61311-VTB-F8.6-20942.wav
10.42283249,-6.88803816,Mono_Continuous,VTB,C:\TCC\Reproduzir_artigo\data\GUITAR-FX\Mono_Continuous\Audio\VTB\G81-62503-VTB-F7.7-20960.wav
7.83597994,-1.44123423,Mono_Continuous,VTB,C:\TCC\Reproduzir_artigo\data\GUITAR-FX\Mono_Continuous\Audio\VTB\G81-64409-VTB-F4.3-20953.wav
13.94050312,-4.63754606,Mono_Continuous,VTB,C:\TCC\Reproduzir_artigo\data\GUITAR-FX\Mono_Continuous\Audio\VTB\G81-65601-VTB-F8.5-20971.wav
12.00596523,-5.46425152,Mono_Continuous,VTB,C:\TCC\Reproduzir_artigo\data\GUITAR-FX\Mono_Continuous\Audio\VTB\G81-66507-VTB-F5.8-20964.wav
14.07785988,-3.55956554,Mono_Continuous,VTB,C:\TCC\Reproduzir_artigo\data\GUITAR-FX\Mono_Continuous\Audio\VTB\G81-66602-VTB-F1.1-20972.wav
14.82345581,1.04643381,Mono_Continuous,VTB,C:\TCC\Reproduzir_artigo\data\GUITAR-FX\Mono_Continuous\Audio\VTB\G81-72608-VTB-F3.1-20978.wav
15.91914940,0.35219085,Mono_Continuous,VTB,C:\TCC\Reproduzir_artigo\data\GUITAR-FX\Mono_Continuous\Audio\VTB\G81-75611-VTB-F4.9-20981.wav
-9.30107212,-5.83943653,Mono_Continuous,VTB,C:\TCC\Reproduzir_artigo\data\GUITAR-FX\Mono_Continuous\Audio\VTB\G83-46106-VTB-F5.7-20989.wav
-10.19316196,-8.18448639,Mono_Continuous,VTB,C:\TCC\Reproduzir_artigo\data\GUITAR-FX\Mono_Continuous\Audio\VTB\G83-46106-VTB-F8-20989.wav
-10.06556416,-8.64832973,Mono_Continuous,VTB,C:\TCC\Reproduzir_artigo\data\GUITAR-FX\Mono_Continuous\Audio\VTB\G83-46106-VTB-F8.2-20989.wav
-8.30803490,-5.38728666,Mono_Continuous,VTB,C:\TCC\Reproduzir_artigo\data\GUITAR-FX\Mono_Continuous\Audio\VTB\G83-47202-VTB-F3.2-20998.wav
-6.63406849,-6.15401602,Mono_Continuous,VTB,C:\TCC\Reproduzir_artigo\data\GUITAR-FX\Mono_Continuous\Audio\VTB\G83-48108-VTB-F5.4-20991.wav
-6.59608793,-3.12585664,Mono_Continuous,VTB,C:\TCC\Reproduzir_artigo\data\GUITAR-FX\Mono_Continuous\Audio\VTB\G83-49109-VTB-F1.4-20992.wav
-6.84934282,-8.06350517,Mono_Continuous,VTB,C:\TCC\Reproduzir_artigo\data\GUITAR-FX\Mono_Continuous\Audio\VTB\G83-50110-VTB-F7.9-20993.wav
-5.32800674,-8.55164719,Mono_Continuous,VTB,C:\TCC\Reproduzir_artigo\data\GUITAR-FX\Mono_Continuous\Audio\VTB\G83-50300-VTB-F6.2-21009.wav
-3.11875749,-4.85615444,Mono_Continuous,VTB,C:\TCC\Reproduzir_artigo\data\GUITAR-FX\Mono_Continuous\Audio\VTB\G83-51206-VTB-F2.3-21002.wav
-3.23000050,-6.42598104,Mono_Continuous,VTB,C:\TCC\Reproduzir_artigo\data\GUITAR-FX\Mono_Continuous\Audio\VTB\G83-51206-VTB-F4.3-21002.wav
-3.91322517,-5.83220863,Mono_Continuous,VTB,C:\TCC\Reproduzir_artigo\data\GUITAR-FX\Mono_Continuous\Audio\VTB\G83-53208-VTB-F5-21004.wav
-5.90832090,-3.27745819,Mono_Continuous,VTB,C:\TCC\Reproduzir_artigo\data\GUITAR-FX\Mono_Continuous\Audio\VTB\G83-54209-VTB-F4.8-21005.wav
-6.00349808,-7.26912832,Mono_Continuous,VTB,C:\TCC\Reproduzir_artigo\data\GUITAR-FX\Mono_Continuous\Audio\VTB\G83-54209-VTB-F8.8-21005.wav
-0.17895505,-6.44050264,Mono_Continuous,VTB,C:\TCC\Reproduzir_artigo\data\GUITAR-FX\Mono_Continuous\Audio\VTB\G83-54304-VTB-F2-21013.wav
-0.42654559,-7.64521551,Mono_Continuous,VTB,C:\TCC\Reproduzir_artigo\data\GUITAR-FX\Mono_Continuous\Audio\VTB\G83-55210-VTB-F6.9-21006.wav
0.15871139,-5.36942101,Mono_Continuous,VTB,C:\TCC\Reproduzir_artigo\data\GUITAR-FX\Mono_Continuous\Audio\VTB\G83-55400-VTB-F5.3-21022.wav
1.01305938,-11.06006908,Mono_Continuous,VTB,C:\TCC\Reproduzir_artigo\data\GUITAR-FX\Mono_Continuous\Audio\VTB\G83-56306-VTB-F9.9-21015.wav
3.74626374,-6.18058205,Mono_Continuous,VTB,C:\TCC\Reproduzir_artigo\data\GUITAR-FX\Mono_Continuous\Audio\VTB\G83-56401-VTB-F1.8-21023.wav
1.69591820,-5.59864998,Mono_Continuous,VTB,C:\TCC\Reproduzir_artigo\data\GUITAR-FX\Mono_Continuous\Audio\VTB\G83-57212-VTB-F5-21008.wav
0.45508346,-8.51362610,Mono_Continuous,VTB,C:\TCC\Reproduzir_artigo\data\GUITAR-FX\Mono_Continuous\Audio\VTB\G83-57307-VTB-F9-21016.wav
5.57142782,-6.55386543,Mono_Continuous,VTB,C:\TCC\Reproduzir_artigo\data\GUITAR-FX\Mono_Continuous\Audio\VTB\G83-58403-VTB-F1.4-21025.wav
4.67486811,-8.73571587,Mono_Continuous,VTB,C:\TCC\Reproduzir_artigo\data\GUITAR-FX\Mono_Continuous\Audio\VTB\G83-58403-VTB-F6.1-21025.wav
3.65820026,-9.97990417,Mono_Continuous,VTB,C:\TCC\Reproduzir_artigo\data\GUITAR-FX\Mono_Continuous\Audio\VTB\G83-60405-VTB-F9.8-21027.wav
11.14974880,-5.59789705,Mono_Continuous,VTB,C:\TCC\Reproduzir_artigo\data\GUITAR-FX\Mono_Continuous\Audio\VTB\G83-60501-VTB-F1.8-21036.wav
4.79787397,-6.97176695,Mono_Continuous,VTB,C:\TCC\Reproduzir_artigo\data\GUITAR-FX\Mono_Continuous\Audio\VTB\G83-61406-VTB-F8.4-21028.wav
10.86746025,-2.94245052,Mono_Continuous,VTB,C:\TCC\Reproduzir_artigo\data\GUITAR-FX\Mono_Continuous\Audio\VTB\G83-63504-VTB-F3.9-21039.wav
16.00748444,-3.03334141,Mono_Continuous,VTB,C:\TCC\Reproduzir_artigo\data\GUITAR-FX\Mono_Continuous\Audio\VTB\G83-64600-VTB-F6.7-21048.wav
9.69565582,-0.71847600,Mono_Continuous,VTB,C:\TCC\Reproduzir_artigo\data\GUITAR-FX\Mono_Continuous\Audio\VTB\G83-66411-VTB-F1.2-21033.wav
13.03028297,-8.35780907,Mono_Continuous,VTB,C:\TCC\Reproduzir_artigo\data\GUITAR-FX\Mono_Continuous\Audio\VTB\G83-66602-VTB-F9.8-21050.wav
14.67864990,-0.64527577,Mono_Continuous,VTB,C:\TCC\Reproduzir_artigo\data\GUITAR-FX\Mono_Continuous\Audio\VTB\G83-70606-VTB-F2.4-21054.wav
14.64920998,1.96999717,Mono_Continuous,VTB,C:\TCC\Reproduzir_artigo\data\GUITAR-FX\Mono_Continuous\Audio\VTB\G83-72608-VTB-F2-21056.wav
-13.06479454,-3.19834971,Mono_Continuous,VTB,C:\TCC\Reproduzir_artigo\data\GUITAR-FX\Mono_Continuous\Audio\VTB\G91-42102-VTB-F3.8-21063.wav
-11.16698170,-1.19290745,Mono_Continuous,VTB,C:\TCC\Reproduzir_artigo\data\GUITAR-FX\Mono_Continuous\Audio\VTB\G91-44104-VTB-F5.9-21065.wav
-11.43289757,-8.27914906,Mono_Continuous,VTB,C:\TCC\Reproduzir_artigo\data\GUITAR-FX\Mono_Continuous\Audio\VTB\G91-44104-VTB-F9.4-21065.wav
-11.22388554,-6.78852558,Mono_Continuous,VTB,C:\TCC\Reproduzir_artigo\data\GUITAR-FX\Mono_Continuous\Audio\VTB\G91-46106-VTB-F9.3-21067.wav
-4.83530998,-3.92238259,Mono_Continuous,VTB,C:\TCC\Reproduzir_artigo\data\GUITAR-FX\Mono_Continuous\Audio\VTB\G91-46201-VTB-F4.4-21075.wav
-10.39784336,-5.90940857,Mono_Continuous,VTB,C:\TCC\Reproduzir_artigo\data\GUITAR-FX\Mono_Continuous\Audio\VTB\G91-47107-VTB-F6.6-21068.wav
-9.52659702,-2.70341563,Mono_Continuous,VTB,C:\TCC\Reproduzir_artigo\data\GUITAR-FX\Mono_Continuous\Audio\VTB\G91-47202-VTB-F3.9-21076.wav
-7.35395193,-2.34950352,Mono_Continuous,VTB,C:\TCC\Reproduzir_artigo\data\GUITAR-FX\Mono_Continuous\Audio\VTB\G91-48108-VTB-F3.3-21069.wav
-7.76528072,1.25467551,Mono_Continuous,VTB,C:\TCC\Reproduzir_artigo\data\GUITAR-FX\Mono_Continuous\Audio\VTB\G91-50110-VTB-F1.9-21071.wav
-3.68229198,-5.92762518,Mono_Continuous,VTB,C:\TCC\Reproduzir_artigo\data\GUITAR-FX\Mono_Continuous\Audio\VTB\G91-52112-VTB-F7.5-21073.wav
-0.79983306,-2.08524418,Mono_Continuous,VTB,C:\TCC\Reproduzir_artigo\data\GUITAR-FX\Mono_Continuous\Audio\VTB\G91-52207-VTB-F2.5-21081.wav
-2.76402545,-1.71784914,Mono_Continuous,VTB,C:\TCC\Reproduzir_artigo\data\GUITAR-FX\Mono_Continuous\Audio\VTB\G91-52302-VTB-F2.6-21089.wav
-3.43818402,-8.16185188,Mono_Continuous,VTB,C:\TCC\Reproduzir_artigo\data\GUITAR-FX\Mono_Continuous\Audio\VTB\G91-52302-VTB-F9-21089.wav
1.96965635,-6.49841261,Mono_Continuous,VTB,C:\TCC\Reproduzir_artigo\data\GUITAR-FX\Mono_Continuous\Audio\VTB\G91-53303-VTB-F6.6-21090.wav
0.51429570,-10.38274384,Mono_Continuous,VTB,C:\TCC\Reproduzir_artigo\data\GUITAR-FX\Mono_Continuous\Audio\VTB\G91-55400-VTB-F5.5-21100.wav
2.29172778,-11.02697563,Mono_Continuous,VTB,C:\TCC\Reproduzir_artigo\data\GUITAR-FX\Mono_Continuous\Audio\VTB\G91-57402-VTB-F7.9-21102.wav
4.77106714,-6.67518568,Mono_Continuous,VTB,C:\TCC\Reproduzir_artigo\data\GUITAR-FX\Mono_Continuous\Audio\VTB\G91-59404-VTB-F3.8-21104.wav
10.63343430,-8.57702351,Mono_Continuous,VTB,C:\TCC\Reproduzir_artigo\data\GUITAR-FX\Mono_Continuous\Audio\VTB\G91-59500-VTB-F7.9-21113.wav
10.72248363,-9.71408463,Mono_Continuous,VTB,C:\TCC\Reproduzir_artigo\data\GUITAR-FX\Mono_Continuous\Audio\VTB\G91-60501-VTB-F9.1-21114.wav
6.78252888,-6.10180092,Mono_Continuous,VTB,C:\TCC\Reproduzir_artigo\data\GUITAR-FX\Mono_Continuous\Audio\VTB\G91-62407-VTB-F4.7-21107.wav
8.52441692,-9.40495110,Mono_Continuous,VTB,C:\TCC\Reproduzir_artigo\data\GUITAR-FX\Mono_Continuous\Audio\VTB\G91-63408-VTB-F9.8-21108.wav
12.72450733,-6.82497692,Mono_Continuous,VTB,C:\TCC\Reproduzir_artigo\data\GUITAR-FX\Mono_Continuous\Audio\VTB\G91-63504-VTB-F2.6-21117.wav
6.41381073,-3.97186065,Mono_Continuous,VTB,C:\TCC\Reproduzir_artigo\data\GUITAR-FX\Mono_Continuous\Audio\VTB\G91-64409-VTB-F4.2-21109.wav
12.39655590,-5.64727449,Mono_Continuous,VTB,C:\TCC\Reproduzir_artigo\data\GUITAR-FX\Mono_Continuous\Audio\VTB\G91-65506-VTB-F5.2-21119.wav
12.11441040,-7.41112852,Mono_Continuous,VTB,C:\TCC\Reproduzir_artigo\data\GUITAR-FX\Mono_Continuous\Audio\VTB\G91-65506-VTB-F7.7-21119.wav
10.42829323,-4.04340982,Mono_Continuous,VTB,C:\TCC\Reproduzir_artigo\data\GUITAR-FX\Mono_Continuous\Audio\VTB\G91-66411-VTB-F6.6-21111.wav
12.22761917,-5.03999186,Mono_Continuous,VTB,C:\TCC\Reproduzir_artigo\data\GUITAR-FX\Mono_Continuous\Audio\VTB\G91-66507-VTB-F2.6-21120.wav
9.61690903,-1.43733847,Mono_Continuous,VTB,C:\TCC\Reproduzir_artigo\data\GUITAR-FX\Mono_Continuous\Audio\VTB\G91-67412-VTB-F5-21112.wav
14.62315178,-4.76950169,Mono_Continuous,VTB,C:\TCC\Reproduzir_artigo\data\GUITAR-FX\Mono_Continuous\Audio\VTB\G91-67603-VTB-F8.5-21129.wav
14.06579113,-4.81389999,Mono_Continuous,VTB,C:\TCC\Reproduzir_artigo\data\GUITAR-FX\Mono_Continuous\Audio\VTB\G91-68604-VTB-F6-21130.wav
13.98082256,0.49919716,Mono_Continuous,VTB,C:\TCC\Reproduzir_artigo\data\GUITAR-FX\Mono_Continuous\Audio\VTB\G91-69510-VTB-F2.4-21123.wav
15.30178261,-4.92377710,Mono_Continuous,VTB,C:\TCC\Reproduzir_artigo\data\GUITAR-FX\Mono_Continuous\Audio\VTB\G91-69605-VTB-F9-21131.wav
14.47633362,-1.91704047,Mono_Continuous,VTB,C:\TCC\Reproduzir_artigo\data\GUITAR-FX\Mono_Continuous\Audio\VTB\G91-70511-VTB-F7.2-21124.wav
15.07883263,-4.09036827,Mono_Continuous,VTB,C:\TCC\Reproduzir_artigo\data\GUITAR-FX\Mono_Continuous\Audio\VTB\G91-70606-VTB-F2.1-21132.wav
14.33159542,-0.93483049,Mono_Continuous,VTB,C:\TCC\Reproduzir_artigo\data\GUITAR-FX\Mono_Continuous\Audio\VTB\G91-71512-VTB-F1.8-21125.wav
13.64071846,-1.45010436,Mono_Continuous,VTB,C:\TCC\Reproduzir_artigo\data\GUITAR-FX\Mono_Continuous\Audio\VTB\G91-72608-VTB-F7.4-21134.wav
-6.28685808,-8.74905205,Mono_Continuous,VTB,C:\TCC\Reproduzir_artigo\data\GUITAR-FX\Mono_Continuous\Audio\VTB\G93-43103-VTB-F8.4-21142.wav
-7.75140762,-11.02645588,Mono_Continuous,VTB,C:\TCC\Reproduzir_artigo\data\GUITAR-FX\Mono_Continuous\Audio\VTB\G93-45200-VTB-F9.8-21152.wav
-6.12925911,-3.19118476,Mono_Continuous,VTB,C:\TCC\Reproduzir_artigo\data\GUITAR-FX\Mono_Continuous\Audio\VTB\G93-46106-VTB-F1.4-21145.wav
-1.26592517,-8.21669483,Mono_Continuous,VTB,C:\TCC\Reproduzir_artigo\data\GUITAR-FX\Mono_Continuous\Audio\VTB\G93-48203-VTB-F5.4-21155.wav
-3.40247297,-5.55450583,Mono_Continuous,VTB,C:\TCC\Reproduzir_artigo\data\GUITAR-FX\Mono_Continuous\Audio\VTB\G93-53208-VTB-F4.2-21160.wav
-1.39835978,-7.41106606,Mono_Continuous,VTB,C:\TCC\Reproduzir_artigo\data\GUITAR-FX\Mono_Continuous\Audio\VTB\G93-53303-VTB-F3.2-21168.wav
-1.53943431,-7.89935541,Mono_Continuous,VTB,C:\TCC\Reproduzir_artigo\data\GUITAR-FX\Mono_Continuous\Audio\VTB\G93-53303-VTB-F3.8-21168.wav
-4.06138468,-2.47599673,Mono_Continuous,VTB,C:\TCC\Reproduzir_artigo\data\GUITAR-FX\Mono_Continuous\Audio\VTB\G93-55305-VTB-F1.4-21170.wav
-1.69043183,-8.81317997,Mono_Continuous,VTB,C:\TCC\Reproduzir_artigo\data\GUITAR-FX\Mono_Continuous\Audio\VTB\G93-55305-VTB-F9.1-21170.wav
0.79321349,-7.29170084,Mono_Continuous,VTB,C:\TCC\Reproduzir_artigo\data\GUITAR-FX\Mono_Continuous\Audio\VTB\G93-55400-VTB-F1.2-21178.wav
2.67352605,-7.41373396,Mono_Continuous,VTB,C:\TCC\Reproduzir_artigo\data\GUITAR-FX\Mono_Continuous\Audio\VTB\G93-56211-VTB-F7.5-21163.wav
-0.42344749,-2.96976972,Mono_Continuous,VTB,C:\TCC\Reproduzir_artigo\data\GUITAR-FX\Mono_Continuous\Audio\VTB\G93-56306-VTB-F2-21171.wav
0.34323001,1.25441730,Mono_Continuous,VTB,C:\TCC\Reproduzir_artigo\data\GUITAR-FX\Mono_Continuous\Audio\VTB\G93-57212-VTB-F1.3-21164.wav
2.63032532,-2.43499422,Mono_Continuous,VTB,C:\TCC\Reproduzir_artigo\data\GUITAR-FX\Mono_Continuous\Audio\VTB\G93-57307-VTB-F3.6-21172.wav
6.70093012,-6.33846092,Mono_Continuous,VTB,C:\TCC\Reproduzir_artigo\data\GUITAR-FX\Mono_Continuous\Audio\VTB\G93-58308-VTB-F5.9-21173.wav
10.15884304,-6.36650562,Mono_Continuous,VTB,C:\TCC\Reproduzir_artigo\data\GUITAR-FX\Mono_Continuous\Audio\VTB\G93-59500-VTB-F2.7-21191.wav
10.19848633,-7.00410366,Mono_Continuous,VTB,C:\TCC\Reproduzir_artigo\data\GUITAR-FX\Mono_Continuous\Audio\VTB\G93-59500-VTB-F4.8-21191.wav
6.21976900,-5.53846121,Mono_Continuous,VTB,C:\TCC\Reproduzir_artigo\data\GUITAR-FX\Mono_Continuous\Audio\VTB\G93-60310-VTB-F4.6-21175.wav
6.10516310,-4.57370138,Mono_Continuous,VTB,C:\TCC\Reproduzir_artigo\data\GUITAR-FX\Mono_Continuous\Audio\VTB\G93-61406-VTB-F3-21184.wav
9.14652157,-7.04121590,Mono_Continuous,VTB,C:\TCC\Reproduzir_artigo\data\GUITAR-FX\Mono_Continuous\Audio\VTB\G93-61502-VTB-F3.1-21193.wav
9.14428043,-7.07721996,Mono_Continuous,VTB,C:\TCC\Reproduzir_artigo\data\GUITAR-FX\Mono_Continuous\Audio\VTB\G93-61502-VTB-F3.2-21193.wav
9.15064716,-7.82620907,Mono_Continuous,VTB,C:\TCC\Reproduzir_artigo\data\GUITAR-FX\Mono_Continuous\Audio\VTB\G93-61502-VTB-F4.8-21193.wav
10.67551136,-2.65294456,Mono_Continuous,VTB,C:\TCC\Reproduzir_artigo\data\GUITAR-FX\Mono_Continuous\Audio\VTB\G93-62503-VTB-F1.2-21194.wav
7.70031691,-3.79230261,Mono_Continuous,VTB,C:\TCC\Reproduzir_artigo\data\GUITAR-FX\Mono_Continuous\Audio\VTB\G93-64409-VTB-F8.3-21187.wav
10.32748699,-2.74465775,Mono_Continuous,VTB,C:\TCC\Reproduzir_artigo\data\GUITAR-FX\Mono_Continuous\Audio\VTB\G93-64505-VTB-F4.2-21196.wav
10.06507397,-5.09807730,Mono_Continuous,VTB,C:\TCC\Reproduzir_artigo\data\GUITAR-FX\Mono_Continuous\Audio\VTB\G93-66411-VTB-F7.5-21189.wav
13.08539200,-4.62504816,Mono_Continuous,VTB,C:\TCC\Reproduzir_artigo\data\GUITAR-FX\Mono_Continuous\Audio\VTB\G93-67508-VTB-F8.9-21199.wav
14.79326534,3.78901267,Mono_Continuous,VTB,C:\TCC\Reproduzir_artigo\data\GUITAR-FX\Mono_Continuous\Audio\VTB\G93-70511-VTB-F1.1-21202.wav
15.04177189,-0.76368189,Mono_Continuous,VTB,C:\TCC\Reproduzir_artigo\data\GUITAR-FX\Mono_Continuous\Audio\VTB\G93-71512-VTB-F4-21203.wav
13.71152782,-1.73626554,Mono_Continuous,VTB,C:\TCC\Reproduzir_artigo\data\GUITAR-FX\Mono_Continuous\Audio\VTB\G93-71607-VTB-F2.2-21211.wav
13.62779808,-1.97099602,Mono_Continuous,VTB,C:\TCC\Reproduzir_artigo\data\GUITAR-FX\Mono_Continuous\Audio\VTB\G93-71607-VTB-F2.7-21211.wav
15.02373409,0.57406199,Mono_Continuous,VTB,C:\TCC\Reproduzir_artigo\data\GUITAR-FX\Mono_Continuous\Audio\VTB\G93-72608-VTB-F2.8-21212.wav
12.98546696,-0.08328102,Mono_Continuous,VTB,C:\TCC\Reproduzir_artigo\data\GUITAR-FX\Mono_Continuous\Audio\VTB\G93-74610-VTB-F6.1-21214.wav
12.61596584,-1.13640559,Mono_Continuous,VTB,C:\TCC\Reproduzir_artigo\data\GUITAR-FX\Mono_Continuous\Audio\VTB\G93-74610-VTB-F7.6-21214.wav
14.69976425,-1.24649870,Mono_Continuous,VTB,C:\TCC\Reproduzir_artigo\data\GUITAR-FX\Mono_Continuous\Audio\VTB\G93-75611-VTB-F9.6-21215.wav
