tsne_x,tsne_y,dataset,source_label,wav,frames_before_pad
-70.86188,19.639946,Mono_Continuous,808,C:\TCC\Reproduzir_artigo\data\GUITAR-FX\Mono_Continuous\Audio\808\G61-42102-808-O7.4T0.8-20595.wav,998
-71.86417,19.947208,Mono_Continuous,808,C:\TCC\Reproduzir_artigo\data\GUITAR-FX\Mono_Continuous\Audio\808\G61-43103-808-O8.9T3.9-20596.wav,998
-70.16819,20.549595,Mono_Continuous,808,C:\TCC\Reproduzir_artigo\data\GUITAR-FX\Mono_Continuous\Audio\808\G61-45105-808-O9.5T1.9-20598.wav,998
-67.50009,20.619099,Mono_Continuous,808,C:\TCC\Reproduzir_artigo\data\GUITAR-FX\Mono_Continuous\Audio\808\G61-47107-808-O5.6T8.9-20600.wav,998
-52.999516,22.746887,Mono_Continuous,808,C:\TCC\Reproduzir_artigo\data\GUITAR-FX\Mono_Continuous\Audio\808\G61-47202-808-O8.9T2.4-20608.wav,998
-53.016884,22.738968,Mono_Continuous,808,C:\TCC\Reproduzir_artigo\data\GUITAR-FX\Mono_Continuous\Audio\808\G61-47202-808-O9.7T4.5-20608.wav,998
-68.11681,19.179422,Mono_Continuous,808,C:\TCC\Reproduzir_artigo\data\GUITAR-FX\Mono_Continuous\Audio\808\G61-49109-808-O8.1T7.7-20602.wav,998
-44.88198,34.48805,Mono_Continuous,808,C:\TCC\Reproduzir_artigo\data\GUITAR-FX\Mono_Continuous\Audio\808\G61-50205-808-O9T3-20611.wav,998
-39.681107,12.24838,Mono_Continuous,808,C:\TCC\Reproduzir_artigo\data\GUITAR-FX\Mono_Continuous\Audio\808\G61-50300-808-O4T6.2-20619.wav,998
-35.130814,11.774271,Mono_Continuous,808,C:\TCC\Reproduzir_artigo\data\GUITAR-FX\Mono_Continuous\Audio\808\G61-51301-808-O4.2T3.8-20620.wav,998
-24.909914,16.089546,Mono_Continuous,808,C:\TCC\Reproduzir_artigo\data\GUITAR-FX\Mono_Continuous\Audio\808\G61-53208-808-O4.2T5.2-20614.wav,998
-24.724005,15.946668,Mono_Continuous,808,C:\TCC\Reproduzir_artigo\data\GUITAR-FX\Mono_Continuous\Audio\808\G61-53208-808-O6.5T0.9-20614.wav,998
-15.843535,12.060887,Mono_Continuous,808,C:\TCC\Reproduzir_artigo\data\GUITAR-FX\Mono_Continuous\Audio\808\G61-55305-808-O3.3T9.5-20624.wav,998
-15.841358,12.121195,Mono_Continuous,808,C:\TCC\Reproduzir_artigo\data\GUITAR-FX\Mono_Continuous\Audio\808\G61-55305-808-O3T5.1-20624.wav,998
-16.954897,9.921471,Mono_Continuous,808,C:\TCC\Reproduzir_artigo\data\GUITAR-FX\Mono_Continuous\Audio\808\G61-55400-808-O2.5T1.2-20632.wav,998
-7.6865354,3.7536683,Mono_Continuous,808,C:\TCC\Reproduzir_artigo\data\GUITAR-FX\Mono_Continuous\Audio\808\G61-56211-808-O7.3T5.5-20617.wav,998
4.268329,5.1386466,Mono_Continuous,808,C:\TCC\Reproduzir_artigo\data\GUITAR-FX\Mono_Continuous\Audio\808\G61-57307-808-O8.3T2.9-20626.wav,998
10.003486,-22.324097,Mono_Continuous,808,C:\TCC\Reproduzir_artigo\data\GUITAR-FX\Mono_Continuous\Audio\808\G61-59500-808-O9.5T2.3-20645.wav,998
9.538958,8.315084,Mono_Continuous,808,C:\TCC\Reproduzir_artigo\data\GUITAR-FX\Mono_Continuous\Audio\808\G61-60310-808-O5T2.5-20629.wav,998
24.530727,-33.7877,Mono_Continuous,808,C:\TCC\Reproduzir_artigo\data\GUITAR-FX\Mono_Continuous\Audio\808\G61-61311-808-O8T5.3-20630.wav,998
24.506815,-33.854794,Mono_Continuous,808,C:\TCC\Reproduzir_artigo\data\GUITAR-FX\Mono_Continuous\Audio\808\G61-61406-808-O9T4.9-20638.wav,998
18.817846,-4.1837077,Mono_Continuous,808,C:\TCC\Reproduzir_artigo\data\GUITAR-FX\Mono_Continuous\Audio\808\G61-62312-808-O7.1T0.9-20631.wav,998
20.181734,-5.641253,Mono_Continuous,808,C:\TCC\Reproduzir_artigo\data\GUITAR-FX\Mono_Continuous\Audio\808\G61-62407-808-O5.4T3.9-20639.wav,998
20.162708,-5.682213,Mono_Continuous,808,C:\TCC\Reproduzir_artigo\data\GUITAR-FX\Mono_Continuous\Audio\808\G61-62407-808-O6.6T7.3-20639.wav,998
36.422028,-21.786686,Mono_Continuous,808,C:\TCC\Reproduzir_artigo\data\GUITAR-FX\Mono_Continuous\Audio\808\G61-63408-808-O2T2.6-20640.wav,998
36.449863,-21.855242,Mono_Continuous,808,C:\TCC\Reproduzir_artigo\data\GUITAR-FX\Mono_Continuous\Audio\808\G61-63408-808-O6.3T3.3-20640.wav,998
57.701218,-6.597938,Mono_Continuous,808,C:\TCC\Reproduzir_artigo\data\GUITAR-FX\Mono_Continuous\Audio\808\G61-64505-808-O2.1T1.4-20650.wav,998
58.194405,-9.138623,Mono_Continuous,808,C:\TCC\Reproduzir_artigo\data\GUITAR-FX\Mono_Continuous\Audio\808\G61-64600-808-O4.1T2.1-20658.wav,998
39.408546,0.7389041,Mono_Continuous,808,C:\TCC\Reproduzir_artigo\data\GUITAR-FX\Mono_Continuous\Audio\808\G61-65410-808-O2.7T4.3-20642.wav,998
48.11853,10.76741,Mono_Continuous,808,C:\TCC\Reproduzir_artigo\data\GUITAR-FX\Mono_Continuous\Audio\808\G61-67603-808-O2.2T4.3-20661.wav,998
50.158028,35.981434,Mono_Continuous,808,C:\TCC\Reproduzir_artigo\data\GUITAR-FX\Mono_Continuous\Audio\808\G61-70511-808-O7.4T7-20656.wav,998
61.895184,54.028183,Mono_Continuous,808,C:\TCC\Reproduzir_artigo\data\GUITAR-FX\Mono_Continuous\Audio\808\G61-71607-808-O4.1T9.5-20665.wav,998
38.64678,46.90854,Mono_Continuous,808,C:\TCC\Reproduzir_artigo\data\GUITAR-FX\Mono_Continuous\Audio\808\G61-73609-808-O4.7T6.1-20667.wav,998
-72.62458,24.82332,Mono_Continuous,808,C:\TCC\Reproduzir_artigo\data\GUITAR-FX\Mono_Continuous\Audio\808\G63-42102-808-O2.1T9.9-20673.wav,998
-72.604355,24.597105,Mono_Continuous,808,C:\TCC\Reproduzir_artigo\data\GUITAR-FX\Mono_Continuous\Audio\808\G63-42102-808-O5.4T3.8-20673.wav,998
-66.26381,25.219227,Mono_Continuous,808,C:\TCC\Reproduzir_artigo\data\GUITAR-FX\Mono_Continuous\Audio\808\G63-46106-808-O4.8T9.1-20677.wav,998
-63.23784,14.101061,Mono_Continuous,808,C:\TCC\Reproduzir_artigo\data\GUITAR-FX\Mono_Continuous\Audio\808\G63-46201-808-O2.2T7.7-20685.wav,998
-59.515156,18.62362,Mono_Continuous,808,C:\TCC\Reproduzir_artigo\data\GUITAR-FX\Mono_Continuous\Audio\808\G63-48203-808-O6.4T4-20687.wav,998
-59.499138,18.515615,Mono_Continuous,808,C:\TCC\Reproduzir_artigo\data\GUITAR-FX\Mono_Continuous\Audio\808\G63-48203-808-O7.6T7.7-20687.wav,998
-62.7097,23.228203,Mono_Continuous,808,C:\TCC\Reproduzir_artigo\data\GUITAR-FX\Mono_Continuous\Audio\808\G63-49109-808-O7.1T6.4-20680.wav,998
-14.640728,2.5407205,Mono_Continuous,808,C:\TCC\Reproduzir_artigo\data\GUITAR-FX\Mono_Continuous\Audio\808\G63-54209-808-O6.5T6.5-20693.wav,998
-15.582389,3.4071245,Mono_Continuous,808,C:\TCC\Reproduzir_artigo\data\GUITAR-FX\Mono_Continuous\Audio\808\G63-54304-808-O2.4T1.8-20701.wav,998
-5.4367695,7.2474203,Mono_Continuous,808,C:\TCC\Reproduzir_artigo\data\GUITAR-FX\Mono_Continuous\Audio\808\G63-57212-808-O8.3T0.6-20696.wav,998
-5.4625964,7.2469506,Mono_Continuous,808,C:\TCC\Reproduzir_artigo\data\GUITAR-FX\Mono_Continuous\Audio\808\G63-57212-808-O9T8.5-20696.wav,998
9.491318,-25.031925,Mono_Continuous,808,C:\TCC\Reproduzir_artigo\data\GUITAR-FX\Mono_Continuous\Audio\808\G63-59500-808-O6.7T1.1-20723.wav,998
3.215541,1.0673844,Mono_Continuous,808,C:\TCC\Reproduzir_artigo\data\GUITAR-FX\Mono_Continuous\Audio\808\G63-60405-808-O4.4T7.9-20715.wav,998
3.1240242,0.81673574,Mono_Continuous,808,C:\TCC\Reproduzir_artigo\data\GUITAR-FX\Mono_Continuous\Audio\808\G63-60405-808-O7.9T8.2-20715.wav,998
72.26057,-10.6439495,Mono_Continuous,808,C:\TCC\Reproduzir_artigo\data\GUITAR-FX\Mono_Continuous\Audio\808\G63-66602-808-O8.6T8.2-20738.wav,998
40.124794,13.169405,Mono_Continuous,808,C:\TCC\Reproduzir_artigo\data\GUITAR-FX\Mono_Continuous\Audio\808\G63-67508-808-O2T6.1-20731.wav,998
40.76411,12.771625,Mono_Continuous,808,C:\TCC\Reproduzir_artigo\data\GUITAR-FX\Mono_Continuous\Audio\808\G63-67508-808-O8.6T8.7-20731.wav,998
47.106464,13.171304,Mono_Continuous,808,C:\TCC\Reproduzir_artigo\data\GUITAR-FX\Mono_Continuous\Audio\808\G63-67603-808-O5.8T3.5-20739.wav,998
47.158577,13.151421,Mono_Continuous,808,C:\TCC\Reproduzir_artigo\data\GUITAR-FX\Mono_Continuous\Audio\808\G63-67603-808-O6.4T9-20739.wav,998
60.456985,21.080061,Mono_Continuous,808,C:\TCC\Reproduzir_artigo\data\GUITAR-FX\Mono_Continuous\Audio\808\G63-68604-808-O5T6.4-20740.wav,998
50.376568,33.72552,Mono_Continuous,808,C:\TCC\Reproduzir_artigo\data\GUITAR-FX\Mono_Continuous\Audio\808\G63-70511-808-O3T6.4-20734.wav,998
-70.51755,7.139614,Mono_Continuous,808,C:\TCC\Reproduzir_artigo\data\GUITAR-FX\Mono_Continuous\Audio\808\G71-41101-808-O7.8T6.3-20750.wav,998
-65.13996,12.006806,Mono_Continuous,808,C:\TCC\Reproduzir_artigo\data\GUITAR-FX\Mono_Continuous\Audio\808\G71-43103-808-O5.4T6.1-20752.wav,998
-60.041565,15.561252,Mono_Continuous,808,C:\TCC\Reproduzir_artigo\data\GUITAR-FX\Mono_Continuous\Audio\808\G71-47107-808-O3.7T4.5-20756.wav,998
-60.39284,15.443415,Mono_Continuous,808,C:\TCC\Reproduzir_artigo\data\GUITAR-FX\Mono_Continuous\Audio\808\G71-47107-808-O6.4T5.9-20756.wav,998
-62.596977,20.76163,Mono_Continuous,808,C:\TCC\Reproduzir_artigo\data\GUITAR-FX\Mono_Continuous\Audio\808\G71-48108-808-O7.5T9.3-20757.wav,998
-59.287445,1.9315225,Mono_Continuous,808,C:\TCC\Reproduzir_artigo\data\GUITAR-FX\Mono_Continuous\Audio\808\G71-48203-808-O8T6.7-20765.wav,998
-52.96213,10.822909,Mono_Continuous,808,C:\TCC\Reproduzir_artigo\data\GUITAR-FX\Mono_Continuous\Audio\808\G71-49204-808-O5.6T0.4-20766.wav,998
-40.96846,8.993752,Mono_Continuous,808,C:\TCC\Reproduzir_artigo\data\GUITAR-FX\Mono_Continuous\Audio\808\G71-50205-808-O2.6T6.8-20767.wav,998
-22.722313,3.515691,Mono_Continuous,808,C:\TCC\Reproduzir_artigo\data\GUITAR-FX\Mono_Continuous\Audio\808\G71-52112-808-O7.5T3.8-20761.wav,998
-21.957144,-24.388006,Mono_Continuous,808,C:\TCC\Reproduzir_artigo\data\GUITAR-FX\Mono_Continuous\Audio\808\G71-55400-808-O4.2T1.6-20788.wav,998
-9.573661,2.8352034,Mono_Continuous,808,C:\TCC\Reproduzir_artigo\data\GUITAR-FX\Mono_Continuous\Audio\808\G71-56211-808-O4.5T6.3-20773.wav,998
-3.2497118,5.322235,Mono_Continuous,808,C:\TCC\Reproduzir_artigo\data\GUITAR-FX\Mono_Continuous\Audio\808\G71-57212-808-O2T2.6-20774.wav,998
0.72105885,-24.597912,Mono_Continuous,808,C:\TCC\Reproduzir_artigo\data\GUITAR-FX\Mono_Continuous\Audio\808\G71-57402-808-O5.3T4.5-20790.wav,998
8.177895,7.6504006,Mono_Continuous,808,C:\TCC\Reproduzir_artigo\data\GUITAR-FX\Mono_Continuous\Audio\808\G71-59309-808-O5.1T4.1-20784.wav,998
5.0259123,-18.55805,Mono_Continuous,808,C:\TCC\Reproduzir_artigo\data\GUITAR-FX\Mono_Continuous\Audio\808\G71-59404-808-O4.8T8.4-20792.wav,998
5.005553,-28.396421,Mono_Continuous,808,C:\TCC\Reproduzir_artigo\data\GUITAR-FX\Mono_Continuous\Audio\808\G71-60405-808-O3.1T0.8-20793.wav,998
29.621033,-36.735073,Mono_Continuous,808,C:\TCC\Reproduzir_artigo\data\GUITAR-FX\Mono_Continuous\Audio\808\G71-61406-808-O7.3T8.7-20794.wav,998
31.17253,-40.618,Mono_Continuous,808,C:\TCC\Reproduzir_artigo\data\GUITAR-FX\Mono_Continuous\Audio\808\G71-61502-808-O9.7T6.1-20803.wav,998
43.16261,-24.005707,Mono_Continuous,808,C:\TCC\Reproduzir_artigo\data\GUITAR-FX\Mono_Continuous\Audio\808\G71-63504-808-O2.7T2.3-20805.wav,998
43.398552,-24.120646,Mono_Continuous,808,C:\TCC\Reproduzir_artigo\data\GUITAR-FX\Mono_Continuous\Audio\808\G71-63504-808-O6T4.4-20805.wav,998
65.69116,-26.593725,Mono_Continuous,808,C:\TCC\Reproduzir_artigo\data\GUITAR-FX\Mono_Continuous\Audio\808\G71-66411-808-O2.3T7.6-20799.wav,998
72.754105,-10.454617,Mono_Continuous,808,C:\TCC\Reproduzir_artigo\data\GUITAR-FX\Mono_Continuous\Audio\808\G71-66507-808-O4.4T8.9-20808.wav,998
49.245087,10.926548,Mono_Continuous,808,C:\TCC\Reproduzir_artigo\data\GUITAR-FX\Mono_Continuous\Audio\808\G71-67603-808-O3.3T5.5-20817.wav,998
39.673115,31.809198,Mono_Continuous,808,C:\TCC\Reproduzir_artigo\data\GUITAR-FX\Mono_Continuous\Audio\808\G71-69605-808-O6.6T9.5-20819.wav,998
50.39426,36.53867,Mono_Continuous,808,C:\TCC\Reproduzir_artigo\data\GUITAR-FX\Mono_Continuous\Audio\808\G71-70511-808-O8.2T4.5-20812.wav,998
62.127476,58.6018,Mono_Continuous,808,C:\TCC\Reproduzir_artigo\data\GUITAR-FX\Mono_Continuous\Audio\808\G71-71607-808-O6.1T8.7-20821.wav,998
37.842052,46.80083,Mono_Continuous,808,C:\TCC\Reproduzir_artigo\data\GUITAR-FX\Mono_Continuous\Audio\808\G71-73609-808-O8.7T8.4-20823.wav,998
45.32071,53.492905,Mono_Continuous,808,C:\TCC\Reproduzir_artigo\data\GUITAR-FX\Mono_Continuous\Audio\808\G71-75611-808-O7.9T0.8-20825.wav,998
26.13216,55.37575,Mono_Continuous,808,C:\TCC\Reproduzir_artigo\data\GUITAR-FX\Mono_Continuous\Audio\808\G71-76612-808-O2.6T3.7-20826.wav,998
-69.55862,10.113766,Mono_Continuous,808,C:\TCC\Reproduzir_artigo\data\GUITAR-FX\Mono_Continuous\Audio\808\G73-41101-808-O7.5T6.6-20828.wav,998
-67.432014,9.545881,Mono_Continuous,808,C:\TCC\Reproduzir_artigo\data\GUITAR-FX\Mono_Continuous\Audio\808\G73-44104-808-O9.2T6.8-20831.wav,998
-49.577694,16.321066,Mono_Continuous,808,C:\TCC\Reproduzir_artigo\data\GUITAR-FX\Mono_Continuous\Audio\808\G73-45105-808-O3.2T5.9-20832.wav,998
-60.972206,8.169429,Mono_Continuous,808,C:\TCC\Reproduzir_artigo\data\GUITAR-FX\Mono_Continuous\Audio\808\G73-46201-808-O2.4T4.5-20841.wav,998
-60.969223,8.159196,Mono_Continuous,808,C:\TCC\Reproduzir_artigo\data\GUITAR-FX\Mono_Continuous\Audio\808\G73-46201-808-O2.8T7.1-20841.wav,998
-56.042183,18.824684,Mono_Continuous,808,C:\TCC\Reproduzir_artigo\data\GUITAR-FX\Mono_Continuous\Audio\808\G73-49109-808-O3.3T9-20836.wav,998
-57.679752,0.6493669,Mono_Continuous,808,C:\TCC\Reproduzir_artigo\data\GUITAR-FX\Mono_Continuous\Audio\808\G73-49204-808-O9.7T1.3-20844.wav,998
-55.228428,19.612345,Mono_Continuous,808,C:\TCC\Reproduzir_artigo\data\GUITAR-FX\Mono_Continuous\Audio\808\G73-51111-808-O4.6T4.7-20838.wav,998
-54.091694,17.796082,Mono_Continuous,808,C:\TCC\Reproduzir_artigo\data\GUITAR-FX\Mono_Continuous\Audio\808\G73-51206-808-O3.9T4.1-20846.wav,998
-30.521763,2.9199965,Mono_Continuous,808,C:\TCC\Reproduzir_artigo\data\GUITAR-FX\Mono_Continuous\Audio\808\G73-52302-808-O5.2T2.3-20855.wav,998
-28.491291,-1.8476847,Mono_Continuous,808,C:\TCC\Reproduzir_artigo\data\GUITAR-FX\Mono_Continuous\Audio\808\G73-53208-808-O7.4T6.6-20848.wav,998
-30.944246,-1.1069151,Mono_Continuous,808,C:\TCC\Reproduzir_artigo\data\GUITAR-FX\Mono_Continuous\Audio\808\G73-53303-808-O7.6T2.3-20856.wav,998
-13.689195,2.10395,Mono_Continuous,808,C:\TCC\Reproduzir_artigo\data\GUITAR-FX\Mono_Continuous\Audio\808\G73-54209-808-O3.5T2.4-20849.wav,998
-20.287395,8.75884,Mono_Continuous,808,C:\TCC\Reproduzir_artigo\data\GUITAR-FX\Mono_Continuous\Audio\808\G73-55210-808-O9.6T5.3-20850.wav,998
-11.995807,-1.3020211,Mono_Continuous,808,C:\TCC\Reproduzir_artigo\data\GUITAR-FX\Mono_Continuous\Audio\808\G73-56211-808-O8.6T3.4-20851.wav,998
-1.0866734,-0.39052,Mono_Continuous,808,C:\TCC\Reproduzir_artigo\data\GUITAR-FX\Mono_Continuous\Audio\808\G73-57307-808-O2.3T8-20860.wav,998
-0.39682278,-18.589743,Mono_Continuous,808,C:\TCC\Reproduzir_artigo\data\GUITAR-FX\Mono_Continuous\Audio\808\G73-58308-808-O8.4T0.5-20861.wav,998
7.139392,-24.036308,Mono_Continuous,808,C:\TCC\Reproduzir_artigo\data\GUITAR-FX\Mono_Continuous\Audio\808\G73-59500-808-O7.2T4.5-20879.wav,998
27.924618,-33.594097,Mono_Continuous,808,C:\TCC\Reproduzir_artigo\data\GUITAR-FX\Mono_Continuous\Audio\808\G73-60501-808-O2.1T6.6-20880.wav,998
30.389368,-26.271074,Mono_Continuous,808,C:\TCC\Reproduzir_artigo\data\GUITAR-FX\Mono_Continuous\Audio\808\G73-62407-808-O4.8T2.4-20873.wav,998
34.77456,-27.113726,Mono_Continuous,808,C:\TCC\Reproduzir_artigo\data\GUITAR-FX\Mono_Continuous\Audio\808\G73-63408-808-O8.2T7.7-20874.wav,998
73.624016,-11.803852,Mono_Continuous,808,C:\TCC\Reproduzir_artigo\data\GUITAR-FX\Mono_Continuous\Audio\808\G73-66602-808-O7.2T5.1-20894.wav,998
44.276306,5.822448,Mono_Continuous,808,C:\TCC\Reproduzir_artigo\data\GUITAR-FX\Mono_Continuous\Audio\808\G73-67412-808-O6.3T6-20878.wav,998
61.381638,22.996065,Mono_Continuous,808,C:\TCC\Reproduzir_artigo\data\GUITAR-FX\Mono_Continuous\Audio\808\G73-68604-808-O2.5T0.5-20896.wav,998
61.365726,23.043543,Mono_Continuous,808,C:\TCC\Reproduzir_artigo\data\GUITAR-FX\Mono_Continuous\Audio\808\G73-68604-808-O5.3T5-20896.wav,998
32.736145,51.202393,Mono_Continuous,808,C:\TCC\Reproduzir_artigo\data\GUITAR-FX\Mono_Continuous\Audio\808\G73-74610-808-O4.4T8.4-20902.wav,998
43.431423,50.934414,Mono_Continuous,808,C:\TCC\Reproduzir_artigo\data\GUITAR-FX\Mono_Continuous\Audio\808\G73-75611-808-O2.4T7.3-20903.wav,998
43.706326,51.64893,Mono_Continuous,808,C:\TCC\Reproduzir_artigo\data\GUITAR-FX\Mono_Continuous\Audio\808\G73-75611-808-O6.9T3.7-20903.wav,998
44.067688,52.513023,Mono_Continuous,808,C:\TCC\Reproduzir_artigo\data\GUITAR-FX\Mono_Continuous\Audio\808\G73-75611-808-O9.8T0.7-20903.wav,998
25.724693,54.383926,Mono_Continuous,808,C:\TCC\Reproduzir_artigo\data\GUITAR-FX\Mono_Continuous\Audio\808\G73-76612-808-O8.3T3.4-20904.wav,998
-47.967834,28.55663,Mono_Continuous,808,C:\TCC\Reproduzir_artigo\data\GUITAR-FX\Mono_Continuous\Audio\808\G81-40100-808-O9.6T7-20905.wav,998
-71.109436,18.414122,Mono_Continuous,808,C:\TCC\Reproduzir_artigo\data\GUITAR-FX\Mono_Continuous\Audio\808\G81-41101-808-O7.8T5.4-20906.wav,998
-52.081947,30.947126,Mono_Continuous,808,C:\TCC\Reproduzir_artigo\data\GUITAR-FX\Mono_Continuous\Audio\808\G81-44104-808-O2.2T7.5-20909.wav,998
-53.43733,30.285816,Mono_Continuous,808,C:\TCC\Reproduzir_artigo\data\GUITAR-FX\Mono_Continuous\Audio\808\G81-47107-808-O5.8T8-20912.wav,998
-44.010098,24.593746,Mono_Continuous,808,C:\TCC\Reproduzir_artigo\data\GUITAR-FX\Mono_Continuous\Audio\808\G81-47202-808-O8T1.4-20920.wav,998
-55.707645,28.028551,Mono_Continuous,808,C:\TCC\Reproduzir_artigo\data\GUITAR-FX\Mono_Continuous\Audio\808\G81-48108-808-O5.4T2.3-20913.wav,998
-55.52852,27.830162,Mono_Continuous,808,C:\TCC\Reproduzir_artigo\data\GUITAR-FX\Mono_Continuous\Audio\808\G81-48108-808-O8.6T4.2-20913.wav,998
-45.368793,31.834131,Mono_Continuous,808,C:\TCC\Reproduzir_artigo\data\GUITAR-FX\Mono_Continuous\Audio\808\G81-50110-808-O7.5T7-20915.wav,998
-38.72353,14.038713,Mono_Continuous,808,C:\TCC\Reproduzir_artigo\data\GUITAR-FX\Mono_Continuous\Audio\808\G81-50300-808-O4.2T3.5-20931.wav,998
-34.78052,21.80812,Mono_Continuous,808,C:\TCC\Reproduzir_artigo\data\GUITAR-FX\Mono_Continuous\Audio\808\G81-51206-808-O9.1T5.6-20924.wav,998
-33.191635,22.509558,Mono_Continuous,808,C:\TCC\Reproduzir_artigo\data\GUITAR-FX\Mono_Continuous\Audio\808\G81-51301-808-O9.7T9.1-20932.wav,998
-22.804361,19.260168,Mono_Continuous,808,C:\TCC\Reproduzir_artigo\data\GUITAR-FX\Mono_Continuous\Audio\808\G81-53208-808-O7.2T9.2-20926.wav,998
-19.456738,17.68913,Mono_Continuous,808,C:\TCC\Reproduzir_artigo\data\GUITAR-FX\Mono_Continuous\Audio\808\G81-54304-808-O9T4.6-20935.wav,998
-3.704235,-7.5337186,Mono_Continuous,808,C:\TCC\Reproduzir_artigo\data\GUITAR-FX\Mono_Continuous\Audio\808\G81-55400-808-O8.8T8.9-20944.wav,998
-3.52983,25.695862,Mono_Continuous,808,C:\TCC\Reproduzir_artigo\data\GUITAR-FX\Mono_Continuous\Audio\808\G81-59404-808-O5.5T4.2-20948.wav,998
-3.3234377,25.805035,Mono_Continuous,808,C:\TCC\Reproduzir_artigo\data\GUITAR-FX\Mono_Continuous\Audio\808\G81-59404-808-O6.7T0.9-20948.wav,998
-3.121802,25.910677,Mono_Continuous,808,C:\TCC\Reproduzir_artigo\data\GUITAR-FX\Mono_Continuous\Audio\808\G81-59404-808-O8.6T8-20948.wav,998
3.7923388,-6.0325212,Mono_Continuous,808,C:\TCC\Reproduzir_artigo\data\GUITAR-FX\Mono_Continuous\Audio\808\G81-60405-808-O3.1T8.9-20949.wav,998
18.13119,0.26355436,Mono_Continuous,808,C:\TCC\Reproduzir_artigo\data\GUITAR-FX\Mono_Continuous\Audio\808\G81-61311-808-O2.4T2.3-20942.wav,998
20.018469,-2.0335991,Mono_Continuous,808,C:\TCC\Reproduzir_artigo\data\GUITAR-FX\Mono_Continuous\Audio\808\G81-62312-808-O2.9T7.6-20943.wav,998
33.863605,0.9058875,Mono_Continuous,808,C:\TCC\Reproduzir_artigo\data\GUITAR-FX\Mono_Continuous\Audio\808\G81-64505-808-O5.3T8.2-20962.wav,998
53.03039,-21.785755,Mono_Continuous,808,C:\TCC\Reproduzir_artigo\data\GUITAR-FX\Mono_Continuous\Audio\808\G81-65601-808-O7.1T1.9-20971.wav,998
36.617725,3.5676756,Mono_Continuous,808,C:\TCC\Reproduzir_artigo\data\GUITAR-FX\Mono_Continuous\Audio\808\G81-67412-808-O2.2T7.1-20956.wav,998
64.321976,15.10166,Mono_Continuous,808,C:\TCC\Reproduzir_artigo\data\GUITAR-FX\Mono_Continuous\Audio\808\G81-68509-808-O6.3T6.3-20966.wav,998
66.2631,60.499672,Mono_Continuous,808,C:\TCC\Reproduzir_artigo\data\GUITAR-FX\Mono_Continuous\Audio\808\G81-71512-808-O7T0.1-20969.wav,998
60.51313,55.871094,Mono_Continuous,808,C:\TCC\Reproduzir_artigo\data\GUITAR-FX\Mono_Continuous\Audio\808\G81-71607-808-O4.4T0.5-20977.wav,998
60.219425,56.25445,Mono_Continuous,808,C:\TCC\Reproduzir_artigo\data\GUITAR-FX\Mono_Continuous\Audio\808\G81-71607-808-O8.5T4.3-20977.wav,998
45.07681,40.604523,Mono_Continuous,808,C:\TCC\Reproduzir_artigo\data\GUITAR-FX\Mono_Continuous\Audio\808\G81-72608-808-O6T5.5-20978.wav,998
43.865593,46.02508,Mono_Continuous,808,C:\TCC\Reproduzir_artigo\data\GUITAR-FX\Mono_Continuous\Audio\808\G81-73609-808-O5.8T5.6-20979.wav,998
46.985622,46.53484,Mono_Continuous,808,C:\TCC\Reproduzir_artigo\data\GUITAR-FX\Mono_Continuous\Audio\808\G81-75611-808-O4.4T0.8-20981.wav,998
48.3618,46.4529,Mono_Continuous,808,C:\TCC\Reproduzir_artigo\data\GUITAR-FX\Mono_Continuous\Audio\808\G81-75611-808-O9.5T3.7-20981.wav,998
25.124525,58.254467,Mono_Continuous,808,C:\TCC\Reproduzir_artigo\data\GUITAR-FX\Mono_Continuous\Audio\808\G81-76612-808-O8.2T5.4-20982.wav,998
-66.00776,9.9512005,Mono_Continuous,808,C:\TCC\Reproduzir_artigo\data\GUITAR-FX\Mono_Continuous\Audio\808\G83-42102-808-O9.6T9.3-20985.wav,998
-42.19176,30.840885,Mono_Continuous,808,C:\TCC\Reproduzir_artigo\data\GUITAR-FX\Mono_Continuous\Audio\808\G83-45105-808-O4.1T5-20988.wav,998
-42.237854,30.809317,Mono_Continuous,808,C:\TCC\Reproduzir_artigo\data\GUITAR-FX\Mono_Continuous\Audio\808\G83-45105-808-O5.2T3.2-20988.wav,998
-36.29886,21.124037,Mono_Continuous,808,C:\TCC\Reproduzir_artigo\data\GUITAR-FX\Mono_Continuous\Audio\808\G83-46201-808-O5.3T8.4-20997.wav,998
-56.795765,26.749807,Mono_Continuous,808,C:\TCC\Reproduzir_artigo\data\GUITAR-FX\Mono_Continuous\Audio\808\G83-50110-808-O4.5T2.1-20993.wav,998
-32.74602,18.650467,Mono_Continuous,808,C:\TCC\Reproduzir_artigo\data\GUITAR-FX\Mono_Continuous\Audio\808\G83-51111-808-O5.7T4.4-20994.wav,998
-32.562683,18.339998,Mono_Continuous,808,C:\TCC\Reproduzir_artigo\data\GUITAR-FX\Mono_Continuous\Audio\808\G83-51111-808-O9.6T2.5-20994.wav,998
-35.39693,15.440425,Mono_Continuous,808,C:\TCC\Reproduzir_artigo\data\GUITAR-FX\Mono_Continuous\Audio\808\G83-51301-808-O2.1T4.4-21010.wav,998
-25.813791,22.222065,Mono_Continuous,808,C:\TCC\Reproduzir_artigo\data\GUITAR-FX\Mono_Continuous\Audio\808\G83-52207-808-O2T9-21003.wav,998
-25.81633,22.214304,Mono_Continuous,808,C:\TCC\Reproduzir_artigo\data\GUITAR-FX\Mono_Continuous\Audio\808\G83-52207-808-O3.6T4.7-21003.wav,998
-29.882223,7.6834736,Mono_Continuous,808,C:\TCC\Reproduzir_artigo\data\GUITAR-FX\Mono_Continuous\Audio\808\G83-52302-808-O4.1T9-21011.wav,998
-29.844027,7.718718,Mono_Continuous,808,C:\TCC\Reproduzir_artigo\data\GUITAR-FX\Mono_Continuous\Audio\808\G83-52302-808-O6.9T5.6-21011.wav,998
-17.748074,7.769134,Mono_Continuous,808,C:\TCC\Reproduzir_artigo\data\GUITAR-FX\Mono_Continuous\Audio\808\G83-55210-808-O9.8T2.2-21006.wav,998
-4.523893,-9.970406,Mono_Continuous,808,C:\TCC\Reproduzir_artigo\data\GUITAR-FX\Mono_Continuous\Audio\808\G83-55400-808-O9.4T6.6-21022.wav,998
-2.8937674,22.389553,Mono_Continuous,808,C:\TCC\Reproduzir_artigo\data\GUITAR-FX\Mono_Continuous\Audio\808\G83-59309-808-O9.4T4.2-21018.wav,998
6.3620524,-21.450089,Mono_Continuous,808,C:\TCC\Reproduzir_artigo\data\GUITAR-FX\Mono_Continuous\Audio\808\G83-59500-808-O2.2T9.9-21035.wav,998
8.480859,-29.868422,Mono_Continuous,808,C:\TCC\Reproduzir_artigo\data\GUITAR-FX\Mono_Continuous\Audio\808\G83-60501-808-O4.9T7.6-21036.wav,998
23.736004,-2.864327,Mono_Continuous,808,C:\TCC\Reproduzir_artigo\data\GUITAR-FX\Mono_Continuous\Audio\808\G83-62407-808-O2.6T7.5-21029.wav,998
24.67922,-12.994765,Mono_Continuous,808,C:\TCC\Reproduzir_artigo\data\GUITAR-FX\Mono_Continuous\Audio\808\G83-62503-808-O8.2T1.2-21038.wav,998
28.486824,-4.1970663,Mono_Continuous,808,C:\TCC\Reproduzir_artigo\data\GUITAR-FX\Mono_Continuous\Audio\808\G83-63408-808-O2.4T7.4-21030.wav,998
28.508234,-4.639062,Mono_Continuous,808,C:\TCC\Reproduzir_artigo\data\GUITAR-FX\Mono_Continuous\Audio\808\G83-63408-808-O5.4T0.7-21030.wav,998
39.37941,-21.525995,Mono_Continuous,808,C:\TCC\Reproduzir_artigo\data\GUITAR-FX\Mono_Continuous\Audio\808\G83-63504-808-O2.1T2.8-21039.wav,998
29.687963,1.1793399,Mono_Continuous,808,C:\TCC\Reproduzir_artigo\data\GUITAR-FX\Mono_Continuous\Audio\808\G83-64505-808-O2.2T7.7-21040.wav,998
29.612375,1.163235,Mono_Continuous,808,C:\TCC\Reproduzir_artigo\data\GUITAR-FX\Mono_Continuous\Audio\808\G83-64505-808-O5.6T5.1-21040.wav,998
31.296093,-6.6455245,Mono_Continuous,808,C:\TCC\Reproduzir_artigo\data\GUITAR-FX\Mono_Continuous\Audio\808\G83-65410-808-O9.6T3-21032.wav,998
70.10492,-4.848786,Mono_Continuous,808,C:\TCC\Reproduzir_artigo\data\GUITAR-FX\Mono_Continuous\Audio\808\G83-66507-808-O7.3T5.5-21042.wav,998
46.71267,11.092842,Mono_Continuous,808,C:\TCC\Reproduzir_artigo\data\GUITAR-FX\Mono_Continuous\Audio\808\G83-67603-808-O2.9T4.4-21051.wav,998
63.361416,14.838884,Mono_Continuous,808,C:\TCC\Reproduzir_artigo\data\GUITAR-FX\Mono_Continuous\Audio\808\G83-68509-808-O2.4T9.7-21044.wav,998
35.4398,46.99505,Mono_Continuous,808,C:\TCC\Reproduzir_artigo\data\GUITAR-FX\Mono_Continuous\Audio\808\G83-72608-808-O9.2T8.8-21056.wav,998
47.50657,48.06459,Mono_Continuous,808,C:\TCC\Reproduzir_artigo\data\GUITAR-FX\Mono_Continuous\Audio\808\G83-75611-808-O9T2.2-21059.wav,998
26.010029,56.686554,Mono_Continuous,808,C:\TCC\Reproduzir_artigo\data\GUITAR-FX\Mono_Continuous\Audio\808\G83-76612-808-O4.8T9.1-21060.wav,998
26.09833,57.2799,Mono_Continuous,808,C:\TCC\Reproduzir_artigo\data\GUITAR-FX\Mono_Continuous\Audio\808\G83-76612-808-O6.8T2.2-21060.wav,998
26.118557,58.002777,Mono_Continuous,808,C:\TCC\Reproduzir_artigo\data\GUITAR-FX\Mono_Continuous\Audio\808\G83-76612-808-O8.9T3.3-21060.wav,998
-51.145622,33.706387,Mono_Continuous,808,C:\TCC\Reproduzir_artigo\data\GUITAR-FX\Mono_Continuous\Audio\808\G91-41101-808-O2.8T0.7-21062.wav,998
-46.38375,26.074146,Mono_Continuous,808,C:\TCC\Reproduzir_artigo\data\GUITAR-FX\Mono_Continuous\Audio\808\G91-43103-808-O8T7.3-21064.wav,998
-47.362846,29.995148,Mono_Continuous,808,C:\TCC\Reproduzir_artigo\data\GUITAR-FX\Mono_Continuous\Audio\808\G91-44104-808-O3.4T4.1-21065.wav,998
-46.905647,29.173485,Mono_Continuous,808,C:\TCC\Reproduzir_artigo\data\GUITAR-FX\Mono_Continuous\Audio\808\G91-44104-808-O6.6T0.6-21065.wav,998
-43.271442,25.223192,Mono_Continuous,808,C:\TCC\Reproduzir_artigo\data\GUITAR-FX\Mono_Continuous\Audio\808\G91-46106-808-O6.9T5.2-21067.wav,998
-45.072655,31.465248,Mono_Continuous,808,C:\TCC\Reproduzir_artigo\data\GUITAR-FX\Mono_Continuous\Audio\808\G91-50110-808-O5.7T6.2-21071.wav,998
-31.660494,19.968529,Mono_Continuous,808,C:\TCC\Reproduzir_artigo\data\GUITAR-FX\Mono_Continuous\Audio\808\G91-51111-808-O3.5T8.1-21072.wav,998
-31.375076,19.413935,Mono_Continuous,808,C:\TCC\Reproduzir_artigo\data\GUITAR-FX\Mono_Continuous\Audio\808\G91-51111-808-O7.4T0.7-21072.wav,998
-29.742762,21.71998,Mono_Continuous,808,C:\TCC\Reproduzir_artigo\data\GUITAR-FX\Mono_Continuous\Audio\808\G91-52112-808-O7.1T1-21073.wav,998
-20.462137,20.990335,Mono_Continuous,808,C:\TCC\Reproduzir_artigo\data\GUITAR-FX\Mono_Continuous\Audio\808\G91-53208-808-O3.6T3.2-21082.wav,998
-19.514738,19.71673,Mono_Continuous,808,C:\TCC\Reproduzir_artigo\data\GUITAR-FX\Mono_Continuous\Audio\808\G91-54209-808-O7.1T2.3-21083.wav,998
-21.738161,22.29218,Mono_Continuous,808,C:\TCC\Reproduzir_artigo\data\GUITAR-FX\Mono_Continuous\Audio\808\G91-55210-808-O7.6T5.2-21084.wav,998
-17.332916,22.929853,Mono_Continuous,808,C:\TCC\Reproduzir_artigo\data\GUITAR-FX\Mono_Continuous\Audio\808\G91-55305-808-O4.1T8.1-21092.wav,998
1.1086161,10.330659,Mono_Continuous,808,C:\TCC\Reproduzir_artigo\data\GUITAR-FX\Mono_Continuous\Audio\808\G91-58308-808-O4.8T3.1-21095.wav,998
-0.47753292,-8.867297,Mono_Continuous,808,C:\TCC\Reproduzir_artigo\data\GUITAR-FX\Mono_Continuous\Audio\808\G91-59404-808-O9.4T9.7-21104.wav,998
9.4942045,-22.34079,Mono_Continuous,808,C:\TCC\Reproduzir_artigo\data\GUITAR-FX\Mono_Continuous\Audio\808\G91-59500-808-O9.6T2.4-21113.wav,998
-12.871059,18.228922,Mono_Continuous,808,C:\TCC\Reproduzir_artigo\data\GUITAR-FX\Mono_Continuous\Audio\808\G91-60310-808-O9T1.4-21097.wav,998
10.370232,-28.949984,Mono_Continuous,808,C:\TCC\Reproduzir_artigo\data\GUITAR-FX\Mono_Continuous\Audio\808\G91-60501-808-O6.5T5.8-21114.wav,998
12.755767,-11.096153,Mono_Continuous,808,C:\TCC\Reproduzir_artigo\data\GUITAR-FX\Mono_Continuous\Audio\808\G91-61406-808-O8.5T6.3-21106.wav,998
34.177532,-39.04844,Mono_Continuous,808,C:\TCC\Reproduzir_artigo\data\GUITAR-FX\Mono_Continuous\Audio\808\G91-61502-808-O4.3T0.5-21115.wav,998
21.408306,-3.4616296,Mono_Continuous,808,C:\TCC\Reproduzir_artigo\data\GUITAR-FX\Mono_Continuous\Audio\808\G91-62312-808-O8.7T1.6-21099.wav,998
23.235415,-5.2200494,Mono_Continuous,808,C:\TCC\Reproduzir_artigo\data\GUITAR-FX\Mono_Continuous\Audio\808\G91-62407-808-O3.9T7.4-21107.wav,998
54.909863,-4.8140035,Mono_Continuous,808,C:\TCC\Reproduzir_artigo\data\GUITAR-FX\Mono_Continuous\Audio\808\G91-64505-808-O5.6T3.8-21118.wav,998
58.834927,-11.050265,Mono_Continuous,808,C:\TCC\Reproduzir_artigo\data\GUITAR-FX\Mono_Continuous\Audio\808\G91-64600-808-O9T3.3-21126.wav,998
49.8871,-24.393137,Mono_Continuous,808,C:\TCC\Reproduzir_artigo\data\GUITAR-FX\Mono_Continuous\Audio\808\G91-65601-808-O8.3T6-21127.wav,998
71.82007,-14.876263,Mono_Continuous,808,C:\TCC\Reproduzir_artigo\data\GUITAR-FX\Mono_Continuous\Audio\808\G91-66602-808-O7.5T6.1-21128.wav,998
40.945152,24.302095,Mono_Continuous,808,C:\TCC\Reproduzir_artigo\data\GUITAR-FX\Mono_Continuous\Audio\808\G91-69510-808-O4.1T8.9-21123.wav,998
41.115902,24.19444,Mono_Continuous,808,C:\TCC\Reproduzir_artigo\data\GUITAR-FX\Mono_Continuous\Audio\808\G91-69510-808-O6.4T8.7-21123.wav,998
57.40726,34.731335,Mono_Continuous,808,C:\TCC\Reproduzir_artigo\data\GUITAR-FX\Mono_Continuous\Audio\808\G91-70606-808-O9.5T8.1-21132.wav,998
61.236862,56.521362,Mono_Continuous,808,C:\TCC\Reproduzir_artigo\data\GUITAR-FX\Mono_Continuous\Audio\808\G91-71607-808-O2.9T0.1-21133.wav,998
45.09139,49.878616,Mono_Continuous,808,C:\TCC\Reproduzir_artigo\data\GUITAR-FX\Mono_Continuous\Audio\808\G91-75611-808-O6.2T9.9-21137.wav,998
27.835173,57.159336,Mono_Continuous,808,C:\TCC\Reproduzir_artigo\data\GUITAR-FX\Mono_Continuous\Audio\808\G91-76612-808-O5.3T3.9-21138.wav,998
-43.913742,28.655294,Mono_Continuous,808,C:\TCC\Reproduzir_artigo\data\GUITAR-FX\Mono_Continuous\Audio\808\G93-40100-808-O5.6T8-21139.wav,998
-75.05764,14.561945,Mono_Continuous,808,C:\TCC\Reproduzir_artigo\data\GUITAR-FX\Mono_Continuous\Audio\808\G93-42102-808-O6.3T1.6-21141.wav,998
-54.83816,7.4194236,Mono_Continuous,808,C:\TCC\Reproduzir_artigo\data\GUITAR-FX\Mono_Continuous\Audio\808\G93-43103-808-O9.7T3.6-21142.wav,998
-41.816128,27.373158,Mono_Continuous,808,C:\TCC\Reproduzir_artigo\data\GUITAR-FX\Mono_Continuous\Audio\808\G93-45105-808-O5.8T7.6-21144.wav,998
-41.854477,25.11539,Mono_Continuous,808,C:\TCC\Reproduzir_artigo\data\GUITAR-FX\Mono_Continuous\Audio\808\G93-46106-808-O2.1T4.2-21145.wav,998
-41.52491,24.976908,Mono_Continuous,808,C:\TCC\Reproduzir_artigo\data\GUITAR-FX\Mono_Continuous\Audio\808\G93-46106-808-O6.5T8.9-21145.wav,998
-43.36552,17.687632,Mono_Continuous,808,C:\TCC\Reproduzir_artigo\data\GUITAR-FX\Mono_Continuous\Audio\808\G93-46201-808-O9.7T6.3-21153.wav,998
-36.760952,27.845537,Mono_Continuous,808,C:\TCC\Reproduzir_artigo\data\GUITAR-FX\Mono_Continuous\Audio\808\G93-47107-808-O2.7T6.2-21146.wav,998
-37.877213,25.294104,Mono_Continuous,808,C:\TCC\Reproduzir_artigo\data\GUITAR-FX\Mono_Continuous\Audio\808\G93-48203-808-O4.5T0.6-21155.wav,998
-27.701046,23.757298,Mono_Continuous,808,C:\TCC\Reproduzir_artigo\data\GUITAR-FX\Mono_Continuous\Audio\808\G93-52207-808-O5.1T1.2-21159.wav,998
-22.20854,15.020377,Mono_Continuous,808,C:\TCC\Reproduzir_artigo\data\GUITAR-FX\Mono_Continuous\Audio\808\G93-53208-808-O9.1T8.5-21160.wav,998
-26.344927,3.9305053,Mono_Continuous,808,C:\TCC\Reproduzir_artigo\data\GUITAR-FX\Mono_Continuous\Audio\808\G93-53303-808-O2.3T5.4-21168.wav,998
-26.230045,3.7257798,Mono_Continuous,808,C:\TCC\Reproduzir_artigo\data\GUITAR-FX\Mono_Continuous\Audio\808\G93-53303-808-O5.8T0.9-21168.wav,998
-19.978506,13.612884,Mono_Continuous,808,C:\TCC\Reproduzir_artigo\data\GUITAR-FX\Mono_Continuous\Audio\808\G93-54209-808-O6.8T1.6-21161.wav,998
-17.775229,0.79331344,Mono_Continuous,808,C:\TCC\Reproduzir_artigo\data\GUITAR-FX\Mono_Continuous\Audio\808\G93-54304-808-O7.1T3.6-21169.wav,998
-18.16386,-3.2030694,Mono_Continuous,808,C:\TCC\Reproduzir_artigo\data\GUITAR-FX\Mono_Continuous\Audio\808\G93-55400-808-O2T9.2-21178.wav,998
-18.06339,-3.3490083,Mono_Continuous,808,C:\TCC\Reproduzir_artigo\data\GUITAR-FX\Mono_Continuous\Audio\808\G93-55400-808-O4.4T9.4-21178.wav,998
6.5917306,12.8644085,Mono_Continuous,808,C:\TCC\Reproduzir_artigo\data\GUITAR-FX\Mono_Continuous\Audio\808\G93-56211-808-O5T8.6-21163.wav,998
6.604539,12.85153,Mono_Continuous,808,C:\TCC\Reproduzir_artigo\data\GUITAR-FX\Mono_Continuous\Audio\808\G93-56211-808-O6.6T0.7-21163.wav,998
9.246235,-12.327987,Mono_Continuous,808,C:\TCC\Reproduzir_artigo\data\GUITAR-FX\Mono_Continuous\Audio\808\G93-56401-808-O5.9T8.7-21179.wav,998
-5.0253696,16.56402,Mono_Continuous,808,C:\TCC\Reproduzir_artigo\data\GUITAR-FX\Mono_Continuous\Audio\808\G93-57212-808-O2.3T8.6-21164.wav,998
5.690711,-7.0127745,Mono_Continuous,808,C:\TCC\Reproduzir_artigo\data\GUITAR-FX\Mono_Continuous\Audio\808\G93-57307-808-O9.6T5.3-21172.wav,998
10.900646,-7.004723,Mono_Continuous,808,C:\TCC\Reproduzir_artigo\data\GUITAR-FX\Mono_Continuous\Audio\808\G93-58308-808-O4.4T1.2-21173.wav,998
4.1540413,-12.885167,Mono_Continuous,808,C:\TCC\Reproduzir_artigo\data\GUITAR-FX\Mono_Continuous\Audio\808\G93-59404-808-O2.1T5.9-21182.wav,998
4.670315,1.5412309,Mono_Continuous,808,C:\TCC\Reproduzir_artigo\data\GUITAR-FX\Mono_Continuous\Audio\808\G93-60310-808-O8.6T8-21175.wav,998
11.103586,-30.64455,Mono_Continuous,808,C:\TCC\Reproduzir_artigo\data\GUITAR-FX\Mono_Continuous\Audio\808\G93-60501-808-O9.5T5.8-21192.wav,998
31.016102,-35.517242,Mono_Continuous,808,C:\TCC\Reproduzir_artigo\data\GUITAR-FX\Mono_Continuous\Audio\808\G93-61502-808-O3.6T5.2-21193.wav,998
37.211613,-25.509283,Mono_Continuous,808,C:\TCC\Reproduzir_artigo\data\GUITAR-FX\Mono_Continuous\Audio\808\G93-63504-808-O6.4T3-21195.wav,998
37.276863,-25.625706,Mono_Continuous,808,C:\TCC\Reproduzir_artigo\data\GUITAR-FX\Mono_Continuous\Audio\808\G93-63504-808-O7.7T4.1-21195.wav,998
36.166878,-0.26467586,Mono_Continuous,808,C:\TCC\Reproduzir_artigo\data\GUITAR-FX\Mono_Continuous\Audio\808\G93-64505-808-O6.5T7-21196.wav,998
60.711193,-8.906358,Mono_Continuous,808,C:\TCC\Reproduzir_artigo\data\GUITAR-FX\Mono_Continuous\Audio\808\G93-64600-808-O7.6T6.6-21204.wav,998
35.302197,-3.4161477,Mono_Continuous,808,C:\TCC\Reproduzir_artigo\data\GUITAR-FX\Mono_Continuous\Audio\808\G93-65410-808-O6.9T4.5-21188.wav,998
35.280025,-3.5399919,Mono_Continuous,808,C:\TCC\Reproduzir_artigo\data\GUITAR-FX\Mono_Continuous\Audio\808\G93-65410-808-O9.2T9-21188.wav,998
72.12969,-13.308001,Mono_Continuous,808,C:\TCC\Reproduzir_artigo\data\GUITAR-FX\Mono_Continuous\Audio\808\G93-66602-808-O5.6T9.3-21206.wav,998
48.40519,8.449667,Mono_Continuous,808,C:\TCC\Reproduzir_artigo\data\GUITAR-FX\Mono_Continuous\Audio\808\G93-67508-808-O4.6T1.8-21199.wav,998
42.54343,23.226599,Mono_Continuous,808,C:\TCC\Reproduzir_artigo\data\GUITAR-FX\Mono_Continuous\Audio\808\G93-69510-808-O5.2T8.5-21201.wav,998
39.660183,30.620802,Mono_Continuous,808,C:\TCC\Reproduzir_artigo\data\GUITAR-FX\Mono_Continuous\Audio\808\G93-69605-808-O4.4T3.2-21209.wav,998
40.178886,29.874119,Mono_Continuous,808,C:\TCC\Reproduzir_artigo\data\GUITAR-FX\Mono_Continuous\Audio\808\G93-69605-808-O9.4T2.4-21209.wav,998
61.20913,54.867325,Mono_Continuous,808,C:\TCC\Reproduzir_artigo\data\GUITAR-FX\Mono_Continuous\Audio\808\G93-71607-808-O4.4T1.7-21211.wav,998
61.786736,41.920853,Mono_Continuous,808,C:\TCC\Reproduzir_artigo\data\GUITAR-FX\Mono_Continuous\Audio\808\G93-74610-808-O8.2T8.4-21214.wav,998
-21.873781,54.80603,Mono_Continuous,NoFX,C:\TCC\Reproduzir_artigo\data\GUITAR-FX\Mono_Continuous\Audio\_NoFX_mono_preprocessed\G61-40100-1111-20593.wav,998
-23.096743,59.66148,Mono_Continuous,NoFX,C:\TCC\Reproduzir_artigo\data\GUITAR-FX\Mono_Continuous\Audio\_NoFX_mono_preprocessed\G61-41101-1111-20594.wav,998
-22.480099,54.951107,Mono_Continuous,NoFX,C:\TCC\Reproduzir_artigo\data\GUITAR-FX\Mono_Continuous\Audio\_NoFX_mono_preprocessed\G61-42102-1111-20595.wav,998
-20.756916,57.946426,Mono_Continuous,NoFX,C:\TCC\Reproduzir_artigo\data\GUITAR-FX\Mono_Continuous\Audio\_NoFX_mono_preprocessed\G61-45105-1111-20598.wav,998
-21.388094,55.83735,Mono_Continuous,NoFX,C:\TCC\Reproduzir_artigo\data\GUITAR-FX\Mono_Continuous\Audio\_NoFX_mono_preprocessed\G61-45200-1111-20606.wav,998
-19.550083,54.88029,Mono_Continuous,NoFX,C:\TCC\Reproduzir_artigo\data\GUITAR-FX\Mono_Continuous\Audio\_NoFX_mono_preprocessed\G61-46201-1111-20607.wav,998
-20.409029,56.483185,Mono_Continuous,NoFX,C:\TCC\Reproduzir_artigo\data\GUITAR-FX\Mono_Continuous\Audio\_NoFX_mono_preprocessed\G61-47202-1111-20608.wav,998
-17.905548,58.673176,Mono_Continuous,NoFX,C:\TCC\Reproduzir_artigo\data\GUITAR-FX\Mono_Continuous\Audio\_NoFX_mono_preprocessed\G61-49109-1111-20602.wav,998
-16.034369,60.681755,Mono_Continuous,NoFX,C:\TCC\Reproduzir_artigo\data\GUITAR-FX\Mono_Continuous\Audio\_NoFX_mono_preprocessed\G61-51111-1111-20604.wav,998
-18.03585,59.640182,Mono_Continuous,NoFX,C:\TCC\Reproduzir_artigo\data\GUITAR-FX\Mono_Continuous\Audio\_NoFX_mono_preprocessed\G61-51206-1111-20612.wav,998
-14.714188,48.597218,Mono_Continuous,NoFX,C:\TCC\Reproduzir_artigo\data\GUITAR-FX\Mono_Continuous\Audio\_NoFX_mono_preprocessed\G61-51301-1111-20620.wav,998
-13.486143,60.99201,Mono_Continuous,NoFX,C:\TCC\Reproduzir_artigo\data\GUITAR-FX\Mono_Continuous\Audio\_NoFX_mono_preprocessed\G61-56211-1111-20617.wav,998
-4.4102464,59.20388,Mono_Continuous,NoFX,C:\TCC\Reproduzir_artigo\data\GUITAR-FX\Mono_Continuous\Audio\_NoFX_mono_preprocessed\G61-56401-1111-20633.wav,998
-8.060153,56.382572,Mono_Continuous,NoFX,C:\TCC\Reproduzir_artigo\data\GUITAR-FX\Mono_Continuous\Audio\_NoFX_mono_preprocessed\G61-59309-1111-20628.wav,998
-2.2031069,60.726414,Mono_Continuous,NoFX,C:\TCC\Reproduzir_artigo\data\GUITAR-FX\Mono_Continuous\Audio\_NoFX_mono_preprocessed\G61-59500-1111-20645.wav,998
-6.499643,51.495403,Mono_Continuous,NoFX,C:\TCC\Reproduzir_artigo\data\GUITAR-FX\Mono_Continuous\Audio\_NoFX_mono_preprocessed\G61-60310-1111-20629.wav,998
-6.317919,53.57628,Mono_Continuous,NoFX,C:\TCC\Reproduzir_artigo\data\GUITAR-FX\Mono_Continuous\Audio\_NoFX_mono_preprocessed\G61-60405-1111-20637.wav,998
0.49954072,58.227116,Mono_Continuous,NoFX,C:\TCC\Reproduzir_artigo\data\GUITAR-FX\Mono_Continuous\Audio\_NoFX_mono_preprocessed\G61-60501-1111-20646.wav,998
-6.174752,55.434155,Mono_Continuous,NoFX,C:\TCC\Reproduzir_artigo\data\GUITAR-FX\Mono_Continuous\Audio\_NoFX_mono_preprocessed\G61-61406-1111-20638.wav,998
-0.75823164,51.00118,Mono_Continuous,NoFX,C:\TCC\Reproduzir_artigo\data\GUITAR-FX\Mono_Continuous\Audio\_NoFX_mono_preprocessed\G61-65410-1111-20642.wav,998
4.9019403,55.125725,Mono_Continuous,NoFX,C:\TCC\Reproduzir_artigo\data\GUITAR-FX\Mono_Continuous\Audio\_NoFX_mono_preprocessed\G61-65506-1111-20651.wav,998
6.054725,55.91351,Mono_Continuous,NoFX,C:\TCC\Reproduzir_artigo\data\GUITAR-FX\Mono_Continuous\Audio\_NoFX_mono_preprocessed\G61-65601-1111-20659.wav,998
7.989478,57.429688,Mono_Continuous,NoFX,C:\TCC\Reproduzir_artigo\data\GUITAR-FX\Mono_Continuous\Audio\_NoFX_mono_preprocessed\G61-66602-1111-20660.wav,998
7.3476,54.06392,Mono_Continuous,NoFX,C:\TCC\Reproduzir_artigo\data\GUITAR-FX\Mono_Continuous\Audio\_NoFX_mono_preprocessed\G61-67603-1111-20661.wav,998
8.095421,56.038742,Mono_Continuous,NoFX,C:\TCC\Reproduzir_artigo\data\GUITAR-FX\Mono_Continuous\Audio\_NoFX_mono_preprocessed\G61-68604-1111-20662.wav,998
10.180809,54.343597,Mono_Continuous,NoFX,C:\TCC\Reproduzir_artigo\data\GUITAR-FX\Mono_Continuous\Audio\_NoFX_mono_preprocessed\G61-69605-1111-20663.wav,998
13.735321,52.684563,Mono_Continuous,NoFX,C:\TCC\Reproduzir_artigo\data\GUITAR-FX\Mono_Continuous\Audio\_NoFX_mono_preprocessed\G61-71607-1111-20665.wav,998
12.248191,53.670734,Mono_Continuous,NoFX,C:\TCC\Reproduzir_artigo\data\GUITAR-FX\Mono_Continuous\Audio\_NoFX_mono_preprocessed\G61-74610-1111-20668.wav,998
-23.961601,59.910633,Mono_Continuous,NoFX,C:\TCC\Reproduzir_artigo\data\GUITAR-FX\Mono_Continuous\Audio\_NoFX_mono_preprocessed\G63-41101-1111-20672.wav,998
-21.436718,51.006195,Mono_Continuous,NoFX,C:\TCC\Reproduzir_artigo\data\GUITAR-FX\Mono_Continuous\Audio\_NoFX_mono_preprocessed\G63-42102-1111-20673.wav,998
-20.291388,51.318787,Mono_Continuous,NoFX,C:\TCC\Reproduzir_artigo\data\GUITAR-FX\Mono_Continuous\Audio\_NoFX_mono_preprocessed\G63-45105-1111-20676.wav,998
-16.735315,49.377113,Mono_Continuous,NoFX,C:\TCC\Reproduzir_artigo\data\GUITAR-FX\Mono_Continuous\Audio\_NoFX_mono_preprocessed\G63-45200-1111-20684.wav,998
-15.213494,47.443317,Mono_Continuous,NoFX,C:\TCC\Reproduzir_artigo\data\GUITAR-FX\Mono_Continuous\Audio\_NoFX_mono_preprocessed\G63-47202-1111-20686.wav,998
-17.193182,56.930023,Mono_Continuous,NoFX,C:\TCC\Reproduzir_artigo\data\GUITAR-FX\Mono_Continuous\Audio\_NoFX_mono_preprocessed\G63-48108-1111-20679.wav,998
-13.288413,47.12182,Mono_Continuous,NoFX,C:\TCC\Reproduzir_artigo\data\GUITAR-FX\Mono_Continuous\Audio\_NoFX_mono_preprocessed\G63-48203-1111-20687.wav,998
-13.688034,47.064594,Mono_Continuous,NoFX,C:\TCC\Reproduzir_artigo\data\GUITAR-FX\Mono_Continuous\Audio\_NoFX_mono_preprocessed\G63-49204-1111-20688.wav,998
-16.52902,56.481636,Mono_Continuous,NoFX,C:\TCC\Reproduzir_artigo\data\GUITAR-FX\Mono_Continuous\Audio\_NoFX_mono_preprocessed\G63-50110-1111-20681.wav,998
-12.691468,47.769077,Mono_Continuous,NoFX,C:\TCC\Reproduzir_artigo\data\GUITAR-FX\Mono_Continuous\Audio\_NoFX_mono_preprocessed\G63-51206-1111-20690.wav,998
-14.601895,48.355457,Mono_Continuous,NoFX,C:\TCC\Reproduzir_artigo\data\GUITAR-FX\Mono_Continuous\Audio\_NoFX_mono_preprocessed\G63-51301-1111-20698.wav,998
-11.922195,47.968136,Mono_Continuous,NoFX,C:\TCC\Reproduzir_artigo\data\GUITAR-FX\Mono_Continuous\Audio\_NoFX_mono_preprocessed\G63-52207-1111-20691.wav,998
-10.178006,48.8009,Mono_Continuous,NoFX,C:\TCC\Reproduzir_artigo\data\GUITAR-FX\Mono_Continuous\Audio\_NoFX_mono_preprocessed\G63-53208-1111-20692.wav,998
-13.077089,49.32834,Mono_Continuous,NoFX,C:\TCC\Reproduzir_artigo\data\GUITAR-FX\Mono_Continuous\Audio\_NoFX_mono_preprocessed\G63-54304-1111-20701.wav,998
-10.367986,53.1872,Mono_Continuous,NoFX,C:\TCC\Reproduzir_artigo\data\GUITAR-FX\Mono_Continuous\Audio\_NoFX_mono_preprocessed\G63-55305-1111-20702.wav,998
-3.7736797,61.75253,Mono_Continuous,NoFX,C:\TCC\Reproduzir_artigo\data\GUITAR-FX\Mono_Continuous\Audio\_NoFX_mono_preprocessed\G63-55400-1111-20710.wav,998
-8.832619,51.302776,Mono_Continuous,NoFX,C:\TCC\Reproduzir_artigo\data\GUITAR-FX\Mono_Continuous\Audio\_NoFX_mono_preprocessed\G63-56211-1111-20695.wav,998
-0.8521599,56.975563,Mono_Continuous,NoFX,C:\TCC\Reproduzir_artigo\data\GUITAR-FX\Mono_Continuous\Audio\_NoFX_mono_preprocessed\G63-58403-1111-20713.wav,998
-5.5946183,61.449352,Mono_Continuous,NoFX,C:\TCC\Reproduzir_artigo\data\GUITAR-FX\Mono_Continuous\Audio\_NoFX_mono_preprocessed\G63-59404-1111-20714.wav,998
-6.5717106,51.9939,Mono_Continuous,NoFX,C:\TCC\Reproduzir_artigo\data\GUITAR-FX\Mono_Continuous\Audio\_NoFX_mono_preprocessed\G63-60310-1111-20707.wav,998
-5.561094,53.280914,Mono_Continuous,NoFX,C:\TCC\Reproduzir_artigo\data\GUITAR-FX\Mono_Continuous\Audio\_NoFX_mono_preprocessed\G63-61311-1111-20708.wav,998
-3.7299001,51.68439,Mono_Continuous,NoFX,C:\TCC\Reproduzir_artigo\data\GUITAR-FX\Mono_Continuous\Audio\_NoFX_mono_preprocessed\G63-61406-1111-20716.wav,998
2.7839942,55.932365,Mono_Continuous,NoFX,C:\TCC\Reproduzir_artigo\data\GUITAR-FX\Mono_Continuous\Audio\_NoFX_mono_preprocessed\G63-61502-1111-20725.wav,998
-3.8063605,50.08932,Mono_Continuous,NoFX,C:\TCC\Reproduzir_artigo\data\GUITAR-FX\Mono_Continuous\Audio\_NoFX_mono_preprocessed\G63-62407-1111-20717.wav,998
3.0325198,55.73573,Mono_Continuous,NoFX,C:\TCC\Reproduzir_artigo\data\GUITAR-FX\Mono_Continuous\Audio\_NoFX_mono_preprocessed\G63-62503-1111-20726.wav,998
-4.0727024,50.309505,Mono_Continuous,NoFX,C:\TCC\Reproduzir_artigo\data\GUITAR-FX\Mono_Continuous\Audio\_NoFX_mono_preprocessed\G63-64409-1111-20719.wav,998
4.942593,57.899933,Mono_Continuous,NoFX,C:\TCC\Reproduzir_artigo\data\GUITAR-FX\Mono_Continuous\Audio\_NoFX_mono_preprocessed\G63-64600-1111-20736.wav,998
-0.71336144,49.17386,Mono_Continuous,NoFX,C:\TCC\Reproduzir_artigo\data\GUITAR-FX\Mono_Continuous\Audio\_NoFX_mono_preprocessed\G63-65410-1111-20720.wav,998
4.7139964,54.97756,Mono_Continuous,NoFX,C:\TCC\Reproduzir_artigo\data\GUITAR-FX\Mono_Continuous\Audio\_NoFX_mono_preprocessed\G63-65601-1111-20737.wav,998
3.9900875,54.67171,Mono_Continuous,NoFX,C:\TCC\Reproduzir_artigo\data\GUITAR-FX\Mono_Continuous\Audio\_NoFX_mono_preprocessed\G63-66507-1111-20730.wav,998
6.3148713,57.340862,Mono_Continuous,NoFX,C:\TCC\Reproduzir_artigo\data\GUITAR-FX\Mono_Continuous\Audio\_NoFX_mono_preprocessed\G63-66602-1111-20738.wav,998
-1.0154189,50.01038,Mono_Continuous,NoFX,C:\TCC\Reproduzir_artigo\data\GUITAR-FX\Mono_Continuous\Audio\_NoFX_mono_preprocessed\G63-67412-1111-20722.wav,998
7.728149,52.025543,Mono_Continuous,NoFX,C:\TCC\Reproduzir_artigo\data\GUITAR-FX\Mono_Continuous\Audio\_NoFX_mono_preprocessed\G63-67603-1111-20739.wav,998
5.156584,49.877266,Mono_Continuous,NoFX,C:\TCC\Reproduzir_artigo\data\GUITAR-FX\Mono_Continuous\Audio\_NoFX_mono_preprocessed\G63-68509-1111-20732.wav,998
8.270567,55.434628,Mono_Continuous,NoFX,C:\TCC\Reproduzir_artigo\data\GUITAR-FX\Mono_Continuous\Audio\_NoFX_mono_preprocessed\G63-68604-1111-20740.wav,998
9.282812,51.14286,Mono_Continuous,NoFX,C:\TCC\Reproduzir_artigo\data\GUITAR-FX\Mono_Continuous\Audio\_NoFX_mono_preprocessed\G63-69605-1111-20741.wav,998
11.446937,52.021397,Mono_Continuous,NoFX,C:\TCC\Reproduzir_artigo\data\GUITAR-FX\Mono_Continuous\Audio\_NoFX_mono_preprocessed\G63-75611-1111-20747.wav,998
-19.634533,57.68638,Mono_Continuous,NoFX,C:\TCC\Reproduzir_artigo\data\GUITAR-FX\Mono_Continuous\Audio\_NoFX_mono_preprocessed\G71-44104-1111-20753.wav,998
-20.236275,58.0017,Mono_Continuous,NoFX,C:\TCC\Reproduzir_artigo\data\GUITAR-FX\Mono_Continuous\Audio\_NoFX_mono_preprocessed\G71-45105-1111-20754.wav,998
-19.403776,57.63271,Mono_Continuous,NoFX,C:\TCC\Reproduzir_artigo\data\GUITAR-FX\Mono_Continuous\Audio\_NoFX_mono_preprocessed\G71-46106-1111-20755.wav,998
-19.633577,58.756332,Mono_Continuous,NoFX,C:\TCC\Reproduzir_artigo\data\GUITAR-FX\Mono_Continuous\Audio\_NoFX_mono_preprocessed\G71-47107-1111-20756.wav,998
-19.343033,55.8897,Mono_Continuous,NoFX,C:\TCC\Reproduzir_artigo\data\GUITAR-FX\Mono_Continuous\Audio\_NoFX_mono_preprocessed\G71-47202-1111-20764.wav,998
-18.633635,57.35586,Mono_Continuous,NoFX,C:\TCC\Reproduzir_artigo\data\GUITAR-FX\Mono_Continuous\Audio\_NoFX_mono_preprocessed\G71-48108-1111-20757.wav,998
-15.068008,52.25085,Mono_Continuous,NoFX,C:\TCC\Reproduzir_artigo\data\GUITAR-FX\Mono_Continuous\Audio\_NoFX_mono_preprocessed\G71-48203-1111-20765.wav,998
-18.346071,58.91021,Mono_Continuous,NoFX,C:\TCC\Reproduzir_artigo\data\GUITAR-FX\Mono_Continuous\Audio\_NoFX_mono_preprocessed\G71-49109-1111-20758.wav,998
-15.454777,58.228737,Mono_Continuous,NoFX,C:\TCC\Reproduzir_artigo\data\GUITAR-FX\Mono_Continuous\Audio\_NoFX_mono_preprocessed\G71-50110-1111-20759.wav,998
-15.761257,53.286903,Mono_Continuous,NoFX,C:\TCC\Reproduzir_artigo\data\GUITAR-FX\Mono_Continuous\Audio\_NoFX_mono_preprocessed\G71-50205-1111-20767.wav,998
-15.738387,50.744953,Mono_Continuous,NoFX,C:\TCC\Reproduzir_artigo\data\GUITAR-FX\Mono_Continuous\Audio\_NoFX_mono_preprocessed\G71-50300-1111-20775.wav,998
-15.532885,51.086205,Mono_Continuous,NoFX,C:\TCC\Reproduzir_artigo\data\GUITAR-FX\Mono_Continuous\Audio\_NoFX_mono_preprocessed\G71-51301-1111-20776.wav,998
-14.762513,60.317436,Mono_Continuous,NoFX,C:\TCC\Reproduzir_artigo\data\GUITAR-FX\Mono_Continuous\Audio\_NoFX_mono_preprocessed\G71-52112-1111-20761.wav,998
-13.713351,55.066833,Mono_Continuous,NoFX,C:\TCC\Reproduzir_artigo\data\GUITAR-FX\Mono_Continuous\Audio\_NoFX_mono_preprocessed\G71-52207-1111-20769.wav,998
-7.9307914,48.37359,Mono_Continuous,NoFX,C:\TCC\Reproduzir_artigo\data\GUITAR-FX\Mono_Continuous\Audio\_NoFX_mono_preprocessed\G71-53208-1111-20770.wav,998
-13.225256,52.425888,Mono_Continuous,NoFX,C:\TCC\Reproduzir_artigo\data\GUITAR-FX\Mono_Continuous\Audio\_NoFX_mono_preprocessed\G71-54209-1111-20771.wav,998
-13.8249855,51.68721,Mono_Continuous,NoFX,C:\TCC\Reproduzir_artigo\data\GUITAR-FX\Mono_Continuous\Audio\_NoFX_mono_preprocessed\G71-54304-1111-20779.wav,998
-2.5593517,61.74373,Mono_Continuous,NoFX,C:\TCC\Reproduzir_artigo\data\GUITAR-FX\Mono_Continuous\Audio\_NoFX_mono_preprocessed\G71-55400-1111-20788.wav,998
-1.9085463,57.88037,Mono_Continuous,NoFX,C:\TCC\Reproduzir_artigo\data\GUITAR-FX\Mono_Continuous\Audio\_NoFX_mono_preprocessed\G71-57402-1111-20790.wav,998
-7.5443535,55.497528,Mono_Continuous,NoFX,C:\TCC\Reproduzir_artigo\data\GUITAR-FX\Mono_Continuous\Audio\_NoFX_mono_preprocessed\G71-58308-1111-20783.wav,998
-7.9289246,56.09855,Mono_Continuous,NoFX,C:\TCC\Reproduzir_artigo\data\GUITAR-FX\Mono_Continuous\Audio\_NoFX_mono_preprocessed\G71-59309-1111-20784.wav,998
-3.247333,57.452614,Mono_Continuous,NoFX,C:\TCC\Reproduzir_artigo\data\GUITAR-FX\Mono_Continuous\Audio\_NoFX_mono_preprocessed\G71-59404-1111-20792.wav,998
6.7667933,58.98927,Mono_Continuous,NoFX,C:\TCC\Reproduzir_artigo\data\GUITAR-FX\Mono_Continuous\Audio\_NoFX_mono_preprocessed\G71-59500-1111-20801.wav,998
-6.8529387,52.08085,Mono_Continuous,NoFX,C:\TCC\Reproduzir_artigo\data\GUITAR-FX\Mono_Continuous\Audio\_NoFX_mono_preprocessed\G71-60310-1111-20785.wav,998
-2.939954,51.819294,Mono_Continuous,NoFX,C:\TCC\Reproduzir_artigo\data\GUITAR-FX\Mono_Continuous\Audio\_NoFX_mono_preprocessed\G71-61406-1111-20794.wav,998
0.52295595,51.471977,Mono_Continuous,NoFX,C:\TCC\Reproduzir_artigo\data\GUITAR-FX\Mono_Continuous\Audio\_NoFX_mono_preprocessed\G71-63408-1111-20796.wav,998
7.0314918,56.009468,Mono_Continuous,NoFX,C:\TCC\Reproduzir_artigo\data\GUITAR-FX\Mono_Continuous\Audio\_NoFX_mono_preprocessed\G71-63504-1111-20805.wav,998
5.952295,53.33465,Mono_Continuous,NoFX,C:\TCC\Reproduzir_artigo\data\GUITAR-FX\Mono_Continuous\Audio\_NoFX_mono_preprocessed\G71-64505-1111-20806.wav,998
7.4741783,51.365234,Mono_Continuous,NoFX,C:\TCC\Reproduzir_artigo\data\GUITAR-FX\Mono_Continuous\Audio\_NoFX_mono_preprocessed\G71-67508-1111-20809.wav,998
7.4195848,53.723026,Mono_Continuous,NoFX,C:\TCC\Reproduzir_artigo\data\GUITAR-FX\Mono_Continuous\Audio\_NoFX_mono_preprocessed\G71-67603-1111-20817.wav,998
9.201886,54.876762,Mono_Continuous,NoFX,C:\TCC\Reproduzir_artigo\data\GUITAR-FX\Mono_Continuous\Audio\_NoFX_mono_preprocessed\G71-68509-1111-20810.wav,998
14.617744,51.323986,Mono_Continuous,NoFX,C:\TCC\Reproduzir_artigo\data\GUITAR-FX\Mono_Continuous\Audio\_NoFX_mono_preprocessed\G71-69605-1111-20819.wav,998
10.063175,53.70331,Mono_Continuous,NoFX,C:\TCC\Reproduzir_artigo\data\GUITAR-FX\Mono_Continuous\Audio\_NoFX_mono_preprocessed\G71-70511-1111-20812.wav,998
10.998856,53.654816,Mono_Continuous,NoFX,C:\TCC\Reproduzir_artigo\data\GUITAR-FX\Mono_Continuous\Audio\_NoFX_mono_preprocessed\G71-71512-1111-20813.wav,998
11.599363,52.636574,Mono_Continuous,NoFX,C:\TCC\Reproduzir_artigo\data\GUITAR-FX\Mono_Continuous\Audio\_NoFX_mono_preprocessed\G71-75611-1111-20825.wav,998
-20.579319,53.057365,Mono_Continuous,NoFX,C:\TCC\Reproduzir_artigo\data\GUITAR-FX\Mono_Continuous\Audio\_NoFX_mono_preprocessed\G73-40100-1111-20827.wav,998
-20.771225,51.287598,Mono_Continuous,NoFX,C:\TCC\Reproduzir_artigo\data\GUITAR-FX\Mono_Continuous\Audio\_NoFX_mono_preprocessed\G73-43103-1111-20830.wav,998
-15.702962,47.030987,Mono_Continuous,NoFX,C:\TCC\Reproduzir_artigo\data\GUITAR-FX\Mono_Continuous\Audio\_NoFX_mono_preprocessed\G73-46201-1111-20841.wav,998
-19.336777,53.700348,Mono_Continuous,NoFX,C:\TCC\Reproduzir_artigo\data\GUITAR-FX\Mono_Continuous\Audio\_NoFX_mono_preprocessed\G73-47107-1111-20834.wav,998
-15.893035,47.874733,Mono_Continuous,NoFX,C:\TCC\Reproduzir_artigo\data\GUITAR-FX\Mono_Continuous\Audio\_NoFX_mono_preprocessed\G73-47202-1111-20842.wav,998
-16.091324,49.81042,Mono_Continuous,NoFX,C:\TCC\Reproduzir_artigo\data\GUITAR-FX\Mono_Continuous\Audio\_NoFX_mono_preprocessed\G73-50300-1111-20853.wav,998
-9.953668,46.74624,Mono_Continuous,NoFX,C:\TCC\Reproduzir_artigo\data\GUITAR-FX\Mono_Continuous\Audio\_NoFX_mono_preprocessed\G73-52207-1111-20847.wav,998
-9.829662,46.78902,Mono_Continuous,NoFX,C:\TCC\Reproduzir_artigo\data\GUITAR-FX\Mono_Continuous\Audio\_NoFX_mono_preprocessed\G73-53208-1111-20848.wav,998
-11.5484495,48.43214,Mono_Continuous,NoFX,C:\TCC\Reproduzir_artigo\data\GUITAR-FX\Mono_Continuous\Audio\_NoFX_mono_preprocessed\G73-54209-1111-20849.wav,998
-2.9437578,61.955864,Mono_Continuous,NoFX,C:\TCC\Reproduzir_artigo\data\GUITAR-FX\Mono_Continuous\Audio\_NoFX_mono_preprocessed\G73-55400-1111-20866.wav,998
-6.928303,47.92726,Mono_Continuous,NoFX,C:\TCC\Reproduzir_artigo\data\GUITAR-FX\Mono_Continuous\Audio\_NoFX_mono_preprocessed\G73-56401-1111-20867.wav,998
-6.6537414,50.378838,Mono_Continuous,NoFX,C:\TCC\Reproduzir_artigo\data\GUITAR-FX\Mono_Continuous\Audio\_NoFX_mono_preprocessed\G73-57212-1111-20852.wav,998
-6.6041965,49.51377,Mono_Continuous,NoFX,C:\TCC\Reproduzir_artigo\data\GUITAR-FX\Mono_Continuous\Audio\_NoFX_mono_preprocessed\G73-59309-1111-20862.wav,998
4.2898927,58.635544,Mono_Continuous,NoFX,C:\TCC\Reproduzir_artigo\data\GUITAR-FX\Mono_Continuous\Audio\_NoFX_mono_preprocessed\G73-59500-1111-20879.wav,998
-5.5316896,49.400463,Mono_Continuous,NoFX,C:\TCC\Reproduzir_artigo\data\GUITAR-FX\Mono_Continuous\Audio\_NoFX_mono_preprocessed\G73-60405-1111-20871.wav,998
5.0268383,52.70183,Mono_Continuous,NoFX,C:\TCC\Reproduzir_artigo\data\GUITAR-FX\Mono_Continuous\Audio\_NoFX_mono_preprocessed\G73-60501-1111-20880.wav,998
-0.7439395,47.85084,Mono_Continuous,NoFX,C:\TCC\Reproduzir_artigo\data\GUITAR-FX\Mono_Continuous\Audio\_NoFX_mono_preprocessed\G73-61311-1111-20864.wav,998
-2.7838829,49.152107,Mono_Continuous,NoFX,C:\TCC\Reproduzir_artigo\data\GUITAR-FX\Mono_Continuous\Audio\_NoFX_mono_preprocessed\G73-62312-1111-20865.wav,998
4.8334236,53.43529,Mono_Continuous,NoFX,C:\TCC\Reproduzir_artigo\data\GUITAR-FX\Mono_Continuous\Audio\_NoFX_mono_preprocessed\G73-62503-1111-20882.wav,998
5.7922764,52.56921,Mono_Continuous,NoFX,C:\TCC\Reproduzir_artigo\data\GUITAR-FX\Mono_Continuous\Audio\_NoFX_mono_preprocessed\G73-63504-1111-20883.wav,998
-1.8314621,48.935158,Mono_Continuous,NoFX,C:\TCC\Reproduzir_artigo\data\GUITAR-FX\Mono_Continuous\Audio\_NoFX_mono_preprocessed\G73-64409-1111-20875.wav,998
5.6586866,51.818344,Mono_Continuous,NoFX,C:\TCC\Reproduzir_artigo\data\GUITAR-FX\Mono_Continuous\Audio\_NoFX_mono_preprocessed\G73-65506-1111-20885.wav,998
6.951775,50.584248,Mono_Continuous,NoFX,C:\TCC\Reproduzir_artigo\data\GUITAR-FX\Mono_Continuous\Audio\_NoFX_mono_preprocessed\G73-67508-1111-20887.wav,998
6.5208783,49.99154,Mono_Continuous,NoFX,C:\TCC\Reproduzir_artigo\data\GUITAR-FX\Mono_Continuous\Audio\_NoFX_mono_preprocessed\G73-68509-1111-20888.wav,998
8.261474,50.046337,Mono_Continuous,NoFX,C:\TCC\Reproduzir_artigo\data\GUITAR-FX\Mono_Continuous\Audio\_NoFX_mono_preprocessed\G73-69510-1111-20889.wav,998
12.883811,52.28505,Mono_Continuous,NoFX,C:\TCC\Reproduzir_artigo\data\GUITAR-FX\Mono_Continuous\Audio\_NoFX_mono_preprocessed\G73-70606-1111-20898.wav,998
13.201304,52.03673,Mono_Continuous,NoFX,C:\TCC\Reproduzir_artigo\data\GUITAR-FX\Mono_Continuous\Audio\_NoFX_mono_preprocessed\G73-71607-1111-20899.wav,998
11.055837,50.949516,Mono_Continuous,NoFX,C:\TCC\Reproduzir_artigo\data\GUITAR-FX\Mono_Continuous\Audio\_NoFX_mono_preprocessed\G73-74610-1111-20902.wav,998
11.417352,51.27812,Mono_Continuous,NoFX,C:\TCC\Reproduzir_artigo\data\GUITAR-FX\Mono_Continuous\Audio\_NoFX_mono_preprocessed\G73-75611-1111-20903.wav,998
11.741501,50.71383,Mono_Continuous,NoFX,C:\TCC\Reproduzir_artigo\data\GUITAR-FX\Mono_Continuous\Audio\_NoFX_mono_preprocessed\G73-76612-1111-20904.wav,998
-22.463104,59.644535,Mono_Continuous,NoFX,C:\TCC\Reproduzir_artigo\data\GUITAR-FX\Mono_Continuous\Audio\_NoFX_mono_preprocessed\G81-41101-1111-20906.wav,998
-22.954166,57.55658,Mono_Continuous,NoFX,C:\TCC\Reproduzir_artigo\data\GUITAR-FX\Mono_Continuous\Audio\_NoFX_mono_preprocessed\G81-45105-1111-20910.wav,998
-20.918541,59.014347,Mono_Continuous,NoFX,C:\TCC\Reproduzir_artigo\data\GUITAR-FX\Mono_Continuous\Audio\_NoFX_mono_preprocessed\G81-46106-1111-20911.wav,998
-18.29648,55.968933,Mono_Continuous,NoFX,C:\TCC\Reproduzir_artigo\data\GUITAR-FX\Mono_Continuous\Audio\_NoFX_mono_preprocessed\G81-46201-1111-20919.wav,998
-16.526522,59.629475,Mono_Continuous,NoFX,C:\TCC\Reproduzir_artigo\data\GUITAR-FX\Mono_Continuous\Audio\_NoFX_mono_preprocessed\G81-48108-1111-20913.wav,998
-14.986549,59.395992,Mono_Continuous,NoFX,C:\TCC\Reproduzir_artigo\data\GUITAR-FX\Mono_Continuous\Audio\_NoFX_mono_preprocessed\G81-50110-1111-20915.wav,998
-15.631861,59.27281,Mono_Continuous,NoFX,C:\TCC\Reproduzir_artigo\data\GUITAR-FX\Mono_Continuous\Audio\_NoFX_mono_preprocessed\G81-51111-1111-20916.wav,998
-14.094451,58.88575,Mono_Continuous,NoFX,C:\TCC\Reproduzir_artigo\data\GUITAR-FX\Mono_Continuous\Audio\_NoFX_mono_preprocessed\G81-52112-1111-20917.wav,998
-10.772343,55.58438,Mono_Continuous,NoFX,C:\TCC\Reproduzir_artigo\data\GUITAR-FX\Mono_Continuous\Audio\_NoFX_mono_preprocessed\G81-55305-1111-20936.wav,998
-2.7733798,60.00292,Mono_Continuous,NoFX,C:\TCC\Reproduzir_artigo\data\GUITAR-FX\Mono_Continuous\Audio\_NoFX_mono_preprocessed\G81-55400-1111-20944.wav,998
-12.427124,60.51266,Mono_Continuous,NoFX,C:\TCC\Reproduzir_artigo\data\GUITAR-FX\Mono_Continuous\Audio\_NoFX_mono_preprocessed\G81-56211-1111-20929.wav,998
-3.7149699,58.70604,Mono_Continuous,NoFX,C:\TCC\Reproduzir_artigo\data\GUITAR-FX\Mono_Continuous\Audio\_NoFX_mono_preprocessed\G81-56401-1111-20945.wav,998
-12.232696,59.254234,Mono_Continuous,NoFX,C:\TCC\Reproduzir_artigo\data\GUITAR-FX\Mono_Continuous\Audio\_NoFX_mono_preprocessed\G81-57212-1111-20930.wav,998
-4.2394114,57.811337,Mono_Continuous,NoFX,C:\TCC\Reproduzir_artigo\data\GUITAR-FX\Mono_Continuous\Audio\_NoFX_mono_preprocessed\G81-57402-1111-20946.wav,998
-9.772711,57.484653,Mono_Continuous,NoFX,C:\TCC\Reproduzir_artigo\data\GUITAR-FX\Mono_Continuous\Audio\_NoFX_mono_preprocessed\G81-58308-1111-20939.wav,998
-4.927975,58.04993,Mono_Continuous,NoFX,C:\TCC\Reproduzir_artigo\data\GUITAR-FX\Mono_Continuous\Audio\_NoFX_mono_preprocessed\G81-58403-1111-20947.wav,998
-0.69640154,59.971165,Mono_Continuous,NoFX,C:\TCC\Reproduzir_artigo\data\GUITAR-FX\Mono_Continuous\Audio\_NoFX_mono_preprocessed\G81-59500-1111-20957.wav,998
-0.48226196,58.99208,Mono_Continuous,NoFX,C:\TCC\Reproduzir_artigo\data\GUITAR-FX\Mono_Continuous\Audio\_NoFX_mono_preprocessed\G81-60501-1111-20958.wav,998
-4.9505258,56.55004,Mono_Continuous,NoFX,C:\TCC\Reproduzir_artigo\data\GUITAR-FX\Mono_Continuous\Audio\_NoFX_mono_preprocessed\G81-61406-1111-20950.wav,998
-5.47611,56.808586,Mono_Continuous,NoFX,C:\TCC\Reproduzir_artigo\data\GUITAR-FX\Mono_Continuous\Audio\_NoFX_mono_preprocessed\G81-62407-1111-20951.wav,998
-4.98263,55.91092,Mono_Continuous,NoFX,C:\TCC\Reproduzir_artigo\data\GUITAR-FX\Mono_Continuous\Audio\_NoFX_mono_preprocessed\G81-63408-1111-20952.wav,998
-6.026437,56.774296,Mono_Continuous,NoFX,C:\TCC\Reproduzir_artigo\data\GUITAR-FX\Mono_Continuous\Audio\_NoFX_mono_preprocessed\G81-64409-1111-20953.wav,998
-1.1131315,52.53176,Mono_Continuous,NoFX,C:\TCC\Reproduzir_artigo\data\GUITAR-FX\Mono_Continuous\Audio\_NoFX_mono_preprocessed\G81-65410-1111-20954.wav,998
6.6046724,55.538425,Mono_Continuous,NoFX,C:\TCC\Reproduzir_artigo\data\GUITAR-FX\Mono_Continuous\Audio\_NoFX_mono_preprocessed\G81-65506-1111-20963.wav,998
9.662487,55.696198,Mono_Continuous,NoFX,C:\TCC\Reproduzir_artigo\data\GUITAR-FX\Mono_Continuous\Audio\_NoFX_mono_preprocessed\G81-68509-1111-20966.wav,998
10.000547,56.616974,Mono_Continuous,NoFX,C:\TCC\Reproduzir_artigo\data\GUITAR-FX\Mono_Continuous\Audio\_NoFX_mono_preprocessed\G81-68604-1111-20974.wav,998
11.181988,54.261032,Mono_Continuous,NoFX,C:\TCC\Reproduzir_artigo\data\GUITAR-FX\Mono_Continuous\Audio\_NoFX_mono_preprocessed\G81-70511-1111-20968.wav,998
12.435724,55.00333,Mono_Continuous,NoFX,C:\TCC\Reproduzir_artigo\data\GUITAR-FX\Mono_Continuous\Audio\_NoFX_mono_preprocessed\G81-70606-1111-20976.wav,998
14.9074135,54.399113,Mono_Continuous,NoFX,C:\TCC\Reproduzir_artigo\data\GUITAR-FX\Mono_Continuous\Audio\_NoFX_mono_preprocessed\G81-71607-1111-20977.wav,998
16.7496,53.53639,Mono_Continuous,NoFX,C:\TCC\Reproduzir_artigo\data\GUITAR-FX\Mono_Continuous\Audio\_NoFX_mono_preprocessed\G81-75611-1111-20981.wav,998
20.119179,54.494095,Mono_Continuous,NoFX,C:\TCC\Reproduzir_artigo\data\GUITAR-FX\Mono_Continuous\Audio\_NoFX_mono_preprocessed\G81-76612-1111-20982.wav,998
-20.92559,52.718746,Mono_Continuous,NoFX,C:\TCC\Reproduzir_artigo\data\GUITAR-FX\Mono_Continuous\Audio\_NoFX_mono_preprocessed\G83-40100-1111-20983.wav,998
-22.017296,53.21685,Mono_Continuous,NoFX,C:\TCC\Reproduzir_artigo\data\GUITAR-FX\Mono_Continuous\Audio\_NoFX_mono_preprocessed\G83-41101-1111-20984.wav,998
-19.467985,51.57151,Mono_Continuous,NoFX,C:\TCC\Reproduzir_artigo\data\GUITAR-FX\Mono_Continuous\Audio\_NoFX_mono_preprocessed\G83-45105-1111-20988.wav,998
-18.661842,53.0849,Mono_Continuous,NoFX,C:\TCC\Reproduzir_artigo\data\GUITAR-FX\Mono_Continuous\Audio\_NoFX_mono_preprocessed\G83-46201-1111-20997.wav,998
-18.62121,50.82755,Mono_Continuous,NoFX,C:\TCC\Reproduzir_artigo\data\GUITAR-FX\Mono_Continuous\Audio\_NoFX_mono_preprocessed\G83-47107-1111-20990.wav,998
-17.88074,51.2432,Mono_Continuous,NoFX,C:\TCC\Reproduzir_artigo\data\GUITAR-FX\Mono_Continuous\Audio\_NoFX_mono_preprocessed\G83-48108-1111-20991.wav,998
-16.80632,53.305553,Mono_Continuous,NoFX,C:\TCC\Reproduzir_artigo\data\GUITAR-FX\Mono_Continuous\Audio\_NoFX_mono_preprocessed\G83-48203-1111-20999.wav,998
-16.408186,57.56259,Mono_Continuous,NoFX,C:\TCC\Reproduzir_artigo\data\GUITAR-FX\Mono_Continuous\Audio\_NoFX_mono_preprocessed\G83-49109-1111-20992.wav,998
-16.72645,55.366127,Mono_Continuous,NoFX,C:\TCC\Reproduzir_artigo\data\GUITAR-FX\Mono_Continuous\Audio\_NoFX_mono_preprocessed\G83-49204-1111-21000.wav,998
-16.67562,58.582237,Mono_Continuous,NoFX,C:\TCC\Reproduzir_artigo\data\GUITAR-FX\Mono_Continuous\Audio\_NoFX_mono_preprocessed\G83-50110-1111-20993.wav,998
-15.602141,56.983456,Mono_Continuous,NoFX,C:\TCC\Reproduzir_artigo\data\GUITAR-FX\Mono_Continuous\Audio\_NoFX_mono_preprocessed\G83-51111-1111-20994.wav,998
-13.671859,56.65306,Mono_Continuous,NoFX,C:\TCC\Reproduzir_artigo\data\GUITAR-FX\Mono_Continuous\Audio\_NoFX_mono_preprocessed\G83-52112-1111-20995.wav,998
-12.074412,53.262074,Mono_Continuous,NoFX,C:\TCC\Reproduzir_artigo\data\GUITAR-FX\Mono_Continuous\Audio\_NoFX_mono_preprocessed\G83-54304-1111-21013.wav,998
-10.654443,54.447586,Mono_Continuous,NoFX,C:\TCC\Reproduzir_artigo\data\GUITAR-FX\Mono_Continuous\Audio\_NoFX_mono_preprocessed\G83-55210-1111-21006.wav,998
-10.520075,52.534027,Mono_Continuous,NoFX,C:\TCC\Reproduzir_artigo\data\GUITAR-FX\Mono_Continuous\Audio\_NoFX_mono_preprocessed\G83-55305-1111-21014.wav,998
-4.1811814,61.20993,Mono_Continuous,NoFX,C:\TCC\Reproduzir_artigo\data\GUITAR-FX\Mono_Continuous\Audio\_NoFX_mono_preprocessed\G83-55400-1111-21022.wav,998
-11.553618,56.387917,Mono_Continuous,NoFX,C:\TCC\Reproduzir_artigo\data\GUITAR-FX\Mono_Continuous\Audio\_NoFX_mono_preprocessed\G83-56211-1111-21007.wav,998
-3.442861,60.18177,Mono_Continuous,NoFX,C:\TCC\Reproduzir_artigo\data\GUITAR-FX\Mono_Continuous\Audio\_NoFX_mono_preprocessed\G83-56401-1111-21023.wav,998
-12.422133,58.591633,Mono_Continuous,NoFX,C:\TCC\Reproduzir_artigo\data\GUITAR-FX\Mono_Continuous\Audio\_NoFX_mono_preprocessed\G83-57212-1111-21008.wav,998
-10.0922,56.065132,Mono_Continuous,NoFX,C:\TCC\Reproduzir_artigo\data\GUITAR-FX\Mono_Continuous\Audio\_NoFX_mono_preprocessed\G83-58308-1111-21017.wav,998
-6.721135,52.77969,Mono_Continuous,NoFX,C:\TCC\Reproduzir_artigo\data\GUITAR-FX\Mono_Continuous\Audio\_NoFX_mono_preprocessed\G83-60310-1111-21019.wav,998
-2.7830844,54.916325,Mono_Continuous,NoFX,C:\TCC\Reproduzir_artigo\data\GUITAR-FX\Mono_Continuous\Audio\_NoFX_mono_preprocessed\G83-60405-1111-21027.wav,998
-3.9986088,53.968365,Mono_Continuous,NoFX,C:\TCC\Reproduzir_artigo\data\GUITAR-FX\Mono_Continuous\Audio\_NoFX_mono_preprocessed\G83-61311-1111-21020.wav,998
-2.4497416,54.776974,Mono_Continuous,NoFX,C:\TCC\Reproduzir_artigo\data\GUITAR-FX\Mono_Continuous\Audio\_NoFX_mono_preprocessed\G83-61406-1111-21028.wav,998
-1.7097927,54.515488,Mono_Continuous,NoFX,C:\TCC\Reproduzir_artigo\data\GUITAR-FX\Mono_Continuous\Audio\_NoFX_mono_preprocessed\G83-62407-1111-21029.wav,998
3.1242495,51.481274,Mono_Continuous,NoFX,C:\TCC\Reproduzir_artigo\data\GUITAR-FX\Mono_Continuous\Audio\_NoFX_mono_preprocessed\G83-64505-1111-21040.wav,998
0.62310284,49.755257,Mono_Continuous,NoFX,C:\TCC\Reproduzir_artigo\data\GUITAR-FX\Mono_Continuous\Audio\_NoFX_mono_preprocessed\G83-65410-1111-21032.wav,998
15.969975,49.628128,Mono_Continuous,NoFX,C:\TCC\Reproduzir_artigo\data\GUITAR-FX\Mono_Continuous\Audio\_NoFX_mono_preprocessed\G83-69605-1111-21053.wav,998
9.491064,48.318737,Mono_Continuous,NoFX,C:\TCC\Reproduzir_artigo\data\GUITAR-FX\Mono_Continuous\Audio\_NoFX_mono_preprocessed\G83-70511-1111-21046.wav,998
11.306238,54.815357,Mono_Continuous,NoFX,C:\TCC\Reproduzir_artigo\data\GUITAR-FX\Mono_Continuous\Audio\_NoFX_mono_preprocessed\G83-70606-1111-21054.wav,998
17.447807,50.40735,Mono_Continuous,NoFX,C:\TCC\Reproduzir_artigo\data\GUITAR-FX\Mono_Continuous\Audio\_NoFX_mono_preprocessed\G83-72608-1111-21056.wav,998
17.02451,52.601574,Mono_Continuous,NoFX,C:\TCC\Reproduzir_artigo\data\GUITAR-FX\Mono_Continuous\Audio\_NoFX_mono_preprocessed\G83-75611-1111-21059.wav,998
-20.856665,54.558727,Mono_Continuous,NoFX,C:\TCC\Reproduzir_artigo\data\GUITAR-FX\Mono_Continuous\Audio\_NoFX_mono_preprocessed\G91-40100-1111-21061.wav,998
-22.368813,57.638622,Mono_Continuous,NoFX,C:\TCC\Reproduzir_artigo\data\GUITAR-FX\Mono_Continuous\Audio\_NoFX_mono_preprocessed\G91-45105-1111-21066.wav,998
-21.511765,58.581673,Mono_Continuous,NoFX,C:\TCC\Reproduzir_artigo\data\GUITAR-FX\Mono_Continuous\Audio\_NoFX_mono_preprocessed\G91-46106-1111-21067.wav,998
-16.515022,57.68891,Mono_Continuous,NoFX,C:\TCC\Reproduzir_artigo\data\GUITAR-FX\Mono_Continuous\Audio\_NoFX_mono_preprocessed\G91-49109-1111-21070.wav,998
-15.412169,57.43285,Mono_Continuous,NoFX,C:\TCC\Reproduzir_artigo\data\GUITAR-FX\Mono_Continuous\Audio\_NoFX_mono_preprocessed\G91-50110-1111-21071.wav,998
-15.161901,56.017246,Mono_Continuous,NoFX,C:\TCC\Reproduzir_artigo\data\GUITAR-FX\Mono_Continuous\Audio\_NoFX_mono_preprocessed\G91-50205-1111-21079.wav,998
-15.117166,54.93516,Mono_Continuous,NoFX,C:\TCC\Reproduzir_artigo\data\GUITAR-FX\Mono_Continuous\Audio\_NoFX_mono_preprocessed\G91-51111-1111-21072.wav,998
-13.893925,57.967094,Mono_Continuous,NoFX,C:\TCC\Reproduzir_artigo\data\GUITAR-FX\Mono_Continuous\Audio\_NoFX_mono_preprocessed\G91-52112-1111-21073.wav,998
-12.804595,57.20196,Mono_Continuous,NoFX,C:\TCC\Reproduzir_artigo\data\GUITAR-FX\Mono_Continuous\Audio\_NoFX_mono_preprocessed\G91-52207-1111-21081.wav,998
-12.437666,55.129562,Mono_Continuous,NoFX,C:\TCC\Reproduzir_artigo\data\GUITAR-FX\Mono_Continuous\Audio\_NoFX_mono_preprocessed\G91-52302-1111-21089.wav,998
-12.180738,54.75449,Mono_Continuous,NoFX,C:\TCC\Reproduzir_artigo\data\GUITAR-FX\Mono_Continuous\Audio\_NoFX_mono_preprocessed\G91-53303-1111-21090.wav,998
-11.474883,59.758923,Mono_Continuous,NoFX,C:\TCC\Reproduzir_artigo\data\GUITAR-FX\Mono_Continuous\Audio\_NoFX_mono_preprocessed\G91-55210-1111-21084.wav,998
-2.7030385,59.191036,Mono_Continuous,NoFX,C:\TCC\Reproduzir_artigo\data\GUITAR-FX\Mono_Continuous\Audio\_NoFX_mono_preprocessed\G91-56401-1111-21101.wav,998
-11.81912,59.388596,Mono_Continuous,NoFX,C:\TCC\Reproduzir_artigo\data\GUITAR-FX\Mono_Continuous\Audio\_NoFX_mono_preprocessed\G91-57212-1111-21086.wav,998
-10.420299,57.151016,Mono_Continuous,NoFX,C:\TCC\Reproduzir_artigo\data\GUITAR-FX\Mono_Continuous\Audio\_NoFX_mono_preprocessed\G91-57307-1111-21094.wav,998
-2.4769192,58.161495,Mono_Continuous,NoFX,C:\TCC\Reproduzir_artigo\data\GUITAR-FX\Mono_Continuous\Audio\_NoFX_mono_preprocessed\G91-57402-1111-21102.wav,998
-1.7102376,58.88355,Mono_Continuous,NoFX,C:\TCC\Reproduzir_artigo\data\GUITAR-FX\Mono_Continuous\Audio\_NoFX_mono_preprocessed\G91-58403-1111-21103.wav,998
-9.438149,56.695404,Mono_Continuous,NoFX,C:\TCC\Reproduzir_artigo\data\GUITAR-FX\Mono_Continuous\Audio\_NoFX_mono_preprocessed\G91-60310-1111-21097.wav,998
-9.657014,58.100693,Mono_Continuous,NoFX,C:\TCC\Reproduzir_artigo\data\GUITAR-FX\Mono_Continuous\Audio\_NoFX_mono_preprocessed\G91-61311-1111-21098.wav,998
3.1542974,57.488243,Mono_Continuous,NoFX,C:\TCC\Reproduzir_artigo\data\GUITAR-FX\Mono_Continuous\Audio\_NoFX_mono_preprocessed\G91-62503-1111-21116.wav,998
0.5035708,52.69554,Mono_Continuous,NoFX,C:\TCC\Reproduzir_artigo\data\GUITAR-FX\Mono_Continuous\Audio\_NoFX_mono_preprocessed\G91-63408-1111-21108.wav,998
5.40679,57.99663,Mono_Continuous,NoFX,C:\TCC\Reproduzir_artigo\data\GUITAR-FX\Mono_Continuous\Audio\_NoFX_mono_preprocessed\G91-64505-1111-21118.wav,998
0.5186553,53.643944,Mono_Continuous,NoFX,C:\TCC\Reproduzir_artigo\data\GUITAR-FX\Mono_Continuous\Audio\_NoFX_mono_preprocessed\G91-66411-1111-21111.wav,998
8.880044,58.109055,Mono_Continuous,NoFX,C:\TCC\Reproduzir_artigo\data\GUITAR-FX\Mono_Continuous\Audio\_NoFX_mono_preprocessed\G91-66602-1111-21128.wav,998
11.370679,56.10526,Mono_Continuous,NoFX,C:\TCC\Reproduzir_artigo\data\GUITAR-FX\Mono_Continuous\Audio\_NoFX_mono_preprocessed\G91-67603-1111-21129.wav,998
9.337275,55.45798,Mono_Continuous,NoFX,C:\TCC\Reproduzir_artigo\data\GUITAR-FX\Mono_Continuous\Audio\_NoFX_mono_preprocessed\G91-68509-1111-21122.wav,998
14.718188,54.308807,Mono_Continuous,NoFX,C:\TCC\Reproduzir_artigo\data\GUITAR-FX\Mono_Continuous\Audio\_NoFX_mono_preprocessed\G91-71607-1111-21133.wav,998
16.153534,54.708256,Mono_Continuous,NoFX,C:\TCC\Reproduzir_artigo\data\GUITAR-FX\Mono_Continuous\Audio\_NoFX_mono_preprocessed\G91-72608-1111-21134.wav,998
17.047539,54.089024,Mono_Continuous,NoFX,C:\TCC\Reproduzir_artigo\data\GUITAR-FX\Mono_Continuous\Audio\_NoFX_mono_preprocessed\G91-74610-1111-21136.wav,998
20.476263,54.41402,Mono_Continuous,NoFX,C:\TCC\Reproduzir_artigo\data\GUITAR-FX\Mono_Continuous\Audio\_NoFX_mono_preprocessed\G91-76612-1111-21138.wav,998
-19.276842,52.29326,Mono_Continuous,NoFX,C:\TCC\Reproduzir_artigo\data\GUITAR-FX\Mono_Continuous\Audio\_NoFX_mono_preprocessed\G93-45200-1111-21152.wav,998
-18.380495,53.01713,Mono_Continuous,NoFX,C:\TCC\Reproduzir_artigo\data\GUITAR-FX\Mono_Continuous\Audio\_NoFX_mono_preprocessed\G93-46201-1111-21153.wav,998
-17.91418,54.364246,Mono_Continuous,NoFX,C:\TCC\Reproduzir_artigo\data\GUITAR-FX\Mono_Continuous\Audio\_NoFX_mono_preprocessed\G93-47202-1111-21154.wav,998
-17.381893,53.17588,Mono_Continuous,NoFX,C:\TCC\Reproduzir_artigo\data\GUITAR-FX\Mono_Continuous\Audio\_NoFX_mono_preprocessed\G93-48203-1111-21155.wav,998
-16.554089,53.938454,Mono_Continuous,NoFX,C:\TCC\Reproduzir_artigo\data\GUITAR-FX\Mono_Continuous\Audio\_NoFX_mono_preprocessed\G93-49204-1111-21156.wav,998
-16.231314,55.44125,Mono_Continuous,NoFX,C:\TCC\Reproduzir_artigo\data\GUITAR-FX\Mono_Continuous\Audio\_NoFX_mono_preprocessed\G93-50205-1111-21157.wav,998
-15.403936,54.264133,Mono_Continuous,NoFX,C:\TCC\Reproduzir_artigo\data\GUITAR-FX\Mono_Continuous\Audio\_NoFX_mono_preprocessed\G93-51206-1111-21158.wav,998
-13.864456,56.895634,Mono_Continuous,NoFX,C:\TCC\Reproduzir_artigo\data\GUITAR-FX\Mono_Continuous\Audio\_NoFX_mono_preprocessed\G93-52112-1111-21151.wav,998
-13.328748,53.934113,Mono_Continuous,NoFX,C:\TCC\Reproduzir_artigo\data\GUITAR-FX\Mono_Continuous\Audio\_NoFX_mono_preprocessed\G93-53208-1111-21160.wav,998
-11.810591,51.37513,Mono_Continuous,NoFX,C:\TCC\Reproduzir_artigo\data\GUITAR-FX\Mono_Continuous\Audio\_NoFX_mono_preprocessed\G93-53303-1111-21168.wav,998
-12.527938,52.200005,Mono_Continuous,NoFX,C:\TCC\Reproduzir_artigo\data\GUITAR-FX\Mono_Continuous\Audio\_NoFX_mono_preprocessed\G93-54304-1111-21169.wav,998
-3.41397,61.306923,Mono_Continuous,NoFX,C:\TCC\Reproduzir_artigo\data\GUITAR-FX\Mono_Continuous\Audio\_NoFX_mono_preprocessed\G93-55400-1111-21178.wav,998
-4.168037,46.310284,Mono_Continuous,NoFX,C:\TCC\Reproduzir_artigo\data\GUITAR-FX\Mono_Continuous\Audio\_NoFX_mono_preprocessed\G93-58308-1111-21173.wav,998
-3.7158797,53.11666,Mono_Continuous,NoFX,C:\TCC\Reproduzir_artigo\data\GUITAR-FX\Mono_Continuous\Audio\_NoFX_mono_preprocessed\G93-61311-1111-21176.wav,998
-3.2273676,49.997185,Mono_Continuous,NoFX,C:\TCC\Reproduzir_artigo\data\GUITAR-FX\Mono_Continuous\Audio\_NoFX_mono_preprocessed\G93-62312-1111-21177.wav,998
-1.3474432,54.503258,Mono_Continuous,NoFX,C:\TCC\Reproduzir_artigo\data\GUITAR-FX\Mono_Continuous\Audio\_NoFX_mono_preprocessed\G93-62407-1111-21185.wav,998
0.47510308,52.753906,Mono_Continuous,NoFX,C:\TCC\Reproduzir_artigo\data\GUITAR-FX\Mono_Continuous\Audio\_NoFX_mono_preprocessed\G93-63408-1111-21186.wav,998
5.1188936,56.4555,Mono_Continuous,NoFX,C:\TCC\Reproduzir_artigo\data\GUITAR-FX\Mono_Continuous\Audio\_NoFX_mono_preprocessed\G93-63504-1111-21195.wav,998
1.9578481,48.713867,Mono_Continuous,NoFX,C:\TCC\Reproduzir_artigo\data\GUITAR-FX\Mono_Continuous\Audio\_NoFX_mono_preprocessed\G93-64409-1111-21187.wav,998
1.8731754,48.83022,Mono_Continuous,NoFX,C:\TCC\Reproduzir_artigo\data\GUITAR-FX\Mono_Continuous\Audio\_NoFX_mono_preprocessed\G93-65410-1111-21188.wav,998
2.9808648,53.44848,Mono_Continuous,NoFX,C:\TCC\Reproduzir_artigo\data\GUITAR-FX\Mono_Continuous\Audio\_NoFX_mono_preprocessed\G93-65506-1111-21197.wav,998
8.346564,58.2115,Mono_Continuous,NoFX,C:\TCC\Reproduzir_artigo\data\GUITAR-FX\Mono_Continuous\Audio\_NoFX_mono_preprocessed\G93-66602-1111-21206.wav,998
4.301045,50.033333,Mono_Continuous,NoFX,C:\TCC\Reproduzir_artigo\data\GUITAR-FX\Mono_Continuous\Audio\_NoFX_mono_preprocessed\G93-68509-1111-21200.wav,998
12.837328,54.875656,Mono_Continuous,NoFX,C:\TCC\Reproduzir_artigo\data\GUITAR-FX\Mono_Continuous\Audio\_NoFX_mono_preprocessed\G93-70606-1111-21210.wav,998
9.891409,48.34836,Mono_Continuous,NoFX,C:\TCC\Reproduzir_artigo\data\GUITAR-FX\Mono_Continuous\Audio\_NoFX_mono_preprocessed\G93-71512-1111-21203.wav,998
11.106131,48.872307,Mono_Continuous,NoFX,C:\TCC\Reproduzir_artigo\data\GUITAR-FX\Mono_Continuous\Audio\_NoFX_mono_preprocessed\G93-74610-1111-21214.wav,998
11.681367,49.567158,Mono_Continuous,NoFX,C:\TCC\Reproduzir_artigo\data\GUITAR-FX\Mono_Continuous\Audio\_NoFX_mono_preprocessed\G93-76612-1111-21216.wav,998
-74.73942,-7.6510577,Mono_Continuous,BD2,C:\TCC\Reproduzir_artigo\data\GUITAR-FX\Mono_Continuous\Audio\BD2\G61-43103-BD2-G8.7T3.6-20596.wav,998
-72.94309,28.251673,Mono_Continuous,BD2,C:\TCC\Reproduzir_artigo\data\GUITAR-FX\Mono_Continuous\Audio\BD2\G61-44104-BD2-G2.4T4.4-20597.wav,998
-73.006454,28.271345,Mono_Continuous,BD2,C:\TCC\Reproduzir_artigo\data\GUITAR-FX\Mono_Continuous\Audio\BD2\G61-44104-BD2-G4.6T7.6-20597.wav,998
-70.69559,-7.8571215,Mono_Continuous,BD2,C:\TCC\Reproduzir_artigo\data\GUITAR-FX\Mono_Continuous\Audio\BD2\G61-46106-BD2-G8.4T2.9-20599.wav,998
-57.503555,5.353151,Mono_Continuous,BD2,C:\TCC\Reproduzir_artigo\data\GUITAR-FX\Mono_Continuous\Audio\BD2\G61-46201-BD2-G7.6T1.3-20607.wav,998
-78.3763,4.27322,Mono_Continuous,BD2,C:\TCC\Reproduzir_artigo\data\GUITAR-FX\Mono_Continuous\Audio\BD2\G61-49109-BD2-G7T2.4-20602.wav,998
-38.777283,-19.831318,Mono_Continuous,BD2,C:\TCC\Reproduzir_artigo\data\GUITAR-FX\Mono_Continuous\Audio\BD2\G61-54209-BD2-G6.4T7.4-20615.wav,998
-14.476889,13.64326,Mono_Continuous,BD2,C:\TCC\Reproduzir_artigo\data\GUITAR-FX\Mono_Continuous\Audio\BD2\G61-54304-BD2-G3.7T4.9-20623.wav,998
-36.75981,-35.64584,Mono_Continuous,BD2,C:\TCC\Reproduzir_artigo\data\GUITAR-FX\Mono_Continuous\Audio\BD2\G61-54304-BD2-G9.8T2-20623.wav,998
-22.897617,-38.602505,Mono_Continuous,BD2,C:\TCC\Reproduzir_artigo\data\GUITAR-FX\Mono_Continuous\Audio\BD2\G61-56306-BD2-G10T4.1-20625.wav,998
0.6671149,8.44617,Mono_Continuous,BD2,C:\TCC\Reproduzir_artigo\data\GUITAR-FX\Mono_Continuous\Audio\BD2\G61-58308-BD2-G5.7T1.6-20627.wav,998
12.252567,-51.535595,Mono_Continuous,BD2,C:\TCC\Reproduzir_artigo\data\GUITAR-FX\Mono_Continuous\Audio\BD2\G61-60405-BD2-G6.9T7.6-20637.wav,998
30.191809,-38.086113,Mono_Continuous,BD2,C:\TCC\Reproduzir_artigo\data\GUITAR-FX\Mono_Continuous\Audio\BD2\G61-61502-BD2-G4.3T0.1-20647.wav,998
29.761831,-22.748749,Mono_Continuous,BD2,C:\TCC\Reproduzir_artigo\data\GUITAR-FX\Mono_Continuous\Audio\BD2\G61-62407-BD2-G3.8T9.3-20639.wav,998
38.102444,-23.970089,Mono_Continuous,BD2,C:\TCC\Reproduzir_artigo\data\GUITAR-FX\Mono_Continuous\Audio\BD2\G61-63408-BD2-G3.6T2.5-20640.wav,998
42.32655,-31.979656,Mono_Continuous,BD2,C:\TCC\Reproduzir_artigo\data\GUITAR-FX\Mono_Continuous\Audio\BD2\G61-63408-BD2-G8.2T2.6-20640.wav,998
41.885643,-9.721666,Mono_Continuous,BD2,C:\TCC\Reproduzir_artigo\data\GUITAR-FX\Mono_Continuous\Audio\BD2\G61-64409-BD2-G7.1T3.8-20641.wav,998
61.874958,-14.137411,Mono_Continuous,BD2,C:\TCC\Reproduzir_artigo\data\GUITAR-FX\Mono_Continuous\Audio\BD2\G61-64505-BD2-G6.3T5.1-20650.wav,998
55.764614,-25.460304,Mono_Continuous,BD2,C:\TCC\Reproduzir_artigo\data\GUITAR-FX\Mono_Continuous\Audio\BD2\G61-65601-BD2-G5.4T5.8-20659.wav,998
40.573395,47.75935,Mono_Continuous,BD2,C:\TCC\Reproduzir_artigo\data\GUITAR-FX\Mono_Continuous\Audio\BD2\G61-73609-BD2-G5.8T1.7-20667.wav,998
50.568222,56.73095,Mono_Continuous,BD2,C:\TCC\Reproduzir_artigo\data\GUITAR-FX\Mono_Continuous\Audio\BD2\G61-73609-BD2-G8T7-20667.wav,998
46.215458,49.069885,Mono_Continuous,BD2,C:\TCC\Reproduzir_artigo\data\GUITAR-FX\Mono_Continuous\Audio\BD2\G61-75611-BD2-G4.2T3.8-20669.wav,998
49.318344,53.727684,Mono_Continuous,BD2,C:\TCC\Reproduzir_artigo\data\GUITAR-FX\Mono_Continuous\Audio\BD2\G61-75611-BD2-G8.9T5.7-20669.wav,998
30.256739,57.14376,Mono_Continuous,BD2,C:\TCC\Reproduzir_artigo\data\GUITAR-FX\Mono_Continuous\Audio\BD2\G61-76612-BD2-G5.5T8.8-20670.wav,998
-78.19092,-14.414125,Mono_Continuous,BD2,C:\TCC\Reproduzir_artigo\data\GUITAR-FX\Mono_Continuous\Audio\BD2\G63-41101-BD2-G9.9T2.9-20672.wav,998
-76.97651,1.5012368,Mono_Continuous,BD2,C:\TCC\Reproduzir_artigo\data\GUITAR-FX\Mono_Continuous\Audio\BD2\G63-44104-BD2-G7.1T6.6-20675.wav,998
-77.11307,1.3075255,Mono_Continuous,BD2,C:\TCC\Reproduzir_artigo\data\GUITAR-FX\Mono_Continuous\Audio\BD2\G63-44104-BD2-G8.8T0.3-20675.wav,998
-66.76779,23.322403,Mono_Continuous,BD2,C:\TCC\Reproduzir_artigo\data\GUITAR-FX\Mono_Continuous\Audio\BD2\G63-45105-BD2-G3.6T6.2-20676.wav,998
-67.26189,4.2213078,Mono_Continuous,BD2,C:\TCC\Reproduzir_artigo\data\GUITAR-FX\Mono_Continuous\Audio\BD2\G63-47107-BD2-G6T7.3-20678.wav,998
-59.851566,-7.2974205,Mono_Continuous,BD2,C:\TCC\Reproduzir_artigo\data\GUITAR-FX\Mono_Continuous\Audio\BD2\G63-47202-BD2-G8.2T6.1-20686.wav,998
-66.581535,3.8345428,Mono_Continuous,BD2,C:\TCC\Reproduzir_artigo\data\GUITAR-FX\Mono_Continuous\Audio\BD2\G63-48108-BD2-G6.8T4.5-20679.wav,998
-59.20048,-13.682246,Mono_Continuous,BD2,C:\TCC\Reproduzir_artigo\data\GUITAR-FX\Mono_Continuous\Audio\BD2\G63-49109-BD2-G6.6T6.9-20680.wav,998
-57.749744,-5.474638,Mono_Continuous,BD2,C:\TCC\Reproduzir_artigo\data\GUITAR-FX\Mono_Continuous\Audio\BD2\G63-49204-BD2-G7.2T8-20688.wav,998
-57.954353,21.05242,Mono_Continuous,BD2,C:\TCC\Reproduzir_artigo\data\GUITAR-FX\Mono_Continuous\Audio\BD2\G63-50110-BD2-G2.7T0.3-20681.wav,998
-40.433804,3.14415,Mono_Continuous,BD2,C:\TCC\Reproduzir_artigo\data\GUITAR-FX\Mono_Continuous\Audio\BD2\G63-50300-BD2-G2.2T4.6-20697.wav,998
-61.375584,27.545156,Mono_Continuous,BD2,C:\TCC\Reproduzir_artigo\data\GUITAR-FX\Mono_Continuous\Audio\BD2\G63-51111-BD2-G2.6T8.7-20682.wav,998
-26.296824,-3.6770904,Mono_Continuous,BD2,C:\TCC\Reproduzir_artigo\data\GUITAR-FX\Mono_Continuous\Audio\BD2\G63-53208-BD2-G7T1.9-20692.wav,998
-34.96427,-18.013657,Mono_Continuous,BD2,C:\TCC\Reproduzir_artigo\data\GUITAR-FX\Mono_Continuous\Audio\BD2\G63-53208-BD2-G8.9T6.5-20692.wav,998
-26.379826,-3.2170331,Mono_Continuous,BD2,C:\TCC\Reproduzir_artigo\data\GUITAR-FX\Mono_Continuous\Audio\BD2\G63-53303-BD2-G6.2T3.8-20700.wav,998
-24.654747,-22.20496,Mono_Continuous,BD2,C:\TCC\Reproduzir_artigo\data\GUITAR-FX\Mono_Continuous\Audio\BD2\G63-54304-BD2-G5.5T7.5-20701.wav,998
-24.20645,-23.361355,Mono_Continuous,BD2,C:\TCC\Reproduzir_artigo\data\GUITAR-FX\Mono_Continuous\Audio\BD2\G63-55305-BD2-G6.1T7.5-20702.wav,998
-16.871105,-19.652447,Mono_Continuous,BD2,C:\TCC\Reproduzir_artigo\data\GUITAR-FX\Mono_Continuous\Audio\BD2\G63-56401-BD2-G6T6.1-20711.wav,998
-10.131923,-18.309435,Mono_Continuous,BD2,C:\TCC\Reproduzir_artigo\data\GUITAR-FX\Mono_Continuous\Audio\BD2\G63-57212-BD2-G7.7T4.5-20696.wav,998
-10.35524,-23.209003,Mono_Continuous,BD2,C:\TCC\Reproduzir_artigo\data\GUITAR-FX\Mono_Continuous\Audio\BD2\G63-57307-BD2-G7.3T7.5-20704.wav,998
-2.5951517,-22.927221,Mono_Continuous,BD2,C:\TCC\Reproduzir_artigo\data\GUITAR-FX\Mono_Continuous\Audio\BD2\G63-57402-BD2-G8.5T1.2-20712.wav,998
5.2416153,-0.020908777,Mono_Continuous,BD2,C:\TCC\Reproduzir_artigo\data\GUITAR-FX\Mono_Continuous\Audio\BD2\G63-60310-BD2-G3T6.8-20707.wav,998
11.284048,-47.41687,Mono_Continuous,BD2,C:\TCC\Reproduzir_artigo\data\GUITAR-FX\Mono_Continuous\Audio\BD2\G63-60501-BD2-G8.8T6.4-20724.wav,998
28.16295,-41.847763,Mono_Continuous,BD2,C:\TCC\Reproduzir_artigo\data\GUITAR-FX\Mono_Continuous\Audio\BD2\G63-61502-BD2-G4.9T2.8-20725.wav,998
20.54207,-46.23862,Mono_Continuous,BD2,C:\TCC\Reproduzir_artigo\data\GUITAR-FX\Mono_Continuous\Audio\BD2\G63-61502-BD2-G7T6.7-20725.wav,998
23.098269,-22.625963,Mono_Continuous,BD2,C:\TCC\Reproduzir_artigo\data\GUITAR-FX\Mono_Continuous\Audio\BD2\G63-62407-BD2-G8.2T8.6-20717.wav,998
39.126396,-25.451132,Mono_Continuous,BD2,C:\TCC\Reproduzir_artigo\data\GUITAR-FX\Mono_Continuous\Audio\BD2\G63-63408-BD2-G4.7T8.1-20718.wav,998
40.779884,-22.815222,Mono_Continuous,BD2,C:\TCC\Reproduzir_artigo\data\GUITAR-FX\Mono_Continuous\Audio\BD2\G63-63504-BD2-G2.1T0.6-20727.wav,998
61.37306,-12.484685,Mono_Continuous,BD2,C:\TCC\Reproduzir_artigo\data\GUITAR-FX\Mono_Continuous\Audio\BD2\G63-64600-BD2-G3.2T8.7-20736.wav,998
58.015842,-25.59392,Mono_Continuous,BD2,C:\TCC\Reproduzir_artigo\data\GUITAR-FX\Mono_Continuous\Audio\BD2\G63-65601-BD2-G6.9T8.8-20737.wav,998
45.981903,13.117383,Mono_Continuous,BD2,C:\TCC\Reproduzir_artigo\data\GUITAR-FX\Mono_Continuous\Audio\BD2\G63-67508-BD2-G4.9T4.2-20731.wav,998
54.846386,10.197644,Mono_Continuous,BD2,C:\TCC\Reproduzir_artigo\data\GUITAR-FX\Mono_Continuous\Audio\BD2\G63-67603-BD2-G8.8T3.7-20739.wav,998
70.16226,19.756353,Mono_Continuous,BD2,C:\TCC\Reproduzir_artigo\data\GUITAR-FX\Mono_Continuous\Audio\BD2\G63-68509-BD2-G7T1.3-20732.wav,998
71.77688,25.39415,Mono_Continuous,BD2,C:\TCC\Reproduzir_artigo\data\GUITAR-FX\Mono_Continuous\Audio\BD2\G63-68604-BD2-G9.8T8.2-20740.wav,998
62.005234,52.48737,Mono_Continuous,BD2,C:\TCC\Reproduzir_artigo\data\GUITAR-FX\Mono_Continuous\Audio\BD2\G63-71512-BD2-G4.9T3.4-20735.wav,998
61.343655,50.882603,Mono_Continuous,BD2,C:\TCC\Reproduzir_artigo\data\GUITAR-FX\Mono_Continuous\Audio\BD2\G63-71607-BD2-G5.2T2.2-20743.wav,998
61.412197,51.108837,Mono_Continuous,BD2,C:\TCC\Reproduzir_artigo\data\GUITAR-FX\Mono_Continuous\Audio\BD2\G63-71607-BD2-G6.2T1.7-20743.wav,998
35.91795,53.89634,Mono_Continuous,BD2,C:\TCC\Reproduzir_artigo\data\GUITAR-FX\Mono_Continuous\Audio\BD2\G63-74610-BD2-G4.1T1.9-20746.wav,998
-76.601715,-2.6067913,Mono_Continuous,BD2,C:\TCC\Reproduzir_artigo\data\GUITAR-FX\Mono_Continuous\Audio\BD2\G71-40100-BD2-G9.2T7-20749.wav,998
-71.63148,6.1253586,Mono_Continuous,BD2,C:\TCC\Reproduzir_artigo\data\GUITAR-FX\Mono_Continuous\Audio\BD2\G71-41101-BD2-G8T2.6-20750.wav,998
-68.29362,13.590442,Mono_Continuous,BD2,C:\TCC\Reproduzir_artigo\data\GUITAR-FX\Mono_Continuous\Audio\BD2\G71-42102-BD2-G3.2T9.2-20751.wav,998
-63.610367,7.085481,Mono_Continuous,BD2,C:\TCC\Reproduzir_artigo\data\GUITAR-FX\Mono_Continuous\Audio\BD2\G71-45105-BD2-G6.2T1-20754.wav,998
-63.972157,-1.727138,Mono_Continuous,BD2,C:\TCC\Reproduzir_artigo\data\GUITAR-FX\Mono_Continuous\Audio\BD2\G71-45200-BD2-G9.3T0.3-20762.wav,998
-61.480267,-10.4632015,Mono_Continuous,BD2,C:\TCC\Reproduzir_artigo\data\GUITAR-FX\Mono_Continuous\Audio\BD2\G71-46201-BD2-G5.6T9.7-20763.wav,998
-61.454456,-2.2220256,Mono_Continuous,BD2,C:\TCC\Reproduzir_artigo\data\GUITAR-FX\Mono_Continuous\Audio\BD2\G71-46201-BD2-G8.9T1.3-20763.wav,998
-57.396614,-1.1045161,Mono_Continuous,BD2,C:\TCC\Reproduzir_artigo\data\GUITAR-FX\Mono_Continuous\Audio\BD2\G71-49204-BD2-G4.7T2.6-20766.wav,998
-56.993027,14.791341,Mono_Continuous,BD2,C:\TCC\Reproduzir_artigo\data\GUITAR-FX\Mono_Continuous\Audio\BD2\G71-50110-BD2-G5.9T0.4-20759.wav,998
-42.193947,6.74362,Mono_Continuous,BD2,C:\TCC\Reproduzir_artigo\data\GUITAR-FX\Mono_Continuous\Audio\BD2\G71-50205-BD2-G3.7T4-20767.wav,998
-43.79512,-14.475855,Mono_Continuous,BD2,C:\TCC\Reproduzir_artigo\data\GUITAR-FX\Mono_Continuous\Audio\BD2\G71-51301-BD2-G5.5T6.5-20776.wav,998
-40.11573,-8.203388,Mono_Continuous,BD2,C:\TCC\Reproduzir_artigo\data\GUITAR-FX\Mono_Continuous\Audio\BD2\G71-52207-BD2-G6.9T1.5-20769.wav,998
-35.169907,-29.959906,Mono_Continuous,BD2,C:\TCC\Reproduzir_artigo\data\GUITAR-FX\Mono_Continuous\Audio\BD2\G71-52302-BD2-G9.7T5.4-20777.wav,998
-26.919039,-26.11572,Mono_Continuous,BD2,C:\TCC\Reproduzir_artigo\data\GUITAR-FX\Mono_Continuous\Audio\BD2\G71-55305-BD2-G5.6T7.3-20780.wav,998
-23.31454,-28.412266,Mono_Continuous,BD2,C:\TCC\Reproduzir_artigo\data\GUITAR-FX\Mono_Continuous\Audio\BD2\G71-55400-BD2-G5.1T8.6-20788.wav,998
-11.141374,-6.1220264,Mono_Continuous,BD2,C:\TCC\Reproduzir_artigo\data\GUITAR-FX\Mono_Continuous\Audio\BD2\G71-56306-BD2-G3.5T0.6-20781.wav,998
1.2310249,-25.835386,Mono_Continuous,BD2,C:\TCC\Reproduzir_artigo\data\GUITAR-FX\Mono_Continuous\Audio\BD2\G71-57402-BD2-G2.5T9.5-20790.wav,998
2.9850333,-33.66442,Mono_Continuous,BD2,C:\TCC\Reproduzir_artigo\data\GUITAR-FX\Mono_Continuous\Audio\BD2\G71-58403-BD2-G2.9T2-20791.wav,998
3.0358906,-33.847404,Mono_Continuous,BD2,C:\TCC\Reproduzir_artigo\data\GUITAR-FX\Mono_Continuous\Audio\BD2\G71-58403-BD2-G4.2T3.6-20791.wav,998
-8.459257,-45.051037,Mono_Continuous,BD2,C:\TCC\Reproduzir_artigo\data\GUITAR-FX\Mono_Continuous\Audio\BD2\G71-59309-BD2-G6.5T8.2-20784.wav,998
9.015128,-49.930958,Mono_Continuous,BD2,C:\TCC\Reproduzir_artigo\data\GUITAR-FX\Mono_Continuous\Audio\BD2\G71-59500-BD2-G2.7T8.9-20801.wav,998
9.115138,-50.535744,Mono_Continuous,BD2,C:\TCC\Reproduzir_artigo\data\GUITAR-FX\Mono_Continuous\Audio\BD2\G71-59500-BD2-G5.6T5.2-20801.wav,998
26.616726,-25.862984,Mono_Continuous,BD2,C:\TCC\Reproduzir_artigo\data\GUITAR-FX\Mono_Continuous\Audio\BD2\G71-62407-BD2-G4.9T3.5-20795.wav,998
53.781097,7.1867313,Mono_Continuous,BD2,C:\TCC\Reproduzir_artigo\data\GUITAR-FX\Mono_Continuous\Audio\BD2\G71-67508-BD2-G7.8T7.9-20809.wav,998
44.647644,30.683893,Mono_Continuous,BD2,C:\TCC\Reproduzir_artigo\data\GUITAR-FX\Mono_Continuous\Audio\BD2\G71-69510-BD2-G9.3T0.4-20811.wav,998
54.408165,33.57239,Mono_Continuous,BD2,C:\TCC\Reproduzir_artigo\data\GUITAR-FX\Mono_Continuous\Audio\BD2\G71-70606-BD2-G4.1T0.8-20820.wav,998
39.144417,49.63914,Mono_Continuous,BD2,C:\TCC\Reproduzir_artigo\data\GUITAR-FX\Mono_Continuous\Audio\BD2\G71-73609-BD2-G2.8T7.7-20823.wav,998
34.555325,53.75351,Mono_Continuous,BD2,C:\TCC\Reproduzir_artigo\data\GUITAR-FX\Mono_Continuous\Audio\BD2\G71-74610-BD2-G3.1T3.8-20824.wav,998
31.017838,62.671944,Mono_Continuous,BD2,C:\TCC\Reproduzir_artigo\data\GUITAR-FX\Mono_Continuous\Audio\BD2\G71-76612-BD2-G7.4T7-20826.wav,998
30.927265,62.726944,Mono_Continuous,BD2,C:\TCC\Reproduzir_artigo\data\GUITAR-FX\Mono_Continuous\Audio\BD2\G71-76612-BD2-G8.2T6.9-20826.wav,998
-74.91716,1.1078827,Mono_Continuous,BD2,C:\TCC\Reproduzir_artigo\data\GUITAR-FX\Mono_Continuous\Audio\BD2\G73-42102-BD2-G6.8T8.4-20829.wav,998
-74.36588,0.101088345,Mono_Continuous,BD2,C:\TCC\Reproduzir_artigo\data\GUITAR-FX\Mono_Continuous\Audio\BD2\G73-42102-BD2-G9.8T4.3-20829.wav,998
-74.154594,0.015967982,Mono_Continuous,BD2,C:\TCC\Reproduzir_artigo\data\GUITAR-FX\Mono_Continuous\Audio\BD2\G73-43103-BD2-G9.1T6-20830.wav,998
-59.911663,-2.850951,Mono_Continuous,BD2,C:\TCC\Reproduzir_artigo\data\GUITAR-FX\Mono_Continuous\Audio\BD2\G73-45200-BD2-G3T8.9-20840.wav,998
-57.32199,-1.4407368,Mono_Continuous,BD2,C:\TCC\Reproduzir_artigo\data\GUITAR-FX\Mono_Continuous\Audio\BD2\G73-49204-BD2-G6.1T4.2-20844.wav,998
-48.761326,-15.483061,Mono_Continuous,BD2,C:\TCC\Reproduzir_artigo\data\GUITAR-FX\Mono_Continuous\Audio\BD2\G73-51206-BD2-G10T6.7-20846.wav,998
-40.693222,-7.9430585,Mono_Continuous,BD2,C:\TCC\Reproduzir_artigo\data\GUITAR-FX\Mono_Continuous\Audio\BD2\G73-52207-BD2-G7.1T3.6-20847.wav,998
-28.270716,-3.1720195,Mono_Continuous,BD2,C:\TCC\Reproduzir_artigo\data\GUITAR-FX\Mono_Continuous\Audio\BD2\G73-53208-BD2-G4.3T4.7-20848.wav,998
-30.626783,-25.482899,Mono_Continuous,BD2,C:\TCC\Reproduzir_artigo\data\GUITAR-FX\Mono_Continuous\Audio\BD2\G73-53303-BD2-G5.4T9-20856.wav,998
-20.254278,-14.492588,Mono_Continuous,BD2,C:\TCC\Reproduzir_artigo\data\GUITAR-FX\Mono_Continuous\Audio\BD2\G73-54209-BD2-G8.7T9.6-20849.wav,998
-20.176645,-14.594388,Mono_Continuous,BD2,C:\TCC\Reproduzir_artigo\data\GUITAR-FX\Mono_Continuous\Audio\BD2\G73-54209-BD2-G9.2T0.4-20849.wav,998
-25.967487,-17.147602,Mono_Continuous,BD2,C:\TCC\Reproduzir_artigo\data\GUITAR-FX\Mono_Continuous\Audio\BD2\G73-55305-BD2-G9.1T7.5-20858.wav,998
-20.432293,-24.9008,Mono_Continuous,BD2,C:\TCC\Reproduzir_artigo\data\GUITAR-FX\Mono_Continuous\Audio\BD2\G73-55400-BD2-G3.3T0.4-20866.wav,998
-20.72417,-28.932407,Mono_Continuous,BD2,C:\TCC\Reproduzir_artigo\data\GUITAR-FX\Mono_Continuous\Audio\BD2\G73-55400-BD2-G7.9T9.8-20866.wav,998
-17.13616,-18.524557,Mono_Continuous,BD2,C:\TCC\Reproduzir_artigo\data\GUITAR-FX\Mono_Continuous\Audio\BD2\G73-56306-BD2-G5.5T5.5-20859.wav,998
-25.710178,-33.827953,Mono_Continuous,BD2,C:\TCC\Reproduzir_artigo\data\GUITAR-FX\Mono_Continuous\Audio\BD2\G73-56306-BD2-G9.1T8-20859.wav,998
-8.815665,-22.140358,Mono_Continuous,BD2,C:\TCC\Reproduzir_artigo\data\GUITAR-FX\Mono_Continuous\Audio\BD2\G73-57212-BD2-G4.8T4.8-20852.wav,998
-9.170147,-22.768618,Mono_Continuous,BD2,C:\TCC\Reproduzir_artigo\data\GUITAR-FX\Mono_Continuous\Audio\BD2\G73-57307-BD2-G6.4T5.1-20860.wav,998
-11.210639,-29.675415,Mono_Continuous,BD2,C:\TCC\Reproduzir_artigo\data\GUITAR-FX\Mono_Continuous\Audio\BD2\G73-59309-BD2-G4.9T9.2-20862.wav,998
-8.003491,-32.29802,Mono_Continuous,BD2,C:\TCC\Reproduzir_artigo\data\GUITAR-FX\Mono_Continuous\Audio\BD2\G73-59404-BD2-G7.7T4.5-20870.wav,998
28.729582,-33.531418,Mono_Continuous,BD2,C:\TCC\Reproduzir_artigo\data\GUITAR-FX\Mono_Continuous\Audio\BD2\G73-60501-BD2-G2.8T1.2-20880.wav,998
21.360851,-43.841927,Mono_Continuous,BD2,C:\TCC\Reproduzir_artigo\data\GUITAR-FX\Mono_Continuous\Audio\BD2\G73-61311-BD2-G9.8T8.4-20864.wav,998
33.122826,-43.852444,Mono_Continuous,BD2,C:\TCC\Reproduzir_artigo\data\GUITAR-FX\Mono_Continuous\Audio\BD2\G73-61406-BD2-G4.4T4.3-20872.wav,998
28.825607,-26.499437,Mono_Continuous,BD2,C:\TCC\Reproduzir_artigo\data\GUITAR-FX\Mono_Continuous\Audio\BD2\G73-62407-BD2-G5T4-20873.wav,998
41.36112,-29.579107,Mono_Continuous,BD2,C:\TCC\Reproduzir_artigo\data\GUITAR-FX\Mono_Continuous\Audio\BD2\G73-63408-BD2-G10T0.6-20874.wav,998
41.86516,-19.80027,Mono_Continuous,BD2,C:\TCC\Reproduzir_artigo\data\GUITAR-FX\Mono_Continuous\Audio\BD2\G73-65410-BD2-G3.5T1.9-20876.wav,998
54.380413,-23.951178,Mono_Continuous,BD2,C:\TCC\Reproduzir_artigo\data\GUITAR-FX\Mono_Continuous\Audio\BD2\G73-65601-BD2-G3.2T4.4-20893.wav,998
54.664764,-24.134296,Mono_Continuous,BD2,C:\TCC\Reproduzir_artigo\data\GUITAR-FX\Mono_Continuous\Audio\BD2\G73-65601-BD2-G5.8T5.6-20893.wav,998
66.95727,-26.472103,Mono_Continuous,BD2,C:\TCC\Reproduzir_artigo\data\GUITAR-FX\Mono_Continuous\Audio\BD2\G73-66411-BD2-G6.3T0.9-20877.wav,998
71.855225,-17.439396,Mono_Continuous,BD2,C:\TCC\Reproduzir_artigo\data\GUITAR-FX\Mono_Continuous\Audio\BD2\G73-66507-BD2-G4.6T8.1-20886.wav,998
46.27581,5.48244,Mono_Continuous,BD2,C:\TCC\Reproduzir_artigo\data\GUITAR-FX\Mono_Continuous\Audio\BD2\G73-67412-BD2-G5.5T2.6-20878.wav,998
48.943783,3.7670317,Mono_Continuous,BD2,C:\TCC\Reproduzir_artigo\data\GUITAR-FX\Mono_Continuous\Audio\BD2\G73-67412-BD2-G7.3T5.4-20878.wav,998
41.514725,27.961662,Mono_Continuous,BD2,C:\TCC\Reproduzir_artigo\data\GUITAR-FX\Mono_Continuous\Audio\BD2\G73-69510-BD2-G7.1T2.8-20889.wav,998
59.93415,49.113113,Mono_Continuous,BD2,C:\TCC\Reproduzir_artigo\data\GUITAR-FX\Mono_Continuous\Audio\BD2\G73-71607-BD2-G3.7T1.5-20899.wav,998
34.59699,43.447536,Mono_Continuous,BD2,C:\TCC\Reproduzir_artigo\data\GUITAR-FX\Mono_Continuous\Audio\BD2\G73-72608-BD2-G2T0.5-20900.wav,998
47.743164,42.590336,Mono_Continuous,BD2,C:\TCC\Reproduzir_artigo\data\GUITAR-FX\Mono_Continuous\Audio\BD2\G73-72608-BD2-G7.3T6.3-20900.wav,998
-80.20507,-16.589294,Mono_Continuous,BD2,C:\TCC\Reproduzir_artigo\data\GUITAR-FX\Mono_Continuous\Audio\BD2\G81-41101-BD2-G8.4T4.9-20906.wav,998
-68.88707,-15.142048,Mono_Continuous,BD2,C:\TCC\Reproduzir_artigo\data\GUITAR-FX\Mono_Continuous\Audio\BD2\G81-43103-BD2-G7.8T7-20908.wav,998
-68.85832,-14.975464,Mono_Continuous,BD2,C:\TCC\Reproduzir_artigo\data\GUITAR-FX\Mono_Continuous\Audio\BD2\G81-43103-BD2-G9.4T9.8-20908.wav,998
-51.69349,29.639305,Mono_Continuous,BD2,C:\TCC\Reproduzir_artigo\data\GUITAR-FX\Mono_Continuous\Audio\BD2\G81-44104-BD2-G7.4T1.9-20909.wav,998
-46.841434,-12.361102,Mono_Continuous,BD2,C:\TCC\Reproduzir_artigo\data\GUITAR-FX\Mono_Continuous\Audio\BD2\G81-50300-BD2-G9.7T5.2-20931.wav,998
-53.581722,-32.360767,Mono_Continuous,BD2,C:\TCC\Reproduzir_artigo\data\GUITAR-FX\Mono_Continuous\Audio\BD2\G81-51111-BD2-G7.8T8-20916.wav,998
-45.045124,-11.223926,Mono_Continuous,BD2,C:\TCC\Reproduzir_artigo\data\GUITAR-FX\Mono_Continuous\Audio\BD2\G81-51301-BD2-G8.5T7.7-20932.wav,998
-23.321157,19.82452,Mono_Continuous,BD2,C:\TCC\Reproduzir_artigo\data\GUITAR-FX\Mono_Continuous\Audio\BD2\G81-53208-BD2-G6.3T4.9-20926.wav,998
-15.019483,23.055725,Mono_Continuous,BD2,C:\TCC\Reproduzir_artigo\data\GUITAR-FX\Mono_Continuous\Audio\BD2\G81-55210-BD2-G2.4T2.7-20928.wav,998
-16.42766,-12.899124,Mono_Continuous,BD2,C:\TCC\Reproduzir_artigo\data\GUITAR-FX\Mono_Continuous\Audio\BD2\G81-56306-BD2-G6.8T7.1-20937.wav,998
-17.384102,-11.958266,Mono_Continuous,BD2,C:\TCC\Reproduzir_artigo\data\GUITAR-FX\Mono_Continuous\Audio\BD2\G81-57307-BD2-G7.3T3.8-20938.wav,998
1.6905917,8.070525,Mono_Continuous,BD2,C:\TCC\Reproduzir_artigo\data\GUITAR-FX\Mono_Continuous\Audio\BD2\G81-58308-BD2-G3.6T9.4-20939.wav,998
-0.70407176,-34.478146,Mono_Continuous,BD2,C:\TCC\Reproduzir_artigo\data\GUITAR-FX\Mono_Continuous\Audio\BD2\G81-58403-BD2-G2.8T6.7-20947.wav,998
-0.76368624,-34.526108,Mono_Continuous,BD2,C:\TCC\Reproduzir_artigo\data\GUITAR-FX\Mono_Continuous\Audio\BD2\G81-58403-BD2-G4.8T4.1-20947.wav,998
2.8709526,-7.4348774,Mono_Continuous,BD2,C:\TCC\Reproduzir_artigo\data\GUITAR-FX\Mono_Continuous\Audio\BD2\G81-59309-BD2-G3.7T2.6-20940.wav,998
8.757805,-43.388397,Mono_Continuous,BD2,C:\TCC\Reproduzir_artigo\data\GUITAR-FX\Mono_Continuous\Audio\BD2\G81-59500-BD2-G6.6T1.4-20957.wav,998
-11.398981,-53.55537,Mono_Continuous,BD2,C:\TCC\Reproduzir_artigo\data\GUITAR-FX\Mono_Continuous\Audio\BD2\G81-60310-BD2-G9.9T2.8-20941.wav,998
-13.352755,-28.627302,Mono_Continuous,BD2,C:\TCC\Reproduzir_artigo\data\GUITAR-FX\Mono_Continuous\Audio\BD2\G81-60405-BD2-G5.8T6.8-20949.wav,998
16.805481,-41.910465,Mono_Continuous,BD2,C:\TCC\Reproduzir_artigo\data\GUITAR-FX\Mono_Continuous\Audio\BD2\G81-61311-BD2-G8.7T5.5-20942.wav,998
19.895836,-1.6453147,Mono_Continuous,BD2,C:\TCC\Reproduzir_artigo\data\GUITAR-FX\Mono_Continuous\Audio\BD2\G81-62312-BD2-G3.7T2.4-20943.wav,998
20.86433,-23.092846,Mono_Continuous,BD2,C:\TCC\Reproduzir_artigo\data\GUITAR-FX\Mono_Continuous\Audio\BD2\G81-62312-BD2-G7.7T3-20943.wav,998
36.10228,-18.782959,Mono_Continuous,BD2,C:\TCC\Reproduzir_artigo\data\GUITAR-FX\Mono_Continuous\Audio\BD2\G81-63408-BD2-G5.5T1.4-20952.wav,998
38.26872,-26.639725,Mono_Continuous,BD2,C:\TCC\Reproduzir_artigo\data\GUITAR-FX\Mono_Continuous\Audio\BD2\G81-63504-BD2-G4.6T2.8-20961.wav,998
46.16071,-34.490196,Mono_Continuous,BD2,C:\TCC\Reproduzir_artigo\data\GUITAR-FX\Mono_Continuous\Audio\BD2\G81-63504-BD2-G9.3T9.7-20961.wav,998
48.137924,-29.912773,Mono_Continuous,BD2,C:\TCC\Reproduzir_artigo\data\GUITAR-FX\Mono_Continuous\Audio\BD2\G81-65410-BD2-G7.5T3.6-20954.wav,998
54.848137,-30.565557,Mono_Continuous,BD2,C:\TCC\Reproduzir_artigo\data\GUITAR-FX\Mono_Continuous\Audio\BD2\G81-65506-BD2-G9.9T4.1-20963.wav,998
49.841564,2.5712411,Mono_Continuous,BD2,C:\TCC\Reproduzir_artigo\data\GUITAR-FX\Mono_Continuous\Audio\BD2\G81-67508-BD2-G5.6T3.9-20965.wav,998
73.035446,22.621109,Mono_Continuous,BD2,C:\TCC\Reproduzir_artigo\data\GUITAR-FX\Mono_Continuous\Audio\BD2\G81-68509-BD2-G6.3T3.3-20966.wav,998
58.500595,35.41661,Mono_Continuous,BD2,C:\TCC\Reproduzir_artigo\data\GUITAR-FX\Mono_Continuous\Audio\BD2\G81-70606-BD2-G6.5T0.7-20976.wav,998
69.76553,59.380363,Mono_Continuous,BD2,C:\TCC\Reproduzir_artigo\data\GUITAR-FX\Mono_Continuous\Audio\BD2\G81-71512-BD2-G9.2T7-20969.wav,998
46.3326,41.361576,Mono_Continuous,BD2,C:\TCC\Reproduzir_artigo\data\GUITAR-FX\Mono_Continuous\Audio\BD2\G81-72608-BD2-G3.9T5-20978.wav,998
43.770283,45.042427,Mono_Continuous,BD2,C:\TCC\Reproduzir_artigo\data\GUITAR-FX\Mono_Continuous\Audio\BD2\G81-73609-BD2-G3T2.3-20979.wav,998
43.80445,44.95946,Mono_Continuous,BD2,C:\TCC\Reproduzir_artigo\data\GUITAR-FX\Mono_Continuous\Audio\BD2\G81-73609-BD2-G4.2T3.7-20979.wav,998
37.890133,52.72945,Mono_Continuous,BD2,C:\TCC\Reproduzir_artigo\data\GUITAR-FX\Mono_Continuous\Audio\BD2\G81-74610-BD2-G5.9T2.2-20980.wav,998
-76.0361,8.213134,Mono_Continuous,BD2,C:\TCC\Reproduzir_artigo\data\GUITAR-FX\Mono_Continuous\Audio\BD2\G83-40100-BD2-G6.4T3.4-20983.wav,998
-41.86543,20.300028,Mono_Continuous,BD2,C:\TCC\Reproduzir_artigo\data\GUITAR-FX\Mono_Continuous\Audio\BD2\G83-44104-BD2-G3.7T6.6-20987.wav,998
-51.149837,5.2094517,Mono_Continuous,BD2,C:\TCC\Reproduzir_artigo\data\GUITAR-FX\Mono_Continuous\Audio\BD2\G83-45200-BD2-G6.4T7.6-20996.wav,998
-55.904377,-10.670919,Mono_Continuous,BD2,C:\TCC\Reproduzir_artigo\data\GUITAR-FX\Mono_Continuous\Audio\BD2\G83-46106-BD2-G9.4T6.7-20989.wav,998
-55.75761,-9.003872,Mono_Continuous,BD2,C:\TCC\Reproduzir_artigo\data\GUITAR-FX\Mono_Continuous\Audio\BD2\G83-46201-BD2-G8.4T6.1-20997.wav,998
-61.68733,-13.515515,Mono_Continuous,BD2,C:\TCC\Reproduzir_artigo\data\GUITAR-FX\Mono_Continuous\Audio\BD2\G83-49109-BD2-G9.1T1.2-20992.wav,998
-43.86668,5.650173,Mono_Continuous,BD2,C:\TCC\Reproduzir_artigo\data\GUITAR-FX\Mono_Continuous\Audio\BD2\G83-50205-BD2-G5.2T7.5-21001.wav,998
-46.39603,-7.098964,Mono_Continuous,BD2,C:\TCC\Reproduzir_artigo\data\GUITAR-FX\Mono_Continuous\Audio\BD2\G83-50205-BD2-G7.4T1.9-21001.wav,998
-33.65982,19.017948,Mono_Continuous,BD2,C:\TCC\Reproduzir_artigo\data\GUITAR-FX\Mono_Continuous\Audio\BD2\G83-51111-BD2-G2.4T8.3-20994.wav,998
-34.166058,7.190141,Mono_Continuous,BD2,C:\TCC\Reproduzir_artigo\data\GUITAR-FX\Mono_Continuous\Audio\BD2\G83-51206-BD2-G3.4T0.3-21002.wav,998
-42.244255,-19.318361,Mono_Continuous,BD2,C:\TCC\Reproduzir_artigo\data\GUITAR-FX\Mono_Continuous\Audio\BD2\G83-52112-BD2-G6.2T7-20995.wav,998
-31.345003,7.778503,Mono_Continuous,BD2,C:\TCC\Reproduzir_artigo\data\GUITAR-FX\Mono_Continuous\Audio\BD2\G83-52302-BD2-G2.2T7.4-21011.wav,998
-38.552612,-13.699545,Mono_Continuous,BD2,C:\TCC\Reproduzir_artigo\data\GUITAR-FX\Mono_Continuous\Audio\BD2\G83-52302-BD2-G6.7T9.4-21011.wav,998
-36.125374,-17.344994,Mono_Continuous,BD2,C:\TCC\Reproduzir_artigo\data\GUITAR-FX\Mono_Continuous\Audio\BD2\G83-53208-BD2-G8.4T6.1-21004.wav,998
-34.95942,-19.489319,Mono_Continuous,BD2,C:\TCC\Reproduzir_artigo\data\GUITAR-FX\Mono_Continuous\Audio\BD2\G83-53303-BD2-G5.3T7.2-21012.wav,998
-26.751854,-14.000712,Mono_Continuous,BD2,C:\TCC\Reproduzir_artigo\data\GUITAR-FX\Mono_Continuous\Audio\BD2\G83-55210-BD2-G8.5T1.1-21006.wav,998
-13.661864,-21.391237,Mono_Continuous,BD2,C:\TCC\Reproduzir_artigo\data\GUITAR-FX\Mono_Continuous\Audio\BD2\G83-57212-BD2-G9.1T9.1-21008.wav,998
15.88532,-11.199025,Mono_Continuous,BD2,C:\TCC\Reproduzir_artigo\data\GUITAR-FX\Mono_Continuous\Audio\BD2\G83-61406-BD2-G5.6T0.3-21028.wav,998
33.031498,-38.488598,Mono_Continuous,BD2,C:\TCC\Reproduzir_artigo\data\GUITAR-FX\Mono_Continuous\Audio\BD2\G83-61502-BD2-G2.8T9.8-21037.wav,998
17.667313,-10.794425,Mono_Continuous,BD2,C:\TCC\Reproduzir_artigo\data\GUITAR-FX\Mono_Continuous\Audio\BD2\G83-62407-BD2-G3.4T6.3-21029.wav,998
41.58481,-36.156696,Mono_Continuous,BD2,C:\TCC\Reproduzir_artigo\data\GUITAR-FX\Mono_Continuous\Audio\BD2\G83-63408-BD2-G6T9.8-21030.wav,998
31.960222,1.1688222,Mono_Continuous,BD2,C:\TCC\Reproduzir_artigo\data\GUITAR-FX\Mono_Continuous\Audio\BD2\G83-64409-BD2-G2.5T1-21031.wav,998
48.158226,-0.72781086,Mono_Continuous,BD2,C:\TCC\Reproduzir_artigo\data\GUITAR-FX\Mono_Continuous\Audio\BD2\G83-64505-BD2-G2.4T9.1-21040.wav,998
61.169857,-16.22721,Mono_Continuous,BD2,C:\TCC\Reproduzir_artigo\data\GUITAR-FX\Mono_Continuous\Audio\BD2\G83-64600-BD2-G9.3T9.6-21048.wav,998
48.454895,-32.10228,Mono_Continuous,BD2,C:\TCC\Reproduzir_artigo\data\GUITAR-FX\Mono_Continuous\Audio\BD2\G83-65410-BD2-G8.5T3.3-21032.wav,998
58.963116,8.721706,Mono_Continuous,BD2,C:\TCC\Reproduzir_artigo\data\GUITAR-FX\Mono_Continuous\Audio\BD2\G83-67508-BD2-G9.4T4.3-21043.wav,998
72.36505,14.172567,Mono_Continuous,BD2,C:\TCC\Reproduzir_artigo\data\GUITAR-FX\Mono_Continuous\Audio\BD2\G83-68509-BD2-G9.6T2.6-21044.wav,998
44.158722,29.154837,Mono_Continuous,BD2,C:\TCC\Reproduzir_artigo\data\GUITAR-FX\Mono_Continuous\Audio\BD2\G83-69605-BD2-G8.2T1.7-21053.wav,998
56.86542,51.617615,Mono_Continuous,BD2,C:\TCC\Reproduzir_artigo\data\GUITAR-FX\Mono_Continuous\Audio\BD2\G83-71512-BD2-G9.5T0.7-21047.wav,998
47.8663,48.559853,Mono_Continuous,BD2,C:\TCC\Reproduzir_artigo\data\GUITAR-FX\Mono_Continuous\Audio\BD2\G83-75611-BD2-G5.5T3.8-21059.wav,998
29.61513,56.78159,Mono_Continuous,BD2,C:\TCC\Reproduzir_artigo\data\GUITAR-FX\Mono_Continuous\Audio\BD2\G83-76612-BD2-G3.6T7.9-21060.wav,998
28.663815,59.554993,Mono_Continuous,BD2,C:\TCC\Reproduzir_artigo\data\GUITAR-FX\Mono_Continuous\Audio\BD2\G83-76612-BD2-G7.4T1.9-21060.wav,998
-50.325413,26.669971,Mono_Continuous,BD2,C:\TCC\Reproduzir_artigo\data\GUITAR-FX\Mono_Continuous\Audio\BD2\G91-40100-BD2-G6.5T7.9-21061.wav,998
-49.522827,24.556423,Mono_Continuous,BD2,C:\TCC\Reproduzir_artigo\data\GUITAR-FX\Mono_Continuous\Audio\BD2\G91-44104-BD2-G8.5T2.7-21065.wav,998
-42.252747,23.586962,Mono_Continuous,BD2,C:\TCC\Reproduzir_artigo\data\GUITAR-FX\Mono_Continuous\Audio\BD2\G91-46106-BD2-G5.6T4.4-21067.wav,998
-53.523518,0.01618526,Mono_Continuous,BD2,C:\TCC\Reproduzir_artigo\data\GUITAR-FX\Mono_Continuous\Audio\BD2\G91-46201-BD2-G7.4T4.4-21075.wav,998
-51.10178,-1.1360912,Mono_Continuous,BD2,C:\TCC\Reproduzir_artigo\data\GUITAR-FX\Mono_Continuous\Audio\BD2\G91-47107-BD2-G8.3T8-21068.wav,998
-51.079582,-1.1250722,Mono_Continuous,BD2,C:\TCC\Reproduzir_artigo\data\GUITAR-FX\Mono_Continuous\Audio\BD2\G91-47107-BD2-G9.4T9.5-21068.wav,998
-44.924843,21.374506,Mono_Continuous,BD2,C:\TCC\Reproduzir_artigo\data\GUITAR-FX\Mono_Continuous\Audio\BD2\G91-47202-BD2-G4.6T4.7-21076.wav,998
-40.82172,20.67286,Mono_Continuous,BD2,C:\TCC\Reproduzir_artigo\data\GUITAR-FX\Mono_Continuous\Audio\BD2\G91-49109-BD2-G6.5T4.6-21070.wav,998
-39.311184,-15.691726,Mono_Continuous,BD2,C:\TCC\Reproduzir_artigo\data\GUITAR-FX\Mono_Continuous\Audio\BD2\G91-52207-BD2-G7.4T6.5-21081.wav,998
-25.775074,26.7548,Mono_Continuous,BD2,C:\TCC\Reproduzir_artigo\data\GUITAR-FX\Mono_Continuous\Audio\BD2\G91-53303-BD2-G3.1T3-21090.wav,998
-47.456528,-33.47744,Mono_Continuous,BD2,C:\TCC\Reproduzir_artigo\data\GUITAR-FX\Mono_Continuous\Audio\BD2\G91-55210-BD2-G7.7T8.5-21084.wav,998
-6.5871916,-50.062424,Mono_Continuous,BD2,C:\TCC\Reproduzir_artigo\data\GUITAR-FX\Mono_Continuous\Audio\BD2\G91-59309-BD2-G8.5T7.7-21096.wav,998
-7.987012,-36.525814,Mono_Continuous,BD2,C:\TCC\Reproduzir_artigo\data\GUITAR-FX\Mono_Continuous\Audio\BD2\G91-59404-BD2-G9.2T4.2-21104.wav,998
17.295189,-0.031199219,Mono_Continuous,BD2,C:\TCC\Reproduzir_artigo\data\GUITAR-FX\Mono_Continuous\Audio\BD2\G91-61311-BD2-G3.3T0.7-21098.wav,998
57.21613,-33.380783,Mono_Continuous,BD2,C:\TCC\Reproduzir_artigo\data\GUITAR-FX\Mono_Continuous\Audio\BD2\G91-64505-BD2-G7.1T9.5-21118.wav,998
49.23868,1.744418,Mono_Continuous,BD2,C:\TCC\Reproduzir_artigo\data\GUITAR-FX\Mono_Continuous\Audio\BD2\G91-67412-BD2-G2.6T5.6-21112.wav,998
60.075787,-37.856644,Mono_Continuous,BD2,C:\TCC\Reproduzir_artigo\data\GUITAR-FX\Mono_Continuous\Audio\BD2\G91-67412-BD2-G5.9T6-21112.wav,998
60.21813,-38.545868,Mono_Continuous,BD2,C:\TCC\Reproduzir_artigo\data\GUITAR-FX\Mono_Continuous\Audio\BD2\G91-67412-BD2-G7.8T6.8-21112.wav,998
58.171326,12.477586,Mono_Continuous,BD2,C:\TCC\Reproduzir_artigo\data\GUITAR-FX\Mono_Continuous\Audio\BD2\G91-67603-BD2-G6.9T5.1-21129.wav,998
58.227943,12.444576,Mono_Continuous,BD2,C:\TCC\Reproduzir_artigo\data\GUITAR-FX\Mono_Continuous\Audio\BD2\G91-67603-BD2-G7.3T7.8-21129.wav,998
58.639946,34.972668,Mono_Continuous,BD2,C:\TCC\Reproduzir_artigo\data\GUITAR-FX\Mono_Continuous\Audio\BD2\G91-70606-BD2-G6.4T0.5-21132.wav,998
65.29353,48.056065,Mono_Continuous,BD2,C:\TCC\Reproduzir_artigo\data\GUITAR-FX\Mono_Continuous\Audio\BD2\G91-71607-BD2-G5.6T9.7-21133.wav,998
-74.983315,14.430501,Mono_Continuous,BD2,C:\TCC\Reproduzir_artigo\data\GUITAR-FX\Mono_Continuous\Audio\BD2\G93-42102-BD2-G2.4T3.1-21141.wav,998
-74.71058,14.086214,Mono_Continuous,BD2,C:\TCC\Reproduzir_artigo\data\GUITAR-FX\Mono_Continuous\Audio\BD2\G93-42102-BD2-G5.5T0.2-21141.wav,998
-53.333355,-7.1770797,Mono_Continuous,BD2,C:\TCC\Reproduzir_artigo\data\GUITAR-FX\Mono_Continuous\Audio\BD2\G93-45200-BD2-G9T6.1-21152.wav,998
-53.33986,0.3625435,Mono_Continuous,BD2,C:\TCC\Reproduzir_artigo\data\GUITAR-FX\Mono_Continuous\Audio\BD2\G93-46106-BD2-G6.4T5.3-21145.wav,998
-54.916275,4.514914,Mono_Continuous,BD2,C:\TCC\Reproduzir_artigo\data\GUITAR-FX\Mono_Continuous\Audio\BD2\G93-46106-BD2-G9.5T0.3-21145.wav,998
-45.423946,15.946621,Mono_Continuous,BD2,C:\TCC\Reproduzir_artigo\data\GUITAR-FX\Mono_Continuous\Audio\BD2\G93-47202-BD2-G3.1T7.2-21154.wav,998
-50.42934,-11.452986,Mono_Continuous,BD2,C:\TCC\Reproduzir_artigo\data\GUITAR-FX\Mono_Continuous\Audio\BD2\G93-48203-BD2-G9.4T6.7-21155.wav,998
-40.398293,18.301777,Mono_Continuous,BD2,C:\TCC\Reproduzir_artigo\data\GUITAR-FX\Mono_Continuous\Audio\BD2\G93-49109-BD2-G2T0.3-21148.wav,998
-47.881813,-9.633695,Mono_Continuous,BD2,C:\TCC\Reproduzir_artigo\data\GUITAR-FX\Mono_Continuous\Audio\BD2\G93-51206-BD2-G8.7T3.9-21158.wav,998
-42.821045,-14.955155,Mono_Continuous,BD2,C:\TCC\Reproduzir_artigo\data\GUITAR-FX\Mono_Continuous\Audio\BD2\G93-51301-BD2-G3.2T7.6-21166.wav,998
-38.68023,-8.394603,Mono_Continuous,BD2,C:\TCC\Reproduzir_artigo\data\GUITAR-FX\Mono_Continuous\Audio\BD2\G93-52207-BD2-G7.5T1.2-21159.wav,998
-35.458378,-20.750568,Mono_Continuous,BD2,C:\TCC\Reproduzir_artigo\data\GUITAR-FX\Mono_Continuous\Audio\BD2\G93-53303-BD2-G5.7T6.9-21168.wav,998
-23.107716,-13.721631,Mono_Continuous,BD2,C:\TCC\Reproduzir_artigo\data\GUITAR-FX\Mono_Continuous\Audio\BD2\G93-54304-BD2-G6.5T9.7-21169.wav,998
-23.200552,-12.896111,Mono_Continuous,BD2,C:\TCC\Reproduzir_artigo\data\GUITAR-FX\Mono_Continuous\Audio\BD2\G93-54304-BD2-G8.8T7.5-21169.wav,998
-26.72562,-22.874615,Mono_Continuous,BD2,C:\TCC\Reproduzir_artigo\data\GUITAR-FX\Mono_Continuous\Audio\BD2\G93-55305-BD2-G6.9T8.2-21170.wav,998
-7.8319926,10.620992,Mono_Continuous,BD2,C:\TCC\Reproduzir_artigo\data\GUITAR-FX\Mono_Continuous\Audio\BD2\G93-57307-BD2-G3T5.7-21172.wav,998
10.893023,-6.1242394,Mono_Continuous,BD2,C:\TCC\Reproduzir_artigo\data\GUITAR-FX\Mono_Continuous\Audio\BD2\G93-58308-BD2-G2.8T4.6-21173.wav,998
-8.023957,-25.053738,Mono_Continuous,BD2,C:\TCC\Reproduzir_artigo\data\GUITAR-FX\Mono_Continuous\Audio\BD2\G93-59309-BD2-G7.9T1.6-21174.wav,998
16.133884,-11.588286,Mono_Continuous,BD2,C:\TCC\Reproduzir_artigo\data\GUITAR-FX\Mono_Continuous\Audio\BD2\G93-61311-BD2-G3.1T1.9-21176.wav,998
14.357312,-15.018548,Mono_Continuous,BD2,C:\TCC\Reproduzir_artigo\data\GUITAR-FX\Mono_Continuous\Audio\BD2\G93-61311-BD2-G7T1.8-21176.wav,998
23.279781,-20.46462,Mono_Continuous,BD2,C:\TCC\Reproduzir_artigo\data\GUITAR-FX\Mono_Continuous\Audio\BD2\G93-62407-BD2-G9.8T0.5-21185.wav,998
45.506985,-38.077164,Mono_Continuous,BD2,C:\TCC\Reproduzir_artigo\data\GUITAR-FX\Mono_Continuous\Audio\BD2\G93-63408-BD2-G9.6T9.1-21186.wav,998
46.01588,-2.8070788,Mono_Continuous,BD2,C:\TCC\Reproduzir_artigo\data\GUITAR-FX\Mono_Continuous\Audio\BD2\G93-65506-BD2-G4.7T7.7-21197.wav,998
42.042595,-20.021654,Mono_Continuous,BD2,C:\TCC\Reproduzir_artigo\data\GUITAR-FX\Mono_Continuous\Audio\BD2\G93-66411-BD2-G3T3-21189.wav,998
72.74883,-13.404722,Mono_Continuous,BD2,C:\TCC\Reproduzir_artigo\data\GUITAR-FX\Mono_Continuous\Audio\BD2\G93-66602-BD2-G2.6T1.2-21206.wav,998
51.266987,6.114857,Mono_Continuous,BD2,C:\TCC\Reproduzir_artigo\data\GUITAR-FX\Mono_Continuous\Audio\BD2\G93-67508-BD2-G6.8T0.1-21199.wav,998
66.159134,11.023716,Mono_Continuous,BD2,C:\TCC\Reproduzir_artigo\data\GUITAR-FX\Mono_Continuous\Audio\BD2\G93-68509-BD2-G3.4T0.4-21200.wav,998
66.182884,11.027114,Mono_Continuous,BD2,C:\TCC\Reproduzir_artigo\data\GUITAR-FX\Mono_Continuous\Audio\BD2\G93-68509-BD2-G3.6T4.1-21200.wav,998
66.44807,10.895482,Mono_Continuous,BD2,C:\TCC\Reproduzir_artigo\data\GUITAR-FX\Mono_Continuous\Audio\BD2\G93-68509-BD2-G6.2T3-21200.wav,998
67.211716,20.8584,Mono_Continuous,BD2,C:\TCC\Reproduzir_artigo\data\GUITAR-FX\Mono_Continuous\Audio\BD2\G93-68604-BD2-G4.2T2.3-21208.wav,998
59.343575,33.879288,Mono_Continuous,BD2,C:\TCC\Reproduzir_artigo\data\GUITAR-FX\Mono_Continuous\Audio\BD2\G93-70606-BD2-G5.2T6.3-21210.wav,998
65.214005,45.686134,Mono_Continuous,BD2,C:\TCC\Reproduzir_artigo\data\GUITAR-FX\Mono_Continuous\Audio\BD2\G93-71512-BD2-G3.9T7.4-21203.wav,998
60.18909,52.18461,Mono_Continuous,BD2,C:\TCC\Reproduzir_artigo\data\GUITAR-FX\Mono_Continuous\Audio\BD2\G93-71512-BD2-G6.4T2-21203.wav,998
62.36514,42.61768,Mono_Continuous,BD2,C:\TCC\Reproduzir_artigo\data\GUITAR-FX\Mono_Continuous\Audio\BD2\G93-74610-BD2-G3.5T3.8-21214.wav,998
-81.273895,-20.816826,Mono_Continuous,BMF,C:\TCC\Reproduzir_artigo\data\GUITAR-FX\Mono_Continuous\Audio\BMF\G61-41101-BMF-S2.5T0.3-20594.wav,998
-81.253555,-20.860945,Mono_Continuous,BMF,C:\TCC\Reproduzir_artigo\data\GUITAR-FX\Mono_Continuous\Audio\BMF\G61-42102-BMF-S6.6T1-20595.wav,998
-76.14126,-23.350525,Mono_Continuous,BMF,C:\TCC\Reproduzir_artigo\data\GUITAR-FX\Mono_Continuous\Audio\BMF\G61-43103-BMF-S8.8T4.4-20596.wav,998
-73.80947,-35.116325,Mono_Continuous,BMF,C:\TCC\Reproduzir_artigo\data\GUITAR-FX\Mono_Continuous\Audio\BMF\G61-46106-BMF-S7.2T9.7-20599.wav,998
-73.77016,-35.026913,Mono_Continuous,BMF,C:\TCC\Reproduzir_artigo\data\GUITAR-FX\Mono_Continuous\Audio\BMF\G61-46106-BMF-S9.3T8.2-20599.wav,998
-74.863785,-23.163681,Mono_Continuous,BMF,C:\TCC\Reproduzir_artigo\data\GUITAR-FX\Mono_Continuous\Audio\BMF\G61-46201-BMF-S5.7T3.7-20607.wav,998
-72.21872,-32.985203,Mono_Continuous,BMF,C:\TCC\Reproduzir_artigo\data\GUITAR-FX\Mono_Continuous\Audio\BMF\G61-47107-BMF-S6.1T1.5-20600.wav,998
-72.27433,-33.08138,Mono_Continuous,BMF,C:\TCC\Reproduzir_artigo\data\GUITAR-FX\Mono_Continuous\Audio\BMF\G61-47107-BMF-S6.5T3-20600.wav,998
-72.7144,-33.74607,Mono_Continuous,BMF,C:\TCC\Reproduzir_artigo\data\GUITAR-FX\Mono_Continuous\Audio\BMF\G61-47107-BMF-S6.8T6.4-20600.wav,998
-70.70683,-33.41012,Mono_Continuous,BMF,C:\TCC\Reproduzir_artigo\data\GUITAR-FX\Mono_Continuous\Audio\BMF\G61-48203-BMF-S6.8T5.2-20609.wav,998
-69.16984,-35.07438,Mono_Continuous,BMF,C:\TCC\Reproduzir_artigo\data\GUITAR-FX\Mono_Continuous\Audio\BMF\G61-51206-BMF-S4.8T2.7-20612.wav,998
-62.84602,-42.343548,Mono_Continuous,BMF,C:\TCC\Reproduzir_artigo\data\GUITAR-FX\Mono_Continuous\Audio\BMF\G61-52112-BMF-S9.2T7.4-20605.wav,998
-68.17597,-36.53174,Mono_Continuous,BMF,C:\TCC\Reproduzir_artigo\data\GUITAR-FX\Mono_Continuous\Audio\BMF\G61-55210-BMF-S5T0-20616.wav,998
-36.23864,-41.781353,Mono_Continuous,BMF,C:\TCC\Reproduzir_artigo\data\GUITAR-FX\Mono_Continuous\Audio\BMF\G61-55305-BMF-S7.2T8.8-20624.wav,998
-21.716883,-53.282562,Mono_Continuous,BMF,C:\TCC\Reproduzir_artigo\data\GUITAR-FX\Mono_Continuous\Audio\BMF\G61-57212-BMF-S6.5T0.1-20618.wav,998
-10.217401,-44.20919,Mono_Continuous,BMF,C:\TCC\Reproduzir_artigo\data\GUITAR-FX\Mono_Continuous\Audio\BMF\G61-59500-BMF-S5.2T4.7-20645.wav,998
19.00216,-37.580643,Mono_Continuous,BMF,C:\TCC\Reproduzir_artigo\data\GUITAR-FX\Mono_Continuous\Audio\BMF\G61-61406-BMF-S4.3T1.3-20638.wav,998
41.74983,-34.172707,Mono_Continuous,BMF,C:\TCC\Reproduzir_artigo\data\GUITAR-FX\Mono_Continuous\Audio\BMF\G61-63408-BMF-S6.4T7.2-20640.wav,998
52.072353,-11.449642,Mono_Continuous,BMF,C:\TCC\Reproduzir_artigo\data\GUITAR-FX\Mono_Continuous\Audio\BMF\G61-64505-BMF-S3.9T3.3-20650.wav,998
53.43884,-9.818939,Mono_Continuous,BMF,C:\TCC\Reproduzir_artigo\data\GUITAR-FX\Mono_Continuous\Audio\BMF\G61-64600-BMF-S7.7T0.3-20658.wav,998
72.07385,17.22333,Mono_Continuous,BMF,C:\TCC\Reproduzir_artigo\data\GUITAR-FX\Mono_Continuous\Audio\BMF\G61-68509-BMF-S4.9T2.6-20654.wav,998
66.46402,18.3927,Mono_Continuous,BMF,C:\TCC\Reproduzir_artigo\data\GUITAR-FX\Mono_Continuous\Audio\BMF\G61-68604-BMF-S9.9T3.3-20662.wav,998
43.247738,32.43675,Mono_Continuous,BMF,C:\TCC\Reproduzir_artigo\data\GUITAR-FX\Mono_Continuous\Audio\BMF\G61-69605-BMF-S5.4T7.4-20663.wav,998
47.941513,50.63103,Mono_Continuous,BMF,C:\TCC\Reproduzir_artigo\data\GUITAR-FX\Mono_Continuous\Audio\BMF\G61-75611-BMF-S3.1T0.9-20669.wav,998
48.421238,50.58417,Mono_Continuous,BMF,C:\TCC\Reproduzir_artigo\data\GUITAR-FX\Mono_Continuous\Audio\BMF\G61-75611-BMF-S5.7T4.8-20669.wav,998
-78.4873,-16.4225,Mono_Continuous,BMF,C:\TCC\Reproduzir_artigo\data\GUITAR-FX\Mono_Continuous\Audio\BMF\G63-41101-BMF-S4.2T4.8-20672.wav,998
-78.016975,-9.122094,Mono_Continuous,BMF,C:\TCC\Reproduzir_artigo\data\GUITAR-FX\Mono_Continuous\Audio\BMF\G63-43103-BMF-S7.5T7.4-20674.wav,998
-76.894394,-6.638102,Mono_Continuous,BMF,C:\TCC\Reproduzir_artigo\data\GUITAR-FX\Mono_Continuous\Audio\BMF\G63-44104-BMF-S6.5T5.3-20675.wav,998
-72.960495,-15.947946,Mono_Continuous,BMF,C:\TCC\Reproduzir_artigo\data\GUITAR-FX\Mono_Continuous\Audio\BMF\G63-45200-BMF-S5.5T3-20684.wav,998
-65.231964,-18.903994,Mono_Continuous,BMF,C:\TCC\Reproduzir_artigo\data\GUITAR-FX\Mono_Continuous\Audio\BMF\G63-46201-BMF-S6.1T3.7-20685.wav,998
-63.594234,-27.022532,Mono_Continuous,BMF,C:\TCC\Reproduzir_artigo\data\GUITAR-FX\Mono_Continuous\Audio\BMF\G63-48108-BMF-S6.5T2.3-20679.wav,998
-70.52084,-33.205578,Mono_Continuous,BMF,C:\TCC\Reproduzir_artigo\data\GUITAR-FX\Mono_Continuous\Audio\BMF\G63-48203-BMF-S8.1T5.4-20687.wav,998
-48.04311,-3.5713518,Mono_Continuous,BMF,C:\TCC\Reproduzir_artigo\data\GUITAR-FX\Mono_Continuous\Audio\BMF\G63-50110-BMF-S5T8.7-20681.wav,998
-62.05664,-27.974224,Mono_Continuous,BMF,C:\TCC\Reproduzir_artigo\data\GUITAR-FX\Mono_Continuous\Audio\BMF\G63-50205-BMF-S5.1T0.4-20689.wav,998
-60.041065,-28.32873,Mono_Continuous,BMF,C:\TCC\Reproduzir_artigo\data\GUITAR-FX\Mono_Continuous\Audio\BMF\G63-51206-BMF-S7.9T3.3-20690.wav,998
-59.469616,-37.370754,Mono_Continuous,BMF,C:\TCC\Reproduzir_artigo\data\GUITAR-FX\Mono_Continuous\Audio\BMF\G63-54209-BMF-S2.1T5.5-20693.wav,998
-39.4677,-36.651512,Mono_Continuous,BMF,C:\TCC\Reproduzir_artigo\data\GUITAR-FX\Mono_Continuous\Audio\BMF\G63-54304-BMF-S7.2T3.6-20701.wav,998
-38.41049,-39.244392,Mono_Continuous,BMF,C:\TCC\Reproduzir_artigo\data\GUITAR-FX\Mono_Continuous\Audio\BMF\G63-55305-BMF-S9.8T4.4-20702.wav,998
-23.534765,-44.341778,Mono_Continuous,BMF,C:\TCC\Reproduzir_artigo\data\GUITAR-FX\Mono_Continuous\Audio\BMF\G63-56401-BMF-S5.1T1.5-20711.wav,998
-23.198626,-51.812687,Mono_Continuous,BMF,C:\TCC\Reproduzir_artigo\data\GUITAR-FX\Mono_Continuous\Audio\BMF\G63-57212-BMF-S8T5.4-20696.wav,998
-23.244833,-51.75474,Mono_Continuous,BMF,C:\TCC\Reproduzir_artigo\data\GUITAR-FX\Mono_Continuous\Audio\BMF\G63-57212-BMF-S9.3T6.4-20696.wav,998
-17.007423,-48.92048,Mono_Continuous,BMF,C:\TCC\Reproduzir_artigo\data\GUITAR-FX\Mono_Continuous\Audio\BMF\G63-58308-BMF-S3.6T5.8-20705.wav,998
-8.363691,-49.688618,Mono_Continuous,BMF,C:\TCC\Reproduzir_artigo\data\GUITAR-FX\Mono_Continuous\Audio\BMF\G63-59309-BMF-S7.3T5-20706.wav,998
-15.120833,-51.75694,Mono_Continuous,BMF,C:\TCC\Reproduzir_artigo\data\GUITAR-FX\Mono_Continuous\Audio\BMF\G63-59500-BMF-S4.2T1.1-20723.wav,998
-13.395656,-54.189846,Mono_Continuous,BMF,C:\TCC\Reproduzir_artigo\data\GUITAR-FX\Mono_Continuous\Audio\BMF\G63-60310-BMF-S2.8T3.4-20707.wav,998
-13.249822,-54.16189,Mono_Continuous,BMF,C:\TCC\Reproduzir_artigo\data\GUITAR-FX\Mono_Continuous\Audio\BMF\G63-60310-BMF-S8.4T3-20707.wav,998
-14.971335,-54.533787,Mono_Continuous,BMF,C:\TCC\Reproduzir_artigo\data\GUITAR-FX\Mono_Continuous\Audio\BMF\G63-60405-BMF-S10T1.9-20715.wav,998
-14.968118,-54.506527,Mono_Continuous,BMF,C:\TCC\Reproduzir_artigo\data\GUITAR-FX\Mono_Continuous\Audio\BMF\G63-60405-BMF-S8.1T2.2-20715.wav,998
23.923683,-49.597687,Mono_Continuous,BMF,C:\TCC\Reproduzir_artigo\data\GUITAR-FX\Mono_Continuous\Audio\BMF\G63-61502-BMF-S5.9T8.9-20725.wav,998
17.845224,-33.087067,Mono_Continuous,BMF,C:\TCC\Reproduzir_artigo\data\GUITAR-FX\Mono_Continuous\Audio\BMF\G63-62503-BMF-S7.6T2.7-20726.wav,998
45.266697,-16.248152,Mono_Continuous,BMF,C:\TCC\Reproduzir_artigo\data\GUITAR-FX\Mono_Continuous\Audio\BMF\G63-63504-BMF-S4.9T1.1-20727.wav,998
51.188747,-9.098481,Mono_Continuous,BMF,C:\TCC\Reproduzir_artigo\data\GUITAR-FX\Mono_Continuous\Audio\BMF\G63-64409-BMF-S5.2T2.6-20719.wav,998
52.006233,-8.727217,Mono_Continuous,BMF,C:\TCC\Reproduzir_artigo\data\GUITAR-FX\Mono_Continuous\Audio\BMF\G63-64505-BMF-S3.4T3.4-20728.wav,998
51.744762,-8.706545,Mono_Continuous,BMF,C:\TCC\Reproduzir_artigo\data\GUITAR-FX\Mono_Continuous\Audio\BMF\G63-64505-BMF-S9.2T2.7-20728.wav,998
58.19969,-13.922793,Mono_Continuous,BMF,C:\TCC\Reproduzir_artigo\data\GUITAR-FX\Mono_Continuous\Audio\BMF\G63-64600-BMF-S6.4T6.2-20736.wav,998
55.83153,13.6739855,Mono_Continuous,BMF,C:\TCC\Reproduzir_artigo\data\GUITAR-FX\Mono_Continuous\Audio\BMF\G63-67508-BMF-S5.1T9.3-20731.wav,998
43.34595,12.641718,Mono_Continuous,BMF,C:\TCC\Reproduzir_artigo\data\GUITAR-FX\Mono_Continuous\Audio\BMF\G63-67603-BMF-S4.5T0.2-20739.wav,998
43.349976,12.6581745,Mono_Continuous,BMF,C:\TCC\Reproduzir_artigo\data\GUITAR-FX\Mono_Continuous\Audio\BMF\G63-67603-BMF-S9.4T0.3-20739.wav,998
71.96562,18.908693,Mono_Continuous,BMF,C:\TCC\Reproduzir_artigo\data\GUITAR-FX\Mono_Continuous\Audio\BMF\G63-68509-BMF-S7.7T7.1-20732.wav,998
43.668087,32.840645,Mono_Continuous,BMF,C:\TCC\Reproduzir_artigo\data\GUITAR-FX\Mono_Continuous\Audio\BMF\G63-69605-BMF-S7.6T7.2-20741.wav,998
54.16628,35.60056,Mono_Continuous,BMF,C:\TCC\Reproduzir_artigo\data\GUITAR-FX\Mono_Continuous\Audio\BMF\G63-70606-BMF-S9.6T5.3-20742.wav,998
35.542515,40.828396,Mono_Continuous,BMF,C:\TCC\Reproduzir_artigo\data\GUITAR-FX\Mono_Continuous\Audio\BMF\G63-72608-BMF-S7.3T0.6-20744.wav,998
39.982872,39.78485,Mono_Continuous,BMF,C:\TCC\Reproduzir_artigo\data\GUITAR-FX\Mono_Continuous\Audio\BMF\G63-73609-BMF-S3.1T8.4-20745.wav,998
35.979237,53.04171,Mono_Continuous,BMF,C:\TCC\Reproduzir_artigo\data\GUITAR-FX\Mono_Continuous\Audio\BMF\G63-74610-BMF-S2.5T4.2-20746.wav,998
46.665485,50.64179,Mono_Continuous,BMF,C:\TCC\Reproduzir_artigo\data\GUITAR-FX\Mono_Continuous\Audio\BMF\G63-75611-BMF-S2.8T1.6-20747.wav,998
-75.48178,-16.057339,Mono_Continuous,BMF,C:\TCC\Reproduzir_artigo\data\GUITAR-FX\Mono_Continuous\Audio\BMF\G71-40100-BMF-S2.8T6.9-20749.wav,998
-73.115204,-13.605755,Mono_Continuous,BMF,C:\TCC\Reproduzir_artigo\data\GUITAR-FX\Mono_Continuous\Audio\BMF\G71-41101-BMF-S7.1T9-20750.wav,998
-74.519455,-14.250425,Mono_Continuous,BMF,C:\TCC\Reproduzir_artigo\data\GUITAR-FX\Mono_Continuous\Audio\BMF\G71-42102-BMF-S3.9T8.5-20751.wav,998
-74.38628,-14.2078705,Mono_Continuous,BMF,C:\TCC\Reproduzir_artigo\data\GUITAR-FX\Mono_Continuous\Audio\BMF\G71-42102-BMF-S7.5T8.7-20751.wav,998
-68.92363,-9.284171,Mono_Continuous,BMF,C:\TCC\Reproduzir_artigo\data\GUITAR-FX\Mono_Continuous\Audio\BMF\G71-47107-BMF-S2.8T4.5-20756.wav,998
-61.47854,-20.163538,Mono_Continuous,BMF,C:\TCC\Reproduzir_artigo\data\GUITAR-FX\Mono_Continuous\Audio\BMF\G71-48108-BMF-S7.4T6-20757.wav,998
-63.616257,-26.764221,Mono_Continuous,BMF,C:\TCC\Reproduzir_artigo\data\GUITAR-FX\Mono_Continuous\Audio\BMF\G71-48203-BMF-S8.5T0.1-20765.wav,998
-60.007748,-29.890285,Mono_Continuous,BMF,C:\TCC\Reproduzir_artigo\data\GUITAR-FX\Mono_Continuous\Audio\BMF\G71-51206-BMF-S8.3T2-20768.wav,998
-27.81489,12.064215,Mono_Continuous,BMF,C:\TCC\Reproduzir_artigo\data\GUITAR-FX\Mono_Continuous\Audio\BMF\G71-52112-BMF-S3.9T4.7-20761.wav,998
-34.54251,-9.576315,Mono_Continuous,BMF,C:\TCC\Reproduzir_artigo\data\GUITAR-FX\Mono_Continuous\Audio\BMF\G71-52207-BMF-S9.3T4.5-20769.wav,998
-60.042484,-32.66653,Mono_Continuous,BMF,C:\TCC\Reproduzir_artigo\data\GUITAR-FX\Mono_Continuous\Audio\BMF\G71-52302-BMF-S7.1T2-20777.wav,998
-39.662033,-37.386383,Mono_Continuous,BMF,C:\TCC\Reproduzir_artigo\data\GUITAR-FX\Mono_Continuous\Audio\BMF\G71-54304-BMF-S4.1T3.5-20779.wav,998
-37.22019,-41.242435,Mono_Continuous,BMF,C:\TCC\Reproduzir_artigo\data\GUITAR-FX\Mono_Continuous\Audio\BMF\G71-55210-BMF-S5.6T5.9-20772.wav,998
-38.156796,-39.688557,Mono_Continuous,BMF,C:\TCC\Reproduzir_artigo\data\GUITAR-FX\Mono_Continuous\Audio\BMF\G71-55305-BMF-S5.7T3.8-20780.wav,998
-25.533878,-37.426514,Mono_Continuous,BMF,C:\TCC\Reproduzir_artigo\data\GUITAR-FX\Mono_Continuous\Audio\BMF\G71-56401-BMF-S8.1T4.5-20789.wav,998
-12.133857,-20.039167,Mono_Continuous,BMF,C:\TCC\Reproduzir_artigo\data\GUITAR-FX\Mono_Continuous\Audio\BMF\G71-57212-BMF-S5.1T7.6-20774.wav,998
-15.632519,-53.517513,Mono_Continuous,BMF,C:\TCC\Reproduzir_artigo\data\GUITAR-FX\Mono_Continuous\Audio\BMF\G71-60310-BMF-S4.8T0.8-20785.wav,998
-15.582131,-53.53258,Mono_Continuous,BMF,C:\TCC\Reproduzir_artigo\data\GUITAR-FX\Mono_Continuous\Audio\BMF\G71-60310-BMF-S8.8T1.3-20785.wav,998
8.182098,-40.77708,Mono_Continuous,BMF,C:\TCC\Reproduzir_artigo\data\GUITAR-FX\Mono_Continuous\Audio\BMF\G71-60405-BMF-S6.2T6.5-20793.wav,998
18.896955,-37.68127,Mono_Continuous,BMF,C:\TCC\Reproduzir_artigo\data\GUITAR-FX\Mono_Continuous\Audio\BMF\G71-61311-BMF-S6.5T1.6-20786.wav,998
24.77543,-45.76389,Mono_Continuous,BMF,C:\TCC\Reproduzir_artigo\data\GUITAR-FX\Mono_Continuous\Audio\BMF\G71-61502-BMF-S3.5T4-20803.wav,998
17.562914,-34.273746,Mono_Continuous,BMF,C:\TCC\Reproduzir_artigo\data\GUITAR-FX\Mono_Continuous\Audio\BMF\G71-62312-BMF-S2.9T2.3-20787.wav,998
17.870518,-32.9795,Mono_Continuous,BMF,C:\TCC\Reproduzir_artigo\data\GUITAR-FX\Mono_Continuous\Audio\BMF\G71-62503-BMF-S6.2T1.4-20804.wav,998
41.84903,-34.285797,Mono_Continuous,BMF,C:\TCC\Reproduzir_artigo\data\GUITAR-FX\Mono_Continuous\Audio\BMF\G71-63408-BMF-S3.5T8.8-20796.wav,998
44.505215,-25.76738,Mono_Continuous,BMF,C:\TCC\Reproduzir_artigo\data\GUITAR-FX\Mono_Continuous\Audio\BMF\G71-63504-BMF-S8.2T2.7-20805.wav,998
57.47982,-23.606697,Mono_Continuous,BMF,C:\TCC\Reproduzir_artigo\data\GUITAR-FX\Mono_Continuous\Audio\BMF\G71-65601-BMF-S3.3T7.9-20815.wav,998
73.91612,-16.88411,Mono_Continuous,BMF,C:\TCC\Reproduzir_artigo\data\GUITAR-FX\Mono_Continuous\Audio\BMF\G71-66507-BMF-S4.9T6-20808.wav,998
68.29132,-10.574659,Mono_Continuous,BMF,C:\TCC\Reproduzir_artigo\data\GUITAR-FX\Mono_Continuous\Audio\BMF\G71-66507-BMF-S7.2T0.4-20808.wav,998
64.942505,-10.949029,Mono_Continuous,BMF,C:\TCC\Reproduzir_artigo\data\GUITAR-FX\Mono_Continuous\Audio\BMF\G71-66602-BMF-S5.7T1.8-20816.wav,998
43.578587,10.558437,Mono_Continuous,BMF,C:\TCC\Reproduzir_artigo\data\GUITAR-FX\Mono_Continuous\Audio\BMF\G71-67412-BMF-S3.3T2.3-20800.wav,998
66.159355,18.077282,Mono_Continuous,BMF,C:\TCC\Reproduzir_artigo\data\GUITAR-FX\Mono_Continuous\Audio\BMF\G71-68604-BMF-S9.8T2.2-20818.wav,998
38.549503,29.79874,Mono_Continuous,BMF,C:\TCC\Reproduzir_artigo\data\GUITAR-FX\Mono_Continuous\Audio\BMF\G71-69605-BMF-S5.2T0.6-20819.wav,998
54.66327,34.645065,Mono_Continuous,BMF,C:\TCC\Reproduzir_artigo\data\GUITAR-FX\Mono_Continuous\Audio\BMF\G71-70606-BMF-S2.4T7.8-20820.wav,998
67.50275,55.514908,Mono_Continuous,BMF,C:\TCC\Reproduzir_artigo\data\GUITAR-FX\Mono_Continuous\Audio\BMF\G71-71512-BMF-S8.7T3.8-20813.wav,998
66.66326,57.21456,Mono_Continuous,BMF,C:\TCC\Reproduzir_artigo\data\GUITAR-FX\Mono_Continuous\Audio\BMF\G71-71607-BMF-S5T2.5-20821.wav,998
66.65026,57.24108,Mono_Continuous,BMF,C:\TCC\Reproduzir_artigo\data\GUITAR-FX\Mono_Continuous\Audio\BMF\G71-71607-BMF-S6T1.7-20821.wav,998
37.90955,47.88566,Mono_Continuous,BMF,C:\TCC\Reproduzir_artigo\data\GUITAR-FX\Mono_Continuous\Audio\BMF\G71-73609-BMF-S2.4T1.3-20823.wav,998
49.690807,52.178253,Mono_Continuous,BMF,C:\TCC\Reproduzir_artigo\data\GUITAR-FX\Mono_Continuous\Audio\BMF\G71-75611-BMF-S9.9T4.3-20825.wav,998
-69.13573,-0.84349424,Mono_Continuous,BMF,C:\TCC\Reproduzir_artigo\data\GUITAR-FX\Mono_Continuous\Audio\BMF\G73-42102-BMF-S4T0.7-20829.wav,998
-68.95839,-1.038362,Mono_Continuous,BMF,C:\TCC\Reproduzir_artigo\data\GUITAR-FX\Mono_Continuous\Audio\BMF\G73-43103-BMF-S7.2T1-20830.wav,998
-58.71755,-22.62043,Mono_Continuous,BMF,C:\TCC\Reproduzir_artigo\data\GUITAR-FX\Mono_Continuous\Audio\BMF\G73-49109-BMF-S6.5T1.5-20836.wav,998
-58.749218,-19.047256,Mono_Continuous,BMF,C:\TCC\Reproduzir_artigo\data\GUITAR-FX\Mono_Continuous\Audio\BMF\G73-49204-BMF-S2.9T1.7-20844.wav,998
-58.802586,-19.119715,Mono_Continuous,BMF,C:\TCC\Reproduzir_artigo\data\GUITAR-FX\Mono_Continuous\Audio\BMF\G73-49204-BMF-S5.6T5.8-20844.wav,998
-47.689384,-3.3459003,Mono_Continuous,BMF,C:\TCC\Reproduzir_artigo\data\GUITAR-FX\Mono_Continuous\Audio\BMF\G73-50110-BMF-S9.1T9.7-20837.wav,998
-29.899557,-32.507183,Mono_Continuous,BMF,C:\TCC\Reproduzir_artigo\data\GUITAR-FX\Mono_Continuous\Audio\BMF\G73-53303-BMF-S6.9T7.6-20856.wav,998
-39.684975,-36.328217,Mono_Continuous,BMF,C:\TCC\Reproduzir_artigo\data\GUITAR-FX\Mono_Continuous\Audio\BMF\G73-54209-BMF-S2.5T3.8-20849.wav,998
-30.51813,-13.327275,Mono_Continuous,BMF,C:\TCC\Reproduzir_artigo\data\GUITAR-FX\Mono_Continuous\Audio\BMF\G73-54304-BMF-S4.4T1.2-20857.wav,998
-28.33085,-11.159242,Mono_Continuous,BMF,C:\TCC\Reproduzir_artigo\data\GUITAR-FX\Mono_Continuous\Audio\BMF\G73-55210-BMF-S3.1T3.9-20850.wav,998
-24.36483,-40.893154,Mono_Continuous,BMF,C:\TCC\Reproduzir_artigo\data\GUITAR-FX\Mono_Continuous\Audio\BMF\G73-56306-BMF-S2.8T2.2-20859.wav,998
-24.186705,-40.198627,Mono_Continuous,BMF,C:\TCC\Reproduzir_artigo\data\GUITAR-FX\Mono_Continuous\Audio\BMF\G73-56306-BMF-S8.3T3.6-20859.wav,998
-24.879845,-40.290565,Mono_Continuous,BMF,C:\TCC\Reproduzir_artigo\data\GUITAR-FX\Mono_Continuous\Audio\BMF\G73-56401-BMF-S3.9T2.6-20867.wav,998
-26.631413,-36.89554,Mono_Continuous,BMF,C:\TCC\Reproduzir_artigo\data\GUITAR-FX\Mono_Continuous\Audio\BMF\G73-56401-BMF-S7.3T9.8-20867.wav,998
-25.913422,-37.080273,Mono_Continuous,BMF,C:\TCC\Reproduzir_artigo\data\GUITAR-FX\Mono_Continuous\Audio\BMF\G73-56401-BMF-S8.8T5.5-20867.wav,998
-2.9194155,-40.76818,Mono_Continuous,BMF,C:\TCC\Reproduzir_artigo\data\GUITAR-FX\Mono_Continuous\Audio\BMF\G73-57402-BMF-S5T7.6-20868.wav,998
2.0341399,-47.86566,Mono_Continuous,BMF,C:\TCC\Reproduzir_artigo\data\GUITAR-FX\Mono_Continuous\Audio\BMF\G73-58308-BMF-S6.1T7-20861.wav,998
14.816858,-36.57805,Mono_Continuous,BMF,C:\TCC\Reproduzir_artigo\data\GUITAR-FX\Mono_Continuous\Audio\BMF\G73-60501-BMF-S8.3T1.3-20880.wav,998
28.051172,-44.406387,Mono_Continuous,BMF,C:\TCC\Reproduzir_artigo\data\GUITAR-FX\Mono_Continuous\Audio\BMF\G73-61406-BMF-S3.4T8-20872.wav,998
28.01598,-44.448627,Mono_Continuous,BMF,C:\TCC\Reproduzir_artigo\data\GUITAR-FX\Mono_Continuous\Audio\BMF\G73-61406-BMF-S4.2T7.2-20872.wav,998
27.93133,-44.627728,Mono_Continuous,BMF,C:\TCC\Reproduzir_artigo\data\GUITAR-FX\Mono_Continuous\Audio\BMF\G73-61406-BMF-S8.4T6.9-20872.wav,998
17.963585,-26.646051,Mono_Continuous,BMF,C:\TCC\Reproduzir_artigo\data\GUITAR-FX\Mono_Continuous\Audio\BMF\G73-62312-BMF-S8.5T7.5-20865.wav,998
17.104492,-26.129322,Mono_Continuous,BMF,C:\TCC\Reproduzir_artigo\data\GUITAR-FX\Mono_Continuous\Audio\BMF\G73-62312-BMF-S8.6T2.1-20865.wav,998
39.41583,-34.161026,Mono_Continuous,BMF,C:\TCC\Reproduzir_artigo\data\GUITAR-FX\Mono_Continuous\Audio\BMF\G73-63408-BMF-S6.7T5.5-20874.wav,998
56.366596,-23.050592,Mono_Continuous,BMF,C:\TCC\Reproduzir_artigo\data\GUITAR-FX\Mono_Continuous\Audio\BMF\G73-65601-BMF-S8.7T5.3-20893.wav,998
67.1004,-8.504592,Mono_Continuous,BMF,C:\TCC\Reproduzir_artigo\data\GUITAR-FX\Mono_Continuous\Audio\BMF\G73-66411-BMF-S8.3T3-20877.wav,998
55.69825,12.728708,Mono_Continuous,BMF,C:\TCC\Reproduzir_artigo\data\GUITAR-FX\Mono_Continuous\Audio\BMF\G73-67508-BMF-S9.1T9.9-20887.wav,998
40.322777,33.800392,Mono_Continuous,BMF,C:\TCC\Reproduzir_artigo\data\GUITAR-FX\Mono_Continuous\Audio\BMF\G73-69605-BMF-S4.2T3.2-20897.wav,998
54.741817,35.39845,Mono_Continuous,BMF,C:\TCC\Reproduzir_artigo\data\GUITAR-FX\Mono_Continuous\Audio\BMF\G73-70511-BMF-S5.9T5.3-20890.wav,998
63.958435,52.499763,Mono_Continuous,BMF,C:\TCC\Reproduzir_artigo\data\GUITAR-FX\Mono_Continuous\Audio\BMF\G73-71512-BMF-S5.9T5.3-20891.wav,998
63.9111,51.501133,Mono_Continuous,BMF,C:\TCC\Reproduzir_artigo\data\GUITAR-FX\Mono_Continuous\Audio\BMF\G73-71607-BMF-S3.5T7.9-20899.wav,998
40.00113,39.74253,Mono_Continuous,BMF,C:\TCC\Reproduzir_artigo\data\GUITAR-FX\Mono_Continuous\Audio\BMF\G73-73609-BMF-S9.1T9.3-20901.wav,998
34.49415,50.703724,Mono_Continuous,BMF,C:\TCC\Reproduzir_artigo\data\GUITAR-FX\Mono_Continuous\Audio\BMF\G73-74610-BMF-S2.6T4-20902.wav,998
27.664412,54.548782,Mono_Continuous,BMF,C:\TCC\Reproduzir_artigo\data\GUITAR-FX\Mono_Continuous\Audio\BMF\G73-76612-BMF-S2.6T3.1-20904.wav,998
27.864393,54.27336,Mono_Continuous,BMF,C:\TCC\Reproduzir_artigo\data\GUITAR-FX\Mono_Continuous\Audio\BMF\G73-76612-BMF-S4.9T0.1-20904.wav,998
-74.751305,-16.42485,Mono_Continuous,BMF,C:\TCC\Reproduzir_artigo\data\GUITAR-FX\Mono_Continuous\Audio\BMF\G81-40100-BMF-S6.2T9.8-20905.wav,998
-80.559204,-17.759542,Mono_Continuous,BMF,C:\TCC\Reproduzir_artigo\data\GUITAR-FX\Mono_Continuous\Audio\BMF\G81-41101-BMF-S7.9T4.5-20906.wav,998
-73.82363,-34.065403,Mono_Continuous,BMF,C:\TCC\Reproduzir_artigo\data\GUITAR-FX\Mono_Continuous\Audio\BMF\G81-45105-BMF-S8T9.1-20910.wav,998
-71.29893,-31.605604,Mono_Continuous,BMF,C:\TCC\Reproduzir_artigo\data\GUITAR-FX\Mono_Continuous\Audio\BMF\G81-47107-BMF-S10T1.5-20912.wav,998
-66.785995,-35.731674,Mono_Continuous,BMF,C:\TCC\Reproduzir_artigo\data\GUITAR-FX\Mono_Continuous\Audio\BMF\G81-52302-BMF-S2.1T1.1-20933.wav,998
-60.050816,-33.581337,Mono_Continuous,BMF,C:\TCC\Reproduzir_artigo\data\GUITAR-FX\Mono_Continuous\Audio\BMF\G81-53303-BMF-S6.4T1.6-20934.wav,998
-35.44647,-40.801964,Mono_Continuous,BMF,C:\TCC\Reproduzir_artigo\data\GUITAR-FX\Mono_Continuous\Audio\BMF\G81-54304-BMF-S6.7T8.8-20935.wav,998
-23.864965,-39.075264,Mono_Continuous,BMF,C:\TCC\Reproduzir_artigo\data\GUITAR-FX\Mono_Continuous\Audio\BMF\G81-56401-BMF-S7.7T5.2-20945.wav,998
-22.225733,-51.801632,Mono_Continuous,BMF,C:\TCC\Reproduzir_artigo\data\GUITAR-FX\Mono_Continuous\Audio\BMF\G81-57212-BMF-S7.9T4.8-20930.wav,998
-15.973737,-38.09955,Mono_Continuous,BMF,C:\TCC\Reproduzir_artigo\data\GUITAR-FX\Mono_Continuous\Audio\BMF\G81-57402-BMF-S5.2T0.3-20946.wav,998
-15.285133,-51.880386,Mono_Continuous,BMF,C:\TCC\Reproduzir_artigo\data\GUITAR-FX\Mono_Continuous\Audio\BMF\G81-59500-BMF-S4T0.3-20957.wav,998
16.67307,-38.135582,Mono_Continuous,BMF,C:\TCC\Reproduzir_artigo\data\GUITAR-FX\Mono_Continuous\Audio\BMF\G81-60310-BMF-S2.3T7.9-20941.wav,998
17.151117,-38.334415,Mono_Continuous,BMF,C:\TCC\Reproduzir_artigo\data\GUITAR-FX\Mono_Continuous\Audio\BMF\G81-61311-BMF-S3.6T5.6-20942.wav,998
19.609255,-23.18159,Mono_Continuous,BMF,C:\TCC\Reproduzir_artigo\data\GUITAR-FX\Mono_Continuous\Audio\BMF\G81-62312-BMF-S5.2T4.5-20943.wav,998
19.707684,-23.213095,Mono_Continuous,BMF,C:\TCC\Reproduzir_artigo\data\GUITAR-FX\Mono_Continuous\Audio\BMF\G81-62503-BMF-S2.1T5.6-20960.wav,998
45.358063,-11.019149,Mono_Continuous,BMF,C:\TCC\Reproduzir_artigo\data\GUITAR-FX\Mono_Continuous\Audio\BMF\G81-64505-BMF-S9.6T1.5-20962.wav,998
55.067886,-29.487764,Mono_Continuous,BMF,C:\TCC\Reproduzir_artigo\data\GUITAR-FX\Mono_Continuous\Audio\BMF\G81-65506-BMF-S6.3T6.1-20963.wav,998
70.20814,-31.108965,Mono_Continuous,BMF,C:\TCC\Reproduzir_artigo\data\GUITAR-FX\Mono_Continuous\Audio\BMF\G81-66411-BMF-S2.6T2.2-20955.wav,998
70.214226,-31.155628,Mono_Continuous,BMF,C:\TCC\Reproduzir_artigo\data\GUITAR-FX\Mono_Continuous\Audio\BMF\G81-66411-BMF-S6.9T4.5-20955.wav,998
74.87839,-17.635681,Mono_Continuous,BMF,C:\TCC\Reproduzir_artigo\data\GUITAR-FX\Mono_Continuous\Audio\BMF\G81-66602-BMF-S6.6T8.5-20972.wav,998
40.14548,27.309954,Mono_Continuous,BMF,C:\TCC\Reproduzir_artigo\data\GUITAR-FX\Mono_Continuous\Audio\BMF\G81-69510-BMF-S3.8T0.8-20967.wav,998
61.912235,32.389065,Mono_Continuous,BMF,C:\TCC\Reproduzir_artigo\data\GUITAR-FX\Mono_Continuous\Audio\BMF\G81-70511-BMF-S2T7.2-20968.wav,998
56.416737,36.349384,Mono_Continuous,BMF,C:\TCC\Reproduzir_artigo\data\GUITAR-FX\Mono_Continuous\Audio\BMF\G81-70606-BMF-S4.4T4.1-20976.wav,998
69.403275,57.286926,Mono_Continuous,BMF,C:\TCC\Reproduzir_artigo\data\GUITAR-FX\Mono_Continuous\Audio\BMF\G81-71512-BMF-S9.1T7.2-20969.wav,998
44.125946,39.987206,Mono_Continuous,BMF,C:\TCC\Reproduzir_artigo\data\GUITAR-FX\Mono_Continuous\Audio\BMF\G81-72608-BMF-S2.7T1.5-20978.wav,998
50.749104,49.937565,Mono_Continuous,BMF,C:\TCC\Reproduzir_artigo\data\GUITAR-FX\Mono_Continuous\Audio\BMF\G81-75611-BMF-S3.8T7.2-20981.wav,998
27.798357,56.00466,Mono_Continuous,BMF,C:\TCC\Reproduzir_artigo\data\GUITAR-FX\Mono_Continuous\Audio\BMF\G81-76612-BMF-S5.7T1.8-20982.wav,998
-82.83188,-18.296183,Mono_Continuous,BMF,C:\TCC\Reproduzir_artigo\data\GUITAR-FX\Mono_Continuous\Audio\BMF\G83-41101-BMF-S2.5T0.6-20984.wav,998
-71.37862,-14.068458,Mono_Continuous,BMF,C:\TCC\Reproduzir_artigo\data\GUITAR-FX\Mono_Continuous\Audio\BMF\G83-41101-BMF-S9.3T9.2-20984.wav,998
-51.495934,2.6058004,Mono_Continuous,BMF,C:\TCC\Reproduzir_artigo\data\GUITAR-FX\Mono_Continuous\Audio\BMF\G83-45200-BMF-S4.7T5.6-20996.wav,998
-61.362396,-26.684341,Mono_Continuous,BMF,C:\TCC\Reproduzir_artigo\data\GUITAR-FX\Mono_Continuous\Audio\BMF\G83-47202-BMF-S7.4T0.3-20998.wav,998
-67.17842,-24.55268,Mono_Continuous,BMF,C:\TCC\Reproduzir_artigo\data\GUITAR-FX\Mono_Continuous\Audio\BMF\G83-48203-BMF-S5.4T6.5-20999.wav,998
-68.59775,-34.62677,Mono_Continuous,BMF,C:\TCC\Reproduzir_artigo\data\GUITAR-FX\Mono_Continuous\Audio\BMF\G83-51111-BMF-S2.2T4.5-20994.wav,998
-59.688152,-28.284029,Mono_Continuous,BMF,C:\TCC\Reproduzir_artigo\data\GUITAR-FX\Mono_Continuous\Audio\BMF\G83-51301-BMF-S3.6T3.2-21010.wav,998
-62.323765,-41.67643,Mono_Continuous,BMF,C:\TCC\Reproduzir_artigo\data\GUITAR-FX\Mono_Continuous\Audio\BMF\G83-52112-BMF-S7.5T6.8-20995.wav,998
-62.185825,-41.88,Mono_Continuous,BMF,C:\TCC\Reproduzir_artigo\data\GUITAR-FX\Mono_Continuous\Audio\BMF\G83-52112-BMF-S8.1T8-20995.wav,998
-62.04133,-42.021725,Mono_Continuous,BMF,C:\TCC\Reproduzir_artigo\data\GUITAR-FX\Mono_Continuous\Audio\BMF\G83-52112-BMF-S8.9T9.2-20995.wav,998
-60.17704,-33.149345,Mono_Continuous,BMF,C:\TCC\Reproduzir_artigo\data\GUITAR-FX\Mono_Continuous\Audio\BMF\G83-52302-BMF-S3.8T0.8-21011.wav,998
-35.26537,-40.581684,Mono_Continuous,BMF,C:\TCC\Reproduzir_artigo\data\GUITAR-FX\Mono_Continuous\Audio\BMF\G83-54209-BMF-S8.7T9-21005.wav,998
-37.095875,-39.94058,Mono_Continuous,BMF,C:\TCC\Reproduzir_artigo\data\GUITAR-FX\Mono_Continuous\Audio\BMF\G83-55400-BMF-S7.3T4.7-21022.wav,998
-22.130302,-47.787273,Mono_Continuous,BMF,C:\TCC\Reproduzir_artigo\data\GUITAR-FX\Mono_Continuous\Audio\BMF\G83-56211-BMF-S6.8T3.5-21007.wav,998
-13.570941,-21.271303,Mono_Continuous,BMF,C:\TCC\Reproduzir_artigo\data\GUITAR-FX\Mono_Continuous\Audio\BMF\G83-57212-BMF-S7T7.1-21008.wav,998
-32.873035,-41.720234,Mono_Continuous,BMF,C:\TCC\Reproduzir_artigo\data\GUITAR-FX\Mono_Continuous\Audio\BMF\G83-57402-BMF-S5.6T7.1-21024.wav,998
-0.30665323,-50.86009,Mono_Continuous,BMF,C:\TCC\Reproduzir_artigo\data\GUITAR-FX\Mono_Continuous\Audio\BMF\G83-58308-BMF-S7.9T9.2-21017.wav,998
23.863548,-49.23334,Mono_Continuous,BMF,C:\TCC\Reproduzir_artigo\data\GUITAR-FX\Mono_Continuous\Audio\BMF\G83-61502-BMF-S4T8.8-21037.wav,998
52.68359,-11.887133,Mono_Continuous,BMF,C:\TCC\Reproduzir_artigo\data\GUITAR-FX\Mono_Continuous\Audio\BMF\G83-64505-BMF-S8.5T6.5-21040.wav,998
57.650097,-24.103424,Mono_Continuous,BMF,C:\TCC\Reproduzir_artigo\data\GUITAR-FX\Mono_Continuous\Audio\BMF\G83-65506-BMF-S7.6T9-21041.wav,998
55.344925,12.998542,Mono_Continuous,BMF,C:\TCC\Reproduzir_artigo\data\GUITAR-FX\Mono_Continuous\Audio\BMF\G83-67508-BMF-S5.2T8.7-21043.wav,998
71.47848,18.218699,Mono_Continuous,BMF,C:\TCC\Reproduzir_artigo\data\GUITAR-FX\Mono_Continuous\Audio\BMF\G83-68604-BMF-S5.3T3.5-21052.wav,998
43.078228,32.770386,Mono_Continuous,BMF,C:\TCC\Reproduzir_artigo\data\GUITAR-FX\Mono_Continuous\Audio\BMF\G83-69605-BMF-S7T6.9-21053.wav,998
41.107277,54.433838,Mono_Continuous,BMF,C:\TCC\Reproduzir_artigo\data\GUITAR-FX\Mono_Continuous\Audio\BMF\G83-74610-BMF-S9.1T5.6-21058.wav,998
41.093388,54.558212,Mono_Continuous,BMF,C:\TCC\Reproduzir_artigo\data\GUITAR-FX\Mono_Continuous\Audio\BMF\G83-74610-BMF-S9.9T1.3-21058.wav,998
-81.26708,-18.29999,Mono_Continuous,BMF,C:\TCC\Reproduzir_artigo\data\GUITAR-FX\Mono_Continuous\Audio\BMF\G91-41101-BMF-S3.8T2.4-21062.wav,998
-81.31947,-23.411114,Mono_Continuous,BMF,C:\TCC\Reproduzir_artigo\data\GUITAR-FX\Mono_Continuous\Audio\BMF\G91-44104-BMF-S8.3T0.1-21065.wav,998
-81.311455,-23.42003,Mono_Continuous,BMF,C:\TCC\Reproduzir_artigo\data\GUITAR-FX\Mono_Continuous\Audio\BMF\G91-44104-BMF-S8.7T3.3-21065.wav,998
-68.57168,-23.268927,Mono_Continuous,BMF,C:\TCC\Reproduzir_artigo\data\GUITAR-FX\Mono_Continuous\Audio\BMF\G91-45200-BMF-S8.9T6-21074.wav,998
-69.25848,-23.716095,Mono_Continuous,BMF,C:\TCC\Reproduzir_artigo\data\GUITAR-FX\Mono_Continuous\Audio\BMF\G91-46106-BMF-S9.2T7.5-21067.wav,998
-61.50037,-25.06846,Mono_Continuous,BMF,C:\TCC\Reproduzir_artigo\data\GUITAR-FX\Mono_Continuous\Audio\BMF\G91-46201-BMF-S2.6T2.5-21075.wav,998
-69.175735,-24.669525,Mono_Continuous,BMF,C:\TCC\Reproduzir_artigo\data\GUITAR-FX\Mono_Continuous\Audio\BMF\G91-47107-BMF-S8.1T5.1-21068.wav,998
-67.06986,-23.558563,Mono_Continuous,BMF,C:\TCC\Reproduzir_artigo\data\GUITAR-FX\Mono_Continuous\Audio\BMF\G91-48203-BMF-S5.8T6.6-21077.wav,998
-69.41747,-32.312428,Mono_Continuous,BMF,C:\TCC\Reproduzir_artigo\data\GUITAR-FX\Mono_Continuous\Audio\BMF\G91-49109-BMF-S8.7T3.1-21070.wav,998
-67.194695,-33.374416,Mono_Continuous,BMF,C:\TCC\Reproduzir_artigo\data\GUITAR-FX\Mono_Continuous\Audio\BMF\G91-50205-BMF-S2.8T1.6-21079.wav,998
-61.51412,-42.02554,Mono_Continuous,BMF,C:\TCC\Reproduzir_artigo\data\GUITAR-FX\Mono_Continuous\Audio\BMF\G91-52112-BMF-S9.1T8.9-21073.wav,998
-57.495472,-33.86804,Mono_Continuous,BMF,C:\TCC\Reproduzir_artigo\data\GUITAR-FX\Mono_Continuous\Audio\BMF\G91-52207-BMF-S7.2T4.5-21081.wav,998
-68.13127,-36.74855,Mono_Continuous,BMF,C:\TCC\Reproduzir_artigo\data\GUITAR-FX\Mono_Continuous\Audio\BMF\G91-55210-BMF-S4.1T4.8-21084.wav,998
-37.270607,-41.567516,Mono_Continuous,BMF,C:\TCC\Reproduzir_artigo\data\GUITAR-FX\Mono_Continuous\Audio\BMF\G91-55305-BMF-S3.5T8.1-21092.wav,998
-35.65764,-37.94105,Mono_Continuous,BMF,C:\TCC\Reproduzir_artigo\data\GUITAR-FX\Mono_Continuous\Audio\BMF\G91-55400-BMF-S6.8T0.5-21100.wav,998
-35.647114,-37.941383,Mono_Continuous,BMF,C:\TCC\Reproduzir_artigo\data\GUITAR-FX\Mono_Continuous\Audio\BMF\G91-55400-BMF-S8.9T0.8-21100.wav,998
1.4049207,-55.360134,Mono_Continuous,BMF,C:\TCC\Reproduzir_artigo\data\GUITAR-FX\Mono_Continuous\Audio\BMF\G91-56306-BMF-S8.1T9.8-21093.wav,998
-27.86915,-38.125195,Mono_Continuous,BMF,C:\TCC\Reproduzir_artigo\data\GUITAR-FX\Mono_Continuous\Audio\BMF\G91-56401-BMF-S9.2T9.1-21101.wav,998
-7.449208,-49.212383,Mono_Continuous,BMF,C:\TCC\Reproduzir_artigo\data\GUITAR-FX\Mono_Continuous\Audio\BMF\G91-59309-BMF-S3.5T5.7-21096.wav,998
-11.150408,-41.261826,Mono_Continuous,BMF,C:\TCC\Reproduzir_artigo\data\GUITAR-FX\Mono_Continuous\Audio\BMF\G91-59404-BMF-S8.4T4.8-21104.wav,998
13.548632,-47.974724,Mono_Continuous,BMF,C:\TCC\Reproduzir_artigo\data\GUITAR-FX\Mono_Continuous\Audio\BMF\G91-60501-BMF-S6.2T10-21114.wav,998
19.54922,-43.617023,Mono_Continuous,BMF,C:\TCC\Reproduzir_artigo\data\GUITAR-FX\Mono_Continuous\Audio\BMF\G91-61406-BMF-S7.9T4.5-21106.wav,998
19.518284,-43.735077,Mono_Continuous,BMF,C:\TCC\Reproduzir_artigo\data\GUITAR-FX\Mono_Continuous\Audio\BMF\G91-61406-BMF-S8.2T6.3-21106.wav,998
17.303389,-36.22809,Mono_Continuous,BMF,C:\TCC\Reproduzir_artigo\data\GUITAR-FX\Mono_Continuous\Audio\BMF\G91-61502-BMF-S3.4T2.9-21115.wav,998
39.490013,-34.070816,Mono_Continuous,BMF,C:\TCC\Reproduzir_artigo\data\GUITAR-FX\Mono_Continuous\Audio\BMF\G91-63408-BMF-S9.7T4.6-21108.wav,998
55.41799,-12.482418,Mono_Continuous,BMF,C:\TCC\Reproduzir_artigo\data\GUITAR-FX\Mono_Continuous\Audio\BMF\G91-64505-BMF-S3.7T2.9-21118.wav,998
57.070713,-12.772507,Mono_Continuous,BMF,C:\TCC\Reproduzir_artigo\data\GUITAR-FX\Mono_Continuous\Audio\BMF\G91-64600-BMF-S7.9T3.8-21126.wav,998
68.83796,-29.974625,Mono_Continuous,BMF,C:\TCC\Reproduzir_artigo\data\GUITAR-FX\Mono_Continuous\Audio\BMF\G91-66411-BMF-S8T1.9-21111.wav,998
56.326927,11.901469,Mono_Continuous,BMF,C:\TCC\Reproduzir_artigo\data\GUITAR-FX\Mono_Continuous\Audio\BMF\G91-67508-BMF-S10T8.7-21121.wav,998
54.05348,12.293801,Mono_Continuous,BMF,C:\TCC\Reproduzir_artigo\data\GUITAR-FX\Mono_Continuous\Audio\BMF\G91-67603-BMF-S4.9T5.4-21129.wav,998
41.088398,26.848652,Mono_Continuous,BMF,C:\TCC\Reproduzir_artigo\data\GUITAR-FX\Mono_Continuous\Audio\BMF\G91-69510-BMF-S8.1T2.2-21123.wav,998
56.74885,33.61858,Mono_Continuous,BMF,C:\TCC\Reproduzir_artigo\data\GUITAR-FX\Mono_Continuous\Audio\BMF\G91-70606-BMF-S3.9T1.2-21132.wav,998
29.073677,58.208916,Mono_Continuous,BMF,C:\TCC\Reproduzir_artigo\data\GUITAR-FX\Mono_Continuous\Audio\BMF\G91-76612-BMF-S8.6T3.2-21138.wav,998
-51.002747,-3.9710257,Mono_Continuous,BMF,C:\TCC\Reproduzir_artigo\data\GUITAR-FX\Mono_Continuous\Audio\BMF\G93-43103-BMF-S6.3T8.1-21142.wav,998
-51.40634,-4.468079,Mono_Continuous,BMF,C:\TCC\Reproduzir_artigo\data\GUITAR-FX\Mono_Continuous\Audio\BMF\G93-44104-BMF-S8.9T9.3-21143.wav,998
-50.430206,-3.5571501,Mono_Continuous,BMF,C:\TCC\Reproduzir_artigo\data\GUITAR-FX\Mono_Continuous\Audio\BMF\G93-45105-BMF-S2.6T9-21144.wav,998
-49.712875,8.995175,Mono_Continuous,BMF,C:\TCC\Reproduzir_artigo\data\GUITAR-FX\Mono_Continuous\Audio\BMF\G93-45105-BMF-S3.2T1.4-21144.wav,998
-50.527256,-4.1994195,Mono_Continuous,BMF,C:\TCC\Reproduzir_artigo\data\GUITAR-FX\Mono_Continuous\Audio\BMF\G93-45200-BMF-S6T9.1-21152.wav,998
-56.256313,-22.226072,Mono_Continuous,BMF,C:\TCC\Reproduzir_artigo\data\GUITAR-FX\Mono_Continuous\Audio\BMF\G93-46201-BMF-S5.8T2.6-21153.wav,998
-61.83534,-26.544277,Mono_Continuous,BMF,C:\TCC\Reproduzir_artigo\data\GUITAR-FX\Mono_Continuous\Audio\BMF\G93-48108-BMF-S3.1T1.7-21147.wav,998
-60.441433,-26.656328,Mono_Continuous,BMF,C:\TCC\Reproduzir_artigo\data\GUITAR-FX\Mono_Continuous\Audio\BMF\G93-49109-BMF-S9.3T3.7-21148.wav,998
-57.44064,-22.743347,Mono_Continuous,BMF,C:\TCC\Reproduzir_artigo\data\GUITAR-FX\Mono_Continuous\Audio\BMF\G93-49204-BMF-S7.4T4.5-21156.wav,998
-57.716373,-22.764788,Mono_Continuous,BMF,C:\TCC\Reproduzir_artigo\data\GUITAR-FX\Mono_Continuous\Audio\BMF\G93-49204-BMF-S9.2T1.9-21156.wav,998
-56.741703,-22.753334,Mono_Continuous,BMF,C:\TCC\Reproduzir_artigo\data\GUITAR-FX\Mono_Continuous\Audio\BMF\G93-50110-BMF-S7.1T4.5-21149.wav,998
-54.322388,-28.742046,Mono_Continuous,BMF,C:\TCC\Reproduzir_artigo\data\GUITAR-FX\Mono_Continuous\Audio\BMF\G93-50205-BMF-S6T8.9-21157.wav,998
-54.32576,-28.759949,Mono_Continuous,BMF,C:\TCC\Reproduzir_artigo\data\GUITAR-FX\Mono_Continuous\Audio\BMF\G93-50205-BMF-S8.9T6.6-21157.wav,998
-58.988182,-28.332008,Mono_Continuous,BMF,C:\TCC\Reproduzir_artigo\data\GUITAR-FX\Mono_Continuous\Audio\BMF\G93-51301-BMF-S10T5.6-21166.wav,998
-57.611443,-33.852573,Mono_Continuous,BMF,C:\TCC\Reproduzir_artigo\data\GUITAR-FX\Mono_Continuous\Audio\BMF\G93-52207-BMF-S8.3T4.4-21159.wav,998
-34.261147,-41.437077,Mono_Continuous,BMF,C:\TCC\Reproduzir_artigo\data\GUITAR-FX\Mono_Continuous\Audio\BMF\G93-52302-BMF-S5.9T8.1-21167.wav,998
-68.078705,-36.534233,Mono_Continuous,BMF,C:\TCC\Reproduzir_artigo\data\GUITAR-FX\Mono_Continuous\Audio\BMF\G93-55305-BMF-S9.2T1.2-21170.wav,998
-1.0246986,-50.939163,Mono_Continuous,BMF,C:\TCC\Reproduzir_artigo\data\GUITAR-FX\Mono_Continuous\Audio\BMF\G93-60405-BMF-S9.3T7.1-21183.wav,998
18.337893,-27.008944,Mono_Continuous,BMF,C:\TCC\Reproduzir_artigo\data\GUITAR-FX\Mono_Continuous\Audio\BMF\G93-62407-BMF-S7.3T9.3-21185.wav,998
44.078514,-10.926267,Mono_Continuous,BMF,C:\TCC\Reproduzir_artigo\data\GUITAR-FX\Mono_Continuous\Audio\BMF\G93-64409-BMF-S2.1T4.3-21187.wav,998
52.48201,-17.955803,Mono_Continuous,BMF,C:\TCC\Reproduzir_artigo\data\GUITAR-FX\Mono_Continuous\Audio\BMF\G93-65506-BMF-S8.8T1.8-21197.wav,998
70.661476,-28.60215,Mono_Continuous,BMF,C:\TCC\Reproduzir_artigo\data\GUITAR-FX\Mono_Continuous\Audio\BMF\G93-66411-BMF-S6.2T8.2-21189.wav,998
68.626945,-9.929924,Mono_Continuous,BMF,C:\TCC\Reproduzir_artigo\data\GUITAR-FX\Mono_Continuous\Audio\BMF\G93-66602-BMF-S2.8T0.2-21206.wav,998
47.404724,6.498642,Mono_Continuous,BMF,C:\TCC\Reproduzir_artigo\data\GUITAR-FX\Mono_Continuous\Audio\BMF\G93-67508-BMF-S7.7T2.5-21199.wav,998
51.88756,13.843411,Mono_Continuous,BMF,C:\TCC\Reproduzir_artigo\data\GUITAR-FX\Mono_Continuous\Audio\BMF\G93-67603-BMF-S2.7T6.1-21207.wav,998
44.155743,39.51426,Mono_Continuous,BMF,C:\TCC\Reproduzir_artigo\data\GUITAR-FX\Mono_Continuous\Audio\BMF\G93-72608-BMF-S6T2-21212.wav,998
52.727867,48.486027,Mono_Continuous,BMF,C:\TCC\Reproduzir_artigo\data\GUITAR-FX\Mono_Continuous\Audio\BMF\G93-75611-BMF-S6.5T6.6-21215.wav,998
-78.476364,16.862858,Mono_Continuous,DPL,C:\TCC\Reproduzir_artigo\data\GUITAR-FX\Mono_Continuous\Audio\DPL\G61-42102-DPL-D3.1-20595.wav,998
-71.423164,-22.706657,Mono_Continuous,DPL,C:\TCC\Reproduzir_artigo\data\GUITAR-FX\Mono_Continuous\Audio\DPL\G61-45200-DPL-D6.8-20606.wav,998
-79.86111,17.408957,Mono_Continuous,DPL,C:\TCC\Reproduzir_artigo\data\GUITAR-FX\Mono_Continuous\Audio\DPL\G61-47107-DPL-D3.3-20600.wav,998
-78.16813,-28.733824,Mono_Continuous,DPL,C:\TCC\Reproduzir_artigo\data\GUITAR-FX\Mono_Continuous\Audio\DPL\G61-48108-DPL-D9-20601.wav,998
-76.18054,-26.311495,Mono_Continuous,DPL,C:\TCC\Reproduzir_artigo\data\GUITAR-FX\Mono_Continuous\Audio\DPL\G61-49109-DPL-D5.5-20602.wav,998
-76.50941,-26.686304,Mono_Continuous,DPL,C:\TCC\Reproduzir_artigo\data\GUITAR-FX\Mono_Continuous\Audio\DPL\G61-49109-DPL-D7.9-20602.wav,998
-54.596107,-34.166924,Mono_Continuous,DPL,C:\TCC\Reproduzir_artigo\data\GUITAR-FX\Mono_Continuous\Audio\DPL\G61-49204-DPL-D6.2-20610.wav,998
-77.3741,-26.350786,Mono_Continuous,DPL,C:\TCC\Reproduzir_artigo\data\GUITAR-FX\Mono_Continuous\Audio\DPL\G61-50110-DPL-D7.5-20603.wav,998
-53.450462,-34.163395,Mono_Continuous,DPL,C:\TCC\Reproduzir_artigo\data\GUITAR-FX\Mono_Continuous\Audio\DPL\G61-52207-DPL-D7.6-20613.wav,998
-32.162235,-30.1028,Mono_Continuous,DPL,C:\TCC\Reproduzir_artigo\data\GUITAR-FX\Mono_Continuous\Audio\DPL\G61-53303-DPL-D10-20622.wav,998
-52.547173,-35.439194,Mono_Continuous,DPL,C:\TCC\Reproduzir_artigo\data\GUITAR-FX\Mono_Continuous\Audio\DPL\G61-53303-DPL-D5.2-20622.wav,998
-25.244709,-31.507366,Mono_Continuous,DPL,C:\TCC\Reproduzir_artigo\data\GUITAR-FX\Mono_Continuous\Audio\DPL\G61-55305-DPL-D8.8-20624.wav,998
-12.771858,-7.5902877,Mono_Continuous,DPL,C:\TCC\Reproduzir_artigo\data\GUITAR-FX\Mono_Continuous\Audio\DPL\G61-56306-DPL-D4.4-20625.wav,998
-4.9940133,-15.319563,Mono_Continuous,DPL,C:\TCC\Reproduzir_artigo\data\GUITAR-FX\Mono_Continuous\Audio\DPL\G61-58403-DPL-D3.3-20635.wav,998
-5.1290655,-15.661693,Mono_Continuous,DPL,C:\TCC\Reproduzir_artigo\data\GUITAR-FX\Mono_Continuous\Audio\DPL\G61-58403-DPL-D5.2-20635.wav,998
-0.4419963,-44.203964,Mono_Continuous,DPL,C:\TCC\Reproduzir_artigo\data\GUITAR-FX\Mono_Continuous\Audio\DPL\G61-59404-DPL-D7.6-20636.wav,998
-9.220522,-27.029562,Mono_Continuous,DPL,C:\TCC\Reproduzir_artigo\data\GUITAR-FX\Mono_Continuous\Audio\DPL\G61-60405-DPL-D8-20637.wav,998
24.864302,-35.83017,Mono_Continuous,DPL,C:\TCC\Reproduzir_artigo\data\GUITAR-FX\Mono_Continuous\Audio\DPL\G61-61406-DPL-D2.1-20638.wav,998
25.094238,-41.78908,Mono_Continuous,DPL,C:\TCC\Reproduzir_artigo\data\GUITAR-FX\Mono_Continuous\Audio\DPL\G61-61406-DPL-D6.8-20638.wav,998
60.17827,-13.09345,Mono_Continuous,DPL,C:\TCC\Reproduzir_artigo\data\GUITAR-FX\Mono_Continuous\Audio\DPL\G61-64505-DPL-D5-20650.wav,998
61.791294,-14.348104,Mono_Continuous,DPL,C:\TCC\Reproduzir_artigo\data\GUITAR-FX\Mono_Continuous\Audio\DPL\G61-64505-DPL-D9.4-20650.wav,998
50.788193,-26.952433,Mono_Continuous,DPL,C:\TCC\Reproduzir_artigo\data\GUITAR-FX\Mono_Continuous\Audio\DPL\G61-65506-DPL-D2.6-20651.wav,998
56.52015,-24.009993,Mono_Continuous,DPL,C:\TCC\Reproduzir_artigo\data\GUITAR-FX\Mono_Continuous\Audio\DPL\G61-65601-DPL-D8.5-20659.wav,998
67.54796,-24.489014,Mono_Continuous,DPL,C:\TCC\Reproduzir_artigo\data\GUITAR-FX\Mono_Continuous\Audio\DPL\G61-66507-DPL-D7.6-20652.wav,998
66.76692,18.890408,Mono_Continuous,DPL,C:\TCC\Reproduzir_artigo\data\GUITAR-FX\Mono_Continuous\Audio\DPL\G61-68604-DPL-D7.1-20662.wav,998
37.0604,25.300236,Mono_Continuous,DPL,C:\TCC\Reproduzir_artigo\data\GUITAR-FX\Mono_Continuous\Audio\DPL\G61-69510-DPL-D6.9-20655.wav,998
37.14078,25.258999,Mono_Continuous,DPL,C:\TCC\Reproduzir_artigo\data\GUITAR-FX\Mono_Continuous\Audio\DPL\G61-69510-DPL-D7.8-20655.wav,998
52.624542,36.531124,Mono_Continuous,DPL,C:\TCC\Reproduzir_artigo\data\GUITAR-FX\Mono_Continuous\Audio\DPL\G61-70511-DPL-D3.3-20656.wav,998
53.164165,36.821575,Mono_Continuous,DPL,C:\TCC\Reproduzir_artigo\data\GUITAR-FX\Mono_Continuous\Audio\DPL\G61-70511-DPL-D6.2-20656.wav,998
41.778885,61.859135,Mono_Continuous,DPL,C:\TCC\Reproduzir_artigo\data\GUITAR-FX\Mono_Continuous\Audio\DPL\G61-72608-DPL-D9.2-20666.wav,998
36.068565,51.505283,Mono_Continuous,DPL,C:\TCC\Reproduzir_artigo\data\GUITAR-FX\Mono_Continuous\Audio\DPL\G61-74610-DPL-D2.4-20668.wav,998
30.09481,57.632126,Mono_Continuous,DPL,C:\TCC\Reproduzir_artigo\data\GUITAR-FX\Mono_Continuous\Audio\DPL\G61-76612-DPL-D7.8-20670.wav,998
-77.72402,-10.08706,Mono_Continuous,DPL,C:\TCC\Reproduzir_artigo\data\GUITAR-FX\Mono_Continuous\Audio\DPL\G63-42102-DPL-D7.1-20673.wav,998
-69.61346,25.42679,Mono_Continuous,DPL,C:\TCC\Reproduzir_artigo\data\GUITAR-FX\Mono_Continuous\Audio\DPL\G63-43103-DPL-D2-20674.wav,998
-69.81424,24.561415,Mono_Continuous,DPL,C:\TCC\Reproduzir_artigo\data\GUITAR-FX\Mono_Continuous\Audio\DPL\G63-44104-DPL-D3.5-20675.wav,998
-68.92159,24.052418,Mono_Continuous,DPL,C:\TCC\Reproduzir_artigo\data\GUITAR-FX\Mono_Continuous\Audio\DPL\G63-45105-DPL-D2.3-20676.wav,998
-72.94495,-7.157891,Mono_Continuous,DPL,C:\TCC\Reproduzir_artigo\data\GUITAR-FX\Mono_Continuous\Audio\DPL\G63-45105-DPL-D8-20676.wav,998
-72.81424,-6.6949406,Mono_Continuous,DPL,C:\TCC\Reproduzir_artigo\data\GUITAR-FX\Mono_Continuous\Audio\DPL\G63-45105-DPL-D9.5-20676.wav,998
-62.141003,12.181473,Mono_Continuous,DPL,C:\TCC\Reproduzir_artigo\data\GUITAR-FX\Mono_Continuous\Audio\DPL\G63-46201-DPL-D2.5-20685.wav,998
-67.01231,-10.338671,Mono_Continuous,DPL,C:\TCC\Reproduzir_artigo\data\GUITAR-FX\Mono_Continuous\Audio\DPL\G63-47202-DPL-D7-20686.wav,998
-66.39025,-9.9183035,Mono_Continuous,DPL,C:\TCC\Reproduzir_artigo\data\GUITAR-FX\Mono_Continuous\Audio\DPL\G63-47202-DPL-D8.2-20686.wav,998
-59.460045,-14.701209,Mono_Continuous,DPL,C:\TCC\Reproduzir_artigo\data\GUITAR-FX\Mono_Continuous\Audio\DPL\G63-49109-DPL-D5.4-20680.wav,998
-59.2451,-14.202719,Mono_Continuous,DPL,C:\TCC\Reproduzir_artigo\data\GUITAR-FX\Mono_Continuous\Audio\DPL\G63-49109-DPL-D7.5-20680.wav,998
-58.84432,24.437769,Mono_Continuous,DPL,C:\TCC\Reproduzir_artigo\data\GUITAR-FX\Mono_Continuous\Audio\DPL\G63-49204-DPL-D2.1-20688.wav,998
-27.883043,10.1070175,Mono_Continuous,DPL,C:\TCC\Reproduzir_artigo\data\GUITAR-FX\Mono_Continuous\Audio\DPL\G63-52302-DPL-D3.4-20699.wav,998
-28.361162,10.531147,Mono_Continuous,DPL,C:\TCC\Reproduzir_artigo\data\GUITAR-FX\Mono_Continuous\Audio\DPL\G63-52302-DPL-D5.1-20699.wav,998
-57.39167,-36.345646,Mono_Continuous,DPL,C:\TCC\Reproduzir_artigo\data\GUITAR-FX\Mono_Continuous\Audio\DPL\G63-52302-DPL-D6.6-20699.wav,998
-20.60882,-12.1713705,Mono_Continuous,DPL,C:\TCC\Reproduzir_artigo\data\GUITAR-FX\Mono_Continuous\Audio\DPL\G63-54209-DPL-D8.7-20693.wav,998
-23.715548,-23.150103,Mono_Continuous,DPL,C:\TCC\Reproduzir_artigo\data\GUITAR-FX\Mono_Continuous\Audio\DPL\G63-55305-DPL-D7.3-20702.wav,998
-10.649483,-18.311176,Mono_Continuous,DPL,C:\TCC\Reproduzir_artigo\data\GUITAR-FX\Mono_Continuous\Audio\DPL\G63-57212-DPL-D7.4-20696.wav,998
-10.351011,-18.354939,Mono_Continuous,DPL,C:\TCC\Reproduzir_artigo\data\GUITAR-FX\Mono_Continuous\Audio\DPL\G63-57212-DPL-D9.3-20696.wav,998
-6.953147,-14.986586,Mono_Continuous,DPL,C:\TCC\Reproduzir_artigo\data\GUITAR-FX\Mono_Continuous\Audio\DPL\G63-58308-DPL-D9.2-20705.wav,998
-4.9353747,-16.72339,Mono_Continuous,DPL,C:\TCC\Reproduzir_artigo\data\GUITAR-FX\Mono_Continuous\Audio\DPL\G63-58403-DPL-D4.6-20713.wav,998
-0.26847714,-3.7942884,Mono_Continuous,DPL,C:\TCC\Reproduzir_artigo\data\GUITAR-FX\Mono_Continuous\Audio\DPL\G63-59404-DPL-D3.6-20714.wav,998
21.04664,-45.98606,Mono_Continuous,DPL,C:\TCC\Reproduzir_artigo\data\GUITAR-FX\Mono_Continuous\Audio\DPL\G63-61502-DPL-D9.6-20725.wav,998
31.371569,3.0764914,Mono_Continuous,DPL,C:\TCC\Reproduzir_artigo\data\GUITAR-FX\Mono_Continuous\Audio\DPL\G63-64409-DPL-D5.1-20719.wav,998
49.955814,-30.914547,Mono_Continuous,DPL,C:\TCC\Reproduzir_artigo\data\GUITAR-FX\Mono_Continuous\Audio\DPL\G63-65410-DPL-D7.7-20720.wav,998
57.78394,-25.992414,Mono_Continuous,DPL,C:\TCC\Reproduzir_artigo\data\GUITAR-FX\Mono_Continuous\Audio\DPL\G63-65601-DPL-D5.7-20737.wav,998
70.26739,-11.373864,Mono_Continuous,DPL,C:\TCC\Reproduzir_artigo\data\GUITAR-FX\Mono_Continuous\Audio\DPL\G63-66507-DPL-D8.9-20730.wav,998
60.704857,18.776491,Mono_Continuous,DPL,C:\TCC\Reproduzir_artigo\data\GUITAR-FX\Mono_Continuous\Audio\DPL\G63-68509-DPL-D2.9-20732.wav,998
60.692505,18.794855,Mono_Continuous,DPL,C:\TCC\Reproduzir_artigo\data\GUITAR-FX\Mono_Continuous\Audio\DPL\G63-68509-DPL-D3.8-20732.wav,998
69.10266,19.428549,Mono_Continuous,DPL,C:\TCC\Reproduzir_artigo\data\GUITAR-FX\Mono_Continuous\Audio\DPL\G63-68604-DPL-D9.1-20740.wav,998
39.22005,33.424698,Mono_Continuous,DPL,C:\TCC\Reproduzir_artigo\data\GUITAR-FX\Mono_Continuous\Audio\DPL\G63-69605-DPL-D6-20741.wav,998
53.39903,34.571754,Mono_Continuous,DPL,C:\TCC\Reproduzir_artigo\data\GUITAR-FX\Mono_Continuous\Audio\DPL\G63-70606-DPL-D6.1-20742.wav,998
62.03291,51.43327,Mono_Continuous,DPL,C:\TCC\Reproduzir_artigo\data\GUITAR-FX\Mono_Continuous\Audio\DPL\G63-71607-DPL-D6.3-20743.wav,998
36.446617,54.448524,Mono_Continuous,DPL,C:\TCC\Reproduzir_artigo\data\GUITAR-FX\Mono_Continuous\Audio\DPL\G63-74610-DPL-D6.9-20746.wav,998
-76.018974,-13.565278,Mono_Continuous,DPL,C:\TCC\Reproduzir_artigo\data\GUITAR-FX\Mono_Continuous\Audio\DPL\G71-42102-DPL-D4.7-20751.wav,998
-76.03311,-13.389781,Mono_Continuous,DPL,C:\TCC\Reproduzir_artigo\data\GUITAR-FX\Mono_Continuous\Audio\DPL\G71-42102-DPL-D6.9-20751.wav,998
-70.8421,-10.145973,Mono_Continuous,DPL,C:\TCC\Reproduzir_artigo\data\GUITAR-FX\Mono_Continuous\Audio\DPL\G71-44104-DPL-D4.8-20753.wav,998
-66.25067,-7.4158673,Mono_Continuous,DPL,C:\TCC\Reproduzir_artigo\data\GUITAR-FX\Mono_Continuous\Audio\DPL\G71-45105-DPL-D6.9-20754.wav,998
-66.180824,-7.2423477,Mono_Continuous,DPL,C:\TCC\Reproduzir_artigo\data\GUITAR-FX\Mono_Continuous\Audio\DPL\G71-45105-DPL-D8.3-20754.wav,998
-61.337975,-4.621285,Mono_Continuous,DPL,C:\TCC\Reproduzir_artigo\data\GUITAR-FX\Mono_Continuous\Audio\DPL\G71-45200-DPL-D9.6-20762.wav,998
-61.738876,-10.789788,Mono_Continuous,DPL,C:\TCC\Reproduzir_artigo\data\GUITAR-FX\Mono_Continuous\Audio\DPL\G71-46201-DPL-D7.2-20763.wav,998
-68.221794,-10.222584,Mono_Continuous,DPL,C:\TCC\Reproduzir_artigo\data\GUITAR-FX\Mono_Continuous\Audio\DPL\G71-47107-DPL-D4.5-20756.wav,998
-68.21174,-9.980234,Mono_Continuous,DPL,C:\TCC\Reproduzir_artigo\data\GUITAR-FX\Mono_Continuous\Audio\DPL\G71-47107-DPL-D5.9-20756.wav,998
-66.845055,-8.806613,Mono_Continuous,DPL,C:\TCC\Reproduzir_artigo\data\GUITAR-FX\Mono_Continuous\Audio\DPL\G71-47107-DPL-D7.1-20756.wav,998
-57.093594,2.8204436,Mono_Continuous,DPL,C:\TCC\Reproduzir_artigo\data\GUITAR-FX\Mono_Continuous\Audio\DPL\G71-48203-DPL-D2.8-20765.wav,998
-63.493492,30.174656,Mono_Continuous,DPL,C:\TCC\Reproduzir_artigo\data\GUITAR-FX\Mono_Continuous\Audio\DPL\G71-49109-DPL-D4.2-20758.wav,998
-64.236435,30.549343,Mono_Continuous,DPL,C:\TCC\Reproduzir_artigo\data\GUITAR-FX\Mono_Continuous\Audio\DPL\G71-50110-DPL-D3.5-20759.wav,998
-32.02955,13.228749,Mono_Continuous,DPL,C:\TCC\Reproduzir_artigo\data\GUITAR-FX\Mono_Continuous\Audio\DPL\G71-51206-DPL-D2.7-20768.wav,998
-32.166874,12.974467,Mono_Continuous,DPL,C:\TCC\Reproduzir_artigo\data\GUITAR-FX\Mono_Continuous\Audio\DPL\G71-51206-DPL-D4.6-20768.wav,998
-34.84311,-30.673792,Mono_Continuous,DPL,C:\TCC\Reproduzir_artigo\data\GUITAR-FX\Mono_Continuous\Audio\DPL\G71-52302-DPL-D8.9-20777.wav,998
-25.194174,0.62384117,Mono_Continuous,DPL,C:\TCC\Reproduzir_artigo\data\GUITAR-FX\Mono_Continuous\Audio\DPL\G71-53208-DPL-D3.1-20770.wav,998
-40.975613,-38.001873,Mono_Continuous,DPL,C:\TCC\Reproduzir_artigo\data\GUITAR-FX\Mono_Continuous\Audio\DPL\G71-54304-DPL-D6.5-20779.wav,998
-47.666737,-35.53393,Mono_Continuous,DPL,C:\TCC\Reproduzir_artigo\data\GUITAR-FX\Mono_Continuous\Audio\DPL\G71-55210-DPL-D5.8-20772.wav,998
-2.458375,3.5502343,Mono_Continuous,DPL,C:\TCC\Reproduzir_artigo\data\GUITAR-FX\Mono_Continuous\Audio\DPL\G71-57212-DPL-D4.8-20774.wav,998
-4.1976266,-3.8395844,Mono_Continuous,DPL,C:\TCC\Reproduzir_artigo\data\GUITAR-FX\Mono_Continuous\Audio\DPL\G71-59309-DPL-D3-20784.wav,998
8.810931,-49.620754,Mono_Continuous,DPL,C:\TCC\Reproduzir_artigo\data\GUITAR-FX\Mono_Continuous\Audio\DPL\G71-59500-DPL-D3-20801.wav,998
13.481243,-46.045967,Mono_Continuous,DPL,C:\TCC\Reproduzir_artigo\data\GUITAR-FX\Mono_Continuous\Audio\DPL\G71-60501-DPL-D4.3-20802.wav,998
34.348984,-44.69249,Mono_Continuous,DPL,C:\TCC\Reproduzir_artigo\data\GUITAR-FX\Mono_Continuous\Audio\DPL\G71-61406-DPL-D5.4-20794.wav,998
25.140493,-30.161755,Mono_Continuous,DPL,C:\TCC\Reproduzir_artigo\data\GUITAR-FX\Mono_Continuous\Audio\DPL\G71-62503-DPL-D6.4-20804.wav,998
60.39813,-13.892092,Mono_Continuous,DPL,C:\TCC\Reproduzir_artigo\data\GUITAR-FX\Mono_Continuous\Audio\DPL\G71-64505-DPL-D3.7-20806.wav,998
50.136246,-27.986265,Mono_Continuous,DPL,C:\TCC\Reproduzir_artigo\data\GUITAR-FX\Mono_Continuous\Audio\DPL\G71-65410-DPL-D4.5-20798.wav,998
66.14958,-25.894716,Mono_Continuous,DPL,C:\TCC\Reproduzir_artigo\data\GUITAR-FX\Mono_Continuous\Audio\DPL\G71-66411-DPL-D2.5-20799.wav,998
70.42418,-18.326899,Mono_Continuous,DPL,C:\TCC\Reproduzir_artigo\data\GUITAR-FX\Mono_Continuous\Audio\DPL\G71-66507-DPL-D9.1-20808.wav,998
50.841515,11.777608,Mono_Continuous,DPL,C:\TCC\Reproduzir_artigo\data\GUITAR-FX\Mono_Continuous\Audio\DPL\G71-67603-DPL-D2.6-20817.wav,998
51.01606,11.5772705,Mono_Continuous,DPL,C:\TCC\Reproduzir_artigo\data\GUITAR-FX\Mono_Continuous\Audio\DPL\G71-67603-DPL-D4.3-20817.wav,998
42.39462,31.143227,Mono_Continuous,DPL,C:\TCC\Reproduzir_artigo\data\GUITAR-FX\Mono_Continuous\Audio\DPL\G71-69510-DPL-D7.1-20811.wav,998
63.035675,55.546825,Mono_Continuous,DPL,C:\TCC\Reproduzir_artigo\data\GUITAR-FX\Mono_Continuous\Audio\DPL\G71-71512-DPL-D2.1-20813.wav,998
66.80754,51.527386,Mono_Continuous,DPL,C:\TCC\Reproduzir_artigo\data\GUITAR-FX\Mono_Continuous\Audio\DPL\G71-71512-DPL-D7.7-20813.wav,998
37.826153,55.699398,Mono_Continuous,DPL,C:\TCC\Reproduzir_artigo\data\GUITAR-FX\Mono_Continuous\Audio\DPL\G71-74610-DPL-D8.1-20824.wav,998
49.551365,52.807056,Mono_Continuous,DPL,C:\TCC\Reproduzir_artigo\data\GUITAR-FX\Mono_Continuous\Audio\DPL\G71-75611-DPL-D8.3-20825.wav,998
-52.761925,13.1107235,Mono_Continuous,DPL,C:\TCC\Reproduzir_artigo\data\GUITAR-FX\Mono_Continuous\Audio\DPL\G73-46106-DPL-D4.3-20833.wav,998
-61.16701,-2.49796,Mono_Continuous,DPL,C:\TCC\Reproduzir_artigo\data\GUITAR-FX\Mono_Continuous\Audio\DPL\G73-46201-DPL-D8.5-20841.wav,998
-58.934925,-3.0564785,Mono_Continuous,DPL,C:\TCC\Reproduzir_artigo\data\GUITAR-FX\Mono_Continuous\Audio\DPL\G73-47202-DPL-D9.3-20842.wav,998
-52.66403,-15.683541,Mono_Continuous,DPL,C:\TCC\Reproduzir_artigo\data\GUITAR-FX\Mono_Continuous\Audio\DPL\G73-48108-DPL-D10-20835.wav,998
-52.733303,12.914254,Mono_Continuous,DPL,C:\TCC\Reproduzir_artigo\data\GUITAR-FX\Mono_Continuous\Audio\DPL\G73-49109-DPL-D4.5-20836.wav,998
-41.910625,-12.179891,Mono_Continuous,DPL,C:\TCC\Reproduzir_artigo\data\GUITAR-FX\Mono_Continuous\Audio\DPL\G73-51301-DPL-D8.3-20854.wav,998
-44.768536,-5.621873,Mono_Continuous,DPL,C:\TCC\Reproduzir_artigo\data\GUITAR-FX\Mono_Continuous\Audio\DPL\G73-52112-DPL-D8-20839.wav,998
-30.472971,2.062202,Mono_Continuous,DPL,C:\TCC\Reproduzir_artigo\data\GUITAR-FX\Mono_Continuous\Audio\DPL\G73-52302-DPL-D4-20855.wav,998
-20.455717,-13.310036,Mono_Continuous,DPL,C:\TCC\Reproduzir_artigo\data\GUITAR-FX\Mono_Continuous\Audio\DPL\G73-54209-DPL-D7.9-20849.wav,998
-20.472412,-13.31998,Mono_Continuous,DPL,C:\TCC\Reproduzir_artigo\data\GUITAR-FX\Mono_Continuous\Audio\DPL\G73-54209-DPL-D8.2-20849.wav,998
-19.918709,-25.446545,Mono_Continuous,DPL,C:\TCC\Reproduzir_artigo\data\GUITAR-FX\Mono_Continuous\Audio\DPL\G73-55400-DPL-D5.7-20866.wav,998
-17.505182,-15.093618,Mono_Continuous,DPL,C:\TCC\Reproduzir_artigo\data\GUITAR-FX\Mono_Continuous\Audio\DPL\G73-56211-DPL-D4.8-20851.wav,998
-17.912941,-15.851555,Mono_Continuous,DPL,C:\TCC\Reproduzir_artigo\data\GUITAR-FX\Mono_Continuous\Audio\DPL\G73-56211-DPL-D7.6-20851.wav,998
-21.44186,-19.910007,Mono_Continuous,DPL,C:\TCC\Reproduzir_artigo\data\GUITAR-FX\Mono_Continuous\Audio\DPL\G73-56401-DPL-D7.3-20867.wav,998
-0.6817852,-0.16994777,Mono_Continuous,DPL,C:\TCC\Reproduzir_artigo\data\GUITAR-FX\Mono_Continuous\Audio\DPL\G73-57307-DPL-D3.4-20860.wav,998
-1.0167098,-3.2495136,Mono_Continuous,DPL,C:\TCC\Reproduzir_artigo\data\GUITAR-FX\Mono_Continuous\Audio\DPL\G73-59309-DPL-D2.4-20862.wav,998
6.176033,-0.29711238,Mono_Continuous,DPL,C:\TCC\Reproduzir_artigo\data\GUITAR-FX\Mono_Continuous\Audio\DPL\G73-60310-DPL-D4-20863.wav,998
4.0119667,-26.433352,Mono_Continuous,DPL,C:\TCC\Reproduzir_artigo\data\GUITAR-FX\Mono_Continuous\Audio\DPL\G73-60405-DPL-D5.4-20871.wav,998
25.626438,-39.76281,Mono_Continuous,DPL,C:\TCC\Reproduzir_artigo\data\GUITAR-FX\Mono_Continuous\Audio\DPL\G73-61311-DPL-D6.4-20864.wav,998
28.715685,-39.576683,Mono_Continuous,DPL,C:\TCC\Reproduzir_artigo\data\GUITAR-FX\Mono_Continuous\Audio\DPL\G73-61502-DPL-D2.3-20881.wav,998
28.489939,-40.221535,Mono_Continuous,DPL,C:\TCC\Reproduzir_artigo\data\GUITAR-FX\Mono_Continuous\Audio\DPL\G73-61502-DPL-D4.9-20881.wav,998
20.822004,-46.680656,Mono_Continuous,DPL,C:\TCC\Reproduzir_artigo\data\GUITAR-FX\Mono_Continuous\Audio\DPL\G73-61502-DPL-D9.4-20881.wav,998
29.229475,-26.33502,Mono_Continuous,DPL,C:\TCC\Reproduzir_artigo\data\GUITAR-FX\Mono_Continuous\Audio\DPL\G73-62407-DPL-D4-20873.wav,998
45.395863,-27.848936,Mono_Continuous,DPL,C:\TCC\Reproduzir_artigo\data\GUITAR-FX\Mono_Continuous\Audio\DPL\G73-63504-DPL-D5.7-20883.wav,998
61.841087,-6.486234,Mono_Continuous,DPL,C:\TCC\Reproduzir_artigo\data\GUITAR-FX\Mono_Continuous\Audio\DPL\G73-64600-DPL-D3.9-20892.wav,998
53.047424,-25.787722,Mono_Continuous,DPL,C:\TCC\Reproduzir_artigo\data\GUITAR-FX\Mono_Continuous\Audio\DPL\G73-65506-DPL-D6.6-20885.wav,998
47.286762,4.6679482,Mono_Continuous,DPL,C:\TCC\Reproduzir_artigo\data\GUITAR-FX\Mono_Continuous\Audio\DPL\G73-67412-DPL-D7.2-20878.wav,998
49.56071,13.92386,Mono_Continuous,DPL,C:\TCC\Reproduzir_artigo\data\GUITAR-FX\Mono_Continuous\Audio\DPL\G73-67603-DPL-D4.6-20895.wav,998
50.13086,13.628113,Mono_Continuous,DPL,C:\TCC\Reproduzir_artigo\data\GUITAR-FX\Mono_Continuous\Audio\DPL\G73-67603-DPL-D7.9-20895.wav,998
66.39772,22.992107,Mono_Continuous,DPL,C:\TCC\Reproduzir_artigo\data\GUITAR-FX\Mono_Continuous\Audio\DPL\G73-68604-DPL-D7.7-20896.wav,998
52.21506,34.447773,Mono_Continuous,DPL,C:\TCC\Reproduzir_artigo\data\GUITAR-FX\Mono_Continuous\Audio\DPL\G73-70606-DPL-D2.5-20898.wav,998
63.608994,52.347614,Mono_Continuous,DPL,C:\TCC\Reproduzir_artigo\data\GUITAR-FX\Mono_Continuous\Audio\DPL\G73-71512-DPL-D7.5-20891.wav,998
63.525154,50.65788,Mono_Continuous,DPL,C:\TCC\Reproduzir_artigo\data\GUITAR-FX\Mono_Continuous\Audio\DPL\G73-71607-DPL-D8.2-20899.wav,998
34.84167,44.56717,Mono_Continuous,DPL,C:\TCC\Reproduzir_artigo\data\GUITAR-FX\Mono_Continuous\Audio\DPL\G73-72608-DPL-D4.6-20900.wav,998
36.976295,56.79248,Mono_Continuous,DPL,C:\TCC\Reproduzir_artigo\data\GUITAR-FX\Mono_Continuous\Audio\DPL\G73-74610-DPL-D9.6-20902.wav,998
-73.83319,-17.773092,Mono_Continuous,DPL,C:\TCC\Reproduzir_artigo\data\GUITAR-FX\Mono_Continuous\Audio\DPL\G81-40100-DPL-D5.3-20905.wav,998
-52.73885,32.425407,Mono_Continuous,DPL,C:\TCC\Reproduzir_artigo\data\GUITAR-FX\Mono_Continuous\Audio\DPL\G81-43103-DPL-D2.4-20908.wav,998
-72.02681,-18.522455,Mono_Continuous,DPL,C:\TCC\Reproduzir_artigo\data\GUITAR-FX\Mono_Continuous\Audio\DPL\G81-43103-DPL-D5-20908.wav,998
-80.236855,13.761193,Mono_Continuous,DPL,C:\TCC\Reproduzir_artigo\data\GUITAR-FX\Mono_Continuous\Audio\DPL\G81-45105-DPL-D3.7-20910.wav,998
-71.53393,-19.069883,Mono_Continuous,DPL,C:\TCC\Reproduzir_artigo\data\GUITAR-FX\Mono_Continuous\Audio\DPL\G81-45105-DPL-D5.9-20910.wav,998
-71.225876,-19.176542,Mono_Continuous,DPL,C:\TCC\Reproduzir_artigo\data\GUITAR-FX\Mono_Continuous\Audio\DPL\G81-45200-DPL-D6.3-20918.wav,998
-54.353798,-34.49591,Mono_Continuous,DPL,C:\TCC\Reproduzir_artigo\data\GUITAR-FX\Mono_Continuous\Audio\DPL\G81-50110-DPL-D7.2-20915.wav,998
-31.47633,10.58055,Mono_Continuous,DPL,C:\TCC\Reproduzir_artigo\data\GUITAR-FX\Mono_Continuous\Audio\DPL\G81-50300-DPL-D2.3-20931.wav,998
-53.582615,-33.049747,Mono_Continuous,DPL,C:\TCC\Reproduzir_artigo\data\GUITAR-FX\Mono_Continuous\Audio\DPL\G81-51206-DPL-D5.6-20924.wav,998
-53.6102,-33.160145,Mono_Continuous,DPL,C:\TCC\Reproduzir_artigo\data\GUITAR-FX\Mono_Continuous\Audio\DPL\G81-51206-DPL-D6.7-20924.wav,998
-52.475624,-33.404346,Mono_Continuous,DPL,C:\TCC\Reproduzir_artigo\data\GUITAR-FX\Mono_Continuous\Audio\DPL\G81-52302-DPL-D6.3-20933.wav,998
-48.517235,-34.74566,Mono_Continuous,DPL,C:\TCC\Reproduzir_artigo\data\GUITAR-FX\Mono_Continuous\Audio\DPL\G81-55305-DPL-D6.4-20936.wav,998
-48.644413,-34.353638,Mono_Continuous,DPL,C:\TCC\Reproduzir_artigo\data\GUITAR-FX\Mono_Continuous\Audio\DPL\G81-55305-DPL-D7.2-20936.wav,998
-48.905952,-34.34095,Mono_Continuous,DPL,C:\TCC\Reproduzir_artigo\data\GUITAR-FX\Mono_Continuous\Audio\DPL\G81-55305-DPL-D7.5-20936.wav,998
-48.911976,-33.96573,Mono_Continuous,DPL,C:\TCC\Reproduzir_artigo\data\GUITAR-FX\Mono_Continuous\Audio\DPL\G81-55305-DPL-D8.3-20936.wav,998
-48.580475,-33.577343,Mono_Continuous,DPL,C:\TCC\Reproduzir_artigo\data\GUITAR-FX\Mono_Continuous\Audio\DPL\G81-55305-DPL-D9-20936.wav,998
-15.161918,-13.060412,Mono_Continuous,DPL,C:\TCC\Reproduzir_artigo\data\GUITAR-FX\Mono_Continuous\Audio\DPL\G81-56211-DPL-D9.7-20929.wav,998
-11.464373,-8.07794,Mono_Continuous,DPL,C:\TCC\Reproduzir_artigo\data\GUITAR-FX\Mono_Continuous\Audio\DPL\G81-56401-DPL-D4.4-20945.wav,998
-7.053131,17.256052,Mono_Continuous,DPL,C:\TCC\Reproduzir_artigo\data\GUITAR-FX\Mono_Continuous\Audio\DPL\G81-57212-DPL-D2.4-20930.wav,998
-6.3023562,-15.380478,Mono_Continuous,DPL,C:\TCC\Reproduzir_artigo\data\GUITAR-FX\Mono_Continuous\Audio\DPL\G81-58308-DPL-D5.9-20939.wav,998
-8.459736,-44.95818,Mono_Continuous,DPL,C:\TCC\Reproduzir_artigo\data\GUITAR-FX\Mono_Continuous\Audio\DPL\G81-59309-DPL-D6.7-20940.wav,998
19.596102,-47.310562,Mono_Continuous,DPL,C:\TCC\Reproduzir_artigo\data\GUITAR-FX\Mono_Continuous\Audio\DPL\G81-61502-DPL-D6.7-20959.wav,998
21.673513,-23.693838,Mono_Continuous,DPL,C:\TCC\Reproduzir_artigo\data\GUITAR-FX\Mono_Continuous\Audio\DPL\G81-62407-DPL-D6.6-20951.wav,998
34.641827,-19.040321,Mono_Continuous,DPL,C:\TCC\Reproduzir_artigo\data\GUITAR-FX\Mono_Continuous\Audio\DPL\G81-63408-DPL-D4.7-20952.wav,998
43.236217,-11.091995,Mono_Continuous,DPL,C:\TCC\Reproduzir_artigo\data\GUITAR-FX\Mono_Continuous\Audio\DPL\G81-64409-DPL-D6.6-20953.wav,998
49.130917,-28.735804,Mono_Continuous,DPL,C:\TCC\Reproduzir_artigo\data\GUITAR-FX\Mono_Continuous\Audio\DPL\G81-65410-DPL-D3.2-20954.wav,998
49.081547,-28.884459,Mono_Continuous,DPL,C:\TCC\Reproduzir_artigo\data\GUITAR-FX\Mono_Continuous\Audio\DPL\G81-65410-DPL-D4.4-20954.wav,998
69.50185,-31.980253,Mono_Continuous,DPL,C:\TCC\Reproduzir_artigo\data\GUITAR-FX\Mono_Continuous\Audio\DPL\G81-66411-DPL-D5.4-20955.wav,998
69.019325,-32.181095,Mono_Continuous,DPL,C:\TCC\Reproduzir_artigo\data\GUITAR-FX\Mono_Continuous\Audio\DPL\G81-66411-DPL-D9.8-20955.wav,998
66.61386,-23.522202,Mono_Continuous,DPL,C:\TCC\Reproduzir_artigo\data\GUITAR-FX\Mono_Continuous\Audio\DPL\G81-66507-DPL-D4.5-20964.wav,998
68.796814,-23.70245,Mono_Continuous,DPL,C:\TCC\Reproduzir_artigo\data\GUITAR-FX\Mono_Continuous\Audio\DPL\G81-66507-DPL-D7.7-20964.wav,998
62.566246,32.43006,Mono_Continuous,DPL,C:\TCC\Reproduzir_artigo\data\GUITAR-FX\Mono_Continuous\Audio\DPL\G81-70511-DPL-D8-20968.wav,998
-77.33586,11.478255,Mono_Continuous,DPL,C:\TCC\Reproduzir_artigo\data\GUITAR-FX\Mono_Continuous\Audio\DPL\G83-41101-DPL-D4.7-20984.wav,998
-48.229954,25.051638,Mono_Continuous,DPL,C:\TCC\Reproduzir_artigo\data\GUITAR-FX\Mono_Continuous\Audio\DPL\G83-43103-DPL-D4.9-20986.wav,998
-53.25865,3.4531057,Mono_Continuous,DPL,C:\TCC\Reproduzir_artigo\data\GUITAR-FX\Mono_Continuous\Audio\DPL\G83-45105-DPL-D7.3-20988.wav,998
-49.72643,-9.151336,Mono_Continuous,DPL,C:\TCC\Reproduzir_artigo\data\GUITAR-FX\Mono_Continuous\Audio\DPL\G83-48203-DPL-D8.5-20999.wav,998
-62.813217,-14.462047,Mono_Continuous,DPL,C:\TCC\Reproduzir_artigo\data\GUITAR-FX\Mono_Continuous\Audio\DPL\G83-49109-DPL-D7.5-20992.wav,998
-29.65618,10.625717,Mono_Continuous,DPL,C:\TCC\Reproduzir_artigo\data\GUITAR-FX\Mono_Continuous\Audio\DPL\G83-50110-DPL-D4.6-20993.wav,998
-38.199543,-13.429139,Mono_Continuous,DPL,C:\TCC\Reproduzir_artigo\data\GUITAR-FX\Mono_Continuous\Audio\DPL\G83-52302-DPL-D8.2-21011.wav,998
-18.566086,15.565988,Mono_Continuous,DPL,C:\TCC\Reproduzir_artigo\data\GUITAR-FX\Mono_Continuous\Audio\DPL\G83-54304-DPL-D5.6-21013.wav,998
-11.498816,-33.506397,Mono_Continuous,DPL,C:\TCC\Reproduzir_artigo\data\GUITAR-FX\Mono_Continuous\Audio\DPL\G83-57402-DPL-D9.8-21024.wav,998
6.8854055,-19.995657,Mono_Continuous,DPL,C:\TCC\Reproduzir_artigo\data\GUITAR-FX\Mono_Continuous\Audio\DPL\G83-59500-DPL-D2.2-21035.wav,998
24.363253,-22.259562,Mono_Continuous,DPL,C:\TCC\Reproduzir_artigo\data\GUITAR-FX\Mono_Continuous\Audio\DPL\G83-62407-DPL-D5.1-21029.wav,998
41.651768,-35.917767,Mono_Continuous,DPL,C:\TCC\Reproduzir_artigo\data\GUITAR-FX\Mono_Continuous\Audio\DPL\G83-63408-DPL-D8.5-21030.wav,998
38.819378,-21.957216,Mono_Continuous,DPL,C:\TCC\Reproduzir_artigo\data\GUITAR-FX\Mono_Continuous\Audio\DPL\G83-63504-DPL-D3.3-21039.wav,998
42.741722,-9.389638,Mono_Continuous,DPL,C:\TCC\Reproduzir_artigo\data\GUITAR-FX\Mono_Continuous\Audio\DPL\G83-64409-DPL-D6.7-21031.wav,998
67.89985,-31.17444,Mono_Continuous,DPL,C:\TCC\Reproduzir_artigo\data\GUITAR-FX\Mono_Continuous\Audio\DPL\G83-66411-DPL-D9.2-21033.wav,998
46.39709,6.626016,Mono_Continuous,DPL,C:\TCC\Reproduzir_artigo\data\GUITAR-FX\Mono_Continuous\Audio\DPL\G83-67508-DPL-D4.7-21043.wav,998
70.702866,19.438164,Mono_Continuous,DPL,C:\TCC\Reproduzir_artigo\data\GUITAR-FX\Mono_Continuous\Audio\DPL\G83-68604-DPL-D7.3-21052.wav,998
53.568275,36.932434,Mono_Continuous,DPL,C:\TCC\Reproduzir_artigo\data\GUITAR-FX\Mono_Continuous\Audio\DPL\G83-70606-DPL-D6.3-21054.wav,998
39.064884,56.688904,Mono_Continuous,DPL,C:\TCC\Reproduzir_artigo\data\GUITAR-FX\Mono_Continuous\Audio\DPL\G83-74610-DPL-D9.4-21058.wav,998
-79.15028,14.526145,Mono_Continuous,DPL,C:\TCC\Reproduzir_artigo\data\GUITAR-FX\Mono_Continuous\Audio\DPL\G91-40100-DPL-D4-21061.wav,998
-78.38781,14.604748,Mono_Continuous,DPL,C:\TCC\Reproduzir_artigo\data\GUITAR-FX\Mono_Continuous\Audio\DPL\G91-41101-DPL-D3.6-21062.wav,998
-78.31599,14.8957615,Mono_Continuous,DPL,C:\TCC\Reproduzir_artigo\data\GUITAR-FX\Mono_Continuous\Audio\DPL\G91-42102-DPL-D4.4-21063.wav,998
-49.579475,24.554312,Mono_Continuous,DPL,C:\TCC\Reproduzir_artigo\data\GUITAR-FX\Mono_Continuous\Audio\DPL\G91-44104-DPL-D8.5-21065.wav,998
-31.578228,10.612889,Mono_Continuous,DPL,C:\TCC\Reproduzir_artigo\data\GUITAR-FX\Mono_Continuous\Audio\DPL\G91-50205-DPL-D3-21079.wav,998
-45.48778,-12.996634,Mono_Continuous,DPL,C:\TCC\Reproduzir_artigo\data\GUITAR-FX\Mono_Continuous\Audio\DPL\G91-50300-DPL-D9.4-21087.wav,998
-52.09896,-34.362846,Mono_Continuous,DPL,C:\TCC\Reproduzir_artigo\data\GUITAR-FX\Mono_Continuous\Audio\DPL\G91-52112-DPL-D9.9-21073.wav,998
-33.25599,-17.013014,Mono_Continuous,DPL,C:\TCC\Reproduzir_artigo\data\GUITAR-FX\Mono_Continuous\Audio\DPL\G91-53208-DPL-D8.4-21082.wav,998
-35.30026,-20.902182,Mono_Continuous,DPL,C:\TCC\Reproduzir_artigo\data\GUITAR-FX\Mono_Continuous\Audio\DPL\G91-53303-DPL-D8.8-21090.wav,998
-22.384815,-5.034312,Mono_Continuous,DPL,C:\TCC\Reproduzir_artigo\data\GUITAR-FX\Mono_Continuous\Audio\DPL\G91-54209-DPL-D6-21083.wav,998
-47.61117,-34.58462,Mono_Continuous,DPL,C:\TCC\Reproduzir_artigo\data\GUITAR-FX\Mono_Continuous\Audio\DPL\G91-55210-DPL-D7.2-21084.wav,998
-47.67785,-34.268635,Mono_Continuous,DPL,C:\TCC\Reproduzir_artigo\data\GUITAR-FX\Mono_Continuous\Audio\DPL\G91-55210-DPL-D8.1-21084.wav,998
-27.945608,-17.5991,Mono_Continuous,DPL,C:\TCC\Reproduzir_artigo\data\GUITAR-FX\Mono_Continuous\Audio\DPL\G91-55305-DPL-D9.1-21092.wav,998
-27.482971,-18.642754,Mono_Continuous,DPL,C:\TCC\Reproduzir_artigo\data\GUITAR-FX\Mono_Continuous\Audio\DPL\G91-55305-DPL-D9.9-21092.wav,998
-5.2891364,-2.6931846,Mono_Continuous,DPL,C:\TCC\Reproduzir_artigo\data\GUITAR-FX\Mono_Continuous\Audio\DPL\G91-56306-DPL-D2.1-21093.wav,998
-5.2682576,-2.75174,Mono_Continuous,DPL,C:\TCC\Reproduzir_artigo\data\GUITAR-FX\Mono_Continuous\Audio\DPL\G91-56306-DPL-D2.8-21093.wav,998
-13.969504,-31.27438,Mono_Continuous,DPL,C:\TCC\Reproduzir_artigo\data\GUITAR-FX\Mono_Continuous\Audio\DPL\G91-57402-DPL-D7.3-21102.wav,998
0.21180788,-7.152381,Mono_Continuous,DPL,C:\TCC\Reproduzir_artigo\data\GUITAR-FX\Mono_Continuous\Audio\DPL\G91-59404-DPL-D2.3-21104.wav,998
14.692512,-50.54123,Mono_Continuous,DPL,C:\TCC\Reproduzir_artigo\data\GUITAR-FX\Mono_Continuous\Audio\DPL\G91-60501-DPL-D2.5-21114.wav,998
14.331363,-50.582096,Mono_Continuous,DPL,C:\TCC\Reproduzir_artigo\data\GUITAR-FX\Mono_Continuous\Audio\DPL\G91-60501-DPL-D4.9-21114.wav,998
35.86546,-44.90893,Mono_Continuous,DPL,C:\TCC\Reproduzir_artigo\data\GUITAR-FX\Mono_Continuous\Audio\DPL\G91-61406-DPL-D4.4-21106.wav,998
36.261932,-44.94288,Mono_Continuous,DPL,C:\TCC\Reproduzir_artigo\data\GUITAR-FX\Mono_Continuous\Audio\DPL\G91-61406-DPL-D7.4-21106.wav,998
34.907642,-39.988106,Mono_Continuous,DPL,C:\TCC\Reproduzir_artigo\data\GUITAR-FX\Mono_Continuous\Audio\DPL\G91-61502-DPL-D6-21115.wav,998
24.186314,-24.576544,Mono_Continuous,DPL,C:\TCC\Reproduzir_artigo\data\GUITAR-FX\Mono_Continuous\Audio\DPL\G91-62312-DPL-D6.6-21099.wav,998
26.480616,-28.066502,Mono_Continuous,DPL,C:\TCC\Reproduzir_artigo\data\GUITAR-FX\Mono_Continuous\Audio\DPL\G91-62503-DPL-D5.8-21116.wav,998
59.84495,-11.465928,Mono_Continuous,DPL,C:\TCC\Reproduzir_artigo\data\GUITAR-FX\Mono_Continuous\Audio\DPL\G91-64600-DPL-D4.9-21126.wav,998
61.87882,-36.433216,Mono_Continuous,DPL,C:\TCC\Reproduzir_artigo\data\GUITAR-FX\Mono_Continuous\Audio\DPL\G91-65410-DPL-D9.7-21110.wav,998
61.868813,-36.43133,Mono_Continuous,DPL,C:\TCC\Reproduzir_artigo\data\GUITAR-FX\Mono_Continuous\Audio\DPL\G91-65410-DPL-D9.8-21110.wav,998
67.704185,-23.547018,Mono_Continuous,DPL,C:\TCC\Reproduzir_artigo\data\GUITAR-FX\Mono_Continuous\Audio\DPL\G91-66507-DPL-D8.4-21120.wav,998
49.504528,6.677012,Mono_Continuous,DPL,C:\TCC\Reproduzir_artigo\data\GUITAR-FX\Mono_Continuous\Audio\DPL\G91-67508-DPL-D3.8-21121.wav,998
62.51921,18.3961,Mono_Continuous,DPL,C:\TCC\Reproduzir_artigo\data\GUITAR-FX\Mono_Continuous\Audio\DPL\G91-68509-DPL-D4-21122.wav,998
72.65297,24.524178,Mono_Continuous,DPL,C:\TCC\Reproduzir_artigo\data\GUITAR-FX\Mono_Continuous\Audio\DPL\G91-68604-DPL-D9.5-21130.wav,998
42.308456,30.893797,Mono_Continuous,DPL,C:\TCC\Reproduzir_artigo\data\GUITAR-FX\Mono_Continuous\Audio\DPL\G91-69605-DPL-D4.9-21131.wav,998
61.942657,33.56999,Mono_Continuous,DPL,C:\TCC\Reproduzir_artigo\data\GUITAR-FX\Mono_Continuous\Audio\DPL\G91-70511-DPL-D6.3-21124.wav,998
62.13931,33.55989,Mono_Continuous,DPL,C:\TCC\Reproduzir_artigo\data\GUITAR-FX\Mono_Continuous\Audio\DPL\G91-70511-DPL-D7.5-21124.wav,998
59.745243,35.320087,Mono_Continuous,DPL,C:\TCC\Reproduzir_artigo\data\GUITAR-FX\Mono_Continuous\Audio\DPL\G91-70606-DPL-D7-21132.wav,998
67.477234,59.78272,Mono_Continuous,DPL,C:\TCC\Reproduzir_artigo\data\GUITAR-FX\Mono_Continuous\Audio\DPL\G91-71512-DPL-D6.2-21125.wav,998
65.37623,48.576714,Mono_Continuous,DPL,C:\TCC\Reproduzir_artigo\data\GUITAR-FX\Mono_Continuous\Audio\DPL\G91-71607-DPL-D7.7-21133.wav,998
45.4276,43.869198,Mono_Continuous,DPL,C:\TCC\Reproduzir_artigo\data\GUITAR-FX\Mono_Continuous\Audio\DPL\G91-74610-DPL-D5.7-21136.wav,998
-78.13182,10.452372,Mono_Continuous,DPL,C:\TCC\Reproduzir_artigo\data\GUITAR-FX\Mono_Continuous\Audio\DPL\G93-40100-DPL-D7-21139.wav,998
-47.52364,22.231306,Mono_Continuous,DPL,C:\TCC\Reproduzir_artigo\data\GUITAR-FX\Mono_Continuous\Audio\DPL\G93-43103-DPL-D3.8-21142.wav,998
-47.464043,22.179298,Mono_Continuous,DPL,C:\TCC\Reproduzir_artigo\data\GUITAR-FX\Mono_Continuous\Audio\DPL\G93-45105-DPL-D4.3-21144.wav,998
-44.933846,15.648903,Mono_Continuous,DPL,C:\TCC\Reproduzir_artigo\data\GUITAR-FX\Mono_Continuous\Audio\DPL\G93-47202-DPL-D3.2-21154.wav,998
-44.95387,15.596417,Mono_Continuous,DPL,C:\TCC\Reproduzir_artigo\data\GUITAR-FX\Mono_Continuous\Audio\DPL\G93-47202-DPL-D4.2-21154.wav,998
-50.329227,-11.452462,Mono_Continuous,DPL,C:\TCC\Reproduzir_artigo\data\GUITAR-FX\Mono_Continuous\Audio\DPL\G93-48203-DPL-D9.7-21155.wav,998
-47.509438,-7.1125126,Mono_Continuous,DPL,C:\TCC\Reproduzir_artigo\data\GUITAR-FX\Mono_Continuous\Audio\DPL\G93-49109-DPL-D4.8-21148.wav,998
-46.12591,-13.498247,Mono_Continuous,DPL,C:\TCC\Reproduzir_artigo\data\GUITAR-FX\Mono_Continuous\Audio\DPL\G93-50300-DPL-D8.1-21165.wav,998
-19.130957,1.497782,Mono_Continuous,DPL,C:\TCC\Reproduzir_artigo\data\GUITAR-FX\Mono_Continuous\Audio\DPL\G93-54304-DPL-D2.8-21169.wav,998
-27.266268,-15.624727,Mono_Continuous,DPL,C:\TCC\Reproduzir_artigo\data\GUITAR-FX\Mono_Continuous\Audio\DPL\G93-55210-DPL-D8.3-21162.wav,998
-13.294251,8.056953,Mono_Continuous,DPL,C:\TCC\Reproduzir_artigo\data\GUITAR-FX\Mono_Continuous\Audio\DPL\G93-55305-DPL-D4.7-21170.wav,998
8.865488,-11.098459,Mono_Continuous,DPL,C:\TCC\Reproduzir_artigo\data\GUITAR-FX\Mono_Continuous\Audio\DPL\G93-56401-DPL-D3.3-21179.wav,998
-5.986571,16.138346,Mono_Continuous,DPL,C:\TCC\Reproduzir_artigo\data\GUITAR-FX\Mono_Continuous\Audio\DPL\G93-57212-DPL-D2.5-21164.wav,998
-6.050497,15.286886,Mono_Continuous,DPL,C:\TCC\Reproduzir_artigo\data\GUITAR-FX\Mono_Continuous\Audio\DPL\G93-57212-DPL-D4.9-21164.wav,998
7.6616426,-20.572252,Mono_Continuous,DPL,C:\TCC\Reproduzir_artigo\data\GUITAR-FX\Mono_Continuous\Audio\DPL\G93-59500-DPL-D3.1-21191.wav,998
14.636974,-52.765125,Mono_Continuous,DPL,C:\TCC\Reproduzir_artigo\data\GUITAR-FX\Mono_Continuous\Audio\DPL\G93-60501-DPL-D5.4-21192.wav,998
14.445053,-16.017994,Mono_Continuous,DPL,C:\TCC\Reproduzir_artigo\data\GUITAR-FX\Mono_Continuous\Audio\DPL\G93-61311-DPL-D8.4-21176.wav,998
14.442789,-15.826827,Mono_Continuous,DPL,C:\TCC\Reproduzir_artigo\data\GUITAR-FX\Mono_Continuous\Audio\DPL\G93-61311-DPL-D8.8-21176.wav,998
38.735397,-30.735651,Mono_Continuous,DPL,C:\TCC\Reproduzir_artigo\data\GUITAR-FX\Mono_Continuous\Audio\DPL\G93-63408-DPL-D7.1-21186.wav,998
59.215134,-33.44225,Mono_Continuous,DPL,C:\TCC\Reproduzir_artigo\data\GUITAR-FX\Mono_Continuous\Audio\DPL\G93-64505-DPL-D9.6-21196.wav,998
65.8246,-28.904228,Mono_Continuous,DPL,C:\TCC\Reproduzir_artigo\data\GUITAR-FX\Mono_Continuous\Audio\DPL\G93-66411-DPL-D5.6-21189.wav,998
42.35695,23.953402,Mono_Continuous,DPL,C:\TCC\Reproduzir_artigo\data\GUITAR-FX\Mono_Continuous\Audio\DPL\G93-69510-DPL-D6.3-21201.wav,998
50.16158,23.98719,Mono_Continuous,DPL,C:\TCC\Reproduzir_artigo\data\GUITAR-FX\Mono_Continuous\Audio\DPL\G93-70511-DPL-D2.2-21202.wav,998
-75.031006,18.839085,Mono_Continuous,DS1,C:\TCC\Reproduzir_artigo\data\GUITAR-FX\Mono_Continuous\Audio\DS1\G61-42102-DS1-D7.4T4.6-20595.wav,998
-75.19815,18.823662,Mono_Continuous,DS1,C:\TCC\Reproduzir_artigo\data\GUITAR-FX\Mono_Continuous\Audio\DS1\G61-42102-DS1-D9.4T6.6-20595.wav,998
-73.48394,18.234636,Mono_Continuous,DS1,C:\TCC\Reproduzir_artigo\data\GUITAR-FX\Mono_Continuous\Audio\DS1\G61-43103-DS1-D4.9T0.5-20596.wav,998
-73.83045,18.555191,Mono_Continuous,DS1,C:\TCC\Reproduzir_artigo\data\GUITAR-FX\Mono_Continuous\Audio\DS1\G61-44104-DS1-D9T3.7-20597.wav,998
-64.26904,-1.2752824,Mono_Continuous,DS1,C:\TCC\Reproduzir_artigo\data\GUITAR-FX\Mono_Continuous\Audio\DS1\G61-45200-DS1-D5.8T5.5-20606.wav,998
-70.63909,-7.898761,Mono_Continuous,DS1,C:\TCC\Reproduzir_artigo\data\GUITAR-FX\Mono_Continuous\Audio\DS1\G61-46106-DS1-D2.1T9.5-20599.wav,998
-55.602993,-6.072854,Mono_Continuous,DS1,C:\TCC\Reproduzir_artigo\data\GUITAR-FX\Mono_Continuous\Audio\DS1\G61-46201-DS1-D3.7T8.3-20607.wav,998
-67.210304,0.2994424,Mono_Continuous,DS1,C:\TCC\Reproduzir_artigo\data\GUITAR-FX\Mono_Continuous\Audio\DS1\G61-47107-DS1-D2.2T1.4-20600.wav,998
-59.793167,-21.496601,Mono_Continuous,DS1,C:\TCC\Reproduzir_artigo\data\GUITAR-FX\Mono_Continuous\Audio\DS1\G61-49204-DS1-D7.2T2.5-20610.wav,998
-73.691246,-29.61892,Mono_Continuous,DS1,C:\TCC\Reproduzir_artigo\data\GUITAR-FX\Mono_Continuous\Audio\DS1\G61-50110-DS1-D8.6T5.4-20603.wav,998
-46.714333,10.940091,Mono_Continuous,DS1,C:\TCC\Reproduzir_artigo\data\GUITAR-FX\Mono_Continuous\Audio\DS1\G61-50205-DS1-D3.7T2.8-20611.wav,998
-38.134388,-30.363178,Mono_Continuous,DS1,C:\TCC\Reproduzir_artigo\data\GUITAR-FX\Mono_Continuous\Audio\DS1\G61-50300-DS1-D8.2T7.3-20619.wav,998
-59.910046,-29.905357,Mono_Continuous,DS1,C:\TCC\Reproduzir_artigo\data\GUITAR-FX\Mono_Continuous\Audio\DS1\G61-51206-DS1-D8T5.3-20612.wav,998
-79.04313,-31.943077,Mono_Continuous,DS1,C:\TCC\Reproduzir_artigo\data\GUITAR-FX\Mono_Continuous\Audio\DS1\G61-52112-DS1-D6.2T8.6-20605.wav,998
-56.550404,-34.478146,Mono_Continuous,DS1,C:\TCC\Reproduzir_artigo\data\GUITAR-FX\Mono_Continuous\Audio\DS1\G61-52207-DS1-D3.7T8.5-20613.wav,998
-32.113598,-30.453196,Mono_Continuous,DS1,C:\TCC\Reproduzir_artigo\data\GUITAR-FX\Mono_Continuous\Audio\DS1\G61-53303-DS1-D5.2T9.5-20622.wav,998
-35.082584,-35.898937,Mono_Continuous,DS1,C:\TCC\Reproduzir_artigo\data\GUITAR-FX\Mono_Continuous\Audio\DS1\G61-55305-DS1-D8T5.3-20624.wav,998
-23.955822,-16.334673,Mono_Continuous,DS1,C:\TCC\Reproduzir_artigo\data\GUITAR-FX\Mono_Continuous\Audio\DS1\G61-55400-DS1-D3.2T3.4-20632.wav,998
-24.915272,-43.916924,Mono_Continuous,DS1,C:\TCC\Reproduzir_artigo\data\GUITAR-FX\Mono_Continuous\Audio\DS1\G61-56306-DS1-D4.9T4.9-20625.wav,998
-19.966301,-38.970142,Mono_Continuous,DS1,C:\TCC\Reproduzir_artigo\data\GUITAR-FX\Mono_Continuous\Audio\DS1\G61-56401-DS1-D6.5T3.4-20633.wav,998
-23.411503,-54.102863,Mono_Continuous,DS1,C:\TCC\Reproduzir_artigo\data\GUITAR-FX\Mono_Continuous\Audio\DS1\G61-57307-DS1-D3.7T4.9-20626.wav,998
-23.46644,-54.210102,Mono_Continuous,DS1,C:\TCC\Reproduzir_artigo\data\GUITAR-FX\Mono_Continuous\Audio\DS1\G61-57307-DS1-D8.1T3-20626.wav,998
28.888443,-12.41923,Mono_Continuous,DS1,C:\TCC\Reproduzir_artigo\data\GUITAR-FX\Mono_Continuous\Audio\DS1\G61-60405-DS1-D4.8T4.4-20637.wav,998
20.629374,-48.557472,Mono_Continuous,DS1,C:\TCC\Reproduzir_artigo\data\GUITAR-FX\Mono_Continuous\Audio\DS1\G61-61502-DS1-D6.2T9.8-20647.wav,998
45.40822,-35.544556,Mono_Continuous,DS1,C:\TCC\Reproduzir_artigo\data\GUITAR-FX\Mono_Continuous\Audio\DS1\G61-62503-DS1-D4T9.3-20648.wav,998
28.019297,-16.578308,Mono_Continuous,DS1,C:\TCC\Reproduzir_artigo\data\GUITAR-FX\Mono_Continuous\Audio\DS1\G61-62503-DS1-D8.4T1-20648.wav,998
42.924564,-33.00496,Mono_Continuous,DS1,C:\TCC\Reproduzir_artigo\data\GUITAR-FX\Mono_Continuous\Audio\DS1\G61-63408-DS1-D2.7T7.8-20640.wav,998
44.795296,-34.0575,Mono_Continuous,DS1,C:\TCC\Reproduzir_artigo\data\GUITAR-FX\Mono_Continuous\Audio\DS1\G61-63504-DS1-D3.2T8.5-20649.wav,998
47.154747,-8.579593,Mono_Continuous,DS1,C:\TCC\Reproduzir_artigo\data\GUITAR-FX\Mono_Continuous\Audio\DS1\G61-64505-DS1-D6.9T4.1-20650.wav,998
47.130447,-8.520749,Mono_Continuous,DS1,C:\TCC\Reproduzir_artigo\data\GUITAR-FX\Mono_Continuous\Audio\DS1\G61-64505-DS1-D7.4T7-20650.wav,998
41.4382,-16.11481,Mono_Continuous,DS1,C:\TCC\Reproduzir_artigo\data\GUITAR-FX\Mono_Continuous\Audio\DS1\G61-65410-DS1-D7.3T1.6-20642.wav,998
41.434776,-16.163269,Mono_Continuous,DS1,C:\TCC\Reproduzir_artigo\data\GUITAR-FX\Mono_Continuous\Audio\DS1\G61-65410-DS1-D7.9T7.2-20642.wav,998
67.39804,-13.2414665,Mono_Continuous,DS1,C:\TCC\Reproduzir_artigo\data\GUITAR-FX\Mono_Continuous\Audio\DS1\G61-66602-DS1-D2.5T1.7-20660.wav,998
56.774937,9.618129,Mono_Continuous,DS1,C:\TCC\Reproduzir_artigo\data\GUITAR-FX\Mono_Continuous\Audio\DS1\G61-67603-DS1-D6.6T8.5-20661.wav,998
72.00477,15.223285,Mono_Continuous,DS1,C:\TCC\Reproduzir_artigo\data\GUITAR-FX\Mono_Continuous\Audio\DS1\G61-68509-DS1-D9.2T6-20654.wav,998
69.247375,52.554176,Mono_Continuous,DS1,C:\TCC\Reproduzir_artigo\data\GUITAR-FX\Mono_Continuous\Audio\DS1\G61-71512-DS1-D3.6T8.3-20657.wav,998
69.35924,52.907906,Mono_Continuous,DS1,C:\TCC\Reproduzir_artigo\data\GUITAR-FX\Mono_Continuous\Audio\DS1\G61-71512-DS1-D6.6T6.4-20657.wav,998
25.828558,60.040176,Mono_Continuous,DS1,C:\TCC\Reproduzir_artigo\data\GUITAR-FX\Mono_Continuous\Audio\DS1\G61-76612-DS1-D9.5T2.5-20670.wav,998
-78.84653,-1.9656876,Mono_Continuous,DS1,C:\TCC\Reproduzir_artigo\data\GUITAR-FX\Mono_Continuous\Audio\DS1\G63-40100-DS1-D7T5.5-20671.wav,998
-80.80543,-2.465121,Mono_Continuous,DS1,C:\TCC\Reproduzir_artigo\data\GUITAR-FX\Mono_Continuous\Audio\DS1\G63-41101-DS1-D9.4T6.4-20672.wav,998
-79.85525,2.3615928,Mono_Continuous,DS1,C:\TCC\Reproduzir_artigo\data\GUITAR-FX\Mono_Continuous\Audio\DS1\G63-46106-DS1-D3.9T3.1-20677.wav,998
-62.242085,-6.79046,Mono_Continuous,DS1,C:\TCC\Reproduzir_artigo\data\GUITAR-FX\Mono_Continuous\Audio\DS1\G63-47202-DS1-D2.7T8.5-20686.wav,998
-62.154236,-6.830964,Mono_Continuous,DS1,C:\TCC\Reproduzir_artigo\data\GUITAR-FX\Mono_Continuous\Audio\DS1\G63-47202-DS1-D4.8T9.9-20686.wav,998
-66.70181,1.2168301,Mono_Continuous,DS1,C:\TCC\Reproduzir_artigo\data\GUITAR-FX\Mono_Continuous\Audio\DS1\G63-48108-DS1-D5.7T4.7-20679.wav,998
-66.51278,1.3570101,Mono_Continuous,DS1,C:\TCC\Reproduzir_artigo\data\GUITAR-FX\Mono_Continuous\Audio\DS1\G63-48108-DS1-D9T4.5-20679.wav,998
-63.880123,1.2757362,Mono_Continuous,DS1,C:\TCC\Reproduzir_artigo\data\GUITAR-FX\Mono_Continuous\Audio\DS1\G63-50205-DS1-D2.7T4-20689.wav,998
-63.870396,1.2827268,Mono_Continuous,DS1,C:\TCC\Reproduzir_artigo\data\GUITAR-FX\Mono_Continuous\Audio\DS1\G63-50205-DS1-D3T3.2-20689.wav,998
-41.94122,1.7005754,Mono_Continuous,DS1,C:\TCC\Reproduzir_artigo\data\GUITAR-FX\Mono_Continuous\Audio\DS1\G63-50300-DS1-D5T2.5-20697.wav,998
-38.292618,-30.290535,Mono_Continuous,DS1,C:\TCC\Reproduzir_artigo\data\GUITAR-FX\Mono_Continuous\Audio\DS1\G63-50300-DS1-D9.2T8-20697.wav,998
-11.683157,-10.925413,Mono_Continuous,DS1,C:\TCC\Reproduzir_artigo\data\GUITAR-FX\Mono_Continuous\Audio\DS1\G63-52112-DS1-D6.7T0.3-20683.wav,998
-31.993025,-19.632565,Mono_Continuous,DS1,C:\TCC\Reproduzir_artigo\data\GUITAR-FX\Mono_Continuous\Audio\DS1\G63-52207-DS1-D5.7T8.8-20691.wav,998
-22.700487,-37.770782,Mono_Continuous,DS1,C:\TCC\Reproduzir_artigo\data\GUITAR-FX\Mono_Continuous\Audio\DS1\G63-56306-DS1-D6.1T6.4-20703.wav,998
-4.023715,-45.7571,Mono_Continuous,DS1,C:\TCC\Reproduzir_artigo\data\GUITAR-FX\Mono_Continuous\Audio\DS1\G63-59404-DS1-D4.7T4.4-20714.wav,998
12.975593,-36.82635,Mono_Continuous,DS1,C:\TCC\Reproduzir_artigo\data\GUITAR-FX\Mono_Continuous\Audio\DS1\G63-60501-DS1-D3.2T1.8-20724.wav,998
12.848023,-36.90033,Mono_Continuous,DS1,C:\TCC\Reproduzir_artigo\data\GUITAR-FX\Mono_Continuous\Audio\DS1\G63-60501-DS1-D6.3T5.4-20724.wav,998
22.09128,-40.29108,Mono_Continuous,DS1,C:\TCC\Reproduzir_artigo\data\GUITAR-FX\Mono_Continuous\Audio\DS1\G63-61502-DS1-D7.7T5.1-20725.wav,998
16.732227,-21.374777,Mono_Continuous,DS1,C:\TCC\Reproduzir_artigo\data\GUITAR-FX\Mono_Continuous\Audio\DS1\G63-62407-DS1-D2.3T0.4-20717.wav,998
19.559107,-51.25978,Mono_Continuous,DS1,C:\TCC\Reproduzir_artigo\data\GUITAR-FX\Mono_Continuous\Audio\DS1\G63-62503-DS1-D9.7T9.7-20726.wav,998
49.671207,-8.551666,Mono_Continuous,DS1,C:\TCC\Reproduzir_artigo\data\GUITAR-FX\Mono_Continuous\Audio\DS1\G63-64409-DS1-D3.4T6-20719.wav,998
46.36771,-43.52417,Mono_Continuous,DS1,C:\TCC\Reproduzir_artigo\data\GUITAR-FX\Mono_Continuous\Audio\DS1\G63-65601-DS1-D6.1T8.1-20737.wav,998
67.22761,-12.397942,Mono_Continuous,DS1,C:\TCC\Reproduzir_artigo\data\GUITAR-FX\Mono_Continuous\Audio\DS1\G63-66507-DS1-D3.9T0.3-20730.wav,998
69.23469,18.48077,Mono_Continuous,DS1,C:\TCC\Reproduzir_artigo\data\GUITAR-FX\Mono_Continuous\Audio\DS1\G63-68604-DS1-D3.8T8-20740.wav,998
43.87143,30.20767,Mono_Continuous,DS1,C:\TCC\Reproduzir_artigo\data\GUITAR-FX\Mono_Continuous\Audio\DS1\G63-69605-DS1-D5.2T5.1-20741.wav,998
54.70122,42.048317,Mono_Continuous,DS1,C:\TCC\Reproduzir_artigo\data\GUITAR-FX\Mono_Continuous\Audio\DS1\G63-70511-DS1-D7T3-20734.wav,998
54.7072,42.130405,Mono_Continuous,DS1,C:\TCC\Reproduzir_artigo\data\GUITAR-FX\Mono_Continuous\Audio\DS1\G63-70511-DS1-D9.4T0.3-20734.wav,998
54.99969,40.240753,Mono_Continuous,DS1,C:\TCC\Reproduzir_artigo\data\GUITAR-FX\Mono_Continuous\Audio\DS1\G63-70606-DS1-D5.9T8.7-20742.wav,998
54.871937,40.505283,Mono_Continuous,DS1,C:\TCC\Reproduzir_artigo\data\GUITAR-FX\Mono_Continuous\Audio\DS1\G63-70606-DS1-D6T5-20742.wav,998
66.86245,54.131622,Mono_Continuous,DS1,C:\TCC\Reproduzir_artigo\data\GUITAR-FX\Mono_Continuous\Audio\DS1\G63-71512-DS1-D4.6T7-20735.wav,998
57.034565,55.28137,Mono_Continuous,DS1,C:\TCC\Reproduzir_artigo\data\GUITAR-FX\Mono_Continuous\Audio\DS1\G63-71607-DS1-D5.1T1.1-20743.wav,998
39.057953,58.59716,Mono_Continuous,DS1,C:\TCC\Reproduzir_artigo\data\GUITAR-FX\Mono_Continuous\Audio\DS1\G63-74610-DS1-D6.4T9.2-20746.wav,998
47.937645,53.94179,Mono_Continuous,DS1,C:\TCC\Reproduzir_artigo\data\GUITAR-FX\Mono_Continuous\Audio\DS1\G63-75611-DS1-D4.7T5.5-20747.wav,998
47.893497,54.080105,Mono_Continuous,DS1,C:\TCC\Reproduzir_artigo\data\GUITAR-FX\Mono_Continuous\Audio\DS1\G63-75611-DS1-D9.2T2.4-20747.wav,998
-72.89962,2.695801,Mono_Continuous,DS1,C:\TCC\Reproduzir_artigo\data\GUITAR-FX\Mono_Continuous\Audio\DS1\G71-42102-DS1-D6.7T8.5-20751.wav,998
-72.7598,2.7797291,Mono_Continuous,DS1,C:\TCC\Reproduzir_artigo\data\GUITAR-FX\Mono_Continuous\Audio\DS1\G71-45105-DS1-D7.1T8.3-20754.wav,998
-60.39987,1.823052,Mono_Continuous,DS1,C:\TCC\Reproduzir_artigo\data\GUITAR-FX\Mono_Continuous\Audio\DS1\G71-47202-DS1-D2.2T4.2-20764.wav,998
-42.877823,1.4838121,Mono_Continuous,DS1,C:\TCC\Reproduzir_artigo\data\GUITAR-FX\Mono_Continuous\Audio\DS1\G71-50205-DS1-D6.5T5.1-20767.wav,998
-35.050602,-35.964462,Mono_Continuous,DS1,C:\TCC\Reproduzir_artigo\data\GUITAR-FX\Mono_Continuous\Audio\DS1\G71-55210-DS1-D8.6T4-20772.wav,998
-24.334301,-25.913994,Mono_Continuous,DS1,C:\TCC\Reproduzir_artigo\data\GUITAR-FX\Mono_Continuous\Audio\DS1\G71-55400-DS1-D5.5T3-20788.wav,998
-22.27105,-37.30856,Mono_Continuous,DS1,C:\TCC\Reproduzir_artigo\data\GUITAR-FX\Mono_Continuous\Audio\DS1\G71-56401-DS1-D9.6T5.6-20789.wav,998
-19.424292,-49.367275,Mono_Continuous,DS1,C:\TCC\Reproduzir_artigo\data\GUITAR-FX\Mono_Continuous\Audio\DS1\G71-58308-DS1-D5.3T6-20783.wav,998
16.519855,-45.237392,Mono_Continuous,DS1,C:\TCC\Reproduzir_artigo\data\GUITAR-FX\Mono_Continuous\Audio\DS1\G71-60310-DS1-D3.1T9.2-20785.wav,998
11.692224,-36.844975,Mono_Continuous,DS1,C:\TCC\Reproduzir_artigo\data\GUITAR-FX\Mono_Continuous\Audio\DS1\G71-60501-DS1-D7.3T4.5-20802.wav,998
16.883312,-45.259064,Mono_Continuous,DS1,C:\TCC\Reproduzir_artigo\data\GUITAR-FX\Mono_Continuous\Audio\DS1\G71-61311-DS1-D3.9T8.4-20786.wav,998
21.703466,-35.48461,Mono_Continuous,DS1,C:\TCC\Reproduzir_artigo\data\GUITAR-FX\Mono_Continuous\Audio\DS1\G71-61406-DS1-D8.4T3.3-20794.wav,998
18.885178,-31.091206,Mono_Continuous,DS1,C:\TCC\Reproduzir_artigo\data\GUITAR-FX\Mono_Continuous\Audio\DS1\G71-62503-DS1-D7T6-20804.wav,998
43.680466,-32.64075,Mono_Continuous,DS1,C:\TCC\Reproduzir_artigo\data\GUITAR-FX\Mono_Continuous\Audio\DS1\G71-63408-DS1-D2.1T6.5-20796.wav,998
44.752373,-33.974827,Mono_Continuous,DS1,C:\TCC\Reproduzir_artigo\data\GUITAR-FX\Mono_Continuous\Audio\DS1\G71-63408-DS1-D3.4T9.5-20796.wav,998
43.751125,-32.756252,Mono_Continuous,DS1,C:\TCC\Reproduzir_artigo\data\GUITAR-FX\Mono_Continuous\Audio\DS1\G71-63408-DS1-D4.2T6.5-20796.wav,998
45.370304,-26.289078,Mono_Continuous,DS1,C:\TCC\Reproduzir_artigo\data\GUITAR-FX\Mono_Continuous\Audio\DS1\G71-63504-DS1-D2.6T7.5-20805.wav,998
56.553104,-12.353982,Mono_Continuous,DS1,C:\TCC\Reproduzir_artigo\data\GUITAR-FX\Mono_Continuous\Audio\DS1\G71-64505-DS1-D5.9T0.1-20806.wav,998
56.923878,-21.139856,Mono_Continuous,DS1,C:\TCC\Reproduzir_artigo\data\GUITAR-FX\Mono_Continuous\Audio\DS1\G71-65601-DS1-D5.6T4.5-20815.wav,998
69.66614,-20.221386,Mono_Continuous,DS1,C:\TCC\Reproduzir_artigo\data\GUITAR-FX\Mono_Continuous\Audio\DS1\G71-66411-DS1-D2.4T8.1-20799.wav,998
67.49275,-13.51693,Mono_Continuous,DS1,C:\TCC\Reproduzir_artigo\data\GUITAR-FX\Mono_Continuous\Audio\DS1\G71-66602-DS1-D3.2T3.2-20816.wav,998
54.460415,6.9045215,Mono_Continuous,DS1,C:\TCC\Reproduzir_artigo\data\GUITAR-FX\Mono_Continuous\Audio\DS1\G71-67508-DS1-D4T7.2-20809.wav,998
69.611465,16.23374,Mono_Continuous,DS1,C:\TCC\Reproduzir_artigo\data\GUITAR-FX\Mono_Continuous\Audio\DS1\G71-68604-DS1-D7.7T0.9-20818.wav,998
44.72336,30.0795,Mono_Continuous,DS1,C:\TCC\Reproduzir_artigo\data\GUITAR-FX\Mono_Continuous\Audio\DS1\G71-69510-DS1-D8.9T0.9-20811.wav,998
67.14747,54.845978,Mono_Continuous,DS1,C:\TCC\Reproduzir_artigo\data\GUITAR-FX\Mono_Continuous\Audio\DS1\G71-71512-DS1-D2.8T3.3-20813.wav,998
46.893486,58.87322,Mono_Continuous,DS1,C:\TCC\Reproduzir_artigo\data\GUITAR-FX\Mono_Continuous\Audio\DS1\G71-73609-DS1-D8.1T6.5-20823.wav,998
46.91339,58.744728,Mono_Continuous,DS1,C:\TCC\Reproduzir_artigo\data\GUITAR-FX\Mono_Continuous\Audio\DS1\G71-73609-DS1-D8T0.8-20823.wav,998
42.531567,58.873405,Mono_Continuous,DS1,C:\TCC\Reproduzir_artigo\data\GUITAR-FX\Mono_Continuous\Audio\DS1\G71-74610-DS1-D8.5T0.2-20824.wav,998
28.935062,61.533398,Mono_Continuous,DS1,C:\TCC\Reproduzir_artigo\data\GUITAR-FX\Mono_Continuous\Audio\DS1\G71-76612-DS1-D4.6T6.9-20826.wav,998
-62.419743,-1.0559875,Mono_Continuous,DS1,C:\TCC\Reproduzir_artigo\data\GUITAR-FX\Mono_Continuous\Audio\DS1\G73-46201-DS1-D2.6T3.3-20841.wav,998
-62.59125,-1.2288322,Mono_Continuous,DS1,C:\TCC\Reproduzir_artigo\data\GUITAR-FX\Mono_Continuous\Audio\DS1\G73-46201-DS1-D6.1T5.1-20841.wav,998
-44.919918,1.2804521,Mono_Continuous,DS1,C:\TCC\Reproduzir_artigo\data\GUITAR-FX\Mono_Continuous\Audio\DS1\G73-48203-DS1-D9.5T2.1-20843.wav,998
-38.569927,-3.8932912,Mono_Continuous,DS1,C:\TCC\Reproduzir_artigo\data\GUITAR-FX\Mono_Continuous\Audio\DS1\G73-52207-DS1-D9.5T6.6-20847.wav,998
-32.397404,-5.2284193,Mono_Continuous,DS1,C:\TCC\Reproduzir_artigo\data\GUITAR-FX\Mono_Continuous\Audio\DS1\G73-53208-DS1-D5.7T0.5-20848.wav,998
-20.699453,-36.150272,Mono_Continuous,DS1,C:\TCC\Reproduzir_artigo\data\GUITAR-FX\Mono_Continuous\Audio\DS1\G73-56306-DS1-D4.7T4.5-20859.wav,998
11.248313,-38.394924,Mono_Continuous,DS1,C:\TCC\Reproduzir_artigo\data\GUITAR-FX\Mono_Continuous\Audio\DS1\G73-60405-DS1-D6.1T1-20871.wav,998
11.241419,-38.372826,Mono_Continuous,DS1,C:\TCC\Reproduzir_artigo\data\GUITAR-FX\Mono_Continuous\Audio\DS1\G73-60405-DS1-D9.5T6-20871.wav,998
29.818052,-45.724808,Mono_Continuous,DS1,C:\TCC\Reproduzir_artigo\data\GUITAR-FX\Mono_Continuous\Audio\DS1\G73-61406-DS1-D2.5T7.1-20872.wav,998
29.805838,-45.73977,Mono_Continuous,DS1,C:\TCC\Reproduzir_artigo\data\GUITAR-FX\Mono_Continuous\Audio\DS1\G73-61406-DS1-D5.1T6.5-20872.wav,998
22.080132,-41.355965,Mono_Continuous,DS1,C:\TCC\Reproduzir_artigo\data\GUITAR-FX\Mono_Continuous\Audio\DS1\G73-61502-DS1-D5.2T6.8-20881.wav,998
16.863266,-29.261572,Mono_Continuous,DS1,C:\TCC\Reproduzir_artigo\data\GUITAR-FX\Mono_Continuous\Audio\DS1\G73-62312-DS1-D3.5T5.3-20865.wav,998
16.884428,-29.168867,Mono_Continuous,DS1,C:\TCC\Reproduzir_artigo\data\GUITAR-FX\Mono_Continuous\Audio\DS1\G73-62312-DS1-D6.6T0.4-20865.wav,998
17.991018,-30.412876,Mono_Continuous,DS1,C:\TCC\Reproduzir_artigo\data\GUITAR-FX\Mono_Continuous\Audio\DS1\G73-62503-DS1-D7.2T0.4-20882.wav,998
20.572289,-50.329845,Mono_Continuous,DS1,C:\TCC\Reproduzir_artigo\data\GUITAR-FX\Mono_Continuous\Audio\DS1\G73-63504-DS1-D9.4T8.7-20883.wav,998
47.67221,-10.393288,Mono_Continuous,DS1,C:\TCC\Reproduzir_artigo\data\GUITAR-FX\Mono_Continuous\Audio\DS1\G73-64409-DS1-D3T0.6-20875.wav,998
56.994022,4.4488325,Mono_Continuous,DS1,C:\TCC\Reproduzir_artigo\data\GUITAR-FX\Mono_Continuous\Audio\DS1\G73-67508-DS1-D8.6T7.1-20887.wav,998
57.072056,4.409388,Mono_Continuous,DS1,C:\TCC\Reproduzir_artigo\data\GUITAR-FX\Mono_Continuous\Audio\DS1\G73-67603-DS1-D7.7T0.9-20895.wav,998
69.51461,16.344065,Mono_Continuous,DS1,C:\TCC\Reproduzir_artigo\data\GUITAR-FX\Mono_Continuous\Audio\DS1\G73-68604-DS1-D7.3T4.1-20896.wav,998
44.562935,33.88735,Mono_Continuous,DS1,C:\TCC\Reproduzir_artigo\data\GUITAR-FX\Mono_Continuous\Audio\DS1\G73-69510-DS1-D6.3T9.1-20889.wav,998
37.115826,57.05414,Mono_Continuous,DS1,C:\TCC\Reproduzir_artigo\data\GUITAR-FX\Mono_Continuous\Audio\DS1\G73-74610-DS1-D5.8T8.2-20902.wav,998
28.926714,61.506435,Mono_Continuous,DS1,C:\TCC\Reproduzir_artigo\data\GUITAR-FX\Mono_Continuous\Audio\DS1\G73-76612-DS1-D6.4T7.5-20904.wav,998
-74.192726,10.684439,Mono_Continuous,DS1,C:\TCC\Reproduzir_artigo\data\GUITAR-FX\Mono_Continuous\Audio\DS1\G81-40100-DS1-D7.2T3.8-20905.wav,998
-52.64971,7.053196,Mono_Continuous,DS1,C:\TCC\Reproduzir_artigo\data\GUITAR-FX\Mono_Continuous\Audio\DS1\G81-45200-DS1-D8.5T6.3-20918.wav,998
-52.651608,7.039567,Mono_Continuous,DS1,C:\TCC\Reproduzir_artigo\data\GUITAR-FX\Mono_Continuous\Audio\DS1\G81-45200-DS1-D9.2T6.7-20918.wav,998
-55.278515,12.326325,Mono_Continuous,DS1,C:\TCC\Reproduzir_artigo\data\GUITAR-FX\Mono_Continuous\Audio\DS1\G81-49204-DS1-D4.8T2.1-20922.wav,998
-46.08328,9.795438,Mono_Continuous,DS1,C:\TCC\Reproduzir_artigo\data\GUITAR-FX\Mono_Continuous\Audio\DS1\G81-50205-DS1-D9.1T2.6-20923.wav,998
-65.91922,-36.59607,Mono_Continuous,DS1,C:\TCC\Reproduzir_artigo\data\GUITAR-FX\Mono_Continuous\Audio\DS1\G81-52112-DS1-D2.5T6.2-20917.wav,998
-17.859072,-8.357219,Mono_Continuous,DS1,C:\TCC\Reproduzir_artigo\data\GUITAR-FX\Mono_Continuous\Audio\DS1\G81-55305-DS1-D8.4T3.1-20936.wav,998
-12.309177,-11.963921,Mono_Continuous,DS1,C:\TCC\Reproduzir_artigo\data\GUITAR-FX\Mono_Continuous\Audio\DS1\G81-56211-DS1-D7.8T2.3-20929.wav,998
-16.99379,-8.383539,Mono_Continuous,DS1,C:\TCC\Reproduzir_artigo\data\GUITAR-FX\Mono_Continuous\Audio\DS1\G81-56306-DS1-D4T3.7-20937.wav,998
-21.466887,-38.073147,Mono_Continuous,DS1,C:\TCC\Reproduzir_artigo\data\GUITAR-FX\Mono_Continuous\Audio\DS1\G81-56401-DS1-D5.5T6.8-20945.wav,998
-15.90402,-33.352535,Mono_Continuous,DS1,C:\TCC\Reproduzir_artigo\data\GUITAR-FX\Mono_Continuous\Audio\DS1\G81-57402-DS1-D9.3T1.5-20946.wav,998
-9.1438875,-15.180939,Mono_Continuous,DS1,C:\TCC\Reproduzir_artigo\data\GUITAR-FX\Mono_Continuous\Audio\DS1\G81-58308-DS1-D4T8.1-20939.wav,998
-9.275715,-15.09163,Mono_Continuous,DS1,C:\TCC\Reproduzir_artigo\data\GUITAR-FX\Mono_Continuous\Audio\DS1\G81-58308-DS1-D6.3T0-20939.wav,998
-6.1990666,-37.515053,Mono_Continuous,DS1,C:\TCC\Reproduzir_artigo\data\GUITAR-FX\Mono_Continuous\Audio\DS1\G81-58403-DS1-D8T8.4-20947.wav,998
-10.701573,-13.429439,Mono_Continuous,DS1,C:\TCC\Reproduzir_artigo\data\GUITAR-FX\Mono_Continuous\Audio\DS1\G81-59404-DS1-D9T5.9-20948.wav,998
-10.572995,-14.766955,Mono_Continuous,DS1,C:\TCC\Reproduzir_artigo\data\GUITAR-FX\Mono_Continuous\Audio\DS1\G81-60310-DS1-D9.3T7.5-20941.wav,998
31.472847,-14.008056,Mono_Continuous,DS1,C:\TCC\Reproduzir_artigo\data\GUITAR-FX\Mono_Continuous\Audio\DS1\G81-62407-DS1-D2.7T2.8-20951.wav,998
31.558975,-13.941781,Mono_Continuous,DS1,C:\TCC\Reproduzir_artigo\data\GUITAR-FX\Mono_Continuous\Audio\DS1\G81-62407-DS1-D4.2T3.9-20951.wav,998
27.813745,-17.841679,Mono_Continuous,DS1,C:\TCC\Reproduzir_artigo\data\GUITAR-FX\Mono_Continuous\Audio\DS1\G81-62503-DS1-D4.1T7.1-20960.wav,998
41.16866,-11.936199,Mono_Continuous,DS1,C:\TCC\Reproduzir_artigo\data\GUITAR-FX\Mono_Continuous\Audio\DS1\G81-64409-DS1-D5.8T8.1-20953.wav,998
57.959663,-32.454758,Mono_Continuous,DS1,C:\TCC\Reproduzir_artigo\data\GUITAR-FX\Mono_Continuous\Audio\DS1\G81-64505-DS1-D2.9T10-20962.wav,998
39.269157,-10.046986,Mono_Continuous,DS1,C:\TCC\Reproduzir_artigo\data\GUITAR-FX\Mono_Continuous\Audio\DS1\G81-64505-DS1-D3T1.1-20962.wav,998
56.15863,-11.58122,Mono_Continuous,DS1,C:\TCC\Reproduzir_artigo\data\GUITAR-FX\Mono_Continuous\Audio\DS1\G81-64600-DS1-D2.4T0.5-20970.wav,998
34.22381,-13.024922,Mono_Continuous,DS1,C:\TCC\Reproduzir_artigo\data\GUITAR-FX\Mono_Continuous\Audio\DS1\G81-65410-DS1-D5.8T3-20954.wav,998
34.222935,-13.024005,Mono_Continuous,DS1,C:\TCC\Reproduzir_artigo\data\GUITAR-FX\Mono_Continuous\Audio\DS1\G81-65410-DS1-D6.2T4.5-20954.wav,998
46.836575,-43.52483,Mono_Continuous,DS1,C:\TCC\Reproduzir_artigo\data\GUITAR-FX\Mono_Continuous\Audio\DS1\G81-65601-DS1-D7.2T9.3-20971.wav,998
46.021267,26.25913,Mono_Continuous,DS1,C:\TCC\Reproduzir_artigo\data\GUITAR-FX\Mono_Continuous\Audio\DS1\G81-69510-DS1-D4T0.1-20967.wav,998
68.42931,54.40848,Mono_Continuous,DS1,C:\TCC\Reproduzir_artigo\data\GUITAR-FX\Mono_Continuous\Audio\DS1\G81-71607-DS1-D6.4T5.5-20977.wav,998
46.970978,62.928875,Mono_Continuous,DS1,C:\TCC\Reproduzir_artigo\data\GUITAR-FX\Mono_Continuous\Audio\DS1\G81-72608-DS1-D5.2T7.6-20978.wav,998
46.952335,62.88385,Mono_Continuous,DS1,C:\TCC\Reproduzir_artigo\data\GUITAR-FX\Mono_Continuous\Audio\DS1\G81-72608-DS1-D8.4T3.1-20978.wav,998
49.63687,47.33673,Mono_Continuous,DS1,C:\TCC\Reproduzir_artigo\data\GUITAR-FX\Mono_Continuous\Audio\DS1\G81-75611-DS1-D2.9T5.1-20981.wav,998
50.899605,47.759815,Mono_Continuous,DS1,C:\TCC\Reproduzir_artigo\data\GUITAR-FX\Mono_Continuous\Audio\DS1\G81-75611-DS1-D7.7T9.5-20981.wav,998
-74.71507,-5.3004584,Mono_Continuous,DS1,C:\TCC\Reproduzir_artigo\data\GUITAR-FX\Mono_Continuous\Audio\DS1\G83-43103-DS1-D6.1T8-20986.wav,998
-52.57501,-10.646502,Mono_Continuous,DS1,C:\TCC\Reproduzir_artigo\data\GUITAR-FX\Mono_Continuous\Audio\DS1\G83-46201-DS1-D9.3T8.9-20997.wav,998
-57.1328,8.944876,Mono_Continuous,DS1,C:\TCC\Reproduzir_artigo\data\GUITAR-FX\Mono_Continuous\Audio\DS1\G83-47202-DS1-D2.2T2.6-20998.wav,998
-65.99361,2.1184578,Mono_Continuous,DS1,C:\TCC\Reproduzir_artigo\data\GUITAR-FX\Mono_Continuous\Audio\DS1\G83-48108-DS1-D9.3T5.7-20991.wav,998
-50.44163,-9.511084,Mono_Continuous,DS1,C:\TCC\Reproduzir_artigo\data\GUITAR-FX\Mono_Continuous\Audio\DS1\G83-48203-DS1-D4T8.7-20999.wav,998
-56.834526,10.817908,Mono_Continuous,DS1,C:\TCC\Reproduzir_artigo\data\GUITAR-FX\Mono_Continuous\Audio\DS1\G83-49204-DS1-D5.4T0.4-21000.wav,998
-41.911842,-29.292553,Mono_Continuous,DS1,C:\TCC\Reproduzir_artigo\data\GUITAR-FX\Mono_Continuous\Audio\DS1\G83-51111-DS1-D7.9T9.6-20994.wav,998
-51.554657,-20.21451,Mono_Continuous,DS1,C:\TCC\Reproduzir_artigo\data\GUITAR-FX\Mono_Continuous\Audio\DS1\G83-51301-DS1-D7.3T6.3-21010.wav,998
-36.89546,-5.973965,Mono_Continuous,DS1,C:\TCC\Reproduzir_artigo\data\GUITAR-FX\Mono_Continuous\Audio\DS1\G83-52207-DS1-D4.4T4.6-21003.wav,998
-36.863113,-5.884582,Mono_Continuous,DS1,C:\TCC\Reproduzir_artigo\data\GUITAR-FX\Mono_Continuous\Audio\DS1\G83-52207-DS1-D8.9T3-21003.wav,998
-36.52896,-18.162245,Mono_Continuous,DS1,C:\TCC\Reproduzir_artigo\data\GUITAR-FX\Mono_Continuous\Audio\DS1\G83-53208-DS1-D6.9T9.2-21004.wav,998
-21.432314,-16.329527,Mono_Continuous,DS1,C:\TCC\Reproduzir_artigo\data\GUITAR-FX\Mono_Continuous\Audio\DS1\G83-54304-DS1-D2.6T7.1-21013.wav,998
-25.815659,-18.278103,Mono_Continuous,DS1,C:\TCC\Reproduzir_artigo\data\GUITAR-FX\Mono_Continuous\Audio\DS1\G83-55400-DS1-D2.2T8.2-21022.wav,998
-32.000404,-41.60417,Mono_Continuous,DS1,C:\TCC\Reproduzir_artigo\data\GUITAR-FX\Mono_Continuous\Audio\DS1\G83-57402-DS1-D9.7T6.8-21024.wav,998
-0.68213147,-16.774157,Mono_Continuous,DS1,C:\TCC\Reproduzir_artigo\data\GUITAR-FX\Mono_Continuous\Audio\DS1\G83-58308-DS1-D4.1T4-21017.wav,998
-8.894652,-41.02182,Mono_Continuous,DS1,C:\TCC\Reproduzir_artigo\data\GUITAR-FX\Mono_Continuous\Audio\DS1\G83-59309-DS1-D8.7T9.6-21018.wav,998
0.6928557,-14.477726,Mono_Continuous,DS1,C:\TCC\Reproduzir_artigo\data\GUITAR-FX\Mono_Continuous\Audio\DS1\G83-59404-DS1-D2.7T2.9-21026.wav,998
30.758461,-11.516417,Mono_Continuous,DS1,C:\TCC\Reproduzir_artigo\data\GUITAR-FX\Mono_Continuous\Audio\DS1\G83-61406-DS1-D2.2T3.6-21028.wav,998
30.04987,-14.9060335,Mono_Continuous,DS1,C:\TCC\Reproduzir_artigo\data\GUITAR-FX\Mono_Continuous\Audio\DS1\G83-62407-DS1-D4.1T1.2-21029.wav,998
28.114338,-16.737604,Mono_Continuous,DS1,C:\TCC\Reproduzir_artigo\data\GUITAR-FX\Mono_Continuous\Audio\DS1\G83-62503-DS1-D5.2T4.1-21038.wav,998
28.842613,-17.521933,Mono_Continuous,DS1,C:\TCC\Reproduzir_artigo\data\GUITAR-FX\Mono_Continuous\Audio\DS1\G83-62503-DS1-D9.9T8.2-21038.wav,998
49.27509,-8.450263,Mono_Continuous,DS1,C:\TCC\Reproduzir_artigo\data\GUITAR-FX\Mono_Continuous\Audio\DS1\G83-64505-DS1-D9.6T1.3-21040.wav,998
46.746773,-43.67105,Mono_Continuous,DS1,C:\TCC\Reproduzir_artigo\data\GUITAR-FX\Mono_Continuous\Audio\DS1\G83-65601-DS1-D9.1T9.4-21049.wav,998
56.950096,3.8064082,Mono_Continuous,DS1,C:\TCC\Reproduzir_artigo\data\GUITAR-FX\Mono_Continuous\Audio\DS1\G83-67603-DS1-D8.1T0.1-21051.wav,998
71.85852,13.884847,Mono_Continuous,DS1,C:\TCC\Reproduzir_artigo\data\GUITAR-FX\Mono_Continuous\Audio\DS1\G83-68509-DS1-D4.6T4-21044.wav,998
69.621666,49.147648,Mono_Continuous,DS1,C:\TCC\Reproduzir_artigo\data\GUITAR-FX\Mono_Continuous\Audio\DS1\G83-71607-DS1-D9.3T8.8-21055.wav,998
47.442394,58.59509,Mono_Continuous,DS1,C:\TCC\Reproduzir_artigo\data\GUITAR-FX\Mono_Continuous\Audio\DS1\G83-73609-DS1-D6.2T1.4-21057.wav,998
42.379898,57.790455,Mono_Continuous,DS1,C:\TCC\Reproduzir_artigo\data\GUITAR-FX\Mono_Continuous\Audio\DS1\G83-74610-DS1-D4.1T5.7-21058.wav,998
27.179474,60.20239,Mono_Continuous,DS1,C:\TCC\Reproduzir_artigo\data\GUITAR-FX\Mono_Continuous\Audio\DS1\G83-76612-DS1-D5.8T6.5-21060.wav,998
-70.19405,-13.140309,Mono_Continuous,DS1,C:\TCC\Reproduzir_artigo\data\GUITAR-FX\Mono_Continuous\Audio\DS1\G91-41101-DS1-D5.9T9.9-21062.wav,998
-71.84005,14.996018,Mono_Continuous,DS1,C:\TCC\Reproduzir_artigo\data\GUITAR-FX\Mono_Continuous\Audio\DS1\G91-42102-DS1-D2.4T3-21063.wav,998
-73.150276,17.399466,Mono_Continuous,DS1,C:\TCC\Reproduzir_artigo\data\GUITAR-FX\Mono_Continuous\Audio\DS1\G91-44104-DS1-D9.6T0.5-21065.wav,998
-53.91788,-0.8528002,Mono_Continuous,DS1,C:\TCC\Reproduzir_artigo\data\GUITAR-FX\Mono_Continuous\Audio\DS1\G91-46201-DS1-D3.4T8.3-21075.wav,998
-44.10359,20.545025,Mono_Continuous,DS1,C:\TCC\Reproduzir_artigo\data\GUITAR-FX\Mono_Continuous\Audio\DS1\G91-47202-DS1-D3.7T6.7-21076.wav,998
-42.112675,-29.323248,Mono_Continuous,DS1,C:\TCC\Reproduzir_artigo\data\GUITAR-FX\Mono_Continuous\Audio\DS1\G91-48108-DS1-D7.3T9.4-21069.wav,998
-49.575916,-30.463717,Mono_Continuous,DS1,C:\TCC\Reproduzir_artigo\data\GUITAR-FX\Mono_Continuous\Audio\DS1\G91-50110-DS1-D9.5T7.1-21071.wav,998
-44.981384,10.1015625,Mono_Continuous,DS1,C:\TCC\Reproduzir_artigo\data\GUITAR-FX\Mono_Continuous\Audio\DS1\G91-50205-DS1-D8.5T1.3-21079.wav,998
-41.588966,11.515667,Mono_Continuous,DS1,C:\TCC\Reproduzir_artigo\data\GUITAR-FX\Mono_Continuous\Audio\DS1\G91-50300-DS1-D7.8T4.5-21087.wav,998
-52.116467,-20.67247,Mono_Continuous,DS1,C:\TCC\Reproduzir_artigo\data\GUITAR-FX\Mono_Continuous\Audio\DS1\G91-51301-DS1-D5.9T3.8-21088.wav,998
-37.654556,-4.785815,Mono_Continuous,DS1,C:\TCC\Reproduzir_artigo\data\GUITAR-FX\Mono_Continuous\Audio\DS1\G91-52112-DS1-D9.3T6.5-21073.wav,998
-39.181538,-15.76603,Mono_Continuous,DS1,C:\TCC\Reproduzir_artigo\data\GUITAR-FX\Mono_Continuous\Audio\DS1\G91-52207-DS1-D4.7T7.8-21081.wav,998
-49.966564,-27.199333,Mono_Continuous,DS1,C:\TCC\Reproduzir_artigo\data\GUITAR-FX\Mono_Continuous\Audio\DS1\G91-52302-DS1-D3.2T8.1-21089.wav,998
-36.27761,-16.275856,Mono_Continuous,DS1,C:\TCC\Reproduzir_artigo\data\GUITAR-FX\Mono_Continuous\Audio\DS1\G91-53208-DS1-D9.3T6.5-21082.wav,998
-20.010628,-8.519435,Mono_Continuous,DS1,C:\TCC\Reproduzir_artigo\data\GUITAR-FX\Mono_Continuous\Audio\DS1\G91-55305-DS1-D6.9T2.5-21092.wav,998
-22.481468,-29.91658,Mono_Continuous,DS1,C:\TCC\Reproduzir_artigo\data\GUITAR-FX\Mono_Continuous\Audio\DS1\G91-55305-DS1-D9.9T9-21092.wav,998
-24.255993,-17.8338,Mono_Continuous,DS1,C:\TCC\Reproduzir_artigo\data\GUITAR-FX\Mono_Continuous\Audio\DS1\G91-55400-DS1-D3.1T4.1-21100.wav,998
-11.496459,-13.510636,Mono_Continuous,DS1,C:\TCC\Reproduzir_artigo\data\GUITAR-FX\Mono_Continuous\Audio\DS1\G91-56211-DS1-D8T8.4-21085.wav,998
-11.75895,-13.588208,Mono_Continuous,DS1,C:\TCC\Reproduzir_artigo\data\GUITAR-FX\Mono_Continuous\Audio\DS1\G91-56306-DS1-D7.7T7-21093.wav,998
-20.97967,-35.248516,Mono_Continuous,DS1,C:\TCC\Reproduzir_artigo\data\GUITAR-FX\Mono_Continuous\Audio\DS1\G91-56401-DS1-D2.7T3.8-21101.wav,998
-14.544339,-31.777864,Mono_Continuous,DS1,C:\TCC\Reproduzir_artigo\data\GUITAR-FX\Mono_Continuous\Audio\DS1\G91-57402-DS1-D3.4T6.1-21102.wav,998
-9.696474,-36.85127,Mono_Continuous,DS1,C:\TCC\Reproduzir_artigo\data\GUITAR-FX\Mono_Continuous\Audio\DS1\G91-60405-DS1-D5.9T6.9-21105.wav,998
10.70827,-36.209652,Mono_Continuous,DS1,C:\TCC\Reproduzir_artigo\data\GUITAR-FX\Mono_Continuous\Audio\DS1\G91-60501-DS1-D8.8T3.2-21114.wav,998
21.352219,-34.573284,Mono_Continuous,DS1,C:\TCC\Reproduzir_artigo\data\GUITAR-FX\Mono_Continuous\Audio\DS1\G91-61406-DS1-D7.6T0.7-21106.wav,998
56.855984,-32.12338,Mono_Continuous,DS1,C:\TCC\Reproduzir_artigo\data\GUITAR-FX\Mono_Continuous\Audio\DS1\G91-64505-DS1-D8.8T7.2-21118.wav,998
36.929802,-14.191076,Mono_Continuous,DS1,C:\TCC\Reproduzir_artigo\data\GUITAR-FX\Mono_Continuous\Audio\DS1\G91-65410-DS1-D2T0.2-21110.wav,998
36.89441,-7.961795,Mono_Continuous,DS1,C:\TCC\Reproduzir_artigo\data\GUITAR-FX\Mono_Continuous\Audio\DS1\G91-67412-DS1-D10T1.8-21112.wav,998
36.91906,-7.8570733,Mono_Continuous,DS1,C:\TCC\Reproduzir_artigo\data\GUITAR-FX\Mono_Continuous\Audio\DS1\G91-67412-DS1-D2.4T3-21112.wav,998
60.399677,11.335952,Mono_Continuous,DS1,C:\TCC\Reproduzir_artigo\data\GUITAR-FX\Mono_Continuous\Audio\DS1\G91-67603-DS1-D7.5T9.3-21129.wav,998
74.47893,23.624878,Mono_Continuous,DS1,C:\TCC\Reproduzir_artigo\data\GUITAR-FX\Mono_Continuous\Audio\DS1\G91-68509-DS1-D8.8T7.5-21122.wav,998
45.3852,29.335768,Mono_Continuous,DS1,C:\TCC\Reproduzir_artigo\data\GUITAR-FX\Mono_Continuous\Audio\DS1\G91-69605-DS1-D7.2T6-21131.wav,998
48.28994,59.7696,Mono_Continuous,DS1,C:\TCC\Reproduzir_artigo\data\GUITAR-FX\Mono_Continuous\Audio\DS1\G91-73609-DS1-D8.6T4.2-21135.wav,998
49.35699,62.154495,Mono_Continuous,DS1,C:\TCC\Reproduzir_artigo\data\GUITAR-FX\Mono_Continuous\Audio\DS1\G91-74610-DS1-D3.1T2.3-21136.wav,998
49.473103,62.242687,Mono_Continuous,DS1,C:\TCC\Reproduzir_artigo\data\GUITAR-FX\Mono_Continuous\Audio\DS1\G91-74610-DS1-D7.2T7.4-21136.wav,998
-54.839653,-10.7108965,Mono_Continuous,DS1,C:\TCC\Reproduzir_artigo\data\GUITAR-FX\Mono_Continuous\Audio\DS1\G93-42102-DS1-D4T9.4-21141.wav,998
-53.56613,-6.778063,Mono_Continuous,DS1,C:\TCC\Reproduzir_artigo\data\GUITAR-FX\Mono_Continuous\Audio\DS1\G93-45200-DS1-D8T7.7-21152.wav,998
-46.049587,13.988028,Mono_Continuous,DS1,C:\TCC\Reproduzir_artigo\data\GUITAR-FX\Mono_Continuous\Audio\DS1\G93-47202-DS1-D8.4T3-21154.wav,998
-43.817463,-3.803319,Mono_Continuous,DS1,C:\TCC\Reproduzir_artigo\data\GUITAR-FX\Mono_Continuous\Audio\DS1\G93-51111-DS1-D2.2T0.4-21150.wav,998
-51.74064,-20.375889,Mono_Continuous,DS1,C:\TCC\Reproduzir_artigo\data\GUITAR-FX\Mono_Continuous\Audio\DS1\G93-51206-DS1-D8.8T4.8-21158.wav,998
-45.73887,-28.940443,Mono_Continuous,DS1,C:\TCC\Reproduzir_artigo\data\GUITAR-FX\Mono_Continuous\Audio\DS1\G93-52112-DS1-D3T8.5-21151.wav,998
-45.793587,-28.972475,Mono_Continuous,DS1,C:\TCC\Reproduzir_artigo\data\GUITAR-FX\Mono_Continuous\Audio\DS1\G93-52112-DS1-D5.4T7.6-21151.wav,998
-35.990326,-15.738238,Mono_Continuous,DS1,C:\TCC\Reproduzir_artigo\data\GUITAR-FX\Mono_Continuous\Audio\DS1\G93-53208-DS1-D4.8T7.2-21160.wav,998
-31.667076,-15.348467,Mono_Continuous,DS1,C:\TCC\Reproduzir_artigo\data\GUITAR-FX\Mono_Continuous\Audio\DS1\G93-54209-DS1-D5.5T2.1-21161.wav,998
-14.332628,-17.319405,Mono_Continuous,DS1,C:\TCC\Reproduzir_artigo\data\GUITAR-FX\Mono_Continuous\Audio\DS1\G93-56211-DS1-D7.2T1.1-21163.wav,998
-14.306802,-35.668167,Mono_Continuous,DS1,C:\TCC\Reproduzir_artigo\data\GUITAR-FX\Mono_Continuous\Audio\DS1\G93-57307-DS1-D5.3T1.3-21172.wav,998
-4.9876695,-36.909042,Mono_Continuous,DS1,C:\TCC\Reproduzir_artigo\data\GUITAR-FX\Mono_Continuous\Audio\DS1\G93-58308-DS1-D3.4T8.5-21173.wav,998
-8.697451,-39.017353,Mono_Continuous,DS1,C:\TCC\Reproduzir_artigo\data\GUITAR-FX\Mono_Continuous\Audio\DS1\G93-59404-DS1-D6.6T7.8-21182.wav,998
-8.692317,-39.009888,Mono_Continuous,DS1,C:\TCC\Reproduzir_artigo\data\GUITAR-FX\Mono_Continuous\Audio\DS1\G93-59404-DS1-D7.9T9-21182.wav,998
10.343776,-41.81279,Mono_Continuous,DS1,C:\TCC\Reproduzir_artigo\data\GUITAR-FX\Mono_Continuous\Audio\DS1\G93-59500-DS1-D3.5T5.2-21191.wav,998
10.358509,-41.855473,Mono_Continuous,DS1,C:\TCC\Reproduzir_artigo\data\GUITAR-FX\Mono_Continuous\Audio\DS1\G93-59500-DS1-D6.5T6.8-21191.wav,998
15.388108,-28.014706,Mono_Continuous,DS1,C:\TCC\Reproduzir_artigo\data\GUITAR-FX\Mono_Continuous\Audio\DS1\G93-61311-DS1-D6.5T4.7-21176.wav,998
26.389318,-17.159388,Mono_Continuous,DS1,C:\TCC\Reproduzir_artigo\data\GUITAR-FX\Mono_Continuous\Audio\DS1\G93-62503-DS1-D7.4T4.3-21194.wav,998
36.0541,-10.780102,Mono_Continuous,DS1,C:\TCC\Reproduzir_artigo\data\GUITAR-FX\Mono_Continuous\Audio\DS1\G93-64409-DS1-D2.7T8.2-21187.wav,998
36.340954,-10.6561575,Mono_Continuous,DS1,C:\TCC\Reproduzir_artigo\data\GUITAR-FX\Mono_Continuous\Audio\DS1\G93-64409-DS1-D3.1T2.7-21187.wav,998
36.34351,-10.6666765,Mono_Continuous,DS1,C:\TCC\Reproduzir_artigo\data\GUITAR-FX\Mono_Continuous\Audio\DS1\G93-64409-DS1-D6.5T4.7-21187.wav,998
40.575813,-7.648441,Mono_Continuous,DS1,C:\TCC\Reproduzir_artigo\data\GUITAR-FX\Mono_Continuous\Audio\DS1\G93-64505-DS1-D3.8T5-21196.wav,998
40.554523,-7.682748,Mono_Continuous,DS1,C:\TCC\Reproduzir_artigo\data\GUITAR-FX\Mono_Continuous\Audio\DS1\G93-64505-DS1-D9.9T0.9-21196.wav,998
51.663345,-18.067612,Mono_Continuous,DS1,C:\TCC\Reproduzir_artigo\data\GUITAR-FX\Mono_Continuous\Audio\DS1\G93-65506-DS1-D2.6T5.8-21197.wav,998
53.53115,-28.535841,Mono_Continuous,DS1,C:\TCC\Reproduzir_artigo\data\GUITAR-FX\Mono_Continuous\Audio\DS1\G93-65601-DS1-D4.2T7.6-21205.wav,998
37.366,-8.021253,Mono_Continuous,DS1,C:\TCC\Reproduzir_artigo\data\GUITAR-FX\Mono_Continuous\Audio\DS1\G93-67412-DS1-D8.1T2.4-21190.wav,998
57.987343,11.003662,Mono_Continuous,DS1,C:\TCC\Reproduzir_artigo\data\GUITAR-FX\Mono_Continuous\Audio\DS1\G93-67603-DS1-D5.1T9.7-21207.wav,998
70.14355,11.372766,Mono_Continuous,DS1,C:\TCC\Reproduzir_artigo\data\GUITAR-FX\Mono_Continuous\Audio\DS1\G93-68509-DS1-D3.2T5-21200.wav,998
69.03106,15.72202,Mono_Continuous,DS1,C:\TCC\Reproduzir_artigo\data\GUITAR-FX\Mono_Continuous\Audio\DS1\G93-68604-DS1-D6.8T2.9-21208.wav,998
51.249817,41.508377,Mono_Continuous,DS1,C:\TCC\Reproduzir_artigo\data\GUITAR-FX\Mono_Continuous\Audio\DS1\G93-72608-DS1-D9.9T9.7-21212.wav,998
48.864353,58.94364,Mono_Continuous,DS1,C:\TCC\Reproduzir_artigo\data\GUITAR-FX\Mono_Continuous\Audio\DS1\G93-73609-DS1-D4.5T4.9-21213.wav,998
49.535957,63.921967,Mono_Continuous,DS1,C:\TCC\Reproduzir_artigo\data\GUITAR-FX\Mono_Continuous\Audio\DS1\G93-74610-DS1-D6.4T6.6-21214.wav,998
-77.63741,-14.4747715,Mono_Continuous,FFC,C:\TCC\Reproduzir_artigo\data\GUITAR-FX\Mono_Continuous\Audio\FFC\G61-41101-FFC-F7.2-20594.wav,998
-76.82046,-11.8200445,Mono_Continuous,FFC,C:\TCC\Reproduzir_artigo\data\GUITAR-FX\Mono_Continuous\Audio\FFC\G61-42102-FFC-F2.7-20595.wav,998
-75.12493,-8.975399,Mono_Continuous,FFC,C:\TCC\Reproduzir_artigo\data\GUITAR-FX\Mono_Continuous\Audio\FFC\G61-43103-FFC-F8.9-20596.wav,998
-75.401924,-10.149622,Mono_Continuous,FFC,C:\TCC\Reproduzir_artigo\data\GUITAR-FX\Mono_Continuous\Audio\FFC\G61-44104-FFC-F2.6-20597.wav,998
-75.518295,-10.490055,Mono_Continuous,FFC,C:\TCC\Reproduzir_artigo\data\GUITAR-FX\Mono_Continuous\Audio\FFC\G61-44104-FFC-F6.9-20597.wav,998
-75.63166,-10.728949,Mono_Continuous,FFC,C:\TCC\Reproduzir_artigo\data\GUITAR-FX\Mono_Continuous\Audio\FFC\G61-44104-FFC-F9.7-20597.wav,998
-72.31862,-22.593885,Mono_Continuous,FFC,C:\TCC\Reproduzir_artigo\data\GUITAR-FX\Mono_Continuous\Audio\FFC\G61-45200-FFC-F7.2-20606.wav,998
-82.23852,-10.243117,Mono_Continuous,FFC,C:\TCC\Reproduzir_artigo\data\GUITAR-FX\Mono_Continuous\Audio\FFC\G61-46106-FFC-F6.8-20599.wav,998
-82.23819,-10.247478,Mono_Continuous,FFC,C:\TCC\Reproduzir_artigo\data\GUITAR-FX\Mono_Continuous\Audio\FFC\G61-46106-FFC-F9-20599.wav,998
-76.18872,-28.735788,Mono_Continuous,FFC,C:\TCC\Reproduzir_artigo\data\GUITAR-FX\Mono_Continuous\Audio\FFC\G61-48203-FFC-F7.2-20609.wav,998
-76.20497,-28.240778,Mono_Continuous,FFC,C:\TCC\Reproduzir_artigo\data\GUITAR-FX\Mono_Continuous\Audio\FFC\G61-49109-FFC-F7.3-20602.wav,998
-52.632008,-28.871769,Mono_Continuous,FFC,C:\TCC\Reproduzir_artigo\data\GUITAR-FX\Mono_Continuous\Audio\FFC\G61-50300-FFC-F7.1-20619.wav,998
-55.491333,-37.793465,Mono_Continuous,FFC,C:\TCC\Reproduzir_artigo\data\GUITAR-FX\Mono_Continuous\Audio\FFC\G61-51111-FFC-F2.1-20604.wav,998
-55.35855,-38.7217,Mono_Continuous,FFC,C:\TCC\Reproduzir_artigo\data\GUITAR-FX\Mono_Continuous\Audio\FFC\G61-51206-FFC-F5.9-20612.wav,998
-55.21215,-31.180424,Mono_Continuous,FFC,C:\TCC\Reproduzir_artigo\data\GUITAR-FX\Mono_Continuous\Audio\FFC\G61-51301-FFC-F3.2-20620.wav,998
-55.17054,-31.220747,Mono_Continuous,FFC,C:\TCC\Reproduzir_artigo\data\GUITAR-FX\Mono_Continuous\Audio\FFC\G61-51301-FFC-F3.7-20620.wav,998
-51.380516,-28.462353,Mono_Continuous,FFC,C:\TCC\Reproduzir_artigo\data\GUITAR-FX\Mono_Continuous\Audio\FFC\G61-52302-FFC-F7.1-20621.wav,998
-53.200504,-40.626896,Mono_Continuous,FFC,C:\TCC\Reproduzir_artigo\data\GUITAR-FX\Mono_Continuous\Audio\FFC\G61-53303-FFC-F9-20622.wav,998
-49.07141,-40.49972,Mono_Continuous,FFC,C:\TCC\Reproduzir_artigo\data\GUITAR-FX\Mono_Continuous\Audio\FFC\G61-55210-FFC-F4.3-20616.wav,998
-49.084938,-40.499577,Mono_Continuous,FFC,C:\TCC\Reproduzir_artigo\data\GUITAR-FX\Mono_Continuous\Audio\FFC\G61-55210-FFC-F5.6-20616.wav,998
-25.505508,-28.826466,Mono_Continuous,FFC,C:\TCC\Reproduzir_artigo\data\GUITAR-FX\Mono_Continuous\Audio\FFC\G61-55400-FFC-F9.4-20632.wav,998
-5.3677874,-50.140182,Mono_Continuous,FFC,C:\TCC\Reproduzir_artigo\data\GUITAR-FX\Mono_Continuous\Audio\FFC\G61-59404-FFC-F2.4-20636.wav,998
-5.296432,-50.19595,Mono_Continuous,FFC,C:\TCC\Reproduzir_artigo\data\GUITAR-FX\Mono_Continuous\Audio\FFC\G61-59404-FFC-F6.9-20636.wav,998
-4.7381787,-50.462727,Mono_Continuous,FFC,C:\TCC\Reproduzir_artigo\data\GUITAR-FX\Mono_Continuous\Audio\FFC\G61-59500-FFC-F9.1-20645.wav,998
15.870282,-48.08399,Mono_Continuous,FFC,C:\TCC\Reproduzir_artigo\data\GUITAR-FX\Mono_Continuous\Audio\FFC\G61-60501-FFC-F5.9-20646.wav,998
15.918955,-48.086216,Mono_Continuous,FFC,C:\TCC\Reproduzir_artigo\data\GUITAR-FX\Mono_Continuous\Audio\FFC\G61-60501-FFC-F9-20646.wav,998
24.959888,-43.83428,Mono_Continuous,FFC,C:\TCC\Reproduzir_artigo\data\GUITAR-FX\Mono_Continuous\Audio\FFC\G61-61502-FFC-F4.4-20647.wav,998
52.095245,-27.997145,Mono_Continuous,FFC,C:\TCC\Reproduzir_artigo\data\GUITAR-FX\Mono_Continuous\Audio\FFC\G61-65506-FFC-F3.2-20651.wav,998
53.679974,38.34551,Mono_Continuous,FFC,C:\TCC\Reproduzir_artigo\data\GUITAR-FX\Mono_Continuous\Audio\FFC\G61-70511-FFC-F8-20656.wav,998
60.248604,36.400757,Mono_Continuous,FFC,C:\TCC\Reproduzir_artigo\data\GUITAR-FX\Mono_Continuous\Audio\FFC\G61-70606-FFC-F1.1-20664.wav,998
68.311005,51.689465,Mono_Continuous,FFC,C:\TCC\Reproduzir_artigo\data\GUITAR-FX\Mono_Continuous\Audio\FFC\G61-71512-FFC-F4.2-20657.wav,998
68.28285,51.619987,Mono_Continuous,FFC,C:\TCC\Reproduzir_artigo\data\GUITAR-FX\Mono_Continuous\Audio\FFC\G61-71512-FFC-F6.3-20657.wav,998
66.923584,49.87754,Mono_Continuous,FFC,C:\TCC\Reproduzir_artigo\data\GUITAR-FX\Mono_Continuous\Audio\FFC\G61-71607-FFC-F9.3-20665.wav,998
67.91145,51.06454,Mono_Continuous,FFC,C:\TCC\Reproduzir_artigo\data\GUITAR-FX\Mono_Continuous\Audio\FFC\G61-72608-FFC-F6.8-20666.wav,998
-76.8438,-29.110489,Mono_Continuous,FFC,C:\TCC\Reproduzir_artigo\data\GUITAR-FX\Mono_Continuous\Audio\FFC\G63-48108-FFC-F5.3-20679.wav,998
-76.54988,-28.28317,Mono_Continuous,FFC,C:\TCC\Reproduzir_artigo\data\GUITAR-FX\Mono_Continuous\Audio\FFC\G63-49109-FFC-F4.1-20680.wav,998
-76.98011,-29.233263,Mono_Continuous,FFC,C:\TCC\Reproduzir_artigo\data\GUITAR-FX\Mono_Continuous\Audio\FFC\G63-50110-FFC-F5.1-20681.wav,998
-43.00143,-6.709625,Mono_Continuous,FFC,C:\TCC\Reproduzir_artigo\data\GUITAR-FX\Mono_Continuous\Audio\FFC\G63-50300-FFC-F2.7-20697.wav,998
-23.1284,-11.312183,Mono_Continuous,FFC,C:\TCC\Reproduzir_artigo\data\GUITAR-FX\Mono_Continuous\Audio\FFC\G63-52302-FFC-F6.7-20699.wav,998
-53.43733,-40.506634,Mono_Continuous,FFC,C:\TCC\Reproduzir_artigo\data\GUITAR-FX\Mono_Continuous\Audio\FFC\G63-53208-FFC-F9.3-20692.wav,998
-23.891928,-20.45101,Mono_Continuous,FFC,C:\TCC\Reproduzir_artigo\data\GUITAR-FX\Mono_Continuous\Audio\FFC\G63-55400-FFC-F0.6-20710.wav,998
-16.767849,-19.779589,Mono_Continuous,FFC,C:\TCC\Reproduzir_artigo\data\GUITAR-FX\Mono_Continuous\Audio\FFC\G63-56401-FFC-F0.3-20711.wav,998
-7.076041,-16.780012,Mono_Continuous,FFC,C:\TCC\Reproduzir_artigo\data\GUITAR-FX\Mono_Continuous\Audio\FFC\G63-58403-FFC-F6.3-20713.wav,998
-8.450788,-49.808216,Mono_Continuous,FFC,C:\TCC\Reproduzir_artigo\data\GUITAR-FX\Mono_Continuous\Audio\FFC\G63-59309-FFC-F9.2-20706.wav,998
-1.7653619,-46.88056,Mono_Continuous,FFC,C:\TCC\Reproduzir_artigo\data\GUITAR-FX\Mono_Continuous\Audio\FFC\G63-59500-FFC-F8-20723.wav,998
25.600454,-42.54218,Mono_Continuous,FFC,C:\TCC\Reproduzir_artigo\data\GUITAR-FX\Mono_Continuous\Audio\FFC\G63-61406-FFC-F0.7-20716.wav,998
25.447601,-42.54729,Mono_Continuous,FFC,C:\TCC\Reproduzir_artigo\data\GUITAR-FX\Mono_Continuous\Audio\FFC\G63-61406-FFC-F4.5-20716.wav,998
40.68319,-31.513426,Mono_Continuous,FFC,C:\TCC\Reproduzir_artigo\data\GUITAR-FX\Mono_Continuous\Audio\FFC\G63-63408-FFC-F1.6-20718.wav,998
40.70726,-31.52983,Mono_Continuous,FFC,C:\TCC\Reproduzir_artigo\data\GUITAR-FX\Mono_Continuous\Audio\FFC\G63-63408-FFC-F3.9-20718.wav,998
60.544872,-16.127277,Mono_Continuous,FFC,C:\TCC\Reproduzir_artigo\data\GUITAR-FX\Mono_Continuous\Audio\FFC\G63-64600-FFC-F7.2-20736.wav,998
49.679867,-31.091318,Mono_Continuous,FFC,C:\TCC\Reproduzir_artigo\data\GUITAR-FX\Mono_Continuous\Audio\FFC\G63-65410-FFC-F7.4-20720.wav,998
66.70957,-16.375145,Mono_Continuous,FFC,C:\TCC\Reproduzir_artigo\data\GUITAR-FX\Mono_Continuous\Audio\FFC\G63-66507-FFC-F3.9-20730.wav,998
69.85952,20.20931,Mono_Continuous,FFC,C:\TCC\Reproduzir_artigo\data\GUITAR-FX\Mono_Continuous\Audio\FFC\G63-68509-FFC-F3.4-20732.wav,998
58.445488,37.138603,Mono_Continuous,FFC,C:\TCC\Reproduzir_artigo\data\GUITAR-FX\Mono_Continuous\Audio\FFC\G63-70511-FFC-F1.6-20734.wav,998
59.23061,39.162346,Mono_Continuous,FFC,C:\TCC\Reproduzir_artigo\data\GUITAR-FX\Mono_Continuous\Audio\FFC\G63-70606-FFC-F8.9-20742.wav,998
40.16424,42.627956,Mono_Continuous,FFC,C:\TCC\Reproduzir_artigo\data\GUITAR-FX\Mono_Continuous\Audio\FFC\G63-73609-FFC-F5.1-20745.wav,998
51.973076,50.9734,Mono_Continuous,FFC,C:\TCC\Reproduzir_artigo\data\GUITAR-FX\Mono_Continuous\Audio\FFC\G63-75611-FFC-F4.9-20747.wav,998
52.002586,50.958607,Mono_Continuous,FFC,C:\TCC\Reproduzir_artigo\data\GUITAR-FX\Mono_Continuous\Audio\FFC\G63-75611-FFC-F6.5-20747.wav,998
-72.56705,-22.949537,Mono_Continuous,FFC,C:\TCC\Reproduzir_artigo\data\GUITAR-FX\Mono_Continuous\Audio\FFC\G71-45200-FFC-F7.7-20762.wav,998
-64.011765,31.675545,Mono_Continuous,FFC,C:\TCC\Reproduzir_artigo\data\GUITAR-FX\Mono_Continuous\Audio\FFC\G71-50110-FFC-F2.9-20759.wav,998
-44.962082,-9.431212,Mono_Continuous,FFC,C:\TCC\Reproduzir_artigo\data\GUITAR-FX\Mono_Continuous\Audio\FFC\G71-50205-FFC-F8.3-20767.wav,998
-45.223736,-13.519069,Mono_Continuous,FFC,C:\TCC\Reproduzir_artigo\data\GUITAR-FX\Mono_Continuous\Audio\FFC\G71-50300-FFC-F0.3-20775.wav,998
-65.72898,-11.562303,Mono_Continuous,FFC,C:\TCC\Reproduzir_artigo\data\GUITAR-FX\Mono_Continuous\Audio\FFC\G71-52112-FFC-F5.4-20761.wav,998
-24.015005,-12.543959,Mono_Continuous,FFC,C:\TCC\Reproduzir_artigo\data\GUITAR-FX\Mono_Continuous\Audio\FFC\G71-54209-FFC-F2.5-20771.wav,998
-24.02408,-12.509286,Mono_Continuous,FFC,C:\TCC\Reproduzir_artigo\data\GUITAR-FX\Mono_Continuous\Audio\FFC\G71-54209-FFC-F5.1-20771.wav,998
-40.892136,-37.92271,Mono_Continuous,FFC,C:\TCC\Reproduzir_artigo\data\GUITAR-FX\Mono_Continuous\Audio\FFC\G71-54304-FFC-F3.1-20779.wav,998
-24.129469,-28.184195,Mono_Continuous,FFC,C:\TCC\Reproduzir_artigo\data\GUITAR-FX\Mono_Continuous\Audio\FFC\G71-55400-FFC-F7.4-20788.wav,998
-24.105593,-28.230593,Mono_Continuous,FFC,C:\TCC\Reproduzir_artigo\data\GUITAR-FX\Mono_Continuous\Audio\FFC\G71-55400-FFC-F8.9-20788.wav,998
-2.8493428,-40.752586,Mono_Continuous,FFC,C:\TCC\Reproduzir_artigo\data\GUITAR-FX\Mono_Continuous\Audio\FFC\G71-57402-FFC-F5-20790.wav,998
-6.2686234,-47.3635,Mono_Continuous,FFC,C:\TCC\Reproduzir_artigo\data\GUITAR-FX\Mono_Continuous\Audio\FFC\G71-59309-FFC-F0.5-20784.wav,998
9.1958475,-50.797775,Mono_Continuous,FFC,C:\TCC\Reproduzir_artigo\data\GUITAR-FX\Mono_Continuous\Audio\FFC\G71-59500-FFC-F7.9-20801.wav,998
12.338564,-46.816837,Mono_Continuous,FFC,C:\TCC\Reproduzir_artigo\data\GUITAR-FX\Mono_Continuous\Audio\FFC\G71-60501-FFC-F2.4-20802.wav,998
12.26061,-46.810898,Mono_Continuous,FFC,C:\TCC\Reproduzir_artigo\data\GUITAR-FX\Mono_Continuous\Audio\FFC\G71-60501-FFC-F7.1-20802.wav,998
21.358644,-48.30985,Mono_Continuous,FFC,C:\TCC\Reproduzir_artigo\data\GUITAR-FX\Mono_Continuous\Audio\FFC\G71-61502-FFC-F9.7-20803.wav,998
21.71622,-25.792961,Mono_Continuous,FFC,C:\TCC\Reproduzir_artigo\data\GUITAR-FX\Mono_Continuous\Audio\FFC\G71-62407-FFC-F7.6-20795.wav,998
21.683537,-25.834839,Mono_Continuous,FFC,C:\TCC\Reproduzir_artigo\data\GUITAR-FX\Mono_Continuous\Audio\FFC\G71-62407-FFC-F8.3-20795.wav,998
41.305183,-30.670584,Mono_Continuous,FFC,C:\TCC\Reproduzir_artigo\data\GUITAR-FX\Mono_Continuous\Audio\FFC\G71-63408-FFC-F4.3-20796.wav,998
45.677097,-25.469807,Mono_Continuous,FFC,C:\TCC\Reproduzir_artigo\data\GUITAR-FX\Mono_Continuous\Audio\FFC\G71-63504-FFC-F8.5-20805.wav,998
60.005566,-13.245034,Mono_Continuous,FFC,C:\TCC\Reproduzir_artigo\data\GUITAR-FX\Mono_Continuous\Audio\FFC\G71-64409-FFC-F0.3-20797.wav,998
62.408768,-18.314842,Mono_Continuous,FFC,C:\TCC\Reproduzir_artigo\data\GUITAR-FX\Mono_Continuous\Audio\FFC\G71-64600-FFC-F7.2-20814.wav,998
58.1606,-22.86112,Mono_Continuous,FFC,C:\TCC\Reproduzir_artigo\data\GUITAR-FX\Mono_Continuous\Audio\FFC\G71-65601-FFC-F9.6-20815.wav,998
68.72793,-18.599493,Mono_Continuous,FFC,C:\TCC\Reproduzir_artigo\data\GUITAR-FX\Mono_Continuous\Audio\FFC\G71-66507-FFC-F0.8-20808.wav,998
66.98674,-18.05803,Mono_Continuous,FFC,C:\TCC\Reproduzir_artigo\data\GUITAR-FX\Mono_Continuous\Audio\FFC\G71-66602-FFC-F3.9-20816.wav,998
54.755886,8.439558,Mono_Continuous,FFC,C:\TCC\Reproduzir_artigo\data\GUITAR-FX\Mono_Continuous\Audio\FFC\G71-67412-FFC-F5-20800.wav,998
52.06831,10.785668,Mono_Continuous,FFC,C:\TCC\Reproduzir_artigo\data\GUITAR-FX\Mono_Continuous\Audio\FFC\G71-67603-FFC-F1.1-20817.wav,998
69.7622,50.477585,Mono_Continuous,FFC,C:\TCC\Reproduzir_artigo\data\GUITAR-FX\Mono_Continuous\Audio\FFC\G71-71512-FFC-F9.3-20813.wav,998
70.06761,50.64133,Mono_Continuous,FFC,C:\TCC\Reproduzir_artigo\data\GUITAR-FX\Mono_Continuous\Audio\FFC\G71-71607-FFC-F8.9-20821.wav,998
52.182354,54.679993,Mono_Continuous,FFC,C:\TCC\Reproduzir_artigo\data\GUITAR-FX\Mono_Continuous\Audio\FFC\G71-73609-FFC-F5-20823.wav,998
52.532364,52.44438,Mono_Continuous,FFC,C:\TCC\Reproduzir_artigo\data\GUITAR-FX\Mono_Continuous\Audio\FFC\G71-75611-FFC-F1.1-20825.wav,998
52.60602,52.481007,Mono_Continuous,FFC,C:\TCC\Reproduzir_artigo\data\GUITAR-FX\Mono_Continuous\Audio\FFC\G71-75611-FFC-F7.6-20825.wav,998
-74.80226,-8.264713,Mono_Continuous,FFC,C:\TCC\Reproduzir_artigo\data\GUITAR-FX\Mono_Continuous\Audio\FFC\G73-43103-FFC-F4-20830.wav,998
-72.530205,-9.467346,Mono_Continuous,FFC,C:\TCC\Reproduzir_artigo\data\GUITAR-FX\Mono_Continuous\Audio\FFC\G73-46106-FFC-F2.7-20833.wav,998
-57.248234,-8.3801,Mono_Continuous,FFC,C:\TCC\Reproduzir_artigo\data\GUITAR-FX\Mono_Continuous\Audio\FFC\G73-47107-FFC-F2.2-20834.wav,998
-57.200485,-8.389891,Mono_Continuous,FFC,C:\TCC\Reproduzir_artigo\data\GUITAR-FX\Mono_Continuous\Audio\FFC\G73-47107-FFC-F3-20834.wav,998
-57.224594,-8.372778,Mono_Continuous,FFC,C:\TCC\Reproduzir_artigo\data\GUITAR-FX\Mono_Continuous\Audio\FFC\G73-47107-FFC-F7.6-20834.wav,998
-62.879944,-12.542623,Mono_Continuous,FFC,C:\TCC\Reproduzir_artigo\data\GUITAR-FX\Mono_Continuous\Audio\FFC\G73-48203-FFC-F8.9-20843.wav,998
-49.362366,0.62081605,Mono_Continuous,FFC,C:\TCC\Reproduzir_artigo\data\GUITAR-FX\Mono_Continuous\Audio\FFC\G73-49204-FFC-F0.5-20844.wav,998
-43.049675,-8.635745,Mono_Continuous,FFC,C:\TCC\Reproduzir_artigo\data\GUITAR-FX\Mono_Continuous\Audio\FFC\G73-50110-FFC-F3-20837.wav,998
-42.670284,-8.600496,Mono_Continuous,FFC,C:\TCC\Reproduzir_artigo\data\GUITAR-FX\Mono_Continuous\Audio\FFC\G73-51111-FFC-F1.7-20838.wav,998
-41.436398,-7.9019566,Mono_Continuous,FFC,C:\TCC\Reproduzir_artigo\data\GUITAR-FX\Mono_Continuous\Audio\FFC\G73-51206-FFC-F2.1-20846.wav,998
-27.401941,-11.953243,Mono_Continuous,FFC,C:\TCC\Reproduzir_artigo\data\GUITAR-FX\Mono_Continuous\Audio\FFC\G73-55210-FFC-F0.6-20850.wav,998
-26.005274,-16.547915,Mono_Continuous,FFC,C:\TCC\Reproduzir_artigo\data\GUITAR-FX\Mono_Continuous\Audio\FFC\G73-55305-FFC-F7.1-20858.wav,998
-7.859265,-33.06191,Mono_Continuous,FFC,C:\TCC\Reproduzir_artigo\data\GUITAR-FX\Mono_Continuous\Audio\FFC\G73-59404-FFC-F6.8-20870.wav,998
21.283026,-43.326046,Mono_Continuous,FFC,C:\TCC\Reproduzir_artigo\data\GUITAR-FX\Mono_Continuous\Audio\FFC\G73-61311-FFC-F7.9-20864.wav,998
19.191189,-25.580313,Mono_Continuous,FFC,C:\TCC\Reproduzir_artigo\data\GUITAR-FX\Mono_Continuous\Audio\FFC\G73-62312-FFC-F9.9-20865.wav,998
24.835033,-26.894783,Mono_Continuous,FFC,C:\TCC\Reproduzir_artigo\data\GUITAR-FX\Mono_Continuous\Audio\FFC\G73-62407-FFC-F6.9-20873.wav,998
24.819302,-26.89579,Mono_Continuous,FFC,C:\TCC\Reproduzir_artigo\data\GUITAR-FX\Mono_Continuous\Audio\FFC\G73-62407-FFC-F7.2-20873.wav,998
24.778519,-29.166044,Mono_Continuous,FFC,C:\TCC\Reproduzir_artigo\data\GUITAR-FX\Mono_Continuous\Audio\FFC\G73-62503-FFC-F1.6-20882.wav,998
24.713072,-29.34871,Mono_Continuous,FFC,C:\TCC\Reproduzir_artigo\data\GUITAR-FX\Mono_Continuous\Audio\FFC\G73-62503-FFC-F1.9-20882.wav,998
24.72951,-29.29173,Mono_Continuous,FFC,C:\TCC\Reproduzir_artigo\data\GUITAR-FX\Mono_Continuous\Audio\FFC\G73-62503-FFC-F3.1-20882.wav,998
24.673208,-28.775354,Mono_Continuous,FFC,C:\TCC\Reproduzir_artigo\data\GUITAR-FX\Mono_Continuous\Audio\FFC\G73-62503-FFC-F5.8-20882.wav,998
44.970837,-27.931581,Mono_Continuous,FFC,C:\TCC\Reproduzir_artigo\data\GUITAR-FX\Mono_Continuous\Audio\FFC\G73-63504-FFC-F4.2-20883.wav,998
44.83759,-27.999063,Mono_Continuous,FFC,C:\TCC\Reproduzir_artigo\data\GUITAR-FX\Mono_Continuous\Audio\FFC\G73-63504-FFC-F8.1-20883.wav,998
62.54126,-16.96964,Mono_Continuous,FFC,C:\TCC\Reproduzir_artigo\data\GUITAR-FX\Mono_Continuous\Audio\FFC\G73-64600-FFC-F6-20892.wav,998
53.14062,-26.03426,Mono_Continuous,FFC,C:\TCC\Reproduzir_artigo\data\GUITAR-FX\Mono_Continuous\Audio\FFC\G73-65506-FFC-F6-20885.wav,998
67.97343,-18.902739,Mono_Continuous,FFC,C:\TCC\Reproduzir_artigo\data\GUITAR-FX\Mono_Continuous\Audio\FFC\G73-66507-FFC-F4.2-20886.wav,998
68.01661,-18.92261,Mono_Continuous,FFC,C:\TCC\Reproduzir_artigo\data\GUITAR-FX\Mono_Continuous\Audio\FFC\G73-66507-FFC-F7.2-20886.wav,998
47.592422,4.8961368,Mono_Continuous,FFC,C:\TCC\Reproduzir_artigo\data\GUITAR-FX\Mono_Continuous\Audio\FFC\G73-67412-FFC-F0.3-20878.wav,998
67.84692,19.791456,Mono_Continuous,FFC,C:\TCC\Reproduzir_artigo\data\GUITAR-FX\Mono_Continuous\Audio\FFC\G73-68509-FFC-F3.7-20888.wav,998
66.736694,23.416893,Mono_Continuous,FFC,C:\TCC\Reproduzir_artigo\data\GUITAR-FX\Mono_Continuous\Audio\FFC\G73-68604-FFC-F5-20896.wav,998
66.753685,23.459269,Mono_Continuous,FFC,C:\TCC\Reproduzir_artigo\data\GUITAR-FX\Mono_Continuous\Audio\FFC\G73-68604-FFC-F6.7-20896.wav,998
41.708565,27.982674,Mono_Continuous,FFC,C:\TCC\Reproduzir_artigo\data\GUITAR-FX\Mono_Continuous\Audio\FFC\G73-69510-FFC-F4.1-20889.wav,998
44.496872,34.109886,Mono_Continuous,FFC,C:\TCC\Reproduzir_artigo\data\GUITAR-FX\Mono_Continuous\Audio\FFC\G73-69605-FFC-F9.3-20897.wav,998
59.503357,38.461945,Mono_Continuous,FFC,C:\TCC\Reproduzir_artigo\data\GUITAR-FX\Mono_Continuous\Audio\FFC\G73-70606-FFC-F1.1-20898.wav,998
59.53285,38.530373,Mono_Continuous,FFC,C:\TCC\Reproduzir_artigo\data\GUITAR-FX\Mono_Continuous\Audio\FFC\G73-70606-FFC-F4.6-20898.wav,998
64.50669,49.53192,Mono_Continuous,FFC,C:\TCC\Reproduzir_artigo\data\GUITAR-FX\Mono_Continuous\Audio\FFC\G73-71607-FFC-F0.5-20899.wav,998
64.72846,49.515106,Mono_Continuous,FFC,C:\TCC\Reproduzir_artigo\data\GUITAR-FX\Mono_Continuous\Audio\FFC\G73-71607-FFC-F8.8-20899.wav,998
-75.39352,-19.427753,Mono_Continuous,FFC,C:\TCC\Reproduzir_artigo\data\GUITAR-FX\Mono_Continuous\Audio\FFC\G81-42102-FFC-F1.8-20907.wav,998
-74.844376,-19.92734,Mono_Continuous,FFC,C:\TCC\Reproduzir_artigo\data\GUITAR-FX\Mono_Continuous\Audio\FFC\G81-43103-FFC-F9.2-20908.wav,998
-71.31831,-20.859087,Mono_Continuous,FFC,C:\TCC\Reproduzir_artigo\data\GUITAR-FX\Mono_Continuous\Audio\FFC\G81-45200-FFC-F4.8-20918.wav,998
-69.70796,-20.574162,Mono_Continuous,FFC,C:\TCC\Reproduzir_artigo\data\GUITAR-FX\Mono_Continuous\Audio\FFC\G81-46106-FFC-F4.1-20911.wav,998
-68.86717,-20.747498,Mono_Continuous,FFC,C:\TCC\Reproduzir_artigo\data\GUITAR-FX\Mono_Continuous\Audio\FFC\G81-47107-FFC-F1-20912.wav,998
-67.16681,-22.036541,Mono_Continuous,FFC,C:\TCC\Reproduzir_artigo\data\GUITAR-FX\Mono_Continuous\Audio\FFC\G81-48108-FFC-F4.5-20913.wav,998
-54.31213,-35.224197,Mono_Continuous,FFC,C:\TCC\Reproduzir_artigo\data\GUITAR-FX\Mono_Continuous\Audio\FFC\G81-50110-FFC-F2.9-20915.wav,998
-55.16789,-37.235073,Mono_Continuous,FFC,C:\TCC\Reproduzir_artigo\data\GUITAR-FX\Mono_Continuous\Audio\FFC\G81-51206-FFC-F9.6-20924.wav,998
-55.561543,-36.633175,Mono_Continuous,FFC,C:\TCC\Reproduzir_artigo\data\GUITAR-FX\Mono_Continuous\Audio\FFC\G81-51301-FFC-F1.7-20932.wav,998
-50.774685,-33.9135,Mono_Continuous,FFC,C:\TCC\Reproduzir_artigo\data\GUITAR-FX\Mono_Continuous\Audio\FFC\G81-52112-FFC-F3.3-20917.wav,998
-53.83949,-37.26443,Mono_Continuous,FFC,C:\TCC\Reproduzir_artigo\data\GUITAR-FX\Mono_Continuous\Audio\FFC\G81-53208-FFC-F6.2-20926.wav,998
-16.31965,-13.644989,Mono_Continuous,FFC,C:\TCC\Reproduzir_artigo\data\GUITAR-FX\Mono_Continuous\Audio\FFC\G81-56306-FFC-F1.3-20937.wav,998
-7.1969285,-16.029358,Mono_Continuous,FFC,C:\TCC\Reproduzir_artigo\data\GUITAR-FX\Mono_Continuous\Audio\FFC\G81-58308-FFC-F9.3-20939.wav,998
-3.9411657,-36.46913,Mono_Continuous,FFC,C:\TCC\Reproduzir_artigo\data\GUITAR-FX\Mono_Continuous\Audio\FFC\G81-58403-FFC-F2-20947.wav,998
-5.8893127,-27.356863,Mono_Continuous,FFC,C:\TCC\Reproduzir_artigo\data\GUITAR-FX\Mono_Continuous\Audio\FFC\G81-60405-FFC-F7.3-20949.wav,998
23.393864,-25.410135,Mono_Continuous,FFC,C:\TCC\Reproduzir_artigo\data\GUITAR-FX\Mono_Continuous\Audio\FFC\G81-62503-FFC-F3.1-20960.wav,998
34.080914,-19.522512,Mono_Continuous,FFC,C:\TCC\Reproduzir_artigo\data\GUITAR-FX\Mono_Continuous\Audio\FFC\G81-63408-FFC-F3-20952.wav,998
62.784164,-18.080706,Mono_Continuous,FFC,C:\TCC\Reproduzir_artigo\data\GUITAR-FX\Mono_Continuous\Audio\FFC\G81-64600-FFC-F0.3-20970.wav,998
69.57706,-24.200146,Mono_Continuous,FFC,C:\TCC\Reproduzir_artigo\data\GUITAR-FX\Mono_Continuous\Audio\FFC\G81-66507-FFC-F8.8-20964.wav,998
69.722404,-19.117914,Mono_Continuous,FFC,C:\TCC\Reproduzir_artigo\data\GUITAR-FX\Mono_Continuous\Audio\FFC\G81-66602-FFC-F6.1-20972.wav,998
51.554493,2.9495316,Mono_Continuous,FFC,C:\TCC\Reproduzir_artigo\data\GUITAR-FX\Mono_Continuous\Audio\FFC\G81-67508-FFC-F0.1-20965.wav,998
51.60189,2.951189,Mono_Continuous,FFC,C:\TCC\Reproduzir_artigo\data\GUITAR-FX\Mono_Continuous\Audio\FFC\G81-67508-FFC-F3.3-20965.wav,998
54.667107,8.519337,Mono_Continuous,FFC,C:\TCC\Reproduzir_artigo\data\GUITAR-FX\Mono_Continuous\Audio\FFC\G81-67603-FFC-F0.3-20973.wav,998
56.622833,9.168464,Mono_Continuous,FFC,C:\TCC\Reproduzir_artigo\data\GUITAR-FX\Mono_Continuous\Audio\FFC\G81-67603-FFC-F9.8-20973.wav,998
60.686882,35.479675,Mono_Continuous,FFC,C:\TCC\Reproduzir_artigo\data\GUITAR-FX\Mono_Continuous\Audio\FFC\G81-70606-FFC-F1.1-20976.wav,998
60.73856,35.486362,Mono_Continuous,FFC,C:\TCC\Reproduzir_artigo\data\GUITAR-FX\Mono_Continuous\Audio\FFC\G81-70606-FFC-F3.2-20976.wav,998
66.83278,47.918625,Mono_Continuous,FFC,C:\TCC\Reproduzir_artigo\data\GUITAR-FX\Mono_Continuous\Audio\FFC\G81-71607-FFC-F6.8-20977.wav,998
52.768055,59.764416,Mono_Continuous,FFC,C:\TCC\Reproduzir_artigo\data\GUITAR-FX\Mono_Continuous\Audio\FFC\G81-74610-FFC-F8-20980.wav,998
-74.89738,-5.661698,Mono_Continuous,FFC,C:\TCC\Reproduzir_artigo\data\GUITAR-FX\Mono_Continuous\Audio\FFC\G83-43103-FFC-F7.8-20986.wav,998
-74.378815,-9.129367,Mono_Continuous,FFC,C:\TCC\Reproduzir_artigo\data\GUITAR-FX\Mono_Continuous\Audio\FFC\G83-45105-FFC-F9.3-20988.wav,998
-51.852486,3.600313,Mono_Continuous,FFC,C:\TCC\Reproduzir_artigo\data\GUITAR-FX\Mono_Continuous\Audio\FFC\G83-45200-FFC-F1.5-20996.wav,998
-51.767628,3.670069,Mono_Continuous,FFC,C:\TCC\Reproduzir_artigo\data\GUITAR-FX\Mono_Continuous\Audio\FFC\G83-45200-FFC-F6.8-20996.wav,998
-49.700706,-9.227556,Mono_Continuous,FFC,C:\TCC\Reproduzir_artigo\data\GUITAR-FX\Mono_Continuous\Audio\FFC\G83-48203-FFC-F2.2-20999.wav,998
-61.981174,-13.59145,Mono_Continuous,FFC,C:\TCC\Reproduzir_artigo\data\GUITAR-FX\Mono_Continuous\Audio\FFC\G83-49109-FFC-F7.3-20992.wav,998
-49.02402,0.7787292,Mono_Continuous,FFC,C:\TCC\Reproduzir_artigo\data\GUITAR-FX\Mono_Continuous\Audio\FFC\G83-50110-FFC-F6-20993.wav,998
-46.118534,-10.601101,Mono_Continuous,FFC,C:\TCC\Reproduzir_artigo\data\GUITAR-FX\Mono_Continuous\Audio\FFC\G83-51206-FFC-F3.4-21002.wav,998
-38.209305,-13.884786,Mono_Continuous,FFC,C:\TCC\Reproduzir_artigo\data\GUITAR-FX\Mono_Continuous\Audio\FFC\G83-52302-FFC-F3.9-21011.wav,998
-27.13716,-15.383604,Mono_Continuous,FFC,C:\TCC\Reproduzir_artigo\data\GUITAR-FX\Mono_Continuous\Audio\FFC\G83-55210-FFC-F6.7-21006.wav,998
-26.520763,-17.881382,Mono_Continuous,FFC,C:\TCC\Reproduzir_artigo\data\GUITAR-FX\Mono_Continuous\Audio\FFC\G83-55400-FFC-F7.8-21022.wav,998
-17.386782,-16.138987,Mono_Continuous,FFC,C:\TCC\Reproduzir_artigo\data\GUITAR-FX\Mono_Continuous\Audio\FFC\G83-56306-FFC-F2.2-21015.wav,998
-17.407457,-16.285484,Mono_Continuous,FFC,C:\TCC\Reproduzir_artigo\data\GUITAR-FX\Mono_Continuous\Audio\FFC\G83-56306-FFC-F8.4-21015.wav,998
-3.6773527,-29.91436,Mono_Continuous,FFC,C:\TCC\Reproduzir_artigo\data\GUITAR-FX\Mono_Continuous\Audio\FFC\G83-56401-FFC-F0.4-21023.wav,998
-3.9880438,-36.294933,Mono_Continuous,FFC,C:\TCC\Reproduzir_artigo\data\GUITAR-FX\Mono_Continuous\Audio\FFC\G83-58403-FFC-F3.9-21025.wav,998
-7.4809313,-24.787025,Mono_Continuous,FFC,C:\TCC\Reproduzir_artigo\data\GUITAR-FX\Mono_Continuous\Audio\FFC\G83-59309-FFC-F1.7-21018.wav,998
23.998198,-22.340244,Mono_Continuous,FFC,C:\TCC\Reproduzir_artigo\data\GUITAR-FX\Mono_Continuous\Audio\FFC\G83-62312-FFC-F1.6-21021.wav,998
40.51267,-32.888653,Mono_Continuous,FFC,C:\TCC\Reproduzir_artigo\data\GUITAR-FX\Mono_Continuous\Audio\FFC\G83-63408-FFC-F8.7-21030.wav,998
39.624855,-28.137993,Mono_Continuous,FFC,C:\TCC\Reproduzir_artigo\data\GUITAR-FX\Mono_Continuous\Audio\FFC\G83-63504-FFC-F4.3-21039.wav,998
43.710644,-8.187126,Mono_Continuous,FFC,C:\TCC\Reproduzir_artigo\data\GUITAR-FX\Mono_Continuous\Audio\FFC\G83-64505-FFC-F8.1-21040.wav,998
48.47809,-31.90822,Mono_Continuous,FFC,C:\TCC\Reproduzir_artigo\data\GUITAR-FX\Mono_Continuous\Audio\FFC\G83-65410-FFC-F7.4-21032.wav,998
67.99889,-17.5982,Mono_Continuous,FFC,C:\TCC\Reproduzir_artigo\data\GUITAR-FX\Mono_Continuous\Audio\FFC\G83-66602-FFC-F1.3-21050.wav,998
52.867905,7.138993,Mono_Continuous,FFC,C:\TCC\Reproduzir_artigo\data\GUITAR-FX\Mono_Continuous\Audio\FFC\G83-67508-FFC-F9-21043.wav,998
62.497807,48.610092,Mono_Continuous,FFC,C:\TCC\Reproduzir_artigo\data\GUITAR-FX\Mono_Continuous\Audio\FFC\G83-71512-FFC-F0-21047.wav,998
52.06452,56.041016,Mono_Continuous,FFC,C:\TCC\Reproduzir_artigo\data\GUITAR-FX\Mono_Continuous\Audio\FFC\G83-73609-FFC-F3.8-21057.wav,998
49.514214,49.189083,Mono_Continuous,FFC,C:\TCC\Reproduzir_artigo\data\GUITAR-FX\Mono_Continuous\Audio\FFC\G83-75611-FFC-F2.9-21059.wav,998
49.60177,49.29083,Mono_Continuous,FFC,C:\TCC\Reproduzir_artigo\data\GUITAR-FX\Mono_Continuous\Audio\FFC\G83-75611-FFC-F8-21059.wav,998
-74.22726,-17.970337,Mono_Continuous,FFC,C:\TCC\Reproduzir_artigo\data\GUITAR-FX\Mono_Continuous\Audio\FFC\G91-40100-FFC-F2.3-21061.wav,998
-70.66316,-20.889961,Mono_Continuous,FFC,C:\TCC\Reproduzir_artigo\data\GUITAR-FX\Mono_Continuous\Audio\FFC\G91-45105-FFC-F6.9-21066.wav,998
-68.70418,-22.55331,Mono_Continuous,FFC,C:\TCC\Reproduzir_artigo\data\GUITAR-FX\Mono_Continuous\Audio\FFC\G91-45200-FFC-F2.7-21074.wav,998
-70.66063,-21.53119,Mono_Continuous,FFC,C:\TCC\Reproduzir_artigo\data\GUITAR-FX\Mono_Continuous\Audio\FFC\G91-45200-FFC-F7.7-21074.wav,998
-72.33098,-20.801561,Mono_Continuous,FFC,C:\TCC\Reproduzir_artigo\data\GUITAR-FX\Mono_Continuous\Audio\FFC\G91-46106-FFC-F2.5-21067.wav,998
-72.365585,-21.212399,Mono_Continuous,FFC,C:\TCC\Reproduzir_artigo\data\GUITAR-FX\Mono_Continuous\Audio\FFC\G91-46106-FFC-F8.7-21067.wav,998
-72.48344,-21.444433,Mono_Continuous,FFC,C:\TCC\Reproduzir_artigo\data\GUITAR-FX\Mono_Continuous\Audio\FFC\G91-46106-FFC-F9.1-21067.wav,998
-67.054665,-22.797821,Mono_Continuous,FFC,C:\TCC\Reproduzir_artigo\data\GUITAR-FX\Mono_Continuous\Audio\FFC\G91-48203-FFC-F2.2-21077.wav,998
-54.766705,-36.49096,Mono_Continuous,FFC,C:\TCC\Reproduzir_artigo\data\GUITAR-FX\Mono_Continuous\Audio\FFC\G91-50205-FFC-F4.9-21079.wav,998
-52.32199,-26.943872,Mono_Continuous,FFC,C:\TCC\Reproduzir_artigo\data\GUITAR-FX\Mono_Continuous\Audio\FFC\G91-50300-FFC-F7.7-21087.wav,998
-54.920284,-32.505108,Mono_Continuous,FFC,C:\TCC\Reproduzir_artigo\data\GUITAR-FX\Mono_Continuous\Audio\FFC\G91-51111-FFC-F3.6-21072.wav,998
-51.582977,-37.44007,Mono_Continuous,FFC,C:\TCC\Reproduzir_artigo\data\GUITAR-FX\Mono_Continuous\Audio\FFC\G91-53208-FFC-F8.8-21082.wav,998
-6.443628,-47.11699,Mono_Continuous,FFC,C:\TCC\Reproduzir_artigo\data\GUITAR-FX\Mono_Continuous\Audio\FFC\G91-59309-FFC-F0.3-21096.wav,998
9.234428,-52.47986,Mono_Continuous,FFC,C:\TCC\Reproduzir_artigo\data\GUITAR-FX\Mono_Continuous\Audio\FFC\G91-59500-FFC-F7.3-21113.wav,998
26.940613,-23.689684,Mono_Continuous,FFC,C:\TCC\Reproduzir_artigo\data\GUITAR-FX\Mono_Continuous\Audio\FFC\G91-62407-FFC-F1.4-21107.wav,998
39.671814,-30.35222,Mono_Continuous,FFC,C:\TCC\Reproduzir_artigo\data\GUITAR-FX\Mono_Continuous\Audio\FFC\G91-63408-FFC-F5.6-21108.wav,998
57.003017,-33.36178,Mono_Continuous,FFC,C:\TCC\Reproduzir_artigo\data\GUITAR-FX\Mono_Continuous\Audio\FFC\G91-64505-FFC-F1-21118.wav,998
62.841568,-19.183483,Mono_Continuous,FFC,C:\TCC\Reproduzir_artigo\data\GUITAR-FX\Mono_Continuous\Audio\FFC\G91-64600-FFC-F0.6-21126.wav,998
62.851685,-19.215668,Mono_Continuous,FFC,C:\TCC\Reproduzir_artigo\data\GUITAR-FX\Mono_Continuous\Audio\FFC\G91-64600-FFC-F6.3-21126.wav,998
65.06922,-33.77922,Mono_Continuous,FFC,C:\TCC\Reproduzir_artigo\data\GUITAR-FX\Mono_Continuous\Audio\FFC\G91-66411-FFC-F0.2-21111.wav,998
65.19146,-33.866,Mono_Continuous,FFC,C:\TCC\Reproduzir_artigo\data\GUITAR-FX\Mono_Continuous\Audio\FFC\G91-66411-FFC-F5.9-21111.wav,998
73.16362,24.007559,Mono_Continuous,FFC,C:\TCC\Reproduzir_artigo\data\GUITAR-FX\Mono_Continuous\Audio\FFC\G91-68604-FFC-F3.6-21130.wav,998
73.27767,24.33177,Mono_Continuous,FFC,C:\TCC\Reproduzir_artigo\data\GUITAR-FX\Mono_Continuous\Audio\FFC\G91-68604-FFC-F7.3-21130.wav,998
42.655704,25.508389,Mono_Continuous,FFC,C:\TCC\Reproduzir_artigo\data\GUITAR-FX\Mono_Continuous\Audio\FFC\G91-69510-FFC-F2.1-21123.wav,998
69.59415,59.36399,Mono_Continuous,FFC,C:\TCC\Reproduzir_artigo\data\GUITAR-FX\Mono_Continuous\Audio\FFC\G91-71512-FFC-F9.4-21125.wav,998
63.390102,45.52245,Mono_Continuous,FFC,C:\TCC\Reproduzir_artigo\data\GUITAR-FX\Mono_Continuous\Audio\FFC\G91-73609-FFC-F9.4-21135.wav,998
-53.217728,-8.5538,Mono_Continuous,FFC,C:\TCC\Reproduzir_artigo\data\GUITAR-FX\Mono_Continuous\Audio\FFC\G93-43103-FFC-F5-21142.wav,998
-53.824173,2.349743,Mono_Continuous,FFC,C:\TCC\Reproduzir_artigo\data\GUITAR-FX\Mono_Continuous\Audio\FFC\G93-44104-FFC-F1.2-21143.wav,998
-52.542534,3.2672493,Mono_Continuous,FFC,C:\TCC\Reproduzir_artigo\data\GUITAR-FX\Mono_Continuous\Audio\FFC\G93-45105-FFC-F3.2-21144.wav,998
-52.726982,-8.042116,Mono_Continuous,FFC,C:\TCC\Reproduzir_artigo\data\GUITAR-FX\Mono_Continuous\Audio\FFC\G93-46201-FFC-F5.2-21153.wav,998
-48.431213,-9.515844,Mono_Continuous,FFC,C:\TCC\Reproduzir_artigo\data\GUITAR-FX\Mono_Continuous\Audio\FFC\G93-48108-FFC-F7.3-21147.wav,998
-47.595516,-6.079942,Mono_Continuous,FFC,C:\TCC\Reproduzir_artigo\data\GUITAR-FX\Mono_Continuous\Audio\FFC\G93-49109-FFC-F2.6-21148.wav,998
-47.48736,-5.9418044,Mono_Continuous,FFC,C:\TCC\Reproduzir_artigo\data\GUITAR-FX\Mono_Continuous\Audio\FFC\G93-49109-FFC-F6.7-21148.wav,998
-46.870327,-9.051023,Mono_Continuous,FFC,C:\TCC\Reproduzir_artigo\data\GUITAR-FX\Mono_Continuous\Audio\FFC\G93-49204-FFC-F7.1-21156.wav,998
-46.60735,-3.7755191,Mono_Continuous,FFC,C:\TCC\Reproduzir_artigo\data\GUITAR-FX\Mono_Continuous\Audio\FFC\G93-50110-FFC-F8.1-21149.wav,998
-46.04534,-10.371576,Mono_Continuous,FFC,C:\TCC\Reproduzir_artigo\data\GUITAR-FX\Mono_Continuous\Audio\FFC\G93-50205-FFC-F4.4-21157.wav,998
-46.660534,-13.10676,Mono_Continuous,FFC,C:\TCC\Reproduzir_artigo\data\GUITAR-FX\Mono_Continuous\Audio\FFC\G93-50300-FFC-F9.9-21165.wav,998
-45.716362,-4.852573,Mono_Continuous,FFC,C:\TCC\Reproduzir_artigo\data\GUITAR-FX\Mono_Continuous\Audio\FFC\G93-51111-FFC-F5.9-21150.wav,998
-35.22231,-14.802479,Mono_Continuous,FFC,C:\TCC\Reproduzir_artigo\data\GUITAR-FX\Mono_Continuous\Audio\FFC\G93-53208-FFC-F5.8-21160.wav,998
-35.12119,-14.858804,Mono_Continuous,FFC,C:\TCC\Reproduzir_artigo\data\GUITAR-FX\Mono_Continuous\Audio\FFC\G93-53208-FFC-F9.2-21160.wav,998
-29.764296,-15.698648,Mono_Continuous,FFC,C:\TCC\Reproduzir_artigo\data\GUITAR-FX\Mono_Continuous\Audio\FFC\G93-54209-FFC-F1-21161.wav,998
-16.19122,-17.03183,Mono_Continuous,FFC,C:\TCC\Reproduzir_artigo\data\GUITAR-FX\Mono_Continuous\Audio\FFC\G93-56211-FFC-F1.6-21163.wav,998
-3.7699523,-30.336258,Mono_Continuous,FFC,C:\TCC\Reproduzir_artigo\data\GUITAR-FX\Mono_Continuous\Audio\FFC\G93-56401-FFC-F6.2-21179.wav,998
-1.3819559,3.6098201,Mono_Continuous,FFC,C:\TCC\Reproduzir_artigo\data\GUITAR-FX\Mono_Continuous\Audio\FFC\G93-57212-FFC-F4.3-21164.wav,998
-7.922697,-25.072414,Mono_Continuous,FFC,C:\TCC\Reproduzir_artigo\data\GUITAR-FX\Mono_Continuous\Audio\FFC\G93-59309-FFC-F4.1-21174.wav,998
-6.9860396,-29.231136,Mono_Continuous,FFC,C:\TCC\Reproduzir_artigo\data\GUITAR-FX\Mono_Continuous\Audio\FFC\G93-59404-FFC-F8.8-21182.wav,998
8.83056,-52.33762,Mono_Continuous,FFC,C:\TCC\Reproduzir_artigo\data\GUITAR-FX\Mono_Continuous\Audio\FFC\G93-59500-FFC-F2.8-21191.wav,998
-7.2371397,-26.60418,Mono_Continuous,FFC,C:\TCC\Reproduzir_artigo\data\GUITAR-FX\Mono_Continuous\Audio\FFC\G93-60310-FFC-F3.8-21175.wav,998
-7.0872774,-26.691872,Mono_Continuous,FFC,C:\TCC\Reproduzir_artigo\data\GUITAR-FX\Mono_Continuous\Audio\FFC\G93-60310-FFC-F5.6-21175.wav,998
-6.726561,-26.919903,Mono_Continuous,FFC,C:\TCC\Reproduzir_artigo\data\GUITAR-FX\Mono_Continuous\Audio\FFC\G93-60310-FFC-F7.4-21175.wav,998
-6.640774,-26.993134,Mono_Continuous,FFC,C:\TCC\Reproduzir_artigo\data\GUITAR-FX\Mono_Continuous\Audio\FFC\G93-60310-FFC-F9.1-21175.wav,998
14.650099,-52.79268,Mono_Continuous,FFC,C:\TCC\Reproduzir_artigo\data\GUITAR-FX\Mono_Continuous\Audio\FFC\G93-60501-FFC-F5.7-21192.wav,998
25.257635,-23.832907,Mono_Continuous,FFC,C:\TCC\Reproduzir_artigo\data\GUITAR-FX\Mono_Continuous\Audio\FFC\G93-62312-FFC-F5.7-21177.wav,998
27.350218,-23.477571,Mono_Continuous,FFC,C:\TCC\Reproduzir_artigo\data\GUITAR-FX\Mono_Continuous\Audio\FFC\G93-62407-FFC-F1.2-21185.wav,998
62.159187,-31.528418,Mono_Continuous,FFC,C:\TCC\Reproduzir_artigo\data\GUITAR-FX\Mono_Continuous\Audio\FFC\G93-64409-FFC-F4.7-21187.wav,998
45.602413,-3.1372373,Mono_Continuous,FFC,C:\TCC\Reproduzir_artigo\data\GUITAR-FX\Mono_Continuous\Audio\FFC\G93-65506-FFC-F0.1-21197.wav,998
45.36917,-3.4017708,Mono_Continuous,FFC,C:\TCC\Reproduzir_artigo\data\GUITAR-FX\Mono_Continuous\Audio\FFC\G93-65506-FFC-F5.6-21197.wav,998
55.544907,-26.144926,Mono_Continuous,FFC,C:\TCC\Reproduzir_artigo\data\GUITAR-FX\Mono_Continuous\Audio\FFC\G93-65601-FFC-F1.5-21205.wav,998
65.71961,-31.694208,Mono_Continuous,FFC,C:\TCC\Reproduzir_artigo\data\GUITAR-FX\Mono_Continuous\Audio\FFC\G93-66411-FFC-F7.3-21189.wav,998
65.68437,-31.70454,Mono_Continuous,FFC,C:\TCC\Reproduzir_artigo\data\GUITAR-FX\Mono_Continuous\Audio\FFC\G93-66411-FFC-F9.8-21189.wav,998
65.77207,-23.976965,Mono_Continuous,FFC,C:\TCC\Reproduzir_artigo\data\GUITAR-FX\Mono_Continuous\Audio\FFC\G93-66507-FFC-F0.1-21198.wav,998
63.20751,-36.165833,Mono_Continuous,FFC,C:\TCC\Reproduzir_artigo\data\GUITAR-FX\Mono_Continuous\Audio\FFC\G93-67412-FFC-F7.3-21190.wav,998
52.98276,6.5264225,Mono_Continuous,FFC,C:\TCC\Reproduzir_artigo\data\GUITAR-FX\Mono_Continuous\Audio\FFC\G93-67508-FFC-F9.2-21199.wav,998
68.04674,20.663294,Mono_Continuous,FFC,C:\TCC\Reproduzir_artigo\data\GUITAR-FX\Mono_Continuous\Audio\FFC\G93-68604-FFC-F5.7-21208.wav,998
66.53259,47.395992,Mono_Continuous,FFC,C:\TCC\Reproduzir_artigo\data\GUITAR-FX\Mono_Continuous\Audio\FFC\G93-71607-FFC-F3-21211.wav,998
62.619328,41.668335,Mono_Continuous,FFC,C:\TCC\Reproduzir_artigo\data\GUITAR-FX\Mono_Continuous\Audio\FFC\G93-74610-FFC-F7.8-21214.wav,998
52.994373,48.32953,Mono_Continuous,FFC,C:\TCC\Reproduzir_artigo\data\GUITAR-FX\Mono_Continuous\Audio\FFC\G93-75611-FFC-F0.7-21215.wav,998
30.138552,58.851223,Mono_Continuous,FFC,C:\TCC\Reproduzir_artigo\data\GUITAR-FX\Mono_Continuous\Audio\FFC\G93-76612-FFC-F8.9-21216.wav,998
-70.63487,26.550589,Mono_Continuous,MGS,C:\TCC\Reproduzir_artigo\data\GUITAR-FX\Mono_Continuous\Audio\MGS\G61-43103-MGS-D4.9T1.7-20596.wav,998
-71.44245,21.128603,Mono_Continuous,MGS,C:\TCC\Reproduzir_artigo\data\GUITAR-FX\Mono_Continuous\Audio\MGS\G61-43103-MGS-D9.6T3.6-20596.wav,998
-69.5722,22.974846,Mono_Continuous,MGS,C:\TCC\Reproduzir_artigo\data\GUITAR-FX\Mono_Continuous\Audio\MGS\G61-45105-MGS-D6.4T9.4-20598.wav,998
-61.851345,11.1903715,Mono_Continuous,MGS,C:\TCC\Reproduzir_artigo\data\GUITAR-FX\Mono_Continuous\Audio\MGS\G61-46201-MGS-D3.4T8-20607.wav,998
-63.258053,16.506248,Mono_Continuous,MGS,C:\TCC\Reproduzir_artigo\data\GUITAR-FX\Mono_Continuous\Audio\MGS\G61-47202-MGS-D6.8T2.5-20608.wav,998
-60.976135,21.495771,Mono_Continuous,MGS,C:\TCC\Reproduzir_artigo\data\GUITAR-FX\Mono_Continuous\Audio\MGS\G61-48203-MGS-D4.7T2.8-20609.wav,998
-61.04488,21.37977,Mono_Continuous,MGS,C:\TCC\Reproduzir_artigo\data\GUITAR-FX\Mono_Continuous\Audio\MGS\G61-48203-MGS-D5.4T5.1-20609.wav,998
-61.233383,20.795223,Mono_Continuous,MGS,C:\TCC\Reproduzir_artigo\data\GUITAR-FX\Mono_Continuous\Audio\MGS\G61-48203-MGS-D7.3T3.2-20609.wav,998
-65.69595,29.078787,Mono_Continuous,MGS,C:\TCC\Reproduzir_artigo\data\GUITAR-FX\Mono_Continuous\Audio\MGS\G61-50110-MGS-D4.8T6.5-20603.wav,998
-65.71335,29.216917,Mono_Continuous,MGS,C:\TCC\Reproduzir_artigo\data\GUITAR-FX\Mono_Continuous\Audio\MGS\G61-50110-MGS-D5.7T8.3-20603.wav,998
-39.722527,12.093451,Mono_Continuous,MGS,C:\TCC\Reproduzir_artigo\data\GUITAR-FX\Mono_Continuous\Audio\MGS\G61-50300-MGS-D6.9T2.6-20619.wav,998
-29.328054,13.620123,Mono_Continuous,MGS,C:\TCC\Reproduzir_artigo\data\GUITAR-FX\Mono_Continuous\Audio\MGS\G61-51111-MGS-D9.5T8.4-20604.wav,998
-29.333055,13.6369505,Mono_Continuous,MGS,C:\TCC\Reproduzir_artigo\data\GUITAR-FX\Mono_Continuous\Audio\MGS\G61-51111-MGS-D9.6T8.1-20604.wav,998
-41.084743,6.307675,Mono_Continuous,MGS,C:\TCC\Reproduzir_artigo\data\GUITAR-FX\Mono_Continuous\Audio\MGS\G61-52302-MGS-D7.6T8.7-20621.wav,998
-25.294495,15.457219,Mono_Continuous,MGS,C:\TCC\Reproduzir_artigo\data\GUITAR-FX\Mono_Continuous\Audio\MGS\G61-53208-MGS-D8.2T0.6-20614.wav,998
-25.335186,15.257929,Mono_Continuous,MGS,C:\TCC\Reproduzir_artigo\data\GUITAR-FX\Mono_Continuous\Audio\MGS\G61-53208-MGS-D8.4T5.6-20614.wav,998
-12.874282,21.728428,Mono_Continuous,MGS,C:\TCC\Reproduzir_artigo\data\GUITAR-FX\Mono_Continuous\Audio\MGS\G61-55210-MGS-D2T3.6-20616.wav,998
1.0040984,9.830461,Mono_Continuous,MGS,C:\TCC\Reproduzir_artigo\data\GUITAR-FX\Mono_Continuous\Audio\MGS\G61-58308-MGS-D7T1.2-20627.wav,998
0.5614669,6.4047875,Mono_Continuous,MGS,C:\TCC\Reproduzir_artigo\data\GUITAR-FX\Mono_Continuous\Audio\MGS\G61-58403-MGS-D3.5T1.1-20635.wav,998
0.567426,6.3341765,Mono_Continuous,MGS,C:\TCC\Reproduzir_artigo\data\GUITAR-FX\Mono_Continuous\Audio\MGS\G61-58403-MGS-D5.9T4.3-20635.wav,998
30.238653,-37.94066,Mono_Continuous,MGS,C:\TCC\Reproduzir_artigo\data\GUITAR-FX\Mono_Continuous\Audio\MGS\G61-61502-MGS-D9.5T4.1-20647.wav,998
19.400175,-4.2428055,Mono_Continuous,MGS,C:\TCC\Reproduzir_artigo\data\GUITAR-FX\Mono_Continuous\Audio\MGS\G61-62312-MGS-D6.4T2.3-20631.wav,998
20.30735,-6.39443,Mono_Continuous,MGS,C:\TCC\Reproduzir_artigo\data\GUITAR-FX\Mono_Continuous\Audio\MGS\G61-62407-MGS-D8T3.6-20639.wav,998
26.075357,-20.298613,Mono_Continuous,MGS,C:\TCC\Reproduzir_artigo\data\GUITAR-FX\Mono_Continuous\Audio\MGS\G61-62503-MGS-D5.2T10-20648.wav,998
26.052973,-20.275852,Mono_Continuous,MGS,C:\TCC\Reproduzir_artigo\data\GUITAR-FX\Mono_Continuous\Audio\MGS\G61-62503-MGS-D6.9T9.8-20648.wav,998
38.608734,-24.187479,Mono_Continuous,MGS,C:\TCC\Reproduzir_artigo\data\GUITAR-FX\Mono_Continuous\Audio\MGS\G61-63504-MGS-D6.1T6.5-20649.wav,998
57.962746,-9.665578,Mono_Continuous,MGS,C:\TCC\Reproduzir_artigo\data\GUITAR-FX\Mono_Continuous\Audio\MGS\G61-64600-MGS-D8.5T6.7-20658.wav,998
70.93707,-6.686819,Mono_Continuous,MGS,C:\TCC\Reproduzir_artigo\data\GUITAR-FX\Mono_Continuous\Audio\MGS\G61-66507-MGS-D2.4T1.1-20652.wav,998
72.92549,-11.828277,Mono_Continuous,MGS,C:\TCC\Reproduzir_artigo\data\GUITAR-FX\Mono_Continuous\Audio\MGS\G61-66602-MGS-D4.4T7.8-20660.wav,998
46.064262,6.809025,Mono_Continuous,MGS,C:\TCC\Reproduzir_artigo\data\GUITAR-FX\Mono_Continuous\Audio\MGS\G61-67412-MGS-D6.9T8.7-20644.wav,998
64.88482,20.04809,Mono_Continuous,MGS,C:\TCC\Reproduzir_artigo\data\GUITAR-FX\Mono_Continuous\Audio\MGS\G61-68604-MGS-D7.3T7.6-20662.wav,998
36.625084,26.74935,Mono_Continuous,MGS,C:\TCC\Reproduzir_artigo\data\GUITAR-FX\Mono_Continuous\Audio\MGS\G61-69510-MGS-D6.1T6.2-20655.wav,998
37.71905,33.414867,Mono_Continuous,MGS,C:\TCC\Reproduzir_artigo\data\GUITAR-FX\Mono_Continuous\Audio\MGS\G61-69605-MGS-D2.3T9.6-20663.wav,998
36.826057,33.256268,Mono_Continuous,MGS,C:\TCC\Reproduzir_artigo\data\GUITAR-FX\Mono_Continuous\Audio\MGS\G61-69605-MGS-D8.5T3.8-20663.wav,998
50.07447,34.962227,Mono_Continuous,MGS,C:\TCC\Reproduzir_artigo\data\GUITAR-FX\Mono_Continuous\Audio\MGS\G61-70511-MGS-D2.2T4.3-20656.wav,998
35.374035,51.769928,Mono_Continuous,MGS,C:\TCC\Reproduzir_artigo\data\GUITAR-FX\Mono_Continuous\Audio\MGS\G61-74610-MGS-D3.4T0.5-20668.wav,998
-62.145744,3.2865262,Mono_Continuous,MGS,C:\TCC\Reproduzir_artigo\data\GUITAR-FX\Mono_Continuous\Audio\MGS\G63-45200-MGS-D8.8T0-20684.wav,998
-59.704033,18.86816,Mono_Continuous,MGS,C:\TCC\Reproduzir_artigo\data\GUITAR-FX\Mono_Continuous\Audio\MGS\G63-48203-MGS-D7.6T2.5-20687.wav,998
-25.551506,7.9817924,Mono_Continuous,MGS,C:\TCC\Reproduzir_artigo\data\GUITAR-FX\Mono_Continuous\Audio\MGS\G63-52207-MGS-D7.9T9.4-20691.wav,998
-22.67073,5.808726,Mono_Continuous,MGS,C:\TCC\Reproduzir_artigo\data\GUITAR-FX\Mono_Continuous\Audio\MGS\G63-53208-MGS-D9.7T8.2-20692.wav,998
-28.82623,-0.03457994,Mono_Continuous,MGS,C:\TCC\Reproduzir_artigo\data\GUITAR-FX\Mono_Continuous\Audio\MGS\G63-53303-MGS-D7.8T3.2-20700.wav,998
-28.84862,-0.04268824,Mono_Continuous,MGS,C:\TCC\Reproduzir_artigo\data\GUITAR-FX\Mono_Continuous\Audio\MGS\G63-53303-MGS-D7.9T7.5-20700.wav,998
-14.383751,5.2107043,Mono_Continuous,MGS,C:\TCC\Reproduzir_artigo\data\GUITAR-FX\Mono_Continuous\Audio\MGS\G63-55305-MGS-D2.9T7.3-20702.wav,998
-16.39869,-2.5918372,Mono_Continuous,MGS,C:\TCC\Reproduzir_artigo\data\GUITAR-FX\Mono_Continuous\Audio\MGS\G63-55400-MGS-D7.1T5.3-20710.wav,998
-9.751145,-3.9029403,Mono_Continuous,MGS,C:\TCC\Reproduzir_artigo\data\GUITAR-FX\Mono_Continuous\Audio\MGS\G63-56306-MGS-D8.5T8.2-20703.wav,998
-8.046981,-0.8308021,Mono_Continuous,MGS,C:\TCC\Reproduzir_artigo\data\GUITAR-FX\Mono_Continuous\Audio\MGS\G63-56401-MGS-D8.5T7.2-20711.wav,998
0.36616677,-22.900404,Mono_Continuous,MGS,C:\TCC\Reproduzir_artigo\data\GUITAR-FX\Mono_Continuous\Audio\MGS\G63-57402-MGS-D3.3T3-20712.wav,998
0.36490092,5.037021,Mono_Continuous,MGS,C:\TCC\Reproduzir_artigo\data\GUITAR-FX\Mono_Continuous\Audio\MGS\G63-58403-MGS-D2.3T1-20713.wav,998
0.5162957,-4.3316836,Mono_Continuous,MGS,C:\TCC\Reproduzir_artigo\data\GUITAR-FX\Mono_Continuous\Audio\MGS\G63-59404-MGS-D4.1T4.6-20714.wav,998
9.817705,-25.359518,Mono_Continuous,MGS,C:\TCC\Reproduzir_artigo\data\GUITAR-FX\Mono_Continuous\Audio\MGS\G63-59500-MGS-D6.1T7.5-20723.wav,998
6.948895,-27.83219,Mono_Continuous,MGS,C:\TCC\Reproduzir_artigo\data\GUITAR-FX\Mono_Continuous\Audio\MGS\G63-60501-MGS-D4.5T7.2-20724.wav,998
26.340439,-35.536823,Mono_Continuous,MGS,C:\TCC\Reproduzir_artigo\data\GUITAR-FX\Mono_Continuous\Audio\MGS\G63-61311-MGS-D3.4T2.2-20708.wav,998
27.652246,-37.498352,Mono_Continuous,MGS,C:\TCC\Reproduzir_artigo\data\GUITAR-FX\Mono_Continuous\Audio\MGS\G63-61502-MGS-D4.4T3.9-20725.wav,998
26.722668,-38.550346,Mono_Continuous,MGS,C:\TCC\Reproduzir_artigo\data\GUITAR-FX\Mono_Continuous\Audio\MGS\G63-61502-MGS-D8T2.1-20725.wav,998
40.066498,-22.676497,Mono_Continuous,MGS,C:\TCC\Reproduzir_artigo\data\GUITAR-FX\Mono_Continuous\Audio\MGS\G63-63504-MGS-D3T6.7-20727.wav,998
40.709682,-25.098633,Mono_Continuous,MGS,C:\TCC\Reproduzir_artigo\data\GUITAR-FX\Mono_Continuous\Audio\MGS\G63-63504-MGS-D9.2T3.8-20727.wav,998
31.237755,2.3608768,Mono_Continuous,MGS,C:\TCC\Reproduzir_artigo\data\GUITAR-FX\Mono_Continuous\Audio\MGS\G63-64409-MGS-D3.5T7.8-20719.wav,998
47.81476,13.717898,Mono_Continuous,MGS,C:\TCC\Reproduzir_artigo\data\GUITAR-FX\Mono_Continuous\Audio\MGS\G63-67603-MGS-D3.2T8.9-20739.wav,998
52.86745,34.248814,Mono_Continuous,MGS,C:\TCC\Reproduzir_artigo\data\GUITAR-FX\Mono_Continuous\Audio\MGS\G63-70606-MGS-D6.1T9-20742.wav,998
35.42068,41.461807,Mono_Continuous,MGS,C:\TCC\Reproduzir_artigo\data\GUITAR-FX\Mono_Continuous\Audio\MGS\G63-72608-MGS-D2.8T1.4-20744.wav,998
34.339428,52.466507,Mono_Continuous,MGS,C:\TCC\Reproduzir_artigo\data\GUITAR-FX\Mono_Continuous\Audio\MGS\G63-74610-MGS-D2.9T6.9-20746.wav,998
34.549286,52.619305,Mono_Continuous,MGS,C:\TCC\Reproduzir_artigo\data\GUITAR-FX\Mono_Continuous\Audio\MGS\G63-74610-MGS-D4.3T1.5-20746.wav,998
24.19438,54.406754,Mono_Continuous,MGS,C:\TCC\Reproduzir_artigo\data\GUITAR-FX\Mono_Continuous\Audio\MGS\G63-76612-MGS-D2.8T1-20748.wav,998
-64.75127,12.061411,Mono_Continuous,MGS,C:\TCC\Reproduzir_artigo\data\GUITAR-FX\Mono_Continuous\Audio\MGS\G71-43103-MGS-D6.5T0.6-20752.wav,998
-57.9574,15.712187,Mono_Continuous,MGS,C:\TCC\Reproduzir_artigo\data\GUITAR-FX\Mono_Continuous\Audio\MGS\G71-46106-MGS-D5.4T2.8-20755.wav,998
-59.488136,15.679161,Mono_Continuous,MGS,C:\TCC\Reproduzir_artigo\data\GUITAR-FX\Mono_Continuous\Audio\MGS\G71-47107-MGS-D5.1T4.1-20756.wav,998
-52.987347,10.782331,Mono_Continuous,MGS,C:\TCC\Reproduzir_artigo\data\GUITAR-FX\Mono_Continuous\Audio\MGS\G71-49204-MGS-D9T7.3-20766.wav,998
-41.40538,9.522061,Mono_Continuous,MGS,C:\TCC\Reproduzir_artigo\data\GUITAR-FX\Mono_Continuous\Audio\MGS\G71-50205-MGS-D2.4T3.8-20767.wav,998
-30.275255,34.939102,Mono_Continuous,MGS,C:\TCC\Reproduzir_artigo\data\GUITAR-FX\Mono_Continuous\Audio\MGS\G71-52207-MGS-D2.1T0.4-20769.wav,998
-25.034416,9.808408,Mono_Continuous,MGS,C:\TCC\Reproduzir_artigo\data\GUITAR-FX\Mono_Continuous\Audio\MGS\G71-52207-MGS-D6.2T4.1-20769.wav,998
-25.059752,9.7409,Mono_Continuous,MGS,C:\TCC\Reproduzir_artigo\data\GUITAR-FX\Mono_Continuous\Audio\MGS\G71-52207-MGS-D6.9T7.2-20769.wav,998
-26.816328,-0.31023112,Mono_Continuous,MGS,C:\TCC\Reproduzir_artigo\data\GUITAR-FX\Mono_Continuous\Audio\MGS\G71-53208-MGS-D7.4T8.4-20770.wav,998
-18.660532,4.450894,Mono_Continuous,MGS,C:\TCC\Reproduzir_artigo\data\GUITAR-FX\Mono_Continuous\Audio\MGS\G71-54209-MGS-D9.6T5.5-20771.wav,998
-21.261026,0.28751215,Mono_Continuous,MGS,C:\TCC\Reproduzir_artigo\data\GUITAR-FX\Mono_Continuous\Audio\MGS\G71-55305-MGS-D5.7T1.7-20780.wav,998
2.757752,-23.298079,Mono_Continuous,MGS,C:\TCC\Reproduzir_artigo\data\GUITAR-FX\Mono_Continuous\Audio\MGS\G71-56401-MGS-D2.1T3.6-20789.wav,998
1.174834,-24.798409,Mono_Continuous,MGS,C:\TCC\Reproduzir_artigo\data\GUITAR-FX\Mono_Continuous\Audio\MGS\G71-57402-MGS-D5.2T5.2-20790.wav,998
0.5030076,-24.782753,Mono_Continuous,MGS,C:\TCC\Reproduzir_artigo\data\GUITAR-FX\Mono_Continuous\Audio\MGS\G71-57402-MGS-D9.9T6.5-20790.wav,998
10.703226,5.6921654,Mono_Continuous,MGS,C:\TCC\Reproduzir_artigo\data\GUITAR-FX\Mono_Continuous\Audio\MGS\G71-60310-MGS-D8.3T9.1-20785.wav,998
4.851184,-28.061356,Mono_Continuous,MGS,C:\TCC\Reproduzir_artigo\data\GUITAR-FX\Mono_Continuous\Audio\MGS\G71-60405-MGS-D4T4.3-20793.wav,998
4.4058037,-28.091358,Mono_Continuous,MGS,C:\TCC\Reproduzir_artigo\data\GUITAR-FX\Mono_Continuous\Audio\MGS\G71-60405-MGS-D8.6T7.9-20793.wav,998
7.4225154,-30.303268,Mono_Continuous,MGS,C:\TCC\Reproduzir_artigo\data\GUITAR-FX\Mono_Continuous\Audio\MGS\G71-60501-MGS-D4.3T1.4-20802.wav,998
24.570208,-35.65275,Mono_Continuous,MGS,C:\TCC\Reproduzir_artigo\data\GUITAR-FX\Mono_Continuous\Audio\MGS\G71-61311-MGS-D7.4T5.6-20786.wav,998
30.209206,-40.058,Mono_Continuous,MGS,C:\TCC\Reproduzir_artigo\data\GUITAR-FX\Mono_Continuous\Audio\MGS\G71-61502-MGS-D2.7T6.6-20803.wav,998
21.38346,-12.063463,Mono_Continuous,MGS,C:\TCC\Reproduzir_artigo\data\GUITAR-FX\Mono_Continuous\Audio\MGS\G71-62407-MGS-D2.8T5.5-20795.wav,998
43.920586,-24.718405,Mono_Continuous,MGS,C:\TCC\Reproduzir_artigo\data\GUITAR-FX\Mono_Continuous\Audio\MGS\G71-63504-MGS-D8.8T0.8-20805.wav,998
51.47153,-24.138058,Mono_Continuous,MGS,C:\TCC\Reproduzir_artigo\data\GUITAR-FX\Mono_Continuous\Audio\MGS\G71-65506-MGS-D7.7T7.4-20807.wav,998
41.834522,7.8434706,Mono_Continuous,MGS,C:\TCC\Reproduzir_artigo\data\GUITAR-FX\Mono_Continuous\Audio\MGS\G71-67412-MGS-D2.6T4-20800.wav,998
50.22512,10.500657,Mono_Continuous,MGS,C:\TCC\Reproduzir_artigo\data\GUITAR-FX\Mono_Continuous\Audio\MGS\G71-67603-MGS-D9.9T5.7-20817.wav,998
61.803913,20.169962,Mono_Continuous,MGS,C:\TCC\Reproduzir_artigo\data\GUITAR-FX\Mono_Continuous\Audio\MGS\G71-68509-MGS-D2.1T3.2-20810.wav,998
61.838146,20.13339,Mono_Continuous,MGS,C:\TCC\Reproduzir_artigo\data\GUITAR-FX\Mono_Continuous\Audio\MGS\G71-68509-MGS-D2.6T1.7-20810.wav,998
63.601673,21.178017,Mono_Continuous,MGS,C:\TCC\Reproduzir_artigo\data\GUITAR-FX\Mono_Continuous\Audio\MGS\G71-68604-MGS-D3.4T5.1-20818.wav,998
62.80063,55.814407,Mono_Continuous,MGS,C:\TCC\Reproduzir_artigo\data\GUITAR-FX\Mono_Continuous\Audio\MGS\G71-71512-MGS-D3.8T8.1-20813.wav,998
39.047672,48.593998,Mono_Continuous,MGS,C:\TCC\Reproduzir_artigo\data\GUITAR-FX\Mono_Continuous\Audio\MGS\G71-73609-MGS-D7T7.8-20823.wav,998
39.227287,48.75261,Mono_Continuous,MGS,C:\TCC\Reproduzir_artigo\data\GUITAR-FX\Mono_Continuous\Audio\MGS\G71-73609-MGS-D9T9.6-20823.wav,998
33.681797,53.482914,Mono_Continuous,MGS,C:\TCC\Reproduzir_artigo\data\GUITAR-FX\Mono_Continuous\Audio\MGS\G71-74610-MGS-D8.2T3.8-20824.wav,998
-69.29375,11.741841,Mono_Continuous,MGS,C:\TCC\Reproduzir_artigo\data\GUITAR-FX\Mono_Continuous\Audio\MGS\G73-41101-MGS-D5.5T6.7-20828.wav,998
-69.51267,11.474565,Mono_Continuous,MGS,C:\TCC\Reproduzir_artigo\data\GUITAR-FX\Mono_Continuous\Audio\MGS\G73-41101-MGS-D8.5T0.5-20828.wav,998
-51.95793,19.881418,Mono_Continuous,MGS,C:\TCC\Reproduzir_artigo\data\GUITAR-FX\Mono_Continuous\Audio\MGS\G73-43103-MGS-D2.5T0.5-20830.wav,998
-51.983986,19.807861,Mono_Continuous,MGS,C:\TCC\Reproduzir_artigo\data\GUITAR-FX\Mono_Continuous\Audio\MGS\G73-44104-MGS-D2.6T9.3-20831.wav,998
-61.012695,8.088392,Mono_Continuous,MGS,C:\TCC\Reproduzir_artigo\data\GUITAR-FX\Mono_Continuous\Audio\MGS\G73-46201-MGS-D6.7T5.9-20841.wav,998
-59.275845,-0.45194545,Mono_Continuous,MGS,C:\TCC\Reproduzir_artigo\data\GUITAR-FX\Mono_Continuous\Audio\MGS\G73-47202-MGS-D7.9T5.4-20842.wav,998
-59.222878,-0.7931979,Mono_Continuous,MGS,C:\TCC\Reproduzir_artigo\data\GUITAR-FX\Mono_Continuous\Audio\MGS\G73-47202-MGS-D9T9-20842.wav,998
-37.553326,2.352733,Mono_Continuous,MGS,C:\TCC\Reproduzir_artigo\data\GUITAR-FX\Mono_Continuous\Audio\MGS\G73-50300-MGS-D6.4T5.1-20853.wav,998
-41.38718,-11.542066,Mono_Continuous,MGS,C:\TCC\Reproduzir_artigo\data\GUITAR-FX\Mono_Continuous\Audio\MGS\G73-51301-MGS-D9T1.9-20854.wav,998
-23.6736,9.891243,Mono_Continuous,MGS,C:\TCC\Reproduzir_artigo\data\GUITAR-FX\Mono_Continuous\Audio\MGS\G73-52207-MGS-D3.9T1.3-20847.wav,998
-30.06167,2.724495,Mono_Continuous,MGS,C:\TCC\Reproduzir_artigo\data\GUITAR-FX\Mono_Continuous\Audio\MGS\G73-52302-MGS-D5.2T2.9-20855.wav,998
-30.336653,2.8041968,Mono_Continuous,MGS,C:\TCC\Reproduzir_artigo\data\GUITAR-FX\Mono_Continuous\Audio\MGS\G73-52302-MGS-D7.5T7.1-20855.wav,998
-27.201517,2.3915858,Mono_Continuous,MGS,C:\TCC\Reproduzir_artigo\data\GUITAR-FX\Mono_Continuous\Audio\MGS\G73-53303-MGS-D2.1T0.1-20856.wav,998
-20.951063,10.540189,Mono_Continuous,MGS,C:\TCC\Reproduzir_artigo\data\GUITAR-FX\Mono_Continuous\Audio\MGS\G73-55210-MGS-D4.1T9.6-20850.wav,998
-10.553601,0.22820699,Mono_Continuous,MGS,C:\TCC\Reproduzir_artigo\data\GUITAR-FX\Mono_Continuous\Audio\MGS\G73-56211-MGS-D5.3T5.6-20851.wav,998
-11.282668,-1.3837104,Mono_Continuous,MGS,C:\TCC\Reproduzir_artigo\data\GUITAR-FX\Mono_Continuous\Audio\MGS\G73-56211-MGS-D9T1.7-20851.wav,998
-10.271834,-5.148579,Mono_Continuous,MGS,C:\TCC\Reproduzir_artigo\data\GUITAR-FX\Mono_Continuous\Audio\MGS\G73-56306-MGS-D8.8T0.4-20859.wav,998
-1.0312525,-0.38828692,Mono_Continuous,MGS,C:\TCC\Reproduzir_artigo\data\GUITAR-FX\Mono_Continuous\Audio\MGS\G73-57307-MGS-D3T4.9-20860.wav,998
1.899006,-21.121262,Mono_Continuous,MGS,C:\TCC\Reproduzir_artigo\data\GUITAR-FX\Mono_Continuous\Audio\MGS\G73-57402-MGS-D3.9T5-20868.wav,998
-2.4025292,-25.382093,Mono_Continuous,MGS,C:\TCC\Reproduzir_artigo\data\GUITAR-FX\Mono_Continuous\Audio\MGS\G73-57402-MGS-D7.3T9.3-20868.wav,998
9.299751,-16.415827,Mono_Continuous,MGS,C:\TCC\Reproduzir_artigo\data\GUITAR-FX\Mono_Continuous\Audio\MGS\G73-58403-MGS-D4.8T0.2-20869.wav,998
26.584003,-37.842995,Mono_Continuous,MGS,C:\TCC\Reproduzir_artigo\data\GUITAR-FX\Mono_Continuous\Audio\MGS\G73-61311-MGS-D7.1T5.5-20864.wav,998
27.5591,-40.378384,Mono_Continuous,MGS,C:\TCC\Reproduzir_artigo\data\GUITAR-FX\Mono_Continuous\Audio\MGS\G73-61502-MGS-D9.6T9.6-20881.wav,998
20.850077,-13.875956,Mono_Continuous,MGS,C:\TCC\Reproduzir_artigo\data\GUITAR-FX\Mono_Continuous\Audio\MGS\G73-62312-MGS-D3.8T8.7-20865.wav,998
41.40266,-23.967932,Mono_Continuous,MGS,C:\TCC\Reproduzir_artigo\data\GUITAR-FX\Mono_Continuous\Audio\MGS\G73-63504-MGS-D4.6T1.8-20883.wav,998
40.085304,-4.137641,Mono_Continuous,MGS,C:\TCC\Reproduzir_artigo\data\GUITAR-FX\Mono_Continuous\Audio\MGS\G73-64409-MGS-D5.7T2.9-20875.wav,998
74.19223,-12.126865,Mono_Continuous,MGS,C:\TCC\Reproduzir_artigo\data\GUITAR-FX\Mono_Continuous\Audio\MGS\G73-66602-MGS-D5.9T3.8-20894.wav,998
74.27322,-12.258843,Mono_Continuous,MGS,C:\TCC\Reproduzir_artigo\data\GUITAR-FX\Mono_Continuous\Audio\MGS\G73-66602-MGS-D8.1T2.8-20894.wav,998
38.254112,34.995556,Mono_Continuous,MGS,C:\TCC\Reproduzir_artigo\data\GUITAR-FX\Mono_Continuous\Audio\MGS\G73-69605-MGS-D3.7T5.7-20897.wav,998
60.725822,52.975925,Mono_Continuous,MGS,C:\TCC\Reproduzir_artigo\data\GUITAR-FX\Mono_Continuous\Audio\MGS\G73-71512-MGS-D9.7T3.6-20891.wav,998
59.425503,50.23219,Mono_Continuous,MGS,C:\TCC\Reproduzir_artigo\data\GUITAR-FX\Mono_Continuous\Audio\MGS\G73-71607-MGS-D5.6T5.1-20899.wav,998
59.274136,50.145187,Mono_Continuous,MGS,C:\TCC\Reproduzir_artigo\data\GUITAR-FX\Mono_Continuous\Audio\MGS\G73-71607-MGS-D7.5T3.4-20899.wav,998
59.092087,50.066345,Mono_Continuous,MGS,C:\TCC\Reproduzir_artigo\data\GUITAR-FX\Mono_Continuous\Audio\MGS\G73-71607-MGS-D9.2T7.6-20899.wav,998
34.889664,44.97008,Mono_Continuous,MGS,C:\TCC\Reproduzir_artigo\data\GUITAR-FX\Mono_Continuous\Audio\MGS\G73-72608-MGS-D8.4T1.7-20900.wav,998
32.369995,51.740948,Mono_Continuous,MGS,C:\TCC\Reproduzir_artigo\data\GUITAR-FX\Mono_Continuous\Audio\MGS\G73-74610-MGS-D3.3T8.2-20902.wav,998
43.7947,50.76707,Mono_Continuous,MGS,C:\TCC\Reproduzir_artigo\data\GUITAR-FX\Mono_Continuous\Audio\MGS\G73-75611-MGS-D7.3T6.9-20903.wav,998
-52.314266,30.448105,Mono_Continuous,MGS,C:\TCC\Reproduzir_artigo\data\GUITAR-FX\Mono_Continuous\Audio\MGS\G81-44104-MGS-D8.4T0.5-20909.wav,998
-54.272717,31.489744,Mono_Continuous,MGS,C:\TCC\Reproduzir_artigo\data\GUITAR-FX\Mono_Continuous\Audio\MGS\G81-45105-MGS-D6.6T7.9-20910.wav,998
-38.502007,34.766563,Mono_Continuous,MGS,C:\TCC\Reproduzir_artigo\data\GUITAR-FX\Mono_Continuous\Audio\MGS\G81-46106-MGS-D4.4T7.9-20911.wav,998
-38.482376,22.748817,Mono_Continuous,MGS,C:\TCC\Reproduzir_artigo\data\GUITAR-FX\Mono_Continuous\Audio\MGS\G81-48203-MGS-D7.9T6-20921.wav,998
-34.33287,37.660515,Mono_Continuous,MGS,C:\TCC\Reproduzir_artigo\data\GUITAR-FX\Mono_Continuous\Audio\MGS\G81-51111-MGS-D4.3T4.1-20916.wav,998
-34.329697,37.699074,Mono_Continuous,MGS,C:\TCC\Reproduzir_artigo\data\GUITAR-FX\Mono_Continuous\Audio\MGS\G81-51111-MGS-D4.6T1.5-20916.wav,998
-27.791718,19.969402,Mono_Continuous,MGS,C:\TCC\Reproduzir_artigo\data\GUITAR-FX\Mono_Continuous\Audio\MGS\G81-52207-MGS-D6.8T8.3-20925.wav,998
-27.888592,19.955997,Mono_Continuous,MGS,C:\TCC\Reproduzir_artigo\data\GUITAR-FX\Mono_Continuous\Audio\MGS\G81-52207-MGS-D7.3T1.9-20925.wav,998
-27.58572,20.95592,Mono_Continuous,MGS,C:\TCC\Reproduzir_artigo\data\GUITAR-FX\Mono_Continuous\Audio\MGS\G81-52302-MGS-D7.9T4.5-20933.wav,998
-14.877658,23.518656,Mono_Continuous,MGS,C:\TCC\Reproduzir_artigo\data\GUITAR-FX\Mono_Continuous\Audio\MGS\G81-55210-MGS-D2.9T3.5-20928.wav,998
-9.81723,14.170642,Mono_Continuous,MGS,C:\TCC\Reproduzir_artigo\data\GUITAR-FX\Mono_Continuous\Audio\MGS\G81-56401-MGS-D2.6T0.1-20945.wav,998
8.9581375,-7.6279073,Mono_Continuous,MGS,C:\TCC\Reproduzir_artigo\data\GUITAR-FX\Mono_Continuous\Audio\MGS\G81-58403-MGS-D4.7T6.9-20947.wav,998
-4.74184,25.060648,Mono_Continuous,MGS,C:\TCC\Reproduzir_artigo\data\GUITAR-FX\Mono_Continuous\Audio\MGS\G81-59404-MGS-D4.8T6.1-20948.wav,998
-0.035964333,16.756943,Mono_Continuous,MGS,C:\TCC\Reproduzir_artigo\data\GUITAR-FX\Mono_Continuous\Audio\MGS\G81-60310-MGS-D5.7T2-20941.wav,998
7.8462977,-29.4324,Mono_Continuous,MGS,C:\TCC\Reproduzir_artigo\data\GUITAR-FX\Mono_Continuous\Audio\MGS\G81-60501-MGS-D8T6.2-20958.wav,998
19.975111,-2.038696,Mono_Continuous,MGS,C:\TCC\Reproduzir_artigo\data\GUITAR-FX\Mono_Continuous\Audio\MGS\G81-62312-MGS-D6T2-20943.wav,998
21.121914,-1.2544701,Mono_Continuous,MGS,C:\TCC\Reproduzir_artigo\data\GUITAR-FX\Mono_Continuous\Audio\MGS\G81-62407-MGS-D3.2T1.9-20951.wav,998
24.343185,-14.704126,Mono_Continuous,MGS,C:\TCC\Reproduzir_artigo\data\GUITAR-FX\Mono_Continuous\Audio\MGS\G81-62503-MGS-D4.4T8.5-20960.wav,998
24.387054,-14.640313,Mono_Continuous,MGS,C:\TCC\Reproduzir_artigo\data\GUITAR-FX\Mono_Continuous\Audio\MGS\G81-62503-MGS-D4.5T1.6-20960.wav,998
63.73468,17.719624,Mono_Continuous,MGS,C:\TCC\Reproduzir_artigo\data\GUITAR-FX\Mono_Continuous\Audio\MGS\G81-68604-MGS-D8.9T8.7-20974.wav,998
36.09544,27.610144,Mono_Continuous,MGS,C:\TCC\Reproduzir_artigo\data\GUITAR-FX\Mono_Continuous\Audio\MGS\G81-69510-MGS-D4T5.9-20967.wav,998
45.676235,41.087227,Mono_Continuous,MGS,C:\TCC\Reproduzir_artigo\data\GUITAR-FX\Mono_Continuous\Audio\MGS\G81-72608-MGS-D5.3T2.6-20978.wav,998
49.258457,46.524033,Mono_Continuous,MGS,C:\TCC\Reproduzir_artigo\data\GUITAR-FX\Mono_Continuous\Audio\MGS\G81-75611-MGS-D10T4.2-20981.wav,998
28.622284,57.492508,Mono_Continuous,MGS,C:\TCC\Reproduzir_artigo\data\GUITAR-FX\Mono_Continuous\Audio\MGS\G81-76612-MGS-D6.6T9.8-20982.wav,998
-39.326572,32.470387,Mono_Continuous,MGS,C:\TCC\Reproduzir_artigo\data\GUITAR-FX\Mono_Continuous\Audio\MGS\G83-44104-MGS-D2.1T1.4-20987.wav,998
-41.20513,28.971039,Mono_Continuous,MGS,C:\TCC\Reproduzir_artigo\data\GUITAR-FX\Mono_Continuous\Audio\MGS\G83-45200-MGS-D4.4T4.3-20996.wav,998
-41.170185,28.988901,Mono_Continuous,MGS,C:\TCC\Reproduzir_artigo\data\GUITAR-FX\Mono_Continuous\Audio\MGS\G83-45200-MGS-D4T9.2-20996.wav,998
-56.720253,23.466856,Mono_Continuous,MGS,C:\TCC\Reproduzir_artigo\data\GUITAR-FX\Mono_Continuous\Audio\MGS\G83-47107-MGS-D6.6T4.7-20990.wav,998
-42.85752,22.402325,Mono_Continuous,MGS,C:\TCC\Reproduzir_artigo\data\GUITAR-FX\Mono_Continuous\Audio\MGS\G83-47202-MGS-D5.7T9.3-20998.wav,998
-38.687077,28.480612,Mono_Continuous,MGS,C:\TCC\Reproduzir_artigo\data\GUITAR-FX\Mono_Continuous\Audio\MGS\G83-49204-MGS-D3.6T0.9-21000.wav,998
-34.736076,36.63076,Mono_Continuous,MGS,C:\TCC\Reproduzir_artigo\data\GUITAR-FX\Mono_Continuous\Audio\MGS\G83-50110-MGS-D2T2.6-20993.wav,998
-35.338814,15.464963,Mono_Continuous,MGS,C:\TCC\Reproduzir_artigo\data\GUITAR-FX\Mono_Continuous\Audio\MGS\G83-51301-MGS-D2.6T8.1-21010.wav,998
-28.03793,27.980186,Mono_Continuous,MGS,C:\TCC\Reproduzir_artigo\data\GUITAR-FX\Mono_Continuous\Audio\MGS\G83-53208-MGS-D3.5T0.9-21004.wav,998
-15.99801,17.279812,Mono_Continuous,MGS,C:\TCC\Reproduzir_artigo\data\GUITAR-FX\Mono_Continuous\Audio\MGS\G83-54304-MGS-D2.3T7.5-21013.wav,998
-14.6362095,8.652841,Mono_Continuous,MGS,C:\TCC\Reproduzir_artigo\data\GUITAR-FX\Mono_Continuous\Audio\MGS\G83-55305-MGS-D5.7T8.9-21014.wav,998
-12.459788,10.595681,Mono_Continuous,MGS,C:\TCC\Reproduzir_artigo\data\GUITAR-FX\Mono_Continuous\Audio\MGS\G83-55400-MGS-D6T2.6-21022.wav,998
-9.80984,6.321359,Mono_Continuous,MGS,C:\TCC\Reproduzir_artigo\data\GUITAR-FX\Mono_Continuous\Audio\MGS\G83-56211-MGS-D6.6T3-21007.wav,998
-3.1042705,14.305543,Mono_Continuous,MGS,C:\TCC\Reproduzir_artigo\data\GUITAR-FX\Mono_Continuous\Audio\MGS\G83-57307-MGS-D3.6T3.3-21016.wav,998
-0.415957,14.133272,Mono_Continuous,MGS,C:\TCC\Reproduzir_artigo\data\GUITAR-FX\Mono_Continuous\Audio\MGS\G83-58308-MGS-D2.7T0.8-21017.wav,998
14.854352,-2.668279,Mono_Continuous,MGS,C:\TCC\Reproduzir_artigo\data\GUITAR-FX\Mono_Continuous\Audio\MGS\G83-61406-MGS-D3.3T5.1-21028.wav,998
21.646912,-1.8027312,Mono_Continuous,MGS,C:\TCC\Reproduzir_artigo\data\GUITAR-FX\Mono_Continuous\Audio\MGS\G83-62312-MGS-D2.4T1-21021.wav,998
39.510616,-21.906559,Mono_Continuous,MGS,C:\TCC\Reproduzir_artigo\data\GUITAR-FX\Mono_Continuous\Audio\MGS\G83-63504-MGS-D7.4T9.1-21039.wav,998
59.280533,-7.2546706,Mono_Continuous,MGS,C:\TCC\Reproduzir_artigo\data\GUITAR-FX\Mono_Continuous\Audio\MGS\G83-64600-MGS-D6.4T7.5-21048.wav,998
70.891884,-5.6955256,Mono_Continuous,MGS,C:\TCC\Reproduzir_artigo\data\GUITAR-FX\Mono_Continuous\Audio\MGS\G83-66507-MGS-D4.3T7.2-21042.wav,998
70.73657,-5.712701,Mono_Continuous,MGS,C:\TCC\Reproduzir_artigo\data\GUITAR-FX\Mono_Continuous\Audio\MGS\G83-66507-MGS-D7.2T6.1-21042.wav,998
71.864586,-12.142465,Mono_Continuous,MGS,C:\TCC\Reproduzir_artigo\data\GUITAR-FX\Mono_Continuous\Audio\MGS\G83-66602-MGS-D9.6T6.3-21050.wav,998
41.29914,8.800853,Mono_Continuous,MGS,C:\TCC\Reproduzir_artigo\data\GUITAR-FX\Mono_Continuous\Audio\MGS\G83-67508-MGS-D3.1T1.4-21043.wav,998
36.572792,30.520025,Mono_Continuous,MGS,C:\TCC\Reproduzir_artigo\data\GUITAR-FX\Mono_Continuous\Audio\MGS\G83-69605-MGS-D3.9T7.5-21053.wav,998
49.033344,24.944729,Mono_Continuous,MGS,C:\TCC\Reproduzir_artigo\data\GUITAR-FX\Mono_Continuous\Audio\MGS\G83-70511-MGS-D5.9T0-21046.wav,998
58.326214,52.836456,Mono_Continuous,MGS,C:\TCC\Reproduzir_artigo\data\GUITAR-FX\Mono_Continuous\Audio\MGS\G83-71512-MGS-D9T4.8-21047.wav,998
17.846066,50.441917,Mono_Continuous,MGS,C:\TCC\Reproduzir_artigo\data\GUITAR-FX\Mono_Continuous\Audio\MGS\G83-72608-MGS-D3.1T6-21056.wav,998
24.62574,56.024853,Mono_Continuous,MGS,C:\TCC\Reproduzir_artigo\data\GUITAR-FX\Mono_Continuous\Audio\MGS\G83-76612-MGS-D3.1T0.2-21060.wav,998
25.48828,56.170128,Mono_Continuous,MGS,C:\TCC\Reproduzir_artigo\data\GUITAR-FX\Mono_Continuous\Audio\MGS\G83-76612-MGS-D4.6T2-21060.wav,998
26.53225,56.58508,Mono_Continuous,MGS,C:\TCC\Reproduzir_artigo\data\GUITAR-FX\Mono_Continuous\Audio\MGS\G83-76612-MGS-D7T7.5-21060.wav,998
-50.13671,26.981922,Mono_Continuous,MGS,C:\TCC\Reproduzir_artigo\data\GUITAR-FX\Mono_Continuous\Audio\MGS\G91-40100-MGS-D7.2T9.8-21061.wav,998
-49.812393,32.65075,Mono_Continuous,MGS,C:\TCC\Reproduzir_artigo\data\GUITAR-FX\Mono_Continuous\Audio\MGS\G91-42102-MGS-D4.6T2.9-21063.wav,998
-44.075645,22.120829,Mono_Continuous,MGS,C:\TCC\Reproduzir_artigo\data\GUITAR-FX\Mono_Continuous\Audio\MGS\G91-47202-MGS-D9.1T1.8-21076.wav,998
-36.604767,35.996563,Mono_Continuous,MGS,C:\TCC\Reproduzir_artigo\data\GUITAR-FX\Mono_Continuous\Audio\MGS\G91-48108-MGS-D2.2T6.3-21069.wav,998
-36.67008,35.909443,Mono_Continuous,MGS,C:\TCC\Reproduzir_artigo\data\GUITAR-FX\Mono_Continuous\Audio\MGS\G91-48108-MGS-D3.9T6.5-21069.wav,998
-36.857372,33.780514,Mono_Continuous,MGS,C:\TCC\Reproduzir_artigo\data\GUITAR-FX\Mono_Continuous\Audio\MGS\G91-49109-MGS-D3T7.5-21070.wav,998
-38.960033,27.208702,Mono_Continuous,MGS,C:\TCC\Reproduzir_artigo\data\GUITAR-FX\Mono_Continuous\Audio\MGS\G91-49204-MGS-D5.7T9.1-21078.wav,998
-35.044415,32.92553,Mono_Continuous,MGS,C:\TCC\Reproduzir_artigo\data\GUITAR-FX\Mono_Continuous\Audio\MGS\G91-50110-MGS-D5.1T0.6-21071.wav,998
-36.813755,15.399294,Mono_Continuous,MGS,C:\TCC\Reproduzir_artigo\data\GUITAR-FX\Mono_Continuous\Audio\MGS\G91-51301-MGS-D4.7T9.4-21088.wav,998
-36.91402,15.321859,Mono_Continuous,MGS,C:\TCC\Reproduzir_artigo\data\GUITAR-FX\Mono_Continuous\Audio\MGS\G91-51301-MGS-D6.2T9.1-21088.wav,998
-26.436993,27.021885,Mono_Continuous,MGS,C:\TCC\Reproduzir_artigo\data\GUITAR-FX\Mono_Continuous\Audio\MGS\G91-53303-MGS-D3.2T8.7-21090.wav,998
-26.430302,27.012098,Mono_Continuous,MGS,C:\TCC\Reproduzir_artigo\data\GUITAR-FX\Mono_Continuous\Audio\MGS\G91-53303-MGS-D3.4T1.8-21090.wav,998
-17.056873,23.245459,Mono_Continuous,MGS,C:\TCC\Reproduzir_artigo\data\GUITAR-FX\Mono_Continuous\Audio\MGS\G91-55305-MGS-D3.2T7.3-21092.wav,998
-21.738804,-24.284101,Mono_Continuous,MGS,C:\TCC\Reproduzir_artigo\data\GUITAR-FX\Mono_Continuous\Audio\MGS\G91-55400-MGS-D5.5T9-21100.wav,998
-5.6827106,18.53472,Mono_Continuous,MGS,C:\TCC\Reproduzir_artigo\data\GUITAR-FX\Mono_Continuous\Audio\MGS\G91-57212-MGS-D5.7T1.7-21086.wav,998
5.968628,-8.176107,Mono_Continuous,MGS,C:\TCC\Reproduzir_artigo\data\GUITAR-FX\Mono_Continuous\Audio\MGS\G91-57402-MGS-D5.1T1.8-21102.wav,998
6.02902,-8.232489,Mono_Continuous,MGS,C:\TCC\Reproduzir_artigo\data\GUITAR-FX\Mono_Continuous\Audio\MGS\G91-57402-MGS-D5T7.5-21102.wav,998
7.6455917,6.0272436,Mono_Continuous,MGS,C:\TCC\Reproduzir_artigo\data\GUITAR-FX\Mono_Continuous\Audio\MGS\G91-59309-MGS-D9.9T3.1-21096.wav,998
-0.21966809,-8.592568,Mono_Continuous,MGS,C:\TCC\Reproduzir_artigo\data\GUITAR-FX\Mono_Continuous\Audio\MGS\G91-59404-MGS-D8.4T3.8-21104.wav,998
15.050689,-50.50714,Mono_Continuous,MGS,C:\TCC\Reproduzir_artigo\data\GUITAR-FX\Mono_Continuous\Audio\MGS\G91-60501-MGS-D5.3T9.1-21114.wav,998
34.277954,-39.29744,Mono_Continuous,MGS,C:\TCC\Reproduzir_artigo\data\GUITAR-FX\Mono_Continuous\Audio\MGS\G91-61502-MGS-D4.5T5.7-21115.wav,998
39.211742,-26.42875,Mono_Continuous,MGS,C:\TCC\Reproduzir_artigo\data\GUITAR-FX\Mono_Continuous\Audio\MGS\G91-63504-MGS-D4.9T7.3-21117.wav,998
48.91843,-26.073284,Mono_Continuous,MGS,C:\TCC\Reproduzir_artigo\data\GUITAR-FX\Mono_Continuous\Audio\MGS\G91-65506-MGS-D8T9.9-21119.wav,998
49.86631,-24.315243,Mono_Continuous,MGS,C:\TCC\Reproduzir_artigo\data\GUITAR-FX\Mono_Continuous\Audio\MGS\G91-65601-MGS-D5.3T7.7-21127.wav,998
66.39122,-22.893438,Mono_Continuous,MGS,C:\TCC\Reproduzir_artigo\data\GUITAR-FX\Mono_Continuous\Audio\MGS\G91-66507-MGS-D9.7T5.8-21120.wav,998
49.581173,6.608414,Mono_Continuous,MGS,C:\TCC\Reproduzir_artigo\data\GUITAR-FX\Mono_Continuous\Audio\MGS\G91-67508-MGS-D7.5T6.1-21121.wav,998
62.332886,18.998634,Mono_Continuous,MGS,C:\TCC\Reproduzir_artigo\data\GUITAR-FX\Mono_Continuous\Audio\MGS\G91-68509-MGS-D3T2.2-21122.wav,998
41.101994,24.704723,Mono_Continuous,MGS,C:\TCC\Reproduzir_artigo\data\GUITAR-FX\Mono_Continuous\Audio\MGS\G91-69510-MGS-D6.4T2.8-21123.wav,998
61.5857,56.132088,Mono_Continuous,MGS,C:\TCC\Reproduzir_artigo\data\GUITAR-FX\Mono_Continuous\Audio\MGS\G91-71607-MGS-D9.1T1.7-21133.wav,998
45.881847,40.55974,Mono_Continuous,MGS,C:\TCC\Reproduzir_artigo\data\GUITAR-FX\Mono_Continuous\Audio\MGS\G91-72608-MGS-D7.2T2.5-21134.wav,998
-38.416496,30.361122,Mono_Continuous,MGS,C:\TCC\Reproduzir_artigo\data\GUITAR-FX\Mono_Continuous\Audio\MGS\G93-43103-MGS-D2.4T5.7-21142.wav,998
-43.297874,18.006266,Mono_Continuous,MGS,C:\TCC\Reproduzir_artigo\data\GUITAR-FX\Mono_Continuous\Audio\MGS\G93-46201-MGS-D8.1T6.9-21153.wav,998
-36.677746,29.303066,Mono_Continuous,MGS,C:\TCC\Reproduzir_artigo\data\GUITAR-FX\Mono_Continuous\Audio\MGS\G93-48108-MGS-D4.4T1.1-21147.wav,998
-36.72946,29.210926,Mono_Continuous,MGS,C:\TCC\Reproduzir_artigo\data\GUITAR-FX\Mono_Continuous\Audio\MGS\G93-48108-MGS-D5T1.7-21147.wav,998
-38.429047,9.546013,Mono_Continuous,MGS,C:\TCC\Reproduzir_artigo\data\GUITAR-FX\Mono_Continuous\Audio\MGS\G93-50300-MGS-D4.9T9.8-21165.wav,998
-34.105164,28.982267,Mono_Continuous,MGS,C:\TCC\Reproduzir_artigo\data\GUITAR-FX\Mono_Continuous\Audio\MGS\G93-51111-MGS-D4.8T1.7-21150.wav,998
-30.168613,26.904943,Mono_Continuous,MGS,C:\TCC\Reproduzir_artigo\data\GUITAR-FX\Mono_Continuous\Audio\MGS\G93-52207-MGS-D3.4T1.5-21159.wav,998
-27.61033,23.194153,Mono_Continuous,MGS,C:\TCC\Reproduzir_artigo\data\GUITAR-FX\Mono_Continuous\Audio\MGS\G93-52207-MGS-D9.1T8-21159.wav,998
-29.36903,27.677696,Mono_Continuous,MGS,C:\TCC\Reproduzir_artigo\data\GUITAR-FX\Mono_Continuous\Audio\MGS\G93-53208-MGS-D4.1T4.3-21160.wav,998
-26.82289,4.3053207,Mono_Continuous,MGS,C:\TCC\Reproduzir_artigo\data\GUITAR-FX\Mono_Continuous\Audio\MGS\G93-53303-MGS-D4.6T7.8-21168.wav,998
-17.39939,6.850954,Mono_Continuous,MGS,C:\TCC\Reproduzir_artigo\data\GUITAR-FX\Mono_Continuous\Audio\MGS\G93-55210-MGS-D8.7T6.6-21162.wav,998
-18.3669,-2.8953602,Mono_Continuous,MGS,C:\TCC\Reproduzir_artigo\data\GUITAR-FX\Mono_Continuous\Audio\MGS\G93-55400-MGS-D4.6T0.1-21178.wav,998
-18.08757,-3.6253462,Mono_Continuous,MGS,C:\TCC\Reproduzir_artigo\data\GUITAR-FX\Mono_Continuous\Audio\MGS\G93-55400-MGS-D7.7T6.7-21178.wav,998
-10.116478,12.808107,Mono_Continuous,MGS,C:\TCC\Reproduzir_artigo\data\GUITAR-FX\Mono_Continuous\Audio\MGS\G93-56306-MGS-D3.4T5.9-21171.wav,998
9.5634165,-12.182984,Mono_Continuous,MGS,C:\TCC\Reproduzir_artigo\data\GUITAR-FX\Mono_Continuous\Audio\MGS\G93-56401-MGS-D9.8T9.1-21179.wav,998
-5.3606143,17.226206,Mono_Continuous,MGS,C:\TCC\Reproduzir_artigo\data\GUITAR-FX\Mono_Continuous\Audio\MGS\G93-57212-MGS-D2.4T8.8-21164.wav,998
10.580433,-6.3422666,Mono_Continuous,MGS,C:\TCC\Reproduzir_artigo\data\GUITAR-FX\Mono_Continuous\Audio\MGS\G93-58308-MGS-D3.7T10-21173.wav,998
10.590927,-6.664758,Mono_Continuous,MGS,C:\TCC\Reproduzir_artigo\data\GUITAR-FX\Mono_Continuous\Audio\MGS\G93-58308-MGS-D5.2T7-21173.wav,998
1.7751776,-3.8624084,Mono_Continuous,MGS,C:\TCC\Reproduzir_artigo\data\GUITAR-FX\Mono_Continuous\Audio\MGS\G93-59309-MGS-D5.8T7.1-21174.wav,998
3.9421704,-12.987489,Mono_Continuous,MGS,C:\TCC\Reproduzir_artigo\data\GUITAR-FX\Mono_Continuous\Audio\MGS\G93-59404-MGS-D5.9T1.1-21182.wav,998
8.331981,-21.662207,Mono_Continuous,MGS,C:\TCC\Reproduzir_artigo\data\GUITAR-FX\Mono_Continuous\Audio\MGS\G93-59500-MGS-D8.2T3.4-21191.wav,998
14.691245,-6.0771074,Mono_Continuous,MGS,C:\TCC\Reproduzir_artigo\data\GUITAR-FX\Mono_Continuous\Audio\MGS\G93-60405-MGS-D6.6T7.6-21183.wav,998
14.212408,-13.878605,Mono_Continuous,MGS,C:\TCC\Reproduzir_artigo\data\GUITAR-FX\Mono_Continuous\Audio\MGS\G93-61311-MGS-D7.9T1.9-21176.wav,998
14.200824,-14.119636,Mono_Continuous,MGS,C:\TCC\Reproduzir_artigo\data\GUITAR-FX\Mono_Continuous\Audio\MGS\G93-61311-MGS-D9.1T7.8-21176.wav,998
30.119648,-35.31454,Mono_Continuous,MGS,C:\TCC\Reproduzir_artigo\data\GUITAR-FX\Mono_Continuous\Audio\MGS\G93-61502-MGS-D2.1T5.4-21193.wav,998
20.919863,-9.204213,Mono_Continuous,MGS,C:\TCC\Reproduzir_artigo\data\GUITAR-FX\Mono_Continuous\Audio\MGS\G93-62312-MGS-D6.5T8.2-21177.wav,998
38.178177,-3.78748,Mono_Continuous,MGS,C:\TCC\Reproduzir_artigo\data\GUITAR-FX\Mono_Continuous\Audio\MGS\G93-63408-MGS-D2.9T6.6-21186.wav,998
35.58288,-1.5997901,Mono_Continuous,MGS,C:\TCC\Reproduzir_artigo\data\GUITAR-FX\Mono_Continuous\Audio\MGS\G93-64409-MGS-D3.9T4.9-21187.wav,998
60.884533,-8.840413,Mono_Continuous,MGS,C:\TCC\Reproduzir_artigo\data\GUITAR-FX\Mono_Continuous\Audio\MGS\G93-64600-MGS-D2.6T0.8-21204.wav,998
63.7082,19.844439,Mono_Continuous,MGS,C:\TCC\Reproduzir_artigo\data\GUITAR-FX\Mono_Continuous\Audio\MGS\G93-68604-MGS-D5.6T3.2-21208.wav,998
40.9031,30.628815,Mono_Continuous,MGS,C:\TCC\Reproduzir_artigo\data\GUITAR-FX\Mono_Continuous\Audio\MGS\G93-69605-MGS-D7.7T9.6-21209.wav,998
58.372543,32.903362,Mono_Continuous,MGS,C:\TCC\Reproduzir_artigo\data\GUITAR-FX\Mono_Continuous\Audio\MGS\G93-70606-MGS-D8T6.9-21210.wav,998
59.422195,53.446033,Mono_Continuous,MGS,C:\TCC\Reproduzir_artigo\data\GUITAR-FX\Mono_Continuous\Audio\MGS\G93-71512-MGS-D4.2T2.1-21203.wav,998
59.90295,52.58465,Mono_Continuous,MGS,C:\TCC\Reproduzir_artigo\data\GUITAR-FX\Mono_Continuous\Audio\MGS\G93-71512-MGS-D9.1T5.8-21203.wav,998
42.153305,45.517372,Mono_Continuous,MGS,C:\TCC\Reproduzir_artigo\data\GUITAR-FX\Mono_Continuous\Audio\MGS\G93-73609-MGS-D4.4T3.4-21213.wav,998
-76.656235,-2.4603617,Mono_Continuous,MT2,C:\TCC\Reproduzir_artigo\data\GUITAR-FX\Mono_Continuous\Audio\MT2\G61-40100-MT2-G7.9B6.5T8.8ML7.2MF6.6-20593.wav,998
-70.01602,-9.731055,Mono_Continuous,MT2,C:\TCC\Reproduzir_artigo\data\GUITAR-FX\Mono_Continuous\Audio\MT2\G61-44104-MT2-G2.9B0.8T1.5ML4.3MF5.2-20597.wav,998
-63.073345,-17.06709,Mono_Continuous,MT2,C:\TCC\Reproduzir_artigo\data\GUITAR-FX\Mono_Continuous\Audio\MT2\G61-46201-MT2-G2.1B9.8T5.2ML1.8MF3.7-20607.wav,998
-70.875206,-5.298577,Mono_Continuous,MT2,C:\TCC\Reproduzir_artigo\data\GUITAR-FX\Mono_Continuous\Audio\MT2\G61-47107-MT2-G7.1B0.8T5ML3MF8.6-20600.wav,998
-70.48453,-5.834649,Mono_Continuous,MT2,C:\TCC\Reproduzir_artigo\data\GUITAR-FX\Mono_Continuous\Audio\MT2\G61-49109-MT2-G5.5B8.2T3.9ML2.5MF8.5-20602.wav,998
-57.844032,-18.223272,Mono_Continuous,MT2,C:\TCC\Reproduzir_artigo\data\GUITAR-FX\Mono_Continuous\Audio\MT2\G61-49204-MT2-G3.4B0.1T4.5ML7.1MF4.4-20610.wav,998
-48.072144,-13.649714,Mono_Continuous,MT2,C:\TCC\Reproduzir_artigo\data\GUITAR-FX\Mono_Continuous\Audio\MT2\G61-51206-MT2-G7.5B4.8T6.8ML2.1MF5.1-20612.wav,998
-35.63871,-11.760814,Mono_Continuous,MT2,C:\TCC\Reproduzir_artigo\data\GUITAR-FX\Mono_Continuous\Audio\MT2\G61-52207-MT2-G7.4B9.3T9ML0.1MF1.6-20613.wav,998
-28.133242,-7.262036,Mono_Continuous,MT2,C:\TCC\Reproduzir_artigo\data\GUITAR-FX\Mono_Continuous\Audio\MT2\G61-53208-MT2-G4.2B10T2.3ML5.9MF6.9-20614.wav,998
-41.964577,-38.73226,Mono_Continuous,MT2,C:\TCC\Reproduzir_artigo\data\GUITAR-FX\Mono_Continuous\Audio\MT2\G61-54304-MT2-G2B8T5ML0.3MF5-20623.wav,998
-26.233032,-8.627022,Mono_Continuous,MT2,C:\TCC\Reproduzir_artigo\data\GUITAR-FX\Mono_Continuous\Audio\MT2\G61-55210-MT2-G3.9B4.3T5.9ML8.9MF5.5-20616.wav,998
-26.654024,-35.620007,Mono_Continuous,MT2,C:\TCC\Reproduzir_artigo\data\GUITAR-FX\Mono_Continuous\Audio\MT2\G61-56306-MT2-G4.4B0.8T9.5ML8MF9.5-20625.wav,998
-23.702276,-42.06462,Mono_Continuous,MT2,C:\TCC\Reproduzir_artigo\data\GUITAR-FX\Mono_Continuous\Audio\MT2\G61-56401-MT2-G5.3B2.6T6.6ML9.9MF3.9-20633.wav,998
-11.660393,-22.111362,Mono_Continuous,MT2,C:\TCC\Reproduzir_artigo\data\GUITAR-FX\Mono_Continuous\Audio\MT2\G61-57307-MT2-G5.5B6.5T5.3ML2.6MF5.1-20626.wav,998
15.179642,-34.311543,Mono_Continuous,MT2,C:\TCC\Reproduzir_artigo\data\GUITAR-FX\Mono_Continuous\Audio\MT2\G61-57402-MT2-G2.6B6.1T8.8ML6.1MF8.1-20634.wav,998
0.4456161,-47.14712,Mono_Continuous,MT2,C:\TCC\Reproduzir_artigo\data\GUITAR-FX\Mono_Continuous\Audio\MT2\G61-58403-MT2-G9.1B4.8T1.2ML8.7MF8.3-20635.wav,998
24.28084,-52.29048,Mono_Continuous,MT2,C:\TCC\Reproduzir_artigo\data\GUITAR-FX\Mono_Continuous\Audio\MT2\G61-59500-MT2-G3.2B8.5T7.4ML0.3MF2.2-20645.wav,998
24.55528,-52.169006,Mono_Continuous,MT2,C:\TCC\Reproduzir_artigo\data\GUITAR-FX\Mono_Continuous\Audio\MT2\G61-59500-MT2-G8.2B0.7T3ML2.1MF7.8-20645.wav,998
7.65705,-38.27514,Mono_Continuous,MT2,C:\TCC\Reproduzir_artigo\data\GUITAR-FX\Mono_Continuous\Audio\MT2\G61-60405-MT2-G9B5.2T3.1ML7.8MF0.1-20637.wav,998
23.30249,-44.284527,Mono_Continuous,MT2,C:\TCC\Reproduzir_artigo\data\GUITAR-FX\Mono_Continuous\Audio\MT2\G61-61406-MT2-G6.6B7.8T1.8ML9.4MF8.8-20638.wav,998
25.538488,-46.366043,Mono_Continuous,MT2,C:\TCC\Reproduzir_artigo\data\GUITAR-FX\Mono_Continuous\Audio\MT2\G61-61502-MT2-G2.2B3.9T6ML5MF4.7-20647.wav,998
26.112627,-46.632904,Mono_Continuous,MT2,C:\TCC\Reproduzir_artigo\data\GUITAR-FX\Mono_Continuous\Audio\MT2\G61-61502-MT2-G6.7B0.4T1.3ML8.4MF5.4-20647.wav,998
15.981243,-33.654205,Mono_Continuous,MT2,C:\TCC\Reproduzir_artigo\data\GUITAR-FX\Mono_Continuous\Audio\MT2\G61-62312-MT2-G2.6B5.1T3.9ML5.6MF9.6-20631.wav,998
15.952553,-33.665855,Mono_Continuous,MT2,C:\TCC\Reproduzir_artigo\data\GUITAR-FX\Mono_Continuous\Audio\MT2\G61-62312-MT2-G4.1B1.9T1.9ML3.5MF1.2-20631.wav,998
18.498247,-25.025936,Mono_Continuous,MT2,C:\TCC\Reproduzir_artigo\data\GUITAR-FX\Mono_Continuous\Audio\MT2\G61-62407-MT2-G7.4B0.6T5.7ML9MF3.3-20639.wav,998
20.169235,-53.08583,Mono_Continuous,MT2,C:\TCC\Reproduzir_artigo\data\GUITAR-FX\Mono_Continuous\Audio\MT2\G61-62503-MT2-G6.4B4.4T3.6ML2.1MF4.1-20648.wav,998
54.396538,-18.963387,Mono_Continuous,MT2,C:\TCC\Reproduzir_artigo\data\GUITAR-FX\Mono_Continuous\Audio\MT2\G61-65506-MT2-G9.5B1.4T5.5ML8.7MF0.3-20651.wav,998
53.34571,-18.430487,Mono_Continuous,MT2,C:\TCC\Reproduzir_artigo\data\GUITAR-FX\Mono_Continuous\Audio\MT2\G61-65601-MT2-G5.2B9.2T1.5ML9.3MF4-20659.wav,998
67.4514,-7.9879394,Mono_Continuous,MT2,C:\TCC\Reproduzir_artigo\data\GUITAR-FX\Mono_Continuous\Audio\MT2\G61-66411-MT2-G3.3B8.7T3.5ML8.4MF5.3-20643.wav,998
74.8412,-17.495558,Mono_Continuous,MT2,C:\TCC\Reproduzir_artigo\data\GUITAR-FX\Mono_Continuous\Audio\MT2\G61-66411-MT2-G5B0.3T5ML0.7MF5.1-20643.wav,998
72.32085,15.904412,Mono_Continuous,MT2,C:\TCC\Reproduzir_artigo\data\GUITAR-FX\Mono_Continuous\Audio\MT2\G61-68509-MT2-G8.7B7.4T1.3ML6.9MF7.1-20654.wav,998
35.542027,35.46235,Mono_Continuous,MT2,C:\TCC\Reproduzir_artigo\data\GUITAR-FX\Mono_Continuous\Audio\MT2\G61-69510-MT2-G6.6B5.5T1.1ML10MF0.5-20655.wav,998
33.36993,46.898403,Mono_Continuous,MT2,C:\TCC\Reproduzir_artigo\data\GUITAR-FX\Mono_Continuous\Audio\MT2\G61-72608-MT2-G3B4.8T0.7ML6.4MF8.1-20666.wav,998
-80.67938,-3.738132,Mono_Continuous,MT2,C:\TCC\Reproduzir_artigo\data\GUITAR-FX\Mono_Continuous\Audio\MT2\G63-41101-MT2-G5.9B1.3T7ML9.8MF0.7-20672.wav,998
-75.426956,-2.0282207,Mono_Continuous,MT2,C:\TCC\Reproduzir_artigo\data\GUITAR-FX\Mono_Continuous\Audio\MT2\G63-42102-MT2-G5.8B3T3.6ML2.1MF3.4-20673.wav,998
-75.919365,-1.6203371,Mono_Continuous,MT2,C:\TCC\Reproduzir_artigo\data\GUITAR-FX\Mono_Continuous\Audio\MT2\G63-43103-MT2-G9.2B4.6T3.1ML4.7MF1.3-20674.wav,998
-67.79688,-4.444029,Mono_Continuous,MT2,C:\TCC\Reproduzir_artigo\data\GUITAR-FX\Mono_Continuous\Audio\MT2\G63-45105-MT2-G2.1B6.2T1.2ML4.7MF8.6-20676.wav,998
-71.35527,-2.0709596,Mono_Continuous,MT2,C:\TCC\Reproduzir_artigo\data\GUITAR-FX\Mono_Continuous\Audio\MT2\G63-45105-MT2-G5.4B9.5T2.3ML6.2MF2.4-20676.wav,998
-64.35916,-3.855602,Mono_Continuous,MT2,C:\TCC\Reproduzir_artigo\data\GUITAR-FX\Mono_Continuous\Audio\MT2\G63-45200-MT2-G4.4B6.9T2.6ML1.4MF3.3-20684.wav,998
-64.41842,-3.6791346,Mono_Continuous,MT2,C:\TCC\Reproduzir_artigo\data\GUITAR-FX\Mono_Continuous\Audio\MT2\G63-45200-MT2-G5.9B9T4.4ML4.9MF7-20684.wav,998
-66.55679,-2.4183078,Mono_Continuous,MT2,C:\TCC\Reproduzir_artigo\data\GUITAR-FX\Mono_Continuous\Audio\MT2\G63-47202-MT2-G5.1B9.5T1.8ML4MF9.5-20686.wav,998
-57.333206,-15.29104,Mono_Continuous,MT2,C:\TCC\Reproduzir_artigo\data\GUITAR-FX\Mono_Continuous\Audio\MT2\G63-51111-MT2-G9.1B0.5T0.9ML6.9MF9.5-20682.wav,998
-56.722893,-17.675226,Mono_Continuous,MT2,C:\TCC\Reproduzir_artigo\data\GUITAR-FX\Mono_Continuous\Audio\MT2\G63-51206-MT2-G4.4B1.4T8.4ML9.4MF3-20690.wav,998
-69.54434,-4.752728,Mono_Continuous,MT2,C:\TCC\Reproduzir_artigo\data\GUITAR-FX\Mono_Continuous\Audio\MT2\G63-52112-MT2-G8B6.3T5.4ML2.4MF6.8-20683.wav,998
-37.755013,-10.166621,Mono_Continuous,MT2,C:\TCC\Reproduzir_artigo\data\GUITAR-FX\Mono_Continuous\Audio\MT2\G63-52207-MT2-G4.7B3.9T8.1ML5MF3.3-20691.wav,998
-33.336575,-9.7318735,Mono_Continuous,MT2,C:\TCC\Reproduzir_artigo\data\GUITAR-FX\Mono_Continuous\Audio\MT2\G63-52207-MT2-G9.2B8.2T0.1ML4.6MF0.9-20691.wav,998
-34.868694,-11.980464,Mono_Continuous,MT2,C:\TCC\Reproduzir_artigo\data\GUITAR-FX\Mono_Continuous\Audio\MT2\G63-52302-MT2-G8.9B5.3T7.6ML2MF4.9-20699.wav,998
-28.508005,-5.4498744,Mono_Continuous,MT2,C:\TCC\Reproduzir_artigo\data\GUITAR-FX\Mono_Continuous\Audio\MT2\G63-53208-MT2-G3.3B6.3T7.7ML6.9MF7.2-20692.wav,998
-28.52678,-5.668526,Mono_Continuous,MT2,C:\TCC\Reproduzir_artigo\data\GUITAR-FX\Mono_Continuous\Audio\MT2\G63-53208-MT2-G4.8B7.4T4.2ML7.5MF2.5-20692.wav,998
-16.05833,-15.6286955,Mono_Continuous,MT2,C:\TCC\Reproduzir_artigo\data\GUITAR-FX\Mono_Continuous\Audio\MT2\G63-56211-MT2-G6.2B8T8.6ML1.4MF0.6-20695.wav,998
-25.73697,-35.95527,Mono_Continuous,MT2,C:\TCC\Reproduzir_artigo\data\GUITAR-FX\Mono_Continuous\Audio\MT2\G63-56306-MT2-G6.2B3.6T4.3ML1.4MF4.4-20703.wav,998
-11.296224,-20.619696,Mono_Continuous,MT2,C:\TCC\Reproduzir_artigo\data\GUITAR-FX\Mono_Continuous\Audio\MT2\G63-57212-MT2-G7.8B3.3T9.1ML4.9MF1.6-20696.wav,998
0.46852615,-48.833702,Mono_Continuous,MT2,C:\TCC\Reproduzir_artigo\data\GUITAR-FX\Mono_Continuous\Audio\MT2\G63-58308-MT2-G9B6.7T9.5ML7.4MF9.4-20705.wav,998
9.126295,-47.04953,Mono_Continuous,MT2,C:\TCC\Reproduzir_artigo\data\GUITAR-FX\Mono_Continuous\Audio\MT2\G63-60405-MT2-G9.5B4.6T8.9ML1.1MF3.6-20715.wav,998
23.349068,-45.968483,Mono_Continuous,MT2,C:\TCC\Reproduzir_artigo\data\GUITAR-FX\Mono_Continuous\Audio\MT2\G63-61311-MT2-G6B0.1T4.7ML4.5MF5.6-20708.wav,998
21.21056,-44.988384,Mono_Continuous,MT2,C:\TCC\Reproduzir_artigo\data\GUITAR-FX\Mono_Continuous\Audio\MT2\G63-61406-MT2-G8.5B2.7T5.8ML2.1MF1.8-20716.wav,998
23.222717,-50.251026,Mono_Continuous,MT2,C:\TCC\Reproduzir_artigo\data\GUITAR-FX\Mono_Continuous\Audio\MT2\G63-61502-MT2-G7.7B3.3T3.3ML5.8MF5.1-20725.wav,998
58.60484,-13.86616,Mono_Continuous,MT2,C:\TCC\Reproduzir_artigo\data\GUITAR-FX\Mono_Continuous\Audio\MT2\G63-64505-MT2-G2.8B3.7T9.6ML1.5MF9.5-20728.wav,998
26.031,-50.922306,Mono_Continuous,MT2,C:\TCC\Reproduzir_artigo\data\GUITAR-FX\Mono_Continuous\Audio\MT2\G63-64505-MT2-G9B1.9T8ML2.1MF7.1-20728.wav,998
59.58952,-25.640144,Mono_Continuous,MT2,C:\TCC\Reproduzir_artigo\data\GUITAR-FX\Mono_Continuous\Audio\MT2\G63-65601-MT2-G8.1B1.4T9.3ML9.2MF1.9-20737.wav,998
77.078606,-14.385436,Mono_Continuous,MT2,C:\TCC\Reproduzir_artigo\data\GUITAR-FX\Mono_Continuous\Audio\MT2\G63-66602-MT2-G7.2B6.4T0.9ML6.3MF1.3-20738.wav,998
53.399517,15.263543,Mono_Continuous,MT2,C:\TCC\Reproduzir_artigo\data\GUITAR-FX\Mono_Continuous\Audio\MT2\G63-67603-MT2-G6.3B4.8T7ML7.2MF1.2-20739.wav,998
40.82668,34.18136,Mono_Continuous,MT2,C:\TCC\Reproduzir_artigo\data\GUITAR-FX\Mono_Continuous\Audio\MT2\G63-69510-MT2-G2B4.3T7.3ML6.6MF8.2-20733.wav,998
58.299484,45.29764,Mono_Continuous,MT2,C:\TCC\Reproduzir_artigo\data\GUITAR-FX\Mono_Continuous\Audio\MT2\G63-70606-MT2-G3.8B8.5T6.6ML7MF2.8-20742.wav,998
65.68174,53.307816,Mono_Continuous,MT2,C:\TCC\Reproduzir_artigo\data\GUITAR-FX\Mono_Continuous\Audio\MT2\G63-71512-MT2-G7.1B0.3T0.4ML0.7MF4.9-20735.wav,998
-73.42596,-3.517897,Mono_Continuous,MT2,C:\TCC\Reproduzir_artigo\data\GUITAR-FX\Mono_Continuous\Audio\MT2\G71-41101-MT2-G6B9.6T7.8ML0.3MF2.7-20750.wav,998
-72.68355,-1.7735925,Mono_Continuous,MT2,C:\TCC\Reproduzir_artigo\data\GUITAR-FX\Mono_Continuous\Audio\MT2\G71-43103-MT2-G8.6B7.6T8.7ML8.5MF3.4-20752.wav,998
-71.99002,-2.6157143,Mono_Continuous,MT2,C:\TCC\Reproduzir_artigo\data\GUITAR-FX\Mono_Continuous\Audio\MT2\G71-44104-MT2-G7.5B7.3T4.6ML1.3MF8.2-20753.wav,998
-59.55312,-17.87286,Mono_Continuous,MT2,C:\TCC\Reproduzir_artigo\data\GUITAR-FX\Mono_Continuous\Audio\MT2\G71-45200-MT2-G2.1B0.9T3.9ML9.7MF2.8-20762.wav,998
-54.8702,-15.244665,Mono_Continuous,MT2,C:\TCC\Reproduzir_artigo\data\GUITAR-FX\Mono_Continuous\Audio\MT2\G71-48108-MT2-G6.5B5.6T4.1ML6.5MF7.1-20757.wav,998
-50.117672,-13.96978,Mono_Continuous,MT2,C:\TCC\Reproduzir_artigo\data\GUITAR-FX\Mono_Continuous\Audio\MT2\G71-48203-MT2-G5.9B5.5T9.1ML1.6MF9.3-20765.wav,998
-54.410835,-3.3427181,Mono_Continuous,MT2,C:\TCC\Reproduzir_artigo\data\GUITAR-FX\Mono_Continuous\Audio\MT2\G71-49109-MT2-G4.7B1.6T8.6ML9.7MF9.1-20758.wav,998
-54.45664,-3.3668425,Mono_Continuous,MT2,C:\TCC\Reproduzir_artigo\data\GUITAR-FX\Mono_Continuous\Audio\MT2\G71-49109-MT2-G6.8B8.6T9.2ML6.6MF6.8-20758.wav,998
-50.014874,-13.94426,Mono_Continuous,MT2,C:\TCC\Reproduzir_artigo\data\GUITAR-FX\Mono_Continuous\Audio\MT2\G71-49204-MT2-G3.1B8T3.5ML3.5MF4.6-20766.wav,998
-40.237057,-0.8108077,Mono_Continuous,MT2,C:\TCC\Reproduzir_artigo\data\GUITAR-FX\Mono_Continuous\Audio\MT2\G71-50110-MT2-G2.5B8.5T4.8ML2.9MF9-20759.wav,998
-39.741135,-1.2053355,Mono_Continuous,MT2,C:\TCC\Reproduzir_artigo\data\GUITAR-FX\Mono_Continuous\Audio\MT2\G71-50110-MT2-G3.9B5T9.8ML8.8MF5.4-20759.wav,998
-39.784515,-1.1135623,Mono_Continuous,MT2,C:\TCC\Reproduzir_artigo\data\GUITAR-FX\Mono_Continuous\Audio\MT2\G71-50110-MT2-G4B5.1T2.5ML8.1MF7.8-20759.wav,998
-28.924702,-35.398872,Mono_Continuous,MT2,C:\TCC\Reproduzir_artigo\data\GUITAR-FX\Mono_Continuous\Audio\MT2\G71-50300-MT2-G6.2B3.2T8.6ML3.2MF4.5-20775.wav,998
-31.497158,-20.45465,Mono_Continuous,MT2,C:\TCC\Reproduzir_artigo\data\GUITAR-FX\Mono_Continuous\Audio\MT2\G71-51111-MT2-G6.6B0.1T4.6ML3.1MF6.9-20760.wav,998
-27.839,-30.218477,Mono_Continuous,MT2,C:\TCC\Reproduzir_artigo\data\GUITAR-FX\Mono_Continuous\Audio\MT2\G71-54304-MT2-G9.8B8.4T6ML3.8MF7.5-20779.wav,998
-19.89158,-19.127249,Mono_Continuous,MT2,C:\TCC\Reproduzir_artigo\data\GUITAR-FX\Mono_Continuous\Audio\MT2\G71-56211-MT2-G7.4B2.1T9.2ML9.2MF6.4-20773.wav,998
-26.926275,-36.109806,Mono_Continuous,MT2,C:\TCC\Reproduzir_artigo\data\GUITAR-FX\Mono_Continuous\Audio\MT2\G71-56306-MT2-G6.1B5.7T9.7ML3MF0.6-20781.wav,998
2.726493,-47.122147,Mono_Continuous,MT2,C:\TCC\Reproduzir_artigo\data\GUITAR-FX\Mono_Continuous\Audio\MT2\G71-58403-MT2-G3.2B6.6T3.5ML8.6MF4.9-20791.wav,998
1.1796784,-44.209534,Mono_Continuous,MT2,C:\TCC\Reproduzir_artigo\data\GUITAR-FX\Mono_Continuous\Audio\MT2\G71-59309-MT2-G4.7B1.5T7ML1.5MF0.2-20784.wav,998
1.1605165,-44.210255,Mono_Continuous,MT2,C:\TCC\Reproduzir_artigo\data\GUITAR-FX\Mono_Continuous\Audio\MT2\G71-59309-MT2-G4.9B6.7T3.2ML0.6MF1.3-20784.wav,998
22.170574,-47.409218,Mono_Continuous,MT2,C:\TCC\Reproduzir_artigo\data\GUITAR-FX\Mono_Continuous\Audio\MT2\G71-61406-MT2-G4.1B0.7T3.5ML1.4MF5.2-20794.wav,998
54.956623,-10.877217,Mono_Continuous,MT2,C:\TCC\Reproduzir_artigo\data\GUITAR-FX\Mono_Continuous\Audio\MT2\G71-64409-MT2-G5.4B8.1T5.3ML0.1MF10-20797.wav,998
59.12073,-16.068756,Mono_Continuous,MT2,C:\TCC\Reproduzir_artigo\data\GUITAR-FX\Mono_Continuous\Audio\MT2\G71-64409-MT2-G5.6B6.4T5.6ML0.8MF3.7-20797.wav,998
58.95038,-15.989997,Mono_Continuous,MT2,C:\TCC\Reproduzir_artigo\data\GUITAR-FX\Mono_Continuous\Audio\MT2\G71-64409-MT2-G7.4B1T1.1ML4.5MF6.2-20797.wav,998
56.95704,-16.237167,Mono_Continuous,MT2,C:\TCC\Reproduzir_artigo\data\GUITAR-FX\Mono_Continuous\Audio\MT2\G71-64505-MT2-G7B3.1T0.4ML4.3MF6.3-20806.wav,998
55.351326,-21.606396,Mono_Continuous,MT2,C:\TCC\Reproduzir_artigo\data\GUITAR-FX\Mono_Continuous\Audio\MT2\G71-65410-MT2-G6.4B5.3T5.5ML7.9MF7.8-20798.wav,998
58.5655,-24.107668,Mono_Continuous,MT2,C:\TCC\Reproduzir_artigo\data\GUITAR-FX\Mono_Continuous\Audio\MT2\G71-65506-MT2-G4.2B5.1T6.8ML0.4MF1-20807.wav,998
59.85861,-22.385796,Mono_Continuous,MT2,C:\TCC\Reproduzir_artigo\data\GUITAR-FX\Mono_Continuous\Audio\MT2\G71-65601-MT2-G2.4B5T2.1ML5.7MF6.6-20815.wav,998
76.64845,-16.327156,Mono_Continuous,MT2,C:\TCC\Reproduzir_artigo\data\GUITAR-FX\Mono_Continuous\Audio\MT2\G71-66507-MT2-G3.2B0.8T5.1ML1MF2.4-20808.wav,998
76.61606,-16.160904,Mono_Continuous,MT2,C:\TCC\Reproduzir_artigo\data\GUITAR-FX\Mono_Continuous\Audio\MT2\G71-66507-MT2-G5B6.7T3.3ML0.8MF3.3-20808.wav,998
76.66945,-15.672171,Mono_Continuous,MT2,C:\TCC\Reproduzir_artigo\data\GUITAR-FX\Mono_Continuous\Audio\MT2\G71-66507-MT2-G7.5B6.3T5.2ML5.8MF8.8-20808.wav,998
48.877094,30.049906,Mono_Continuous,MT2,C:\TCC\Reproduzir_artigo\data\GUITAR-FX\Mono_Continuous\Audio\MT2\G71-69605-MT2-G6.9B8.2T4.6ML2.7MF1.6-20819.wav,998
48.894867,30.037783,Mono_Continuous,MT2,C:\TCC\Reproduzir_artigo\data\GUITAR-FX\Mono_Continuous\Audio\MT2\G71-69605-MT2-G8.4B4.4T3.5ML9.4MF0.8-20819.wav,998
40.32318,57.584087,Mono_Continuous,MT2,C:\TCC\Reproduzir_artigo\data\GUITAR-FX\Mono_Continuous\Audio\MT2\G71-74610-MT2-G9.4B0.1T6.5ML1.2MF8.8-20824.wav,998
49.535927,51.874474,Mono_Continuous,MT2,C:\TCC\Reproduzir_artigo\data\GUITAR-FX\Mono_Continuous\Audio\MT2\G71-75611-MT2-G4.1B9.8T8.4ML5.2MF3.5-20825.wav,998
-78.74715,-4.715899,Mono_Continuous,MT2,C:\TCC\Reproduzir_artigo\data\GUITAR-FX\Mono_Continuous\Audio\MT2\G73-41101-MT2-G4.9B7.8T0.8ML3.1MF1.8-20828.wav,998
-78.74745,-4.669251,Mono_Continuous,MT2,C:\TCC\Reproduzir_artigo\data\GUITAR-FX\Mono_Continuous\Audio\MT2\G73-41101-MT2-G5.2B8.8T5.7ML7.6MF2.3-20828.wav,998
-74.07648,-2.6519547,Mono_Continuous,MT2,C:\TCC\Reproduzir_artigo\data\GUITAR-FX\Mono_Continuous\Audio\MT2\G73-41101-MT2-G9.1B7T9.4ML3.6MF2.7-20828.wav,998
-72.99003,-1.4369884,Mono_Continuous,MT2,C:\TCC\Reproduzir_artigo\data\GUITAR-FX\Mono_Continuous\Audio\MT2\G73-43103-MT2-G5.1B3.6T1.3ML5.8MF2.1-20830.wav,998
-73.24844,-1.7472373,Mono_Continuous,MT2,C:\TCC\Reproduzir_artigo\data\GUITAR-FX\Mono_Continuous\Audio\MT2\G73-44104-MT2-G3.8B3.5T3.2ML3.3MF7.4-20831.wav,998
-66.06787,-2.8912888,Mono_Continuous,MT2,C:\TCC\Reproduzir_artigo\data\GUITAR-FX\Mono_Continuous\Audio\MT2\G73-47202-MT2-G5.9B9.5T0.9ML8.4MF1.2-20842.wav,998
-53.77115,-15.073598,Mono_Continuous,MT2,C:\TCC\Reproduzir_artigo\data\GUITAR-FX\Mono_Continuous\Audio\MT2\G73-48108-MT2-G3.9B5.6T6.2ML2.5MF2.5-20835.wav,998
-54.014324,-15.13169,Mono_Continuous,MT2,C:\TCC\Reproduzir_artigo\data\GUITAR-FX\Mono_Continuous\Audio\MT2\G73-48108-MT2-G5.3B7.7T3.4ML8.9MF8.5-20835.wav,998
-70.36965,-3.9451613,Mono_Continuous,MT2,C:\TCC\Reproduzir_artigo\data\GUITAR-FX\Mono_Continuous\Audio\MT2\G73-48108-MT2-G8.2B2.4T1ML0.7MF5.5-20835.wav,998
-46.819786,3.4252887,Mono_Continuous,MT2,C:\TCC\Reproduzir_artigo\data\GUITAR-FX\Mono_Continuous\Audio\MT2\G73-50110-MT2-G8.8B3.6T5.1ML9.4MF1-20837.wav,998
-29.545425,-34.783436,Mono_Continuous,MT2,C:\TCC\Reproduzir_artigo\data\GUITAR-FX\Mono_Continuous\Audio\MT2\G73-50300-MT2-G3.1B5.5T9.4ML5.3MF0.4-20853.wav,998
-29.58687,-34.7666,Mono_Continuous,MT2,C:\TCC\Reproduzir_artigo\data\GUITAR-FX\Mono_Continuous\Audio\MT2\G73-50300-MT2-G3.5B3.1T9.9ML9.4MF3-20853.wav,998
-33.84871,-12.457182,Mono_Continuous,MT2,C:\TCC\Reproduzir_artigo\data\GUITAR-FX\Mono_Continuous\Audio\MT2\G73-52302-MT2-G6.9B6.6T0.4ML2.3MF5.6-20855.wav,998
-33.327614,-13.171411,Mono_Continuous,MT2,C:\TCC\Reproduzir_artigo\data\GUITAR-FX\Mono_Continuous\Audio\MT2\G73-53303-MT2-G7.7B9.2T5.9ML1.2MF9.8-20856.wav,998
-27.922518,-11.718584,Mono_Continuous,MT2,C:\TCC\Reproduzir_artigo\data\GUITAR-FX\Mono_Continuous\Audio\MT2\G73-55210-MT2-G4.7B6.5T5ML0.4MF8.6-20850.wav,998
-27.94519,-10.472548,Mono_Continuous,MT2,C:\TCC\Reproduzir_artigo\data\GUITAR-FX\Mono_Continuous\Audio\MT2\G73-55305-MT2-G5.9B6.5T4.3ML1.4MF8.8-20858.wav,998
-28.015463,-36.712223,Mono_Continuous,MT2,C:\TCC\Reproduzir_artigo\data\GUITAR-FX\Mono_Continuous\Audio\MT2\G73-55400-MT2-G7.5B4.5T5ML2.5MF6.6-20866.wav,998
-5.5429864,-22.338436,Mono_Continuous,MT2,C:\TCC\Reproduzir_artigo\data\GUITAR-FX\Mono_Continuous\Audio\MT2\G73-57212-MT2-G4.7B3.7T9.4ML7MF6.2-20852.wav,998
2.3954866,-47.185925,Mono_Continuous,MT2,C:\TCC\Reproduzir_artigo\data\GUITAR-FX\Mono_Continuous\Audio\MT2\G73-58308-MT2-G3.5B2T0.6ML5MF3.7-20861.wav,998
3.2378187,-47.18994,Mono_Continuous,MT2,C:\TCC\Reproduzir_artigo\data\GUITAR-FX\Mono_Continuous\Audio\MT2\G73-58403-MT2-G6.7B4.9T0.5ML7.4MF9.8-20869.wav,998
4.594296,-44.324825,Mono_Continuous,MT2,C:\TCC\Reproduzir_artigo\data\GUITAR-FX\Mono_Continuous\Audio\MT2\G73-59309-MT2-G5.8B8T4.5ML5.6MF10-20862.wav,998
4.818612,-44.50085,Mono_Continuous,MT2,C:\TCC\Reproduzir_artigo\data\GUITAR-FX\Mono_Continuous\Audio\MT2\G73-59309-MT2-G7B0.3T3.9ML2.5MF4-20862.wav,998
22.865562,-51.851357,Mono_Continuous,MT2,C:\TCC\Reproduzir_artigo\data\GUITAR-FX\Mono_Continuous\Audio\MT2\G73-60501-MT2-G5.1B5.1T6.4ML0.2MF0.3-20880.wav,998
24.605337,-47.508633,Mono_Continuous,MT2,C:\TCC\Reproduzir_artigo\data\GUITAR-FX\Mono_Continuous\Audio\MT2\G73-61502-MT2-G2.4B3T1.9ML6MF1.8-20881.wav,998
23.561062,-50.677387,Mono_Continuous,MT2,C:\TCC\Reproduzir_artigo\data\GUITAR-FX\Mono_Continuous\Audio\MT2\G73-61502-MT2-G6.9B5.7T5.7ML0.4MF0.7-20881.wav,998
19.356375,-52.862453,Mono_Continuous,MT2,C:\TCC\Reproduzir_artigo\data\GUITAR-FX\Mono_Continuous\Audio\MT2\G73-62503-MT2-G7.6B1.2T1.8ML5MF5.9-20882.wav,998
52.221596,-13.701274,Mono_Continuous,MT2,C:\TCC\Reproduzir_artigo\data\GUITAR-FX\Mono_Continuous\Audio\MT2\G73-64409-MT2-G3.3B5.4T4.6ML7.1MF0.9-20875.wav,998
59.378975,-15.180508,Mono_Continuous,MT2,C:\TCC\Reproduzir_artigo\data\GUITAR-FX\Mono_Continuous\Audio\MT2\G73-64505-MT2-G3B6.9T5.2ML4MF8-20884.wav,998
51.49709,-29.979923,Mono_Continuous,MT2,C:\TCC\Reproduzir_artigo\data\GUITAR-FX\Mono_Continuous\Audio\MT2\G73-65410-MT2-G5.2B3.6T7.5ML4MF4.4-20876.wav,998
58.73809,-24.146849,Mono_Continuous,MT2,C:\TCC\Reproduzir_artigo\data\GUITAR-FX\Mono_Continuous\Audio\MT2\G73-65601-MT2-G2.8B0.4T7.9ML0.8MF6.9-20893.wav,998
46.83652,3.7345915,Mono_Continuous,MT2,C:\TCC\Reproduzir_artigo\data\GUITAR-FX\Mono_Continuous\Audio\MT2\G73-67412-MT2-G4.3B3.2T4.6ML4.4MF5.2-20878.wav,998
46.867317,3.715867,Mono_Continuous,MT2,C:\TCC\Reproduzir_artigo\data\GUITAR-FX\Mono_Continuous\Audio\MT2\G73-67412-MT2-G4.4B7.4T8.5ML5.2MF9.2-20878.wav,998
52.91519,14.768116,Mono_Continuous,MT2,C:\TCC\Reproduzir_artigo\data\GUITAR-FX\Mono_Continuous\Audio\MT2\G73-67603-MT2-G2.2B6.8T6.3ML1.7MF7.7-20895.wav,998
52.92144,14.683467,Mono_Continuous,MT2,C:\TCC\Reproduzir_artigo\data\GUITAR-FX\Mono_Continuous\Audio\MT2\G73-67603-MT2-G4.1B9.9T8.9ML7.9MF5-20895.wav,998
67.61038,27.401373,Mono_Continuous,MT2,C:\TCC\Reproduzir_artigo\data\GUITAR-FX\Mono_Continuous\Audio\MT2\G73-68604-MT2-G8.8B8T6.7ML1.3MF1.6-20896.wav,998
57.66802,44.74729,Mono_Continuous,MT2,C:\TCC\Reproduzir_artigo\data\GUITAR-FX\Mono_Continuous\Audio\MT2\G73-70606-MT2-G6.9B4.1T8.4ML5.8MF7.4-20898.wav,998
66.298515,52.850082,Mono_Continuous,MT2,C:\TCC\Reproduzir_artigo\data\GUITAR-FX\Mono_Continuous\Audio\MT2\G73-71512-MT2-G8.5B7.2T2.9ML4.3MF7.6-20891.wav,998
41.424034,56.136265,Mono_Continuous,MT2,C:\TCC\Reproduzir_artigo\data\GUITAR-FX\Mono_Continuous\Audio\MT2\G73-74610-MT2-G7.7B9.6T0.3ML3.4MF4.6-20902.wav,998
29.045683,53.941284,Mono_Continuous,MT2,C:\TCC\Reproduzir_artigo\data\GUITAR-FX\Mono_Continuous\Audio\MT2\G73-76612-MT2-G3.7B3T7.7ML8.4MF6.9-20904.wav,998
29.253717,53.96556,Mono_Continuous,MT2,C:\TCC\Reproduzir_artigo\data\GUITAR-FX\Mono_Continuous\Audio\MT2\G73-76612-MT2-G4.7B9.1T2ML3.3MF6.5-20904.wav,998
-67.987434,-2.1494434,Mono_Continuous,MT2,C:\TCC\Reproduzir_artigo\data\GUITAR-FX\Mono_Continuous\Audio\MT2\G81-43103-MT2-G8.5B7.3T6.2ML9.9MF7.3-20908.wav,998
-64.410675,-16.067818,Mono_Continuous,MT2,C:\TCC\Reproduzir_artigo\data\GUITAR-FX\Mono_Continuous\Audio\MT2\G81-47202-MT2-G4.6B3.8T8.4ML8.9MF4.2-20920.wav,998
-61.51953,-18.580332,Mono_Continuous,MT2,C:\TCC\Reproduzir_artigo\data\GUITAR-FX\Mono_Continuous\Audio\MT2\G81-48108-MT2-G9.6B5.9T4.4ML0MF8.4-20913.wav,998
-63.534904,-14.829732,Mono_Continuous,MT2,C:\TCC\Reproduzir_artigo\data\GUITAR-FX\Mono_Continuous\Audio\MT2\G81-49109-MT2-G4.4B5.3T1.2ML0.7MF7.4-20914.wav,998
-34.331512,-11.87814,Mono_Continuous,MT2,C:\TCC\Reproduzir_artigo\data\GUITAR-FX\Mono_Continuous\Audio\MT2\G81-51301-MT2-G9.7B1.7T9.4ML6.5MF7.7-20932.wav,998
-51.479263,-32.27233,Mono_Continuous,MT2,C:\TCC\Reproduzir_artigo\data\GUITAR-FX\Mono_Continuous\Audio\MT2\G81-52302-MT2-G2.2B5T2.9ML0.8MF4.9-20933.wav,998
-25.569666,-12.212789,Mono_Continuous,MT2,C:\TCC\Reproduzir_artigo\data\GUITAR-FX\Mono_Continuous\Audio\MT2\G81-54209-MT2-G5.7B8.9T8ML2.1MF1-20927.wav,998
-31.027025,-9.877081,Mono_Continuous,MT2,C:\TCC\Reproduzir_artigo\data\GUITAR-FX\Mono_Continuous\Audio\MT2\G81-54304-MT2-G7B9.7T4.1ML9.8MF8.2-20935.wav,998
-27.52135,-9.650943,Mono_Continuous,MT2,C:\TCC\Reproduzir_artigo\data\GUITAR-FX\Mono_Continuous\Audio\MT2\G81-55305-MT2-G6.9B4T1.5ML7.6MF1.6-20936.wav,998
-14.385924,-14.574832,Mono_Continuous,MT2,C:\TCC\Reproduzir_artigo\data\GUITAR-FX\Mono_Continuous\Audio\MT2\G81-56211-MT2-G8.9B1.2T4.8ML6.5MF3.7-20929.wav,998
-6.4318433,-22.260843,Mono_Continuous,MT2,C:\TCC\Reproduzir_artigo\data\GUITAR-FX\Mono_Continuous\Audio\MT2\G81-57212-MT2-G6.5B7.8T8.7ML3MF0.4-20930.wav,998
-16.668924,-34.383335,Mono_Continuous,MT2,C:\TCC\Reproduzir_artigo\data\GUITAR-FX\Mono_Continuous\Audio\MT2\G81-57402-MT2-G7.7B0.2T5.6ML10MF4.7-20946.wav,998
-18.34051,-45.94921,Mono_Continuous,MT2,C:\TCC\Reproduzir_artigo\data\GUITAR-FX\Mono_Continuous\Audio\MT2\G81-58308-MT2-G4.2B3T0.1ML8.5MF2.9-20939.wav,998
4.500235,-47.004128,Mono_Continuous,MT2,C:\TCC\Reproduzir_artigo\data\GUITAR-FX\Mono_Continuous\Audio\MT2\G81-58403-MT2-G6.7B0.3T8.9ML9.1MF8.6-20947.wav,998
-9.441104,-42.519943,Mono_Continuous,MT2,C:\TCC\Reproduzir_artigo\data\GUITAR-FX\Mono_Continuous\Audio\MT2\G81-59404-MT2-G7.1B5.3T8ML4.4MF2.6-20948.wav,998
55.653316,-28.77099,Mono_Continuous,MT2,C:\TCC\Reproduzir_artigo\data\GUITAR-FX\Mono_Continuous\Audio\MT2\G81-65506-MT2-G4.5B0.5T4.9ML2.1MF1.3-20963.wav,998
55.874886,-28.607807,Mono_Continuous,MT2,C:\TCC\Reproduzir_artigo\data\GUITAR-FX\Mono_Continuous\Audio\MT2\G81-65506-MT2-G6B8.7T8.9ML9.3MF2.6-20963.wav,998
55.260166,11.614844,Mono_Continuous,MT2,C:\TCC\Reproduzir_artigo\data\GUITAR-FX\Mono_Continuous\Audio\MT2\G81-67603-MT2-G5.8B4.1T5.9ML7.3MF9.8-20973.wav,998
65.63443,17.730392,Mono_Continuous,MT2,C:\TCC\Reproduzir_artigo\data\GUITAR-FX\Mono_Continuous\Audio\MT2\G81-68604-MT2-G2.5B7.8T2.7ML1.7MF1.4-20974.wav,998
55.92355,37.496014,Mono_Continuous,MT2,C:\TCC\Reproduzir_artigo\data\GUITAR-FX\Mono_Continuous\Audio\MT2\G81-70511-MT2-G6.5B9.8T9.3ML5.1MF3.4-20968.wav,998
68.16845,56.643402,Mono_Continuous,MT2,C:\TCC\Reproduzir_artigo\data\GUITAR-FX\Mono_Continuous\Audio\MT2\G81-71512-MT2-G6.2B8.8T8.6ML6.7MF5.5-20969.wav,998
64.92722,52.243908,Mono_Continuous,MT2,C:\TCC\Reproduzir_artigo\data\GUITAR-FX\Mono_Continuous\Audio\MT2\G81-71607-MT2-G4.1B3T5.3ML6MF6.9-20977.wav,998
44.247684,46.65323,Mono_Continuous,MT2,C:\TCC\Reproduzir_artigo\data\GUITAR-FX\Mono_Continuous\Audio\MT2\G81-73609-MT2-G3.1B1.4T0.1ML1.1MF4.1-20979.wav,998
52.009674,61.5511,Mono_Continuous,MT2,C:\TCC\Reproduzir_artigo\data\GUITAR-FX\Mono_Continuous\Audio\MT2\G81-74610-MT2-G6.6B6.4T8.2ML8.2MF1.5-20980.wav,998
52.065212,61.542023,Mono_Continuous,MT2,C:\TCC\Reproduzir_artigo\data\GUITAR-FX\Mono_Continuous\Audio\MT2\G81-74610-MT2-G7B1.3T9.8ML0.3MF9.9-20980.wav,998
29.5153,54.640404,Mono_Continuous,MT2,C:\TCC\Reproduzir_artigo\data\GUITAR-FX\Mono_Continuous\Audio\MT2\G81-76612-MT2-G3.9B0.1T5.8ML1.7MF1.5-20982.wav,998
-73.474815,9.247386,Mono_Continuous,MT2,C:\TCC\Reproduzir_artigo\data\GUITAR-FX\Mono_Continuous\Audio\MT2\G83-41101-MT2-G3.4B6.8T4.1ML6MF2.9-20984.wav,998
-71.71336,-2.8653176,Mono_Continuous,MT2,C:\TCC\Reproduzir_artigo\data\GUITAR-FX\Mono_Continuous\Audio\MT2\G83-44104-MT2-G7.8B5.4T2ML3.2MF6-20987.wav,998
-73.34356,-11.140966,Mono_Continuous,MT2,C:\TCC\Reproduzir_artigo\data\GUITAR-FX\Mono_Continuous\Audio\MT2\G83-46106-MT2-G4.7B9.3T9.9ML8.4MF3.9-20989.wav,998
-67.21028,-5.1355233,Mono_Continuous,MT2,C:\TCC\Reproduzir_artigo\data\GUITAR-FX\Mono_Continuous\Audio\MT2\G83-47107-MT2-G2.3B1.3T6.7ML8.5MF1.8-20990.wav,998
-50.481365,-6.8314624,Mono_Continuous,MT2,C:\TCC\Reproduzir_artigo\data\GUITAR-FX\Mono_Continuous\Audio\MT2\G83-47202-MT2-G9.6B2.9T3.9ML4MF4.7-20998.wav,998
-48.31026,-1.3312482,Mono_Continuous,MT2,C:\TCC\Reproduzir_artigo\data\GUITAR-FX\Mono_Continuous\Audio\MT2\G83-49109-MT2-G5.8B6.3T4.3ML6.9MF1.4-20992.wav,998
-58.92108,-20.382803,Mono_Continuous,MT2,C:\TCC\Reproduzir_artigo\data\GUITAR-FX\Mono_Continuous\Audio\MT2\G83-49204-MT2-G8.5B9.5T5.8ML9.5MF2.7-21000.wav,998
-41.137486,5.033098,Mono_Continuous,MT2,C:\TCC\Reproduzir_artigo\data\GUITAR-FX\Mono_Continuous\Audio\MT2\G83-51111-MT2-G2.9B4.6T9.7ML5.8MF6.4-20994.wav,998
-26.215141,-38.447212,Mono_Continuous,MT2,C:\TCC\Reproduzir_artigo\data\GUITAR-FX\Mono_Continuous\Audio\MT2\G83-56401-MT2-G8.8B2.7T6ML3.5MF2.2-21023.wav,998
7.660838,-39.812252,Mono_Continuous,MT2,C:\TCC\Reproduzir_artigo\data\GUITAR-FX\Mono_Continuous\Audio\MT2\G83-60310-MT2-G8.5B9.2T7.3ML3.6MF7.3-21019.wav,998
18.451923,-43.37363,Mono_Continuous,MT2,C:\TCC\Reproduzir_artigo\data\GUITAR-FX\Mono_Continuous\Audio\MT2\G83-61406-MT2-G6.1B0.4T4.8ML1.3MF6.2-21028.wav,998
23.028717,-49.839993,Mono_Continuous,MT2,C:\TCC\Reproduzir_artigo\data\GUITAR-FX\Mono_Continuous\Audio\MT2\G83-61502-MT2-G6.7B1.6T4.8ML2.7MF5.3-21037.wav,998
38.544003,-34.869377,Mono_Continuous,MT2,C:\TCC\Reproduzir_artigo\data\GUITAR-FX\Mono_Continuous\Audio\MT2\G83-63408-MT2-G6.2B3.1T6.9ML1.7MF2-21030.wav,998
59.031174,-17.566833,Mono_Continuous,MT2,C:\TCC\Reproduzir_artigo\data\GUITAR-FX\Mono_Continuous\Audio\MT2\G83-64600-MT2-G8.6B1.3T3.6ML9.7MF8.9-21048.wav,998
51.397385,-29.987295,Mono_Continuous,MT2,C:\TCC\Reproduzir_artigo\data\GUITAR-FX\Mono_Continuous\Audio\MT2\G83-65410-MT2-G2B2.5T8.1ML4.3MF6.9-21032.wav,998
70.81147,-28.520672,Mono_Continuous,MT2,C:\TCC\Reproduzir_artigo\data\GUITAR-FX\Mono_Continuous\Audio\MT2\G83-66411-MT2-G5.6B6.1T3.7ML5.4MF7.1-21033.wav,998
70.82057,-21.68713,Mono_Continuous,MT2,C:\TCC\Reproduzir_artigo\data\GUITAR-FX\Mono_Continuous\Audio\MT2\G83-66602-MT2-G5.9B2.6T9.8ML8MF8.4-21050.wav,998
53.423695,13.437743,Mono_Continuous,MT2,C:\TCC\Reproduzir_artigo\data\GUITAR-FX\Mono_Continuous\Audio\MT2\G83-67508-MT2-G4.6B4.4T8ML4MF8.5-21043.wav,998
67.59954,26.480427,Mono_Continuous,MT2,C:\TCC\Reproduzir_artigo\data\GUITAR-FX\Mono_Continuous\Audio\MT2\G83-68604-MT2-G7.4B1.1T8.3ML2.7MF0-21052.wav,998
67.66948,26.54896,Mono_Continuous,MT2,C:\TCC\Reproduzir_artigo\data\GUITAR-FX\Mono_Continuous\Audio\MT2\G83-68604-MT2-G9.7B5.1T9.5ML1.4MF4.5-21052.wav,998
53.225765,31.507296,Mono_Continuous,MT2,C:\TCC\Reproduzir_artigo\data\GUITAR-FX\Mono_Continuous\Audio\MT2\G83-70511-MT2-G4B8.1T9.5ML8.4MF7.7-21046.wav,998
64.63855,52.38435,Mono_Continuous,MT2,C:\TCC\Reproduzir_artigo\data\GUITAR-FX\Mono_Continuous\Audio\MT2\G83-71607-MT2-G4.8B3.2T8.1ML3.8MF6-21055.wav,998
-78.74268,-8.205879,Mono_Continuous,MT2,C:\TCC\Reproduzir_artigo\data\GUITAR-FX\Mono_Continuous\Audio\MT2\G91-40100-MT2-G9.7B3.1T1.2ML9.6MF8.8-21061.wav,998
-64.475945,-16.04719,Mono_Continuous,MT2,C:\TCC\Reproduzir_artigo\data\GUITAR-FX\Mono_Continuous\Audio\MT2\G91-46106-MT2-G4.6B2.4T3.2ML6MF8.6-21067.wav,998
-65.68946,-16.159754,Mono_Continuous,MT2,C:\TCC\Reproduzir_artigo\data\GUITAR-FX\Mono_Continuous\Audio\MT2\G91-47202-MT2-G2.2B8.5T9.7ML3MF4.1-21076.wav,998
-40.970154,-5.3185153,Mono_Continuous,MT2,C:\TCC\Reproduzir_artigo\data\GUITAR-FX\Mono_Continuous\Audio\MT2\G91-50110-MT2-G3.8B2.2T8ML4.1MF5-21071.wav,998
-41.046505,-4.0068746,Mono_Continuous,MT2,C:\TCC\Reproduzir_artigo\data\GUITAR-FX\Mono_Continuous\Audio\MT2\G91-51111-MT2-G3.7B4.7T1.6ML1.8MF8.6-21072.wav,998
-40.57491,-5.738437,Mono_Continuous,MT2,C:\TCC\Reproduzir_artigo\data\GUITAR-FX\Mono_Continuous\Audio\MT2\G91-52112-MT2-G4.7B1.5T6.9ML6.3MF7.6-21073.wav,998
-33.090816,-10.743859,Mono_Continuous,MT2,C:\TCC\Reproduzir_artigo\data\GUITAR-FX\Mono_Continuous\Audio\MT2\G91-52302-MT2-G6.1B3.2T1.4ML4.1MF5.3-21089.wav,998
-27.714407,-9.661256,Mono_Continuous,MT2,C:\TCC\Reproduzir_artigo\data\GUITAR-FX\Mono_Continuous\Audio\MT2\G91-55305-MT2-G3.7B10T5.9ML7.4MF7.2-21092.wav,998
-25.146696,-36.109234,Mono_Continuous,MT2,C:\TCC\Reproduzir_artigo\data\GUITAR-FX\Mono_Continuous\Audio\MT2\G91-56306-MT2-G8.8B3.3T2.3ML8.4MF9.2-21093.wav,998
5.9686627,-46.330627,Mono_Continuous,MT2,C:\TCC\Reproduzir_artigo\data\GUITAR-FX\Mono_Continuous\Audio\MT2\G91-57402-MT2-G8.9B9.5T9.3ML8.9MF9.2-21102.wav,998
0.53283536,-48.789265,Mono_Continuous,MT2,C:\TCC\Reproduzir_artigo\data\GUITAR-FX\Mono_Continuous\Audio\MT2\G91-58308-MT2-G9.7B7.8T5.6ML0.6MF6.2-21095.wav,998
14.957238,-39.8769,Mono_Continuous,MT2,C:\TCC\Reproduzir_artigo\data\GUITAR-FX\Mono_Continuous\Audio\MT2\G91-60310-MT2-G6.1B5.3T1.8ML0.8MF2-21097.wav,998
16.526154,-39.829594,Mono_Continuous,MT2,C:\TCC\Reproduzir_artigo\data\GUITAR-FX\Mono_Continuous\Audio\MT2\G91-61311-MT2-G7.3B1.4T4.7ML10MF3.7-21098.wav,998
23.7191,-45.176693,Mono_Continuous,MT2,C:\TCC\Reproduzir_artigo\data\GUITAR-FX\Mono_Continuous\Audio\MT2\G91-61406-MT2-G3.4B3T2ML7.3MF0.9-21106.wav,998
20.26087,-53.215656,Mono_Continuous,MT2,C:\TCC\Reproduzir_artigo\data\GUITAR-FX\Mono_Continuous\Audio\MT2\G91-62503-MT2-G7.4B6.8T4.3ML3.7MF2.7-21116.wav,998
38.594242,-34.45871,Mono_Continuous,MT2,C:\TCC\Reproduzir_artigo\data\GUITAR-FX\Mono_Continuous\Audio\MT2\G91-63408-MT2-G9.9B7.3T5.6ML7.1MF5.2-21108.wav,998
43.50166,-25.770514,Mono_Continuous,MT2,C:\TCC\Reproduzir_artigo\data\GUITAR-FX\Mono_Continuous\Audio\MT2\G91-63504-MT2-G4B7.9T1.2ML8MF4.3-21117.wav,998
45.93968,-30.11457,Mono_Continuous,MT2,C:\TCC\Reproduzir_artigo\data\GUITAR-FX\Mono_Continuous\Audio\MT2\G91-63504-MT2-G5.8B5.2T9.3ML6.3MF9.8-21117.wav,998
17.148586,-48.398487,Mono_Continuous,MT2,C:\TCC\Reproduzir_artigo\data\GUITAR-FX\Mono_Continuous\Audio\MT2\G91-65410-MT2-G8.4B6.4T9.7ML2MF8.9-21110.wav,998
72.36281,-21.734062,Mono_Continuous,MT2,C:\TCC\Reproduzir_artigo\data\GUITAR-FX\Mono_Continuous\Audio\MT2\G91-66507-MT2-G3B4.8T1.3ML4.3MF3.1-21120.wav,998
71.96085,-21.926243,Mono_Continuous,MT2,C:\TCC\Reproduzir_artigo\data\GUITAR-FX\Mono_Continuous\Audio\MT2\G91-66507-MT2-G7.1B3.5T8.8ML7.5MF3-21120.wav,998
74.58794,-16.41985,Mono_Continuous,MT2,C:\TCC\Reproduzir_artigo\data\GUITAR-FX\Mono_Continuous\Audio\MT2\G91-66602-MT2-G2.3B3.1T2.3ML2MF8.7-21128.wav,998
74.66468,-15.533344,Mono_Continuous,MT2,C:\TCC\Reproduzir_artigo\data\GUITAR-FX\Mono_Continuous\Audio\MT2\G91-66602-MT2-G2.5B3.6T0.8ML0.2MF9.1-21128.wav,998
53.95857,14.779825,Mono_Continuous,MT2,C:\TCC\Reproduzir_artigo\data\GUITAR-FX\Mono_Continuous\Audio\MT2\G91-67508-MT2-G4.1B2.2T3.1ML3.4MF6.6-21121.wav,998
69.06789,26.117798,Mono_Continuous,MT2,C:\TCC\Reproduzir_artigo\data\GUITAR-FX\Mono_Continuous\Audio\MT2\G91-68604-MT2-G7.6B1.3T9.8ML4MF3.2-21130.wav,998
55.351444,37.287674,Mono_Continuous,MT2,C:\TCC\Reproduzir_artigo\data\GUITAR-FX\Mono_Continuous\Audio\MT2\G91-70606-MT2-G7.2B9.1T8.7ML9.2MF3.2-21132.wav,998
55.298412,37.412254,Mono_Continuous,MT2,C:\TCC\Reproduzir_artigo\data\GUITAR-FX\Mono_Continuous\Audio\MT2\G91-70606-MT2-G7.5B7.5T3.9ML0.9MF7.5-21132.wav,998
70.258125,55.484016,Mono_Continuous,MT2,C:\TCC\Reproduzir_artigo\data\GUITAR-FX\Mono_Continuous\Audio\MT2\G91-71512-MT2-G3.8B0.2T0.9ML2.4MF5.3-21125.wav,998
70.31482,55.507244,Mono_Continuous,MT2,C:\TCC\Reproduzir_artigo\data\GUITAR-FX\Mono_Continuous\Audio\MT2\G91-71512-MT2-G6.6B2.6T4.8ML2.3MF5-21125.wav,998
49.086063,40.906113,Mono_Continuous,MT2,C:\TCC\Reproduzir_artigo\data\GUITAR-FX\Mono_Continuous\Audio\MT2\G91-72608-MT2-G9.8B6.6T9.4ML1.1MF4.3-21134.wav,998
28.379774,53.510113,Mono_Continuous,MT2,C:\TCC\Reproduzir_artigo\data\GUITAR-FX\Mono_Continuous\Audio\MT2\G91-76612-MT2-G3B0.2T0ML5.7MF3.8-21138.wav,998
-79.46323,8.795583,Mono_Continuous,MT2,C:\TCC\Reproduzir_artigo\data\GUITAR-FX\Mono_Continuous\Audio\MT2\G93-40100-MT2-G2.4B0.9T8.1ML5.7MF7.6-21139.wav,998
-79.25295,8.958037,Mono_Continuous,MT2,C:\TCC\Reproduzir_artigo\data\GUITAR-FX\Mono_Continuous\Audio\MT2\G93-40100-MT2-G4.5B1.3T7.3ML8.3MF6.8-21139.wav,998
-80.20095,8.0689,Mono_Continuous,MT2,C:\TCC\Reproduzir_artigo\data\GUITAR-FX\Mono_Continuous\Audio\MT2\G93-41101-MT2-G2.9B8.1T7.9ML2.9MF5.3-21140.wav,998
-49.536816,11.36151,Mono_Continuous,MT2,C:\TCC\Reproduzir_artigo\data\GUITAR-FX\Mono_Continuous\Audio\MT2\G93-43103-MT2-G2.8B9.6T7.3ML4.2MF0.4-21142.wav,998
-49.470192,-2.639756,Mono_Continuous,MT2,C:\TCC\Reproduzir_artigo\data\GUITAR-FX\Mono_Continuous\Audio\MT2\G93-45105-MT2-G6.3B2.5T9.3ML7.8MF9.9-21144.wav,998
-49.52395,11.384344,Mono_Continuous,MT2,C:\TCC\Reproduzir_artigo\data\GUITAR-FX\Mono_Continuous\Audio\MT2\G93-46106-MT2-G2B8.8T3.3ML2.4MF9.7-21145.wav,998
-48.21494,-6.7214437,Mono_Continuous,MT2,C:\TCC\Reproduzir_artigo\data\GUITAR-FX\Mono_Continuous\Audio\MT2\G93-49109-MT2-G5.3B4.3T7.2ML5.8MF9-21148.wav,998
-46.486816,-1.784892,Mono_Continuous,MT2,C:\TCC\Reproduzir_artigo\data\GUITAR-FX\Mono_Continuous\Audio\MT2\G93-49204-MT2-G6.2B5T9.1ML9.4MF4.1-21156.wav,998
-46.528923,-1.7515751,Mono_Continuous,MT2,C:\TCC\Reproduzir_artigo\data\GUITAR-FX\Mono_Continuous\Audio\MT2\G93-49204-MT2-G7.1B5.3T2.7ML7.6MF0.8-21156.wav,998
-30.129261,-34.42152,Mono_Continuous,MT2,C:\TCC\Reproduzir_artigo\data\GUITAR-FX\Mono_Continuous\Audio\MT2\G93-50300-MT2-G6.8B6.2T0.5ML0.6MF1.4-21165.wav,998
-44.17819,-3.1511261,Mono_Continuous,MT2,C:\TCC\Reproduzir_artigo\data\GUITAR-FX\Mono_Continuous\Audio\MT2\G93-51111-MT2-G5.5B4.3T0.5ML5.7MF10-21150.wav,998
-37.48912,-12.119884,Mono_Continuous,MT2,C:\TCC\Reproduzir_artigo\data\GUITAR-FX\Mono_Continuous\Audio\MT2\G93-52207-MT2-G4.5B2.3T7.4ML0.6MF3.7-21159.wav,998
-8.28857,-10.460307,Mono_Continuous,MT2,C:\TCC\Reproduzir_artigo\data\GUITAR-FX\Mono_Continuous\Audio\MT2\G93-56211-MT2-G2.5B0.4T4.5ML6MF2.7-21163.wav,998
-24.238161,-35.150043,Mono_Continuous,MT2,C:\TCC\Reproduzir_artigo\data\GUITAR-FX\Mono_Continuous\Audio\MT2\G93-56211-MT2-G9.8B4.4T2.8ML3.8MF1-21163.wav,998
-27.72821,-36.983635,Mono_Continuous,MT2,C:\TCC\Reproduzir_artigo\data\GUITAR-FX\Mono_Continuous\Audio\MT2\G93-56401-MT2-G9.2B1.9T9.4ML3.2MF5.1-21179.wav,998
13.738798,-32.19845,Mono_Continuous,MT2,C:\TCC\Reproduzir_artigo\data\GUITAR-FX\Mono_Continuous\Audio\MT2\G93-57402-MT2-G3.9B3.4T0.5ML6.1MF5.4-21180.wav,998
2.643525,-44.07039,Mono_Continuous,MT2,C:\TCC\Reproduzir_artigo\data\GUITAR-FX\Mono_Continuous\Audio\MT2\G93-59309-MT2-G4.8B6.5T6ML2.5MF1.4-21174.wav,998
4.0747213,-44.209595,Mono_Continuous,MT2,C:\TCC\Reproduzir_artigo\data\GUITAR-FX\Mono_Continuous\Audio\MT2\G93-59404-MT2-G6.6B3.9T3.2ML2.3MF7.3-21182.wav,998
24.145395,-52.59315,Mono_Continuous,MT2,C:\TCC\Reproduzir_artigo\data\GUITAR-FX\Mono_Continuous\Audio\MT2\G93-59500-MT2-G8.3B4.3T3.6ML1.4MF3.1-21191.wav,998
7.881886,-47.311127,Mono_Continuous,MT2,C:\TCC\Reproduzir_artigo\data\GUITAR-FX\Mono_Continuous\Audio\MT2\G93-60405-MT2-G9.5B8T9.1ML0.4MF4.6-21183.wav,998
19.357523,-30.999264,Mono_Continuous,MT2,C:\TCC\Reproduzir_artigo\data\GUITAR-FX\Mono_Continuous\Audio\MT2\G93-62312-MT2-G8.5B4.4T0.9ML2.8MF4.3-21177.wav,998
45.371456,-28.951796,Mono_Continuous,MT2,C:\TCC\Reproduzir_artigo\data\GUITAR-FX\Mono_Continuous\Audio\MT2\G93-63504-MT2-G5.7B9.6T6.8ML4.2MF1.1-21195.wav,998
59.478043,-18.847534,Mono_Continuous,MT2,C:\TCC\Reproduzir_artigo\data\GUITAR-FX\Mono_Continuous\Audio\MT2\G93-64600-MT2-G6.4B5.1T6.1ML6.3MF1.4-21204.wav,998
56.053757,11.346683,Mono_Continuous,MT2,C:\TCC\Reproduzir_artigo\data\GUITAR-FX\Mono_Continuous\Audio\MT2\G93-67508-MT2-G7.5B4.8T9.1ML3.8MF3.4-21199.wav,998
65.515144,25.356882,Mono_Continuous,MT2,C:\TCC\Reproduzir_artigo\data\GUITAR-FX\Mono_Continuous\Audio\MT2\G93-68604-MT2-G6.1B5.4T6.1ML6.9MF7.9-21208.wav,998
45.19603,32.234947,Mono_Continuous,MT2,C:\TCC\Reproduzir_artigo\data\GUITAR-FX\Mono_Continuous\Audio\MT2\G93-69510-MT2-G5.1B1.2T2.5ML4.6MF8.7-21201.wav,998
45.229294,32.219402,Mono_Continuous,MT2,C:\TCC\Reproduzir_artigo\data\GUITAR-FX\Mono_Continuous\Audio\MT2\G93-69510-MT2-G5.8B6.4T5.9ML4.7MF1.7-21201.wav,998
52.918724,30.919914,Mono_Continuous,MT2,C:\TCC\Reproduzir_artigo\data\GUITAR-FX\Mono_Continuous\Audio\MT2\G93-70511-MT2-G5.1B2.3T9.1ML4.3MF9.4-21202.wav,998
52.861046,30.835001,Mono_Continuous,MT2,C:\TCC\Reproduzir_artigo\data\GUITAR-FX\Mono_Continuous\Audio\MT2\G93-70511-MT2-G5.4B8.7T4.9ML3.1MF1.4-21202.wav,998
48.67434,40.952663,Mono_Continuous,MT2,C:\TCC\Reproduzir_artigo\data\GUITAR-FX\Mono_Continuous\Audio\MT2\G93-72608-MT2-G5.2B2.5T9.7ML2.1MF7.2-21212.wav,998
40.71266,53.5067,Mono_Continuous,MT2,C:\TCC\Reproduzir_artigo\data\GUITAR-FX\Mono_Continuous\Audio\MT2\G93-74610-MT2-G4.4B5.9T0.6ML3.2MF8.5-21214.wav,998
-71.95802,22.759321,Mono_Continuous,OD1,C:\TCC\Reproduzir_artigo\data\GUITAR-FX\Mono_Continuous\Audio\OD1\G61-40100-OD1-D5-20593.wav,998
-69.9928,21.958033,Mono_Continuous,OD1,C:\TCC\Reproduzir_artigo\data\GUITAR-FX\Mono_Continuous\Audio\OD1\G61-45105-OD1-D8.1-20598.wav,998
-65.857376,26.784645,Mono_Continuous,OD1,C:\TCC\Reproduzir_artigo\data\GUITAR-FX\Mono_Continuous\Audio\OD1\G61-46106-OD1-D3-20599.wav,998
-61.655575,10.653737,Mono_Continuous,OD1,C:\TCC\Reproduzir_artigo\data\GUITAR-FX\Mono_Continuous\Audio\OD1\G61-46201-OD1-D3.4-20607.wav,998
-57.854023,6.0585775,Mono_Continuous,OD1,C:\TCC\Reproduzir_artigo\data\GUITAR-FX\Mono_Continuous\Audio\OD1\G61-46201-OD1-D8.3-20607.wav,998
-67.44515,20.640377,Mono_Continuous,OD1,C:\TCC\Reproduzir_artigo\data\GUITAR-FX\Mono_Continuous\Audio\OD1\G61-47107-OD1-D7.2-20600.wav,998
-61.57002,18.41566,Mono_Continuous,OD1,C:\TCC\Reproduzir_artigo\data\GUITAR-FX\Mono_Continuous\Audio\OD1\G61-48203-OD1-D8.3-20609.wav,998
-68.51106,30.715443,Mono_Continuous,OD1,C:\TCC\Reproduzir_artigo\data\GUITAR-FX\Mono_Continuous\Audio\OD1\G61-50110-OD1-D8.5-20603.wav,998
-30.513067,15.864332,Mono_Continuous,OD1,C:\TCC\Reproduzir_artigo\data\GUITAR-FX\Mono_Continuous\Audio\OD1\G61-51206-OD1-D6.3-20612.wav,998
-24.38205,15.182711,Mono_Continuous,OD1,C:\TCC\Reproduzir_artigo\data\GUITAR-FX\Mono_Continuous\Audio\OD1\G61-53208-OD1-D9.9-20614.wav,998
-33.390507,1.1460668,Mono_Continuous,OD1,C:\TCC\Reproduzir_artigo\data\GUITAR-FX\Mono_Continuous\Audio\OD1\G61-53303-OD1-D6.6-20622.wav,998
-13.518073,21.287481,Mono_Continuous,OD1,C:\TCC\Reproduzir_artigo\data\GUITAR-FX\Mono_Continuous\Audio\OD1\G61-54209-OD1-D3.8-20615.wav,998
-14.982977,14.224583,Mono_Continuous,OD1,C:\TCC\Reproduzir_artigo\data\GUITAR-FX\Mono_Continuous\Audio\OD1\G61-54304-OD1-D4.2-20623.wav,998
-6.391715,4.5900617,Mono_Continuous,OD1,C:\TCC\Reproduzir_artigo\data\GUITAR-FX\Mono_Continuous\Audio\OD1\G61-56211-OD1-D4.4-20617.wav,998
-7.0637894,3.6873813,Mono_Continuous,OD1,C:\TCC\Reproduzir_artigo\data\GUITAR-FX\Mono_Continuous\Audio\OD1\G61-56211-OD1-D7.3-20617.wav,998
-12.028135,-6.8119674,Mono_Continuous,OD1,C:\TCC\Reproduzir_artigo\data\GUITAR-FX\Mono_Continuous\Audio\OD1\G61-56306-OD1-D5.8-20625.wav,998
-3.9844077,7.3289056,Mono_Continuous,OD1,C:\TCC\Reproduzir_artigo\data\GUITAR-FX\Mono_Continuous\Audio\OD1\G61-57212-OD1-D4.1-20618.wav,998
-2.112107,11.373838,Mono_Continuous,OD1,C:\TCC\Reproduzir_artigo\data\GUITAR-FX\Mono_Continuous\Audio\OD1\G61-57402-OD1-D3-20634.wav,998
3.0524309,-9.142927,Mono_Continuous,OD1,C:\TCC\Reproduzir_artigo\data\GUITAR-FX\Mono_Continuous\Audio\OD1\G61-59404-OD1-D5.8-20636.wav,998
3.0128126,-9.381911,Mono_Continuous,OD1,C:\TCC\Reproduzir_artigo\data\GUITAR-FX\Mono_Continuous\Audio\OD1\G61-59404-OD1-D6.3-20636.wav,998
2.8605623,-10.27851,Mono_Continuous,OD1,C:\TCC\Reproduzir_artigo\data\GUITAR-FX\Mono_Continuous\Audio\OD1\G61-59404-OD1-D8.9-20636.wav,998
8.292617,-32.45209,Mono_Continuous,OD1,C:\TCC\Reproduzir_artigo\data\GUITAR-FX\Mono_Continuous\Audio\OD1\G61-60501-OD1-D5.9-20646.wav,998
30.228928,-37.875496,Mono_Continuous,OD1,C:\TCC\Reproduzir_artigo\data\GUITAR-FX\Mono_Continuous\Audio\OD1\G61-61502-OD1-D4.9-20647.wav,998
19.817423,-4.546997,Mono_Continuous,OD1,C:\TCC\Reproduzir_artigo\data\GUITAR-FX\Mono_Continuous\Audio\OD1\G61-62312-OD1-D3.2-20631.wav,998
20.937712,-18.662685,Mono_Continuous,OD1,C:\TCC\Reproduzir_artigo\data\GUITAR-FX\Mono_Continuous\Audio\OD1\G61-62407-OD1-D9.1-20639.wav,998
23.991777,-17.554022,Mono_Continuous,OD1,C:\TCC\Reproduzir_artigo\data\GUITAR-FX\Mono_Continuous\Audio\OD1\G61-62503-OD1-D3.4-20648.wav,998
25.21205,-17.766935,Mono_Continuous,OD1,C:\TCC\Reproduzir_artigo\data\GUITAR-FX\Mono_Continuous\Audio\OD1\G61-62503-OD1-D8.6-20648.wav,998
47.38582,-20.681084,Mono_Continuous,OD1,C:\TCC\Reproduzir_artigo\data\GUITAR-FX\Mono_Continuous\Audio\OD1\G61-65410-OD1-D6.5-20642.wav,998
51.89584,-21.113,Mono_Continuous,OD1,C:\TCC\Reproduzir_artigo\data\GUITAR-FX\Mono_Continuous\Audio\OD1\G61-65601-OD1-D2.5-20659.wav,998
42.724976,8.235443,Mono_Continuous,OD1,C:\TCC\Reproduzir_artigo\data\GUITAR-FX\Mono_Continuous\Audio\OD1\G61-67412-OD1-D3.5-20644.wav,998
61.897038,53.58591,Mono_Continuous,OD1,C:\TCC\Reproduzir_artigo\data\GUITAR-FX\Mono_Continuous\Audio\OD1\G61-71607-OD1-D5.2-20665.wav,998
39.499798,46.802486,Mono_Continuous,OD1,C:\TCC\Reproduzir_artigo\data\GUITAR-FX\Mono_Continuous\Audio\OD1\G61-73609-OD1-D7.1-20667.wav,998
35.477234,52.340668,Mono_Continuous,OD1,C:\TCC\Reproduzir_artigo\data\GUITAR-FX\Mono_Continuous\Audio\OD1\G61-74610-OD1-D5-20668.wav,998
-67.396645,24.161232,Mono_Continuous,OD1,C:\TCC\Reproduzir_artigo\data\GUITAR-FX\Mono_Continuous\Audio\OD1\G63-45105-OD1-D4.3-20676.wav,998
-67.32691,23.676235,Mono_Continuous,OD1,C:\TCC\Reproduzir_artigo\data\GUITAR-FX\Mono_Continuous\Audio\OD1\G63-45105-OD1-D7.3-20676.wav,998
-66.38014,25.192842,Mono_Continuous,OD1,C:\TCC\Reproduzir_artigo\data\GUITAR-FX\Mono_Continuous\Audio\OD1\G63-46106-OD1-D5.5-20677.wav,998
-63.16155,14.006997,Mono_Continuous,OD1,C:\TCC\Reproduzir_artigo\data\GUITAR-FX\Mono_Continuous\Audio\OD1\G63-46201-OD1-D5.8-20685.wav,998
-62.847813,15.932948,Mono_Continuous,OD1,C:\TCC\Reproduzir_artigo\data\GUITAR-FX\Mono_Continuous\Audio\OD1\G63-47202-OD1-D6.6-20686.wav,998
-57.22702,12.456896,Mono_Continuous,OD1,C:\TCC\Reproduzir_artigo\data\GUITAR-FX\Mono_Continuous\Audio\OD1\G63-49204-OD1-D8.8-20688.wav,998
-57.4192,20.351803,Mono_Continuous,OD1,C:\TCC\Reproduzir_artigo\data\GUITAR-FX\Mono_Continuous\Audio\OD1\G63-50110-OD1-D8.5-20681.wav,998
-41.66404,2.0554042,Mono_Continuous,OD1,C:\TCC\Reproduzir_artigo\data\GUITAR-FX\Mono_Continuous\Audio\OD1\G63-50300-OD1-D8.8-20697.wav,998
-61.770943,27.203762,Mono_Continuous,OD1,C:\TCC\Reproduzir_artigo\data\GUITAR-FX\Mono_Continuous\Audio\OD1\G63-51111-OD1-D3.6-20682.wav,998
-29.688585,5.2007666,Mono_Continuous,OD1,C:\TCC\Reproduzir_artigo\data\GUITAR-FX\Mono_Continuous\Audio\OD1\G63-52302-OD1-D4.8-20699.wav,998
-29.85309,5.068027,Mono_Continuous,OD1,C:\TCC\Reproduzir_artigo\data\GUITAR-FX\Mono_Continuous\Audio\OD1\G63-52302-OD1-D6.1-20699.wav,998
-31.024672,4.4488654,Mono_Continuous,OD1,C:\TCC\Reproduzir_artigo\data\GUITAR-FX\Mono_Continuous\Audio\OD1\G63-52302-OD1-D9.9-20699.wav,998
-4.5107603,6.4558306,Mono_Continuous,OD1,C:\TCC\Reproduzir_artigo\data\GUITAR-FX\Mono_Continuous\Audio\OD1\G63-57212-OD1-D3.8-20696.wav,998
-1.2050419,-22.596281,Mono_Continuous,OD1,C:\TCC\Reproduzir_artigo\data\GUITAR-FX\Mono_Continuous\Audio\OD1\G63-57402-OD1-D6-20712.wav,998
-9.472236,25.714472,Mono_Continuous,OD1,C:\TCC\Reproduzir_artigo\data\GUITAR-FX\Mono_Continuous\Audio\OD1\G63-59309-OD1-D6.2-20706.wav,998
9.520303,-25.25009,Mono_Continuous,OD1,C:\TCC\Reproduzir_artigo\data\GUITAR-FX\Mono_Continuous\Audio\OD1\G63-59500-OD1-D6.1-20723.wav,998
6.4533157,-27.051565,Mono_Continuous,OD1,C:\TCC\Reproduzir_artigo\data\GUITAR-FX\Mono_Continuous\Audio\OD1\G63-60501-OD1-D6.9-20724.wav,998
27.32885,-35.852127,Mono_Continuous,OD1,C:\TCC\Reproduzir_artigo\data\GUITAR-FX\Mono_Continuous\Audio\OD1\G63-61406-OD1-D5-20716.wav,998
27.48904,-36.995396,Mono_Continuous,OD1,C:\TCC\Reproduzir_artigo\data\GUITAR-FX\Mono_Continuous\Audio\OD1\G63-61502-OD1-D3.2-20725.wav,998
23.150612,-41.443226,Mono_Continuous,OD1,C:\TCC\Reproduzir_artigo\data\GUITAR-FX\Mono_Continuous\Audio\OD1\G63-61502-OD1-D9.2-20725.wav,998
16.64887,-20.463,Mono_Continuous,OD1,C:\TCC\Reproduzir_artigo\data\GUITAR-FX\Mono_Continuous\Audio\OD1\G63-62312-OD1-D7.8-20709.wav,998
23.431604,-10.008276,Mono_Continuous,OD1,C:\TCC\Reproduzir_artigo\data\GUITAR-FX\Mono_Continuous\Audio\OD1\G63-62503-OD1-D4-20726.wav,998
59.987514,-7.4046116,Mono_Continuous,OD1,C:\TCC\Reproduzir_artigo\data\GUITAR-FX\Mono_Continuous\Audio\OD1\G63-64600-OD1-D2.8-20736.wav,998
68.937065,-8.942786,Mono_Continuous,OD1,C:\TCC\Reproduzir_artigo\data\GUITAR-FX\Mono_Continuous\Audio\OD1\G63-66411-OD1-D6.8-20721.wav,998
69.919685,-9.50901,Mono_Continuous,OD1,C:\TCC\Reproduzir_artigo\data\GUITAR-FX\Mono_Continuous\Audio\OD1\G63-66507-OD1-D4.2-20730.wav,998
70.21131,-10.492783,Mono_Continuous,OD1,C:\TCC\Reproduzir_artigo\data\GUITAR-FX\Mono_Continuous\Audio\OD1\G63-66507-OD1-D7.5-20730.wav,998
41.444595,6.0910063,Mono_Continuous,OD1,C:\TCC\Reproduzir_artigo\data\GUITAR-FX\Mono_Continuous\Audio\OD1\G63-67412-OD1-D8.1-20722.wav,998
40.958656,12.837196,Mono_Continuous,OD1,C:\TCC\Reproduzir_artigo\data\GUITAR-FX\Mono_Continuous\Audio\OD1\G63-67508-OD1-D7-20731.wav,998
37.9298,44.389977,Mono_Continuous,OD1,C:\TCC\Reproduzir_artigo\data\GUITAR-FX\Mono_Continuous\Audio\OD1\G63-73609-OD1-D3.1-20745.wav,998
25.085485,54.477795,Mono_Continuous,OD1,C:\TCC\Reproduzir_artigo\data\GUITAR-FX\Mono_Continuous\Audio\OD1\G63-76612-OD1-D4.1-20748.wav,998
-68.3124,13.565108,Mono_Continuous,OD1,C:\TCC\Reproduzir_artigo\data\GUITAR-FX\Mono_Continuous\Audio\OD1\G71-42102-OD1-D4.8-20751.wav,998
-61.44395,0.7948765,Mono_Continuous,OD1,C:\TCC\Reproduzir_artigo\data\GUITAR-FX\Mono_Continuous\Audio\OD1\G71-45200-OD1-D7.6-20762.wav,998
-60.272606,6.023024,Mono_Continuous,OD1,C:\TCC\Reproduzir_artigo\data\GUITAR-FX\Mono_Continuous\Audio\OD1\G71-46201-OD1-D4.2-20763.wav,998
-62.557655,20.883472,Mono_Continuous,OD1,C:\TCC\Reproduzir_artigo\data\GUITAR-FX\Mono_Continuous\Audio\OD1\G71-48108-OD1-D6-20757.wav,998
-57.26275,16.18245,Mono_Continuous,OD1,C:\TCC\Reproduzir_artigo\data\GUITAR-FX\Mono_Continuous\Audio\OD1\G71-49109-OD1-D3.3-20758.wav,998
-63.062286,26.061693,Mono_Continuous,OD1,C:\TCC\Reproduzir_artigo\data\GUITAR-FX\Mono_Continuous\Audio\OD1\G71-51111-OD1-D6.1-20760.wav,998
-31.771229,14.087363,Mono_Continuous,OD1,C:\TCC\Reproduzir_artigo\data\GUITAR-FX\Mono_Continuous\Audio\OD1\G71-51206-OD1-D3.2-20768.wav,998
-30.295961,34.947636,Mono_Continuous,OD1,C:\TCC\Reproduzir_artigo\data\GUITAR-FX\Mono_Continuous\Audio\OD1\G71-52112-OD1-D2.3-20761.wav,998
-34.396946,2.7426758,Mono_Continuous,OD1,C:\TCC\Reproduzir_artigo\data\GUITAR-FX\Mono_Continuous\Audio\OD1\G71-52302-OD1-D9.8-20777.wav,998
-26.58646,-0.13088466,Mono_Continuous,OD1,C:\TCC\Reproduzir_artigo\data\GUITAR-FX\Mono_Continuous\Audio\OD1\G71-53208-OD1-D5.1-20770.wav,998
-21.8311,-0.685431,Mono_Continuous,OD1,C:\TCC\Reproduzir_artigo\data\GUITAR-FX\Mono_Continuous\Audio\OD1\G71-54304-OD1-D2.8-20779.wav,998
-11.455528,-6.3060246,Mono_Continuous,OD1,C:\TCC\Reproduzir_artigo\data\GUITAR-FX\Mono_Continuous\Audio\OD1\G71-56306-OD1-D6.8-20781.wav,998
-3.2183204,4.878655,Mono_Continuous,OD1,C:\TCC\Reproduzir_artigo\data\GUITAR-FX\Mono_Continuous\Audio\OD1\G71-57212-OD1-D5.4-20774.wav,998
8.156201,7.660025,Mono_Continuous,OD1,C:\TCC\Reproduzir_artigo\data\GUITAR-FX\Mono_Continuous\Audio\OD1\G71-59309-OD1-D3.8-20784.wav,998
10.011191,7.389997,Mono_Continuous,OD1,C:\TCC\Reproduzir_artigo\data\GUITAR-FX\Mono_Continuous\Audio\OD1\G71-60310-OD1-D3.7-20785.wav,998
11.176787,6.3319497,Mono_Continuous,OD1,C:\TCC\Reproduzir_artigo\data\GUITAR-FX\Mono_Continuous\Audio\OD1\G71-60310-OD1-D9.9-20785.wav,998
21.337471,-29.932951,Mono_Continuous,OD1,C:\TCC\Reproduzir_artigo\data\GUITAR-FX\Mono_Continuous\Audio\OD1\G71-62503-OD1-D10-20804.wav,998
56.648136,-8.263653,Mono_Continuous,OD1,C:\TCC\Reproduzir_artigo\data\GUITAR-FX\Mono_Continuous\Audio\OD1\G71-64409-OD1-D6-20797.wav,998
56.552605,-8.4483385,Mono_Continuous,OD1,C:\TCC\Reproduzir_artigo\data\GUITAR-FX\Mono_Continuous\Audio\OD1\G71-64409-OD1-D7.6-20797.wav,998
51.50945,-24.164577,Mono_Continuous,OD1,C:\TCC\Reproduzir_artigo\data\GUITAR-FX\Mono_Continuous\Audio\OD1\G71-65506-OD1-D6.9-20807.wav,998
47.303467,9.264602,Mono_Continuous,OD1,C:\TCC\Reproduzir_artigo\data\GUITAR-FX\Mono_Continuous\Audio\OD1\G71-67508-OD1-D4.6-20809.wav,998
50.930393,9.871464,Mono_Continuous,OD1,C:\TCC\Reproduzir_artigo\data\GUITAR-FX\Mono_Continuous\Audio\OD1\G71-67603-OD1-D9.5-20817.wav,998
69.92369,22.557579,Mono_Continuous,OD1,C:\TCC\Reproduzir_artigo\data\GUITAR-FX\Mono_Continuous\Audio\OD1\G71-68509-OD1-D10-20810.wav,998
66.05212,20.664915,Mono_Continuous,OD1,C:\TCC\Reproduzir_artigo\data\GUITAR-FX\Mono_Continuous\Audio\OD1\G71-68509-OD1-D5.6-20810.wav,998
40.885933,31.934458,Mono_Continuous,OD1,C:\TCC\Reproduzir_artigo\data\GUITAR-FX\Mono_Continuous\Audio\OD1\G71-69605-OD1-D7.3-20819.wav,998
41.005585,32.03169,Mono_Continuous,OD1,C:\TCC\Reproduzir_artigo\data\GUITAR-FX\Mono_Continuous\Audio\OD1\G71-69605-OD1-D9-20819.wav,998
54.839966,33.066338,Mono_Continuous,OD1,C:\TCC\Reproduzir_artigo\data\GUITAR-FX\Mono_Continuous\Audio\OD1\G71-70606-OD1-D6.9-20820.wav,998
62.66355,56.01259,Mono_Continuous,OD1,C:\TCC\Reproduzir_artigo\data\GUITAR-FX\Mono_Continuous\Audio\OD1\G71-71512-OD1-D3.2-20813.wav,998
64.139565,56.856506,Mono_Continuous,OD1,C:\TCC\Reproduzir_artigo\data\GUITAR-FX\Mono_Continuous\Audio\OD1\G71-71512-OD1-D7.4-20813.wav,998
62.85626,58.45424,Mono_Continuous,OD1,C:\TCC\Reproduzir_artigo\data\GUITAR-FX\Mono_Continuous\Audio\OD1\G71-71607-OD1-D8.1-20821.wav,998
62.936653,58.47265,Mono_Continuous,OD1,C:\TCC\Reproduzir_artigo\data\GUITAR-FX\Mono_Continuous\Audio\OD1\G71-71607-OD1-D8.8-20821.wav,998
41.207153,58.982994,Mono_Continuous,OD1,C:\TCC\Reproduzir_artigo\data\GUITAR-FX\Mono_Continuous\Audio\OD1\G71-74610-OD1-D9.1-20824.wav,998
-70.06285,9.517037,Mono_Continuous,OD1,C:\TCC\Reproduzir_artigo\data\GUITAR-FX\Mono_Continuous\Audio\OD1\G73-41101-OD1-D8.9-20828.wav,998
-70.37393,1.4492235,Mono_Continuous,OD1,C:\TCC\Reproduzir_artigo\data\GUITAR-FX\Mono_Continuous\Audio\OD1\G73-45105-OD1-D8.6-20832.wav,998
-59.22504,-0.91581625,Mono_Continuous,OD1,C:\TCC\Reproduzir_artigo\data\GUITAR-FX\Mono_Continuous\Audio\OD1\G73-47202-OD1-D8.2-20842.wav,998
-45.102806,1.3406628,Mono_Continuous,OD1,C:\TCC\Reproduzir_artigo\data\GUITAR-FX\Mono_Continuous\Audio\OD1\G73-48203-OD1-D9.7-20843.wav,998
-56.22633,18.432028,Mono_Continuous,OD1,C:\TCC\Reproduzir_artigo\data\GUITAR-FX\Mono_Continuous\Audio\OD1\G73-49109-OD1-D5.8-20836.wav,998
-37.551544,2.3815372,Mono_Continuous,OD1,C:\TCC\Reproduzir_artigo\data\GUITAR-FX\Mono_Continuous\Audio\OD1\G73-50300-OD1-D4.8-20853.wav,998
-54.161087,17.964329,Mono_Continuous,OD1,C:\TCC\Reproduzir_artigo\data\GUITAR-FX\Mono_Continuous\Audio\OD1\G73-51206-OD1-D2.9-20846.wav,998
-41.460987,-11.601514,Mono_Continuous,OD1,C:\TCC\Reproduzir_artigo\data\GUITAR-FX\Mono_Continuous\Audio\OD1\G73-51301-OD1-D7.5-20854.wav,998
-20.47089,9.019828,Mono_Continuous,OD1,C:\TCC\Reproduzir_artigo\data\GUITAR-FX\Mono_Continuous\Audio\OD1\G73-55210-OD1-D6.8-20850.wav,998
-7.9258356,-8.45914,Mono_Continuous,OD1,C:\TCC\Reproduzir_artigo\data\GUITAR-FX\Mono_Continuous\Audio\OD1\G73-55400-OD1-D4.5-20866.wav,998
-7.839279,-6.7189565,Mono_Continuous,OD1,C:\TCC\Reproduzir_artigo\data\GUITAR-FX\Mono_Continuous\Audio\OD1\G73-56401-OD1-D5.1-20867.wav,998
-0.35474756,-18.576286,Mono_Continuous,OD1,C:\TCC\Reproduzir_artigo\data\GUITAR-FX\Mono_Continuous\Audio\OD1\G73-58308-OD1-D6.5-20861.wav,998
9.36755,-16.365114,Mono_Continuous,OD1,C:\TCC\Reproduzir_artigo\data\GUITAR-FX\Mono_Continuous\Audio\OD1\G73-58403-OD1-D3.4-20869.wav,998
2.9461117,-14.094903,Mono_Continuous,OD1,C:\TCC\Reproduzir_artigo\data\GUITAR-FX\Mono_Continuous\Audio\OD1\G73-59404-OD1-D8.3-20870.wav,998
4.320178,-26.242556,Mono_Continuous,OD1,C:\TCC\Reproduzir_artigo\data\GUITAR-FX\Mono_Continuous\Audio\OD1\G73-60405-OD1-D6-20871.wav,998
10.98607,-33.928486,Mono_Continuous,OD1,C:\TCC\Reproduzir_artigo\data\GUITAR-FX\Mono_Continuous\Audio\OD1\G73-60501-OD1-D8.8-20880.wav,998
28.374874,-38.641365,Mono_Continuous,OD1,C:\TCC\Reproduzir_artigo\data\GUITAR-FX\Mono_Continuous\Audio\OD1\G73-61502-OD1-D3.1-20881.wav,998
34.375656,-26.920366,Mono_Continuous,OD1,C:\TCC\Reproduzir_artigo\data\GUITAR-FX\Mono_Continuous\Audio\OD1\G73-63408-OD1-D6.2-20874.wav,998
42.239063,-25.511738,Mono_Continuous,OD1,C:\TCC\Reproduzir_artigo\data\GUITAR-FX\Mono_Continuous\Audio\OD1\G73-63504-OD1-D8.6-20883.wav,998
40.16996,-4.191498,Mono_Continuous,OD1,C:\TCC\Reproduzir_artigo\data\GUITAR-FX\Mono_Continuous\Audio\OD1\G73-64409-OD1-D6.4-20875.wav,998
66.76958,-27.040712,Mono_Continuous,OD1,C:\TCC\Reproduzir_artigo\data\GUITAR-FX\Mono_Continuous\Audio\OD1\G73-66411-OD1-D7.4-20877.wav,998
73.93604,-12.61222,Mono_Continuous,OD1,C:\TCC\Reproduzir_artigo\data\GUITAR-FX\Mono_Continuous\Audio\OD1\G73-66602-OD1-D8.4-20894.wav,998
44.291332,5.7104115,Mono_Continuous,OD1,C:\TCC\Reproduzir_artigo\data\GUITAR-FX\Mono_Continuous\Audio\OD1\G73-67412-OD1-D5-20878.wav,998
60.904694,53.435066,Mono_Continuous,OD1,C:\TCC\Reproduzir_artigo\data\GUITAR-FX\Mono_Continuous\Audio\OD1\G73-71512-OD1-D8.2-20891.wav,998
59.30868,50.3408,Mono_Continuous,OD1,C:\TCC\Reproduzir_artigo\data\GUITAR-FX\Mono_Continuous\Audio\OD1\G73-71607-OD1-D5.3-20899.wav,998
35.090546,45.097084,Mono_Continuous,OD1,C:\TCC\Reproduzir_artigo\data\GUITAR-FX\Mono_Continuous\Audio\OD1\G73-72608-OD1-D7.1-20900.wav,998
38.54806,42.65867,Mono_Continuous,OD1,C:\TCC\Reproduzir_artigo\data\GUITAR-FX\Mono_Continuous\Audio\OD1\G73-73609-OD1-D8.7-20901.wav,998
-51.10356,31.959991,Mono_Continuous,OD1,C:\TCC\Reproduzir_artigo\data\GUITAR-FX\Mono_Continuous\Audio\OD1\G81-43103-OD1-D2.3-20908.wav,998
-53.690918,30.32533,Mono_Continuous,OD1,C:\TCC\Reproduzir_artigo\data\GUITAR-FX\Mono_Continuous\Audio\OD1\G81-47107-OD1-D3.9-20912.wav,998
-38.45274,22.076136,Mono_Continuous,OD1,C:\TCC\Reproduzir_artigo\data\GUITAR-FX\Mono_Continuous\Audio\OD1\G81-48203-OD1-D6.9-20921.wav,998
-38.49192,21.968744,Mono_Continuous,OD1,C:\TCC\Reproduzir_artigo\data\GUITAR-FX\Mono_Continuous\Audio\OD1\G81-48203-OD1-D7.3-20921.wav,998
-40.773354,22.627447,Mono_Continuous,OD1,C:\TCC\Reproduzir_artigo\data\GUITAR-FX\Mono_Continuous\Audio\OD1\G81-49204-OD1-D5.6-20922.wav,998
-40.792747,21.99965,Mono_Continuous,OD1,C:\TCC\Reproduzir_artigo\data\GUITAR-FX\Mono_Continuous\Audio\OD1\G81-49204-OD1-D7.7-20922.wav,998
-45.533657,32.132046,Mono_Continuous,OD1,C:\TCC\Reproduzir_artigo\data\GUITAR-FX\Mono_Continuous\Audio\OD1\G81-50110-OD1-D9.2-20915.wav,998
-23.27023,19.233126,Mono_Continuous,OD1,C:\TCC\Reproduzir_artigo\data\GUITAR-FX\Mono_Continuous\Audio\OD1\G81-53208-OD1-D8.7-20926.wav,998
-15.073713,23.182865,Mono_Continuous,OD1,C:\TCC\Reproduzir_artigo\data\GUITAR-FX\Mono_Continuous\Audio\OD1\G81-55210-OD1-D3.5-20928.wav,998
-14.342718,-11.6931095,Mono_Continuous,OD1,C:\TCC\Reproduzir_artigo\data\GUITAR-FX\Mono_Continuous\Audio\OD1\G81-56211-OD1-D8.8-20929.wav,998
-8.707673,19.145239,Mono_Continuous,OD1,C:\TCC\Reproduzir_artigo\data\GUITAR-FX\Mono_Continuous\Audio\OD1\G81-57212-OD1-D5.9-20930.wav,998
-3.475941,12.904176,Mono_Continuous,OD1,C:\TCC\Reproduzir_artigo\data\GUITAR-FX\Mono_Continuous\Audio\OD1\G81-57307-OD1-D4.7-20938.wav,998
-14.805293,-32.96932,Mono_Continuous,OD1,C:\TCC\Reproduzir_artigo\data\GUITAR-FX\Mono_Continuous\Audio\OD1\G81-57402-OD1-D8.2-20946.wav,998
-1.3130598,-37.715347,Mono_Continuous,OD1,C:\TCC\Reproduzir_artigo\data\GUITAR-FX\Mono_Continuous\Audio\OD1\G81-58403-OD1-D8.9-20947.wav,998
-5.5681043,23.079544,Mono_Continuous,OD1,C:\TCC\Reproduzir_artigo\data\GUITAR-FX\Mono_Continuous\Audio\OD1\G81-59309-OD1-D2.1-20940.wav,998
-5.549414,23.018724,Mono_Continuous,OD1,C:\TCC\Reproduzir_artigo\data\GUITAR-FX\Mono_Continuous\Audio\OD1\G81-59309-OD1-D3.2-20940.wav,998
-5.0329113,24.993244,Mono_Continuous,OD1,C:\TCC\Reproduzir_artigo\data\GUITAR-FX\Mono_Continuous\Audio\OD1\G81-59404-OD1-D2.8-20948.wav,998
-2.489652,25.709652,Mono_Continuous,OD1,C:\TCC\Reproduzir_artigo\data\GUITAR-FX\Mono_Continuous\Audio\OD1\G81-59404-OD1-D6.7-20948.wav,998
15.35428,-1.9267699,Mono_Continuous,OD1,C:\TCC\Reproduzir_artigo\data\GUITAR-FX\Mono_Continuous\Audio\OD1\G81-61406-OD1-D3.1-20950.wav,998
15.374264,-1.9232496,Mono_Continuous,OD1,C:\TCC\Reproduzir_artigo\data\GUITAR-FX\Mono_Continuous\Audio\OD1\G81-61406-OD1-D4.8-20950.wav,998
30.954395,-11.314028,Mono_Continuous,OD1,C:\TCC\Reproduzir_artigo\data\GUITAR-FX\Mono_Continuous\Audio\OD1\G81-61406-OD1-D7.9-20950.wav,998
31.503557,-14.553676,Mono_Continuous,OD1,C:\TCC\Reproduzir_artigo\data\GUITAR-FX\Mono_Continuous\Audio\OD1\G81-62407-OD1-D9.5-20951.wav,998
25.218447,-15.43078,Mono_Continuous,OD1,C:\TCC\Reproduzir_artigo\data\GUITAR-FX\Mono_Continuous\Audio\OD1\G81-62503-OD1-D5.8-20960.wav,998
35.360485,-17.418533,Mono_Continuous,OD1,C:\TCC\Reproduzir_artigo\data\GUITAR-FX\Mono_Continuous\Audio\OD1\G81-63408-OD1-D9.1-20952.wav,998
52.670826,-21.960974,Mono_Continuous,OD1,C:\TCC\Reproduzir_artigo\data\GUITAR-FX\Mono_Continuous\Audio\OD1\G81-65601-OD1-D4.2-20971.wav,998
71.108315,-15.118444,Mono_Continuous,OD1,C:\TCC\Reproduzir_artigo\data\GUITAR-FX\Mono_Continuous\Audio\OD1\G81-66602-OD1-D7.2-20972.wav,998
44.199867,8.634459,Mono_Continuous,OD1,C:\TCC\Reproduzir_artigo\data\GUITAR-FX\Mono_Continuous\Audio\OD1\G81-67508-OD1-D3-20965.wav,998
50.8696,7.9593115,Mono_Continuous,OD1,C:\TCC\Reproduzir_artigo\data\GUITAR-FX\Mono_Continuous\Audio\OD1\G81-67603-OD1-D8.6-20973.wav,998
50.906742,7.9508624,Mono_Continuous,OD1,C:\TCC\Reproduzir_artigo\data\GUITAR-FX\Mono_Continuous\Audio\OD1\G81-67603-OD1-D8.8-20973.wav,998
63.543694,17.618338,Mono_Continuous,OD1,C:\TCC\Reproduzir_artigo\data\GUITAR-FX\Mono_Continuous\Audio\OD1\G81-68604-OD1-D5.2-20974.wav,998
37.382366,32.396965,Mono_Continuous,OD1,C:\TCC\Reproduzir_artigo\data\GUITAR-FX\Mono_Continuous\Audio\OD1\G81-69605-OD1-D4.8-20975.wav,998
46.681637,39.257908,Mono_Continuous,OD1,C:\TCC\Reproduzir_artigo\data\GUITAR-FX\Mono_Continuous\Audio\OD1\G81-72608-OD1-D8.8-20978.wav,998
46.686268,46.55079,Mono_Continuous,OD1,C:\TCC\Reproduzir_artigo\data\GUITAR-FX\Mono_Continuous\Audio\OD1\G81-75611-OD1-D3.3-20981.wav,998
-73.294304,10.329338,Mono_Continuous,OD1,C:\TCC\Reproduzir_artigo\data\GUITAR-FX\Mono_Continuous\Audio\OD1\G83-41101-OD1-D7.6-20984.wav,998
-39.02175,31.81748,Mono_Continuous,OD1,C:\TCC\Reproduzir_artigo\data\GUITAR-FX\Mono_Continuous\Audio\OD1\G83-43103-OD1-D3.6-20986.wav,998
-38.195995,35.773636,Mono_Continuous,OD1,C:\TCC\Reproduzir_artigo\data\GUITAR-FX\Mono_Continuous\Audio\OD1\G83-46106-OD1-D2.2-20989.wav,998
-66.652916,16.597681,Mono_Continuous,OD1,C:\TCC\Reproduzir_artigo\data\GUITAR-FX\Mono_Continuous\Audio\OD1\G83-46106-OD1-D6.7-20989.wav,998
-57.18547,11.490201,Mono_Continuous,OD1,C:\TCC\Reproduzir_artigo\data\GUITAR-FX\Mono_Continuous\Audio\OD1\G83-49109-OD1-D7.6-20992.wav,998
-48.502857,1.9853094,Mono_Continuous,OD1,C:\TCC\Reproduzir_artigo\data\GUITAR-FX\Mono_Continuous\Audio\OD1\G83-50110-OD1-D9.8-20993.wav,998
-32.214046,18.107416,Mono_Continuous,OD1,C:\TCC\Reproduzir_artigo\data\GUITAR-FX\Mono_Continuous\Audio\OD1\G83-51111-OD1-D7.9-20994.wav,998
-35.353325,8.287704,Mono_Continuous,OD1,C:\TCC\Reproduzir_artigo\data\GUITAR-FX\Mono_Continuous\Audio\OD1\G83-51301-OD1-D5.4-21010.wav,998
-30.184513,7.444952,Mono_Continuous,OD1,C:\TCC\Reproduzir_artigo\data\GUITAR-FX\Mono_Continuous\Audio\OD1\G83-52302-OD1-D5.6-21011.wav,998
-27.235785,5.6348987,Mono_Continuous,OD1,C:\TCC\Reproduzir_artigo\data\GUITAR-FX\Mono_Continuous\Audio\OD1\G83-53303-OD1-D3-21012.wav,998
-17.707998,19.473198,Mono_Continuous,OD1,C:\TCC\Reproduzir_artigo\data\GUITAR-FX\Mono_Continuous\Audio\OD1\G83-54209-OD1-D3.3-21005.wav,998
-28.619347,-13.586068,Mono_Continuous,OD1,C:\TCC\Reproduzir_artigo\data\GUITAR-FX\Mono_Continuous\Audio\OD1\G83-54209-OD1-D8.8-21005.wav,998
-14.896537,8.071626,Mono_Continuous,OD1,C:\TCC\Reproduzir_artigo\data\GUITAR-FX\Mono_Continuous\Audio\OD1\G83-55305-OD1-D6.2-21014.wav,998
-4.465348,-10.604861,Mono_Continuous,OD1,C:\TCC\Reproduzir_artigo\data\GUITAR-FX\Mono_Continuous\Audio\OD1\G83-55400-OD1-D10-21022.wav,998
-4.468512,-10.593249,Mono_Continuous,OD1,C:\TCC\Reproduzir_artigo\data\GUITAR-FX\Mono_Continuous\Audio\OD1\G83-55400-OD1-D9.8-21022.wav,998
-9.772977,6.287958,Mono_Continuous,OD1,C:\TCC\Reproduzir_artigo\data\GUITAR-FX\Mono_Continuous\Audio\OD1\G83-56211-OD1-D4.7-21007.wav,998
-3.6822057,1.2746476,Mono_Continuous,OD1,C:\TCC\Reproduzir_artigo\data\GUITAR-FX\Mono_Continuous\Audio\OD1\G83-57212-OD1-D7-21008.wav,998
-3.1555443,11.704665,Mono_Continuous,OD1,C:\TCC\Reproduzir_artigo\data\GUITAR-FX\Mono_Continuous\Audio\OD1\G83-57307-OD1-D5.6-21016.wav,998
8.847501,-7.7255263,Mono_Continuous,OD1,C:\TCC\Reproduzir_artigo\data\GUITAR-FX\Mono_Continuous\Audio\OD1\G83-58403-OD1-D2.5-21025.wav,998
0.8387885,-14.317464,Mono_Continuous,OD1,C:\TCC\Reproduzir_artigo\data\GUITAR-FX\Mono_Continuous\Audio\OD1\G83-59404-OD1-D9.2-21026.wav,998
33.992687,-37.43455,Mono_Continuous,OD1,C:\TCC\Reproduzir_artigo\data\GUITAR-FX\Mono_Continuous\Audio\OD1\G83-61502-OD1-D2.2-21037.wav,998
32.930004,-38.20707,Mono_Continuous,OD1,C:\TCC\Reproduzir_artigo\data\GUITAR-FX\Mono_Continuous\Audio\OD1\G83-61502-OD1-D6-21037.wav,998
23.796923,-2.995042,Mono_Continuous,OD1,C:\TCC\Reproduzir_artigo\data\GUITAR-FX\Mono_Continuous\Audio\OD1\G83-62407-OD1-D5.6-21029.wav,998
24.430035,-12.958474,Mono_Continuous,OD1,C:\TCC\Reproduzir_artigo\data\GUITAR-FX\Mono_Continuous\Audio\OD1\G83-62503-OD1-D5.7-21038.wav,998
30.555105,-1.7099625,Mono_Continuous,OD1,C:\TCC\Reproduzir_artigo\data\GUITAR-FX\Mono_Continuous\Audio\OD1\G83-65410-OD1-D2.1-21032.wav,998
41.356876,-1.0348138,Mono_Continuous,OD1,C:\TCC\Reproduzir_artigo\data\GUITAR-FX\Mono_Continuous\Audio\OD1\G83-65506-OD1-D5.7-21041.wav,998
51.65035,-22.277985,Mono_Continuous,OD1,C:\TCC\Reproduzir_artigo\data\GUITAR-FX\Mono_Continuous\Audio\OD1\G83-65601-OD1-D5.7-21049.wav,998
36.451828,30.42595,Mono_Continuous,OD1,C:\TCC\Reproduzir_artigo\data\GUITAR-FX\Mono_Continuous\Audio\OD1\G83-69605-OD1-D3.2-21053.wav,998
36.920418,30.215622,Mono_Continuous,OD1,C:\TCC\Reproduzir_artigo\data\GUITAR-FX\Mono_Continuous\Audio\OD1\G83-69605-OD1-D5.1-21053.wav,998
37.327072,29.527842,Mono_Continuous,OD1,C:\TCC\Reproduzir_artigo\data\GUITAR-FX\Mono_Continuous\Audio\OD1\G83-69605-OD1-D9.3-21053.wav,998
43.784737,57.361324,Mono_Continuous,OD1,C:\TCC\Reproduzir_artigo\data\GUITAR-FX\Mono_Continuous\Audio\OD1\G83-74610-OD1-D9.3-21058.wav,998
-46.585022,25.860643,Mono_Continuous,OD1,C:\TCC\Reproduzir_artigo\data\GUITAR-FX\Mono_Continuous\Audio\OD1\G91-43103-OD1-D9-21064.wav,998
-44.04362,21.999866,Mono_Continuous,OD1,C:\TCC\Reproduzir_artigo\data\GUITAR-FX\Mono_Continuous\Audio\OD1\G91-47202-OD1-D7.3-21076.wav,998
-59.18972,12.029473,Mono_Continuous,OD1,C:\TCC\Reproduzir_artigo\data\GUITAR-FX\Mono_Continuous\Audio\OD1\G91-48108-OD1-D9.7-21069.wav,998
-35.43252,31.856207,Mono_Continuous,OD1,C:\TCC\Reproduzir_artigo\data\GUITAR-FX\Mono_Continuous\Audio\OD1\G91-50205-OD1-D3-21079.wav,998
-38.22479,19.69231,Mono_Continuous,OD1,C:\TCC\Reproduzir_artigo\data\GUITAR-FX\Mono_Continuous\Audio\OD1\G91-50205-OD1-D8.5-21079.wav,998
-38.210354,19.67506,Mono_Continuous,OD1,C:\TCC\Reproduzir_artigo\data\GUITAR-FX\Mono_Continuous\Audio\OD1\G91-50205-OD1-D8.6-21079.wav,998
-31.304766,19.204834,Mono_Continuous,OD1,C:\TCC\Reproduzir_artigo\data\GUITAR-FX\Mono_Continuous\Audio\OD1\G91-51111-OD1-D7.6-21072.wav,998
-36.67254,19.120707,Mono_Continuous,OD1,C:\TCC\Reproduzir_artigo\data\GUITAR-FX\Mono_Continuous\Audio\OD1\G91-51206-OD1-D7.5-21080.wav,998
-31.566858,27.788376,Mono_Continuous,OD1,C:\TCC\Reproduzir_artigo\data\GUITAR-FX\Mono_Continuous\Audio\OD1\G91-52207-OD1-D2.6-21081.wav,998
-17.395294,17.689787,Mono_Continuous,OD1,C:\TCC\Reproduzir_artigo\data\GUITAR-FX\Mono_Continuous\Audio\OD1\G91-54304-OD1-D3.6-21091.wav,998
-5.541917,12.620533,Mono_Continuous,OD1,C:\TCC\Reproduzir_artigo\data\GUITAR-FX\Mono_Continuous\Audio\OD1\G91-56211-OD1-D5.2-21085.wav,998
-15.096561,-8.5483885,Mono_Continuous,OD1,C:\TCC\Reproduzir_artigo\data\GUITAR-FX\Mono_Continuous\Audio\OD1\G91-56211-OD1-D8.1-21085.wav,998
-14.749982,-6.5708194,Mono_Continuous,OD1,C:\TCC\Reproduzir_artigo\data\GUITAR-FX\Mono_Continuous\Audio\OD1\G91-56306-OD1-D7.1-21093.wav,998
-3.188937,16.55136,Mono_Continuous,OD1,C:\TCC\Reproduzir_artigo\data\GUITAR-FX\Mono_Continuous\Audio\OD1\G91-57307-OD1-D4.9-21094.wav,998
6.039809,-8.584239,Mono_Continuous,OD1,C:\TCC\Reproduzir_artigo\data\GUITAR-FX\Mono_Continuous\Audio\OD1\G91-57402-OD1-D5.9-21102.wav,998
-0.7425508,17.612143,Mono_Continuous,OD1,C:\TCC\Reproduzir_artigo\data\GUITAR-FX\Mono_Continuous\Audio\OD1\G91-60310-OD1-D2.9-21097.wav,998
-0.7090508,17.55506,Mono_Continuous,OD1,C:\TCC\Reproduzir_artigo\data\GUITAR-FX\Mono_Continuous\Audio\OD1\G91-60310-OD1-D3.5-21097.wav,998
-1.511888,-11.264165,Mono_Continuous,OD1,C:\TCC\Reproduzir_artigo\data\GUITAR-FX\Mono_Continuous\Audio\OD1\G91-60405-OD1-D9.8-21105.wav,998
34.2217,-39.14538,Mono_Continuous,OD1,C:\TCC\Reproduzir_artigo\data\GUITAR-FX\Mono_Continuous\Audio\OD1\G91-61502-OD1-D3.6-21115.wav,998
20.941423,-2.621138,Mono_Continuous,OD1,C:\TCC\Reproduzir_artigo\data\GUITAR-FX\Mono_Continuous\Audio\OD1\G91-62312-OD1-D4.2-21099.wav,998
33.75223,-0.5346881,Mono_Continuous,OD1,C:\TCC\Reproduzir_artigo\data\GUITAR-FX\Mono_Continuous\Audio\OD1\G91-64409-OD1-D9-21109.wav,998
58.512894,-11.494167,Mono_Continuous,OD1,C:\TCC\Reproduzir_artigo\data\GUITAR-FX\Mono_Continuous\Audio\OD1\G91-64600-OD1-D10-21126.wav,998
59.48846,-10.877723,Mono_Continuous,OD1,C:\TCC\Reproduzir_artigo\data\GUITAR-FX\Mono_Continuous\Audio\OD1\G91-64600-OD1-D5.2-21126.wav,998
48.538036,-25.949251,Mono_Continuous,OD1,C:\TCC\Reproduzir_artigo\data\GUITAR-FX\Mono_Continuous\Audio\OD1\G91-65506-OD1-D6.7-21119.wav,998
66.0937,-22.48499,Mono_Continuous,OD1,C:\TCC\Reproduzir_artigo\data\GUITAR-FX\Mono_Continuous\Audio\OD1\G91-66507-OD1-D3.9-21120.wav,998
36.614197,-6.782933,Mono_Continuous,OD1,C:\TCC\Reproduzir_artigo\data\GUITAR-FX\Mono_Continuous\Audio\OD1\G91-67412-OD1-D9.9-21112.wav,998
72.25179,25.022749,Mono_Continuous,OD1,C:\TCC\Reproduzir_artigo\data\GUITAR-FX\Mono_Continuous\Audio\OD1\G91-68604-OD1-D10-21130.wav,998
41.21715,24.596771,Mono_Continuous,OD1,C:\TCC\Reproduzir_artigo\data\GUITAR-FX\Mono_Continuous\Audio\OD1\G91-69510-OD1-D5.1-21123.wav,998
57.693993,34.830387,Mono_Continuous,OD1,C:\TCC\Reproduzir_artigo\data\GUITAR-FX\Mono_Continuous\Audio\OD1\G91-70606-OD1-D8.7-21132.wav,998
41.804115,46.60005,Mono_Continuous,OD1,C:\TCC\Reproduzir_artigo\data\GUITAR-FX\Mono_Continuous\Audio\OD1\G91-73609-OD1-D2.5-21135.wav,998
41.927155,46.500946,Mono_Continuous,OD1,C:\TCC\Reproduzir_artigo\data\GUITAR-FX\Mono_Continuous\Audio\OD1\G91-73609-OD1-D5.1-21135.wav,998
54.281113,58.042168,Mono_Continuous,OD1,C:\TCC\Reproduzir_artigo\data\GUITAR-FX\Mono_Continuous\Audio\OD1\G91-74610-OD1-D8.1-21136.wav,998
-41.56535,27.81929,Mono_Continuous,OD1,C:\TCC\Reproduzir_artigo\data\GUITAR-FX\Mono_Continuous\Audio\OD1\G93-45105-OD1-D3.6-21144.wav,998
-42.92156,28.151295,Mono_Continuous,OD1,C:\TCC\Reproduzir_artigo\data\GUITAR-FX\Mono_Continuous\Audio\OD1\G93-45200-OD1-D4.2-21152.wav,998
-45.469727,14.968916,Mono_Continuous,OD1,C:\TCC\Reproduzir_artigo\data\GUITAR-FX\Mono_Continuous\Audio\OD1\G93-47202-OD1-D7.7-21154.wav,998
-36.686073,30.469135,Mono_Continuous,OD1,C:\TCC\Reproduzir_artigo\data\GUITAR-FX\Mono_Continuous\Audio\OD1\G93-49109-OD1-D2.1-21148.wav,998
-36.636307,25.566267,Mono_Continuous,OD1,C:\TCC\Reproduzir_artigo\data\GUITAR-FX\Mono_Continuous\Audio\OD1\G93-49204-OD1-D4.2-21156.wav,998
-36.559395,25.454681,Mono_Continuous,OD1,C:\TCC\Reproduzir_artigo\data\GUITAR-FX\Mono_Continuous\Audio\OD1\G93-49204-OD1-D5.4-21156.wav,998
-35.513702,29.146181,Mono_Continuous,OD1,C:\TCC\Reproduzir_artigo\data\GUITAR-FX\Mono_Continuous\Audio\OD1\G93-50110-OD1-D2.1-21149.wav,998
-35.364643,28.286121,Mono_Continuous,OD1,C:\TCC\Reproduzir_artigo\data\GUITAR-FX\Mono_Continuous\Audio\OD1\G93-50110-OD1-D4.3-21149.wav,998
-44.46604,9.191263,Mono_Continuous,OD1,C:\TCC\Reproduzir_artigo\data\GUITAR-FX\Mono_Continuous\Audio\OD1\G93-50110-OD1-D9.7-21149.wav,998
-33.79434,28.97411,Mono_Continuous,OD1,C:\TCC\Reproduzir_artigo\data\GUITAR-FX\Mono_Continuous\Audio\OD1\G93-51111-OD1-D5.1-21150.wav,998
-36.030804,16.954601,Mono_Continuous,OD1,C:\TCC\Reproduzir_artigo\data\GUITAR-FX\Mono_Continuous\Audio\OD1\G93-51206-OD1-D4.1-21158.wav,998
-29.280062,27.73645,Mono_Continuous,OD1,C:\TCC\Reproduzir_artigo\data\GUITAR-FX\Mono_Continuous\Audio\OD1\G93-53208-OD1-D2.6-21160.wav,998
-18.156199,1.0588748,Mono_Continuous,OD1,C:\TCC\Reproduzir_artigo\data\GUITAR-FX\Mono_Continuous\Audio\OD1\G93-54304-OD1-D7.5-21169.wav,998
-10.158409,12.281152,Mono_Continuous,OD1,C:\TCC\Reproduzir_artigo\data\GUITAR-FX\Mono_Continuous\Audio\OD1\G93-56306-OD1-D3.8-21171.wav,998
5.644439,-3.6642842,Mono_Continuous,OD1,C:\TCC\Reproduzir_artigo\data\GUITAR-FX\Mono_Continuous\Audio\OD1\G93-57402-OD1-D2.4-21180.wav,998
10.79993,-7.1410184,Mono_Continuous,OD1,C:\TCC\Reproduzir_artigo\data\GUITAR-FX\Mono_Continuous\Audio\OD1\G93-58308-OD1-D5.1-21173.wav,998
11.152889,-7.951935,Mono_Continuous,OD1,C:\TCC\Reproduzir_artigo\data\GUITAR-FX\Mono_Continuous\Audio\OD1\G93-58308-OD1-D7-21173.wav,998
11.296909,-8.430494,Mono_Continuous,OD1,C:\TCC\Reproduzir_artigo\data\GUITAR-FX\Mono_Continuous\Audio\OD1\G93-58308-OD1-D9.4-21173.wav,998
4.9088745,1.81289,Mono_Continuous,OD1,C:\TCC\Reproduzir_artigo\data\GUITAR-FX\Mono_Continuous\Audio\OD1\G93-60310-OD1-D3.1-21175.wav,998
20.842474,-9.21237,Mono_Continuous,OD1,C:\TCC\Reproduzir_artigo\data\GUITAR-FX\Mono_Continuous\Audio\OD1\G93-62312-OD1-D5.6-21177.wav,998
36.511497,-24.89284,Mono_Continuous,OD1,C:\TCC\Reproduzir_artigo\data\GUITAR-FX\Mono_Continuous\Audio\OD1\G93-63504-OD1-D2.7-21195.wav,998
36.170433,-0.28375858,Mono_Continuous,OD1,C:\TCC\Reproduzir_artigo\data\GUITAR-FX\Mono_Continuous\Audio\OD1\G93-64505-OD1-D6.2-21196.wav,998
44.226776,-2.6192296,Mono_Continuous,OD1,C:\TCC\Reproduzir_artigo\data\GUITAR-FX\Mono_Continuous\Audio\OD1\G93-65506-OD1-D8.2-21197.wav,998
44.187317,-0.27633408,Mono_Continuous,OD1,C:\TCC\Reproduzir_artigo\data\GUITAR-FX\Mono_Continuous\Audio\OD1\G93-66507-OD1-D2.7-21198.wav,998
36.37304,-2.3978524,Mono_Continuous,OD1,C:\TCC\Reproduzir_artigo\data\GUITAR-FX\Mono_Continuous\Audio\OD1\G93-67412-OD1-D4.1-21190.wav,998
51.889988,5.99169,Mono_Continuous,OD1,C:\TCC\Reproduzir_artigo\data\GUITAR-FX\Mono_Continuous\Audio\OD1\G93-67508-OD1-D10-21199.wav,998
51.79909,6.0360894,Mono_Continuous,OD1,C:\TCC\Reproduzir_artigo\data\GUITAR-FX\Mono_Continuous\Audio\OD1\G93-67508-OD1-D9.2-21199.wav,998
69.63611,10.578622,Mono_Continuous,OD1,C:\TCC\Reproduzir_artigo\data\GUITAR-FX\Mono_Continuous\Audio\OD1\G93-68509-OD1-D9.9-21200.wav,998
49.808605,25.019733,Mono_Continuous,OD1,C:\TCC\Reproduzir_artigo\data\GUITAR-FX\Mono_Continuous\Audio\OD1\G93-70511-OD1-D3.9-21202.wav,998
58.778526,32.491203,Mono_Continuous,OD1,C:\TCC\Reproduzir_artigo\data\GUITAR-FX\Mono_Continuous\Audio\OD1\G93-70606-OD1-D8.8-21210.wav,998
43.408134,48.994205,Mono_Continuous,OD1,C:\TCC\Reproduzir_artigo\data\GUITAR-FX\Mono_Continuous\Audio\OD1\G93-75611-OD1-D2.7-21215.wav,998
53.07016,48.24986,Mono_Continuous,OD1,C:\TCC\Reproduzir_artigo\data\GUITAR-FX\Mono_Continuous\Audio\OD1\G93-75611-OD1-D8.2-21215.wav,998
-81.7921,2.9946876,Mono_Continuous,RAT,C:\TCC\Reproduzir_artigo\data\GUITAR-FX\Mono_Continuous\Audio\RAT\G61-45105-RAT-D7.6F10-20598.wav,998
-66.54075,-1.3763189,Mono_Continuous,RAT,C:\TCC\Reproduzir_artigo\data\GUITAR-FX\Mono_Continuous\Audio\RAT\G61-47202-RAT-D8.8F9.5-20608.wav,998
-81.5418,18.322414,Mono_Continuous,RAT,C:\TCC\Reproduzir_artigo\data\GUITAR-FX\Mono_Continuous\Audio\RAT\G61-48108-RAT-D2.3F9.6-20601.wav,998
-82.811386,18.313808,Mono_Continuous,RAT,C:\TCC\Reproduzir_artigo\data\GUITAR-FX\Mono_Continuous\Audio\RAT\G61-48108-RAT-D5.1F9.3-20601.wav,998
-82.98684,18.303873,Mono_Continuous,RAT,C:\TCC\Reproduzir_artigo\data\GUITAR-FX\Mono_Continuous\Audio\RAT\G61-48108-RAT-D8.2F7-20601.wav,998
-69.33811,4.0891013,Mono_Continuous,RAT,C:\TCC\Reproduzir_artigo\data\GUITAR-FX\Mono_Continuous\Audio\RAT\G61-49109-RAT-D6.6F3.2-20602.wav,998
-47.242527,6.672413,Mono_Continuous,RAT,C:\TCC\Reproduzir_artigo\data\GUITAR-FX\Mono_Continuous\Audio\RAT\G61-49204-RAT-D7.2F5-20610.wav,998
-47.251423,6.6849074,Mono_Continuous,RAT,C:\TCC\Reproduzir_artigo\data\GUITAR-FX\Mono_Continuous\Audio\RAT\G61-49204-RAT-D8.6F3.3-20610.wav,998
-42.89067,2.4986763,Mono_Continuous,RAT,C:\TCC\Reproduzir_artigo\data\GUITAR-FX\Mono_Continuous\Audio\RAT\G61-50300-RAT-D4.9F5.2-20619.wav,998
-79.04866,-31.89685,Mono_Continuous,RAT,C:\TCC\Reproduzir_artigo\data\GUITAR-FX\Mono_Continuous\Audio\RAT\G61-52112-RAT-D5.4F0.3-20605.wav,998
-28.041912,16.772627,Mono_Continuous,RAT,C:\TCC\Reproduzir_artigo\data\GUITAR-FX\Mono_Continuous\Audio\RAT\G61-52207-RAT-D2.6F5.4-20613.wav,998
-46.650833,6.181291,Mono_Continuous,RAT,C:\TCC\Reproduzir_artigo\data\GUITAR-FX\Mono_Continuous\Audio\RAT\G61-52207-RAT-D8.4F6.5-20613.wav,998
-51.908367,-41.4805,Mono_Continuous,RAT,C:\TCC\Reproduzir_artigo\data\GUITAR-FX\Mono_Continuous\Audio\RAT\G61-53208-RAT-D6.5F0.1-20614.wav,998
-32.261337,-7.557504,Mono_Continuous,RAT,C:\TCC\Reproduzir_artigo\data\GUITAR-FX\Mono_Continuous\Audio\RAT\G61-53303-RAT-D9.9F1.6-20622.wav,998
-29.04459,-8.948047,Mono_Continuous,RAT,C:\TCC\Reproduzir_artigo\data\GUITAR-FX\Mono_Continuous\Audio\RAT\G61-55210-RAT-D9.1F1.2-20616.wav,998
-25.41994,-27.54755,Mono_Continuous,RAT,C:\TCC\Reproduzir_artigo\data\GUITAR-FX\Mono_Continuous\Audio\RAT\G61-55305-RAT-D8.6F1.9-20624.wav,998
-19.83717,-39.072,Mono_Continuous,RAT,C:\TCC\Reproduzir_artigo\data\GUITAR-FX\Mono_Continuous\Audio\RAT\G61-56401-RAT-D8.4F6.5-20633.wav,998
-15.930541,-36.599,Mono_Continuous,RAT,C:\TCC\Reproduzir_artigo\data\GUITAR-FX\Mono_Continuous\Audio\RAT\G61-57307-RAT-D8F9.9-20626.wav,998
-18.639133,-49.969772,Mono_Continuous,RAT,C:\TCC\Reproduzir_artigo\data\GUITAR-FX\Mono_Continuous\Audio\RAT\G61-58308-RAT-D9.5F4.3-20627.wav,998
-4.700861,-17.550205,Mono_Continuous,RAT,C:\TCC\Reproduzir_artigo\data\GUITAR-FX\Mono_Continuous\Audio\RAT\G61-58403-RAT-D3.6F3.2-20635.wav,998
-11.30943,-46.414936,Mono_Continuous,RAT,C:\TCC\Reproduzir_artigo\data\GUITAR-FX\Mono_Continuous\Audio\RAT\G61-59309-RAT-D7.4F8.1-20628.wav,998
-11.340331,-46.397297,Mono_Continuous,RAT,C:\TCC\Reproduzir_artigo\data\GUITAR-FX\Mono_Continuous\Audio\RAT\G61-59309-RAT-D7.4F9.8-20628.wav,998
4.2535315,-40.15475,Mono_Continuous,RAT,C:\TCC\Reproduzir_artigo\data\GUITAR-FX\Mono_Continuous\Audio\RAT\G61-59404-RAT-D8F5.4-20636.wav,998
7.9747095,4.1814322,Mono_Continuous,RAT,C:\TCC\Reproduzir_artigo\data\GUITAR-FX\Mono_Continuous\Audio\RAT\G61-60310-RAT-D3.1F2.2-20629.wav,998
8.409624,-33.930626,Mono_Continuous,RAT,C:\TCC\Reproduzir_artigo\data\GUITAR-FX\Mono_Continuous\Audio\RAT\G61-60501-RAT-D4.8F9.9-20646.wav,998
8.207827,-34.668247,Mono_Continuous,RAT,C:\TCC\Reproduzir_artigo\data\GUITAR-FX\Mono_Continuous\Audio\RAT\G61-60501-RAT-D8.1F4.6-20646.wav,998
20.537577,-19.464767,Mono_Continuous,RAT,C:\TCC\Reproduzir_artigo\data\GUITAR-FX\Mono_Continuous\Audio\RAT\G61-62312-RAT-D5.1F4.4-20631.wav,998
29.196508,-22.82344,Mono_Continuous,RAT,C:\TCC\Reproduzir_artigo\data\GUITAR-FX\Mono_Continuous\Audio\RAT\G61-62407-RAT-D2.7F0-20639.wav,998
25.698917,-17.993786,Mono_Continuous,RAT,C:\TCC\Reproduzir_artigo\data\GUITAR-FX\Mono_Continuous\Audio\RAT\G61-62503-RAT-D4.9F8.6-20648.wav,998
36.957333,-22.341253,Mono_Continuous,RAT,C:\TCC\Reproduzir_artigo\data\GUITAR-FX\Mono_Continuous\Audio\RAT\G61-63408-RAT-D2.5F8.3-20640.wav,998
43.11633,-33.491005,Mono_Continuous,RAT,C:\TCC\Reproduzir_artigo\data\GUITAR-FX\Mono_Continuous\Audio\RAT\G61-63408-RAT-D6.8F0.3-20640.wav,998
42.95815,-27.745827,Mono_Continuous,RAT,C:\TCC\Reproduzir_artigo\data\GUITAR-FX\Mono_Continuous\Audio\RAT\G61-63504-RAT-D8.2F7.6-20649.wav,998
41.6979,-9.67256,Mono_Continuous,RAT,C:\TCC\Reproduzir_artigo\data\GUITAR-FX\Mono_Continuous\Audio\RAT\G61-64409-RAT-D3.3F6.5-20641.wav,998
49.957733,-24.964148,Mono_Continuous,RAT,C:\TCC\Reproduzir_artigo\data\GUITAR-FX\Mono_Continuous\Audio\RAT\G61-65506-RAT-D3.8F4.6-20651.wav,998
55.106834,-20.316496,Mono_Continuous,RAT,C:\TCC\Reproduzir_artigo\data\GUITAR-FX\Mono_Continuous\Audio\RAT\G61-65601-RAT-D8.1F3.5-20659.wav,998
54.487843,-19.345913,Mono_Continuous,RAT,C:\TCC\Reproduzir_artigo\data\GUITAR-FX\Mono_Continuous\Audio\RAT\G61-65601-RAT-D9.9F8.3-20659.wav,998
71.94208,15.388489,Mono_Continuous,RAT,C:\TCC\Reproduzir_artigo\data\GUITAR-FX\Mono_Continuous\Audio\RAT\G61-68509-RAT-D6.8F4-20654.wav,998
58.413982,44.46573,Mono_Continuous,RAT,C:\TCC\Reproduzir_artigo\data\GUITAR-FX\Mono_Continuous\Audio\RAT\G61-70606-RAT-D7.8F6.4-20664.wav,998
40.49139,47.350334,Mono_Continuous,RAT,C:\TCC\Reproduzir_artigo\data\GUITAR-FX\Mono_Continuous\Audio\RAT\G61-73609-RAT-D2.9F6-20667.wav,998
47.538116,57.632477,Mono_Continuous,RAT,C:\TCC\Reproduzir_artigo\data\GUITAR-FX\Mono_Continuous\Audio\RAT\G61-73609-RAT-D7F8.5-20667.wav,998
41.24911,58.51412,Mono_Continuous,RAT,C:\TCC\Reproduzir_artigo\data\GUITAR-FX\Mono_Continuous\Audio\RAT\G61-74610-RAT-D6.8F7.4-20668.wav,998
-79.89688,-0.29875377,Mono_Continuous,RAT,C:\TCC\Reproduzir_artigo\data\GUITAR-FX\Mono_Continuous\Audio\RAT\G63-42102-RAT-D7.7F8.3-20673.wav,998
-79.99134,-0.2555935,Mono_Continuous,RAT,C:\TCC\Reproduzir_artigo\data\GUITAR-FX\Mono_Continuous\Audio\RAT\G63-42102-RAT-D9.9F6.1-20673.wav,998
-78.41282,2.8223815,Mono_Continuous,RAT,C:\TCC\Reproduzir_artigo\data\GUITAR-FX\Mono_Continuous\Audio\RAT\G63-44104-RAT-D4.9F9.5-20675.wav,998
-70.088455,-3.133351,Mono_Continuous,RAT,C:\TCC\Reproduzir_artigo\data\GUITAR-FX\Mono_Continuous\Audio\RAT\G63-48108-RAT-D9.2F1.5-20679.wav,998
-32.464798,-3.0082958,Mono_Continuous,RAT,C:\TCC\Reproduzir_artigo\data\GUITAR-FX\Mono_Continuous\Audio\RAT\G63-53303-RAT-D8.3F2.7-20700.wav,998
-32.529343,-3.079962,Mono_Continuous,RAT,C:\TCC\Reproduzir_artigo\data\GUITAR-FX\Mono_Continuous\Audio\RAT\G63-53303-RAT-D9.8F4.1-20700.wav,998
-20.461372,-11.632255,Mono_Continuous,RAT,C:\TCC\Reproduzir_artigo\data\GUITAR-FX\Mono_Continuous\Audio\RAT\G63-54209-RAT-D3.7F4.5-20693.wav,998
-12.3945465,-3.6465266,Mono_Continuous,RAT,C:\TCC\Reproduzir_artigo\data\GUITAR-FX\Mono_Continuous\Audio\RAT\G63-56306-RAT-D6.8F5-20703.wav,998
-2.0559347,2.5791879,Mono_Continuous,RAT,C:\TCC\Reproduzir_artigo\data\GUITAR-FX\Mono_Continuous\Audio\RAT\G63-57307-RAT-D2.1F6.5-20704.wav,998
-1.7962221,-22.796803,Mono_Continuous,RAT,C:\TCC\Reproduzir_artigo\data\GUITAR-FX\Mono_Continuous\Audio\RAT\G63-57402-RAT-D3.1F5.8-20712.wav,998
8.690429,-25.056486,Mono_Continuous,RAT,C:\TCC\Reproduzir_artigo\data\GUITAR-FX\Mono_Continuous\Audio\RAT\G63-59500-RAT-D3.2F4.2-20723.wav,998
23.613548,-40.040936,Mono_Continuous,RAT,C:\TCC\Reproduzir_artigo\data\GUITAR-FX\Mono_Continuous\Audio\RAT\G63-61406-RAT-D6F7.3-20716.wav,998
66.86263,-11.327958,Mono_Continuous,RAT,C:\TCC\Reproduzir_artigo\data\GUITAR-FX\Mono_Continuous\Audio\RAT\G63-66411-RAT-D8.3F6.3-20721.wav,998
69.13073,-11.957056,Mono_Continuous,RAT,C:\TCC\Reproduzir_artigo\data\GUITAR-FX\Mono_Continuous\Audio\RAT\G63-66507-RAT-D3.8F5.5-20730.wav,998
66.940506,-11.737329,Mono_Continuous,RAT,C:\TCC\Reproduzir_artigo\data\GUITAR-FX\Mono_Continuous\Audio\RAT\G63-66507-RAT-D8F8.7-20730.wav,998
69.595505,-14.543654,Mono_Continuous,RAT,C:\TCC\Reproduzir_artigo\data\GUITAR-FX\Mono_Continuous\Audio\RAT\G63-66602-RAT-D6F4.6-20738.wav,998
69.079834,-13.984326,Mono_Continuous,RAT,C:\TCC\Reproduzir_artigo\data\GUITAR-FX\Mono_Continuous\Audio\RAT\G63-66602-RAT-D8.4F7.4-20738.wav,998
66.93752,27.233995,Mono_Continuous,RAT,C:\TCC\Reproduzir_artigo\data\GUITAR-FX\Mono_Continuous\Audio\RAT\G63-68604-RAT-D8.9F0.1-20740.wav,998
57.456264,38.835323,Mono_Continuous,RAT,C:\TCC\Reproduzir_artigo\data\GUITAR-FX\Mono_Continuous\Audio\RAT\G63-70606-RAT-D4.9F3.7-20742.wav,998
66.27662,53.766384,Mono_Continuous,RAT,C:\TCC\Reproduzir_artigo\data\GUITAR-FX\Mono_Continuous\Audio\RAT\G63-71512-RAT-D8.7F1.8-20735.wav,998
47.39123,53.516598,Mono_Continuous,RAT,C:\TCC\Reproduzir_artigo\data\GUITAR-FX\Mono_Continuous\Audio\RAT\G63-75611-RAT-D4.5F8-20747.wav,998
-79.03097,-0.13884543,Mono_Continuous,RAT,C:\TCC\Reproduzir_artigo\data\GUITAR-FX\Mono_Continuous\Audio\RAT\G71-42102-RAT-D9.2F5.5-20751.wav,998
-61.423668,0.7982058,Mono_Continuous,RAT,C:\TCC\Reproduzir_artigo\data\GUITAR-FX\Mono_Continuous\Audio\RAT\G71-45200-RAT-D2.8F6.2-20762.wav,998
-63.21853,20.52357,Mono_Continuous,RAT,C:\TCC\Reproduzir_artigo\data\GUITAR-FX\Mono_Continuous\Audio\RAT\G71-48108-RAT-D4.6F9.2-20757.wav,998
-59.281227,1.6897897,Mono_Continuous,RAT,C:\TCC\Reproduzir_artigo\data\GUITAR-FX\Mono_Continuous\Audio\RAT\G71-48203-RAT-D2.8F8.8-20765.wav,998
-57.413807,14.025418,Mono_Continuous,RAT,C:\TCC\Reproduzir_artigo\data\GUITAR-FX\Mono_Continuous\Audio\RAT\G71-49109-RAT-D2.5F1-20758.wav,998
-42.685448,-11.625521,Mono_Continuous,RAT,C:\TCC\Reproduzir_artigo\data\GUITAR-FX\Mono_Continuous\Audio\RAT\G71-49204-RAT-D8.9F1.7-20766.wav,998
-42.437363,6.0754843,Mono_Continuous,RAT,C:\TCC\Reproduzir_artigo\data\GUITAR-FX\Mono_Continuous\Audio\RAT\G71-50205-RAT-D3.4F3-20767.wav,998
-43.139954,2.1369143,Mono_Continuous,RAT,C:\TCC\Reproduzir_artigo\data\GUITAR-FX\Mono_Continuous\Audio\RAT\G71-50205-RAT-D7.9F5.2-20767.wav,998
-30.947578,-28.06377,Mono_Continuous,RAT,C:\TCC\Reproduzir_artigo\data\GUITAR-FX\Mono_Continuous\Audio\RAT\G71-51301-RAT-D6.2F0.3-20776.wav,998
-31.534376,-4.3927574,Mono_Continuous,RAT,C:\TCC\Reproduzir_artigo\data\GUITAR-FX\Mono_Continuous\Audio\RAT\G71-53303-RAT-D5.4F6.9-20778.wav,998
-27.52359,-29.699543,Mono_Continuous,RAT,C:\TCC\Reproduzir_artigo\data\GUITAR-FX\Mono_Continuous\Audio\RAT\G71-54304-RAT-D7.3F8.4-20779.wav,998
-21.82129,-35.757984,Mono_Continuous,RAT,C:\TCC\Reproduzir_artigo\data\GUITAR-FX\Mono_Continuous\Audio\RAT\G71-56306-RAT-D4F6.5-20781.wav,998
8.383994,-45.255333,Mono_Continuous,RAT,C:\TCC\Reproduzir_artigo\data\GUITAR-FX\Mono_Continuous\Audio\RAT\G71-59404-RAT-D8.3F1.3-20792.wav,998
4.040347,-38.219406,Mono_Continuous,RAT,C:\TCC\Reproduzir_artigo\data\GUITAR-FX\Mono_Continuous\Audio\RAT\G71-59500-RAT-D3F9.5-20801.wav,998
4.0860124,-38.37676,Mono_Continuous,RAT,C:\TCC\Reproduzir_artigo\data\GUITAR-FX\Mono_Continuous\Audio\RAT\G71-59500-RAT-D7.1F6.5-20801.wav,998
16.403124,-29.823517,Mono_Continuous,RAT,C:\TCC\Reproduzir_artigo\data\GUITAR-FX\Mono_Continuous\Audio\RAT\G71-62312-RAT-D3.5F3.3-20787.wav,998
42.839985,-30.64092,Mono_Continuous,RAT,C:\TCC\Reproduzir_artigo\data\GUITAR-FX\Mono_Continuous\Audio\RAT\G71-63408-RAT-D7F3.5-20796.wav,998
44.810577,-24.638453,Mono_Continuous,RAT,C:\TCC\Reproduzir_artigo\data\GUITAR-FX\Mono_Continuous\Audio\RAT\G71-63504-RAT-D2.3F3.7-20805.wav,998
44.935947,-25.060629,Mono_Continuous,RAT,C:\TCC\Reproduzir_artigo\data\GUITAR-FX\Mono_Continuous\Audio\RAT\G71-63504-RAT-D4.2F7.6-20805.wav,998
57.718803,-18.291315,Mono_Continuous,RAT,C:\TCC\Reproduzir_artigo\data\GUITAR-FX\Mono_Continuous\Audio\RAT\G71-63504-RAT-D8.5F2.3-20805.wav,998
58.556995,-17.541315,Mono_Continuous,RAT,C:\TCC\Reproduzir_artigo\data\GUITAR-FX\Mono_Continuous\Audio\RAT\G71-64600-RAT-D3.9F2-20814.wav,998
58.53315,-21.875069,Mono_Continuous,RAT,C:\TCC\Reproduzir_artigo\data\GUITAR-FX\Mono_Continuous\Audio\RAT\G71-65601-RAT-D3.8F5.3-20815.wav,998
68.43494,-13.716802,Mono_Continuous,RAT,C:\TCC\Reproduzir_artigo\data\GUITAR-FX\Mono_Continuous\Audio\RAT\G71-66507-RAT-D9.5F9-20808.wav,998
69.35701,22.336964,Mono_Continuous,RAT,C:\TCC\Reproduzir_artigo\data\GUITAR-FX\Mono_Continuous\Audio\RAT\G71-68509-RAT-D2.3F5.8-20810.wav,998
57.116947,44.199883,Mono_Continuous,RAT,C:\TCC\Reproduzir_artigo\data\GUITAR-FX\Mono_Continuous\Audio\RAT\G71-70511-RAT-D8.8F5.7-20812.wav,998
57.866463,44.26781,Mono_Continuous,RAT,C:\TCC\Reproduzir_artigo\data\GUITAR-FX\Mono_Continuous\Audio\RAT\G71-70606-RAT-D8.4F1.7-20820.wav,998
47.72903,56.85911,Mono_Continuous,RAT,C:\TCC\Reproduzir_artigo\data\GUITAR-FX\Mono_Continuous\Audio\RAT\G71-73609-RAT-D8.1F1.9-20823.wav,998
46.82106,54.33384,Mono_Continuous,RAT,C:\TCC\Reproduzir_artigo\data\GUITAR-FX\Mono_Continuous\Audio\RAT\G71-75611-RAT-D7.4F3.7-20825.wav,998
-76.00566,-0.33074734,Mono_Continuous,RAT,C:\TCC\Reproduzir_artigo\data\GUITAR-FX\Mono_Continuous\Audio\RAT\G73-40100-RAT-D7.5F4.5-20827.wav,998
-73.14491,0.36505857,Mono_Continuous,RAT,C:\TCC\Reproduzir_artigo\data\GUITAR-FX\Mono_Continuous\Audio\RAT\G73-44104-RAT-D8.5F1.3-20831.wav,998
-70.921814,1.0183127,Mono_Continuous,RAT,C:\TCC\Reproduzir_artigo\data\GUITAR-FX\Mono_Continuous\Audio\RAT\G73-45105-RAT-D5.2F1.8-20832.wav,998
-70.62035,1.1594322,Mono_Continuous,RAT,C:\TCC\Reproduzir_artigo\data\GUITAR-FX\Mono_Continuous\Audio\RAT\G73-45105-RAT-D5.7F7.9-20832.wav,998
-72.08226,0.56691146,Mono_Continuous,RAT,C:\TCC\Reproduzir_artigo\data\GUITAR-FX\Mono_Continuous\Audio\RAT\G73-45105-RAT-D8.9F1.4-20832.wav,998
-60.00712,-4.67096,Mono_Continuous,RAT,C:\TCC\Reproduzir_artigo\data\GUITAR-FX\Mono_Continuous\Audio\RAT\G73-46201-RAT-D7.5F0.5-20841.wav,998
-65.514015,5.3342547,Mono_Continuous,RAT,C:\TCC\Reproduzir_artigo\data\GUITAR-FX\Mono_Continuous\Audio\RAT\G73-49109-RAT-D4.3F8.9-20836.wav,998
-47.265278,4.6060386,Mono_Continuous,RAT,C:\TCC\Reproduzir_artigo\data\GUITAR-FX\Mono_Continuous\Audio\RAT\G73-50110-RAT-D4.8F4.1-20837.wav,998
-37.534874,0.6032812,Mono_Continuous,RAT,C:\TCC\Reproduzir_artigo\data\GUITAR-FX\Mono_Continuous\Audio\RAT\G73-50300-RAT-D2.5F3.1-20853.wav,998
-37.53628,0.6206873,Mono_Continuous,RAT,C:\TCC\Reproduzir_artigo\data\GUITAR-FX\Mono_Continuous\Audio\RAT\G73-50300-RAT-D2.5F7.3-20853.wav,998
-31.782097,-1.8606244,Mono_Continuous,RAT,C:\TCC\Reproduzir_artigo\data\GUITAR-FX\Mono_Continuous\Audio\RAT\G73-53303-RAT-D6.6F6.6-20856.wav,998
-18.479174,-25.4783,Mono_Continuous,RAT,C:\TCC\Reproduzir_artigo\data\GUITAR-FX\Mono_Continuous\Audio\RAT\G73-55400-RAT-D2.5F3.4-20866.wav,998
-18.463427,-25.55155,Mono_Continuous,RAT,C:\TCC\Reproduzir_artigo\data\GUITAR-FX\Mono_Continuous\Audio\RAT\G73-55400-RAT-D3.3F3.8-20866.wav,998
-18.376112,-25.51484,Mono_Continuous,RAT,C:\TCC\Reproduzir_artigo\data\GUITAR-FX\Mono_Continuous\Audio\RAT\G73-55400-RAT-D3.8F7.2-20866.wav,998
-11.917532,-2.457292,Mono_Continuous,RAT,C:\TCC\Reproduzir_artigo\data\GUITAR-FX\Mono_Continuous\Audio\RAT\G73-56211-RAT-D6.1F7.5-20851.wav,998
-7.026709,-21.042553,Mono_Continuous,RAT,C:\TCC\Reproduzir_artigo\data\GUITAR-FX\Mono_Continuous\Audio\RAT\G73-57212-RAT-D4.7F3.8-20852.wav,998
-7.1553593,-21.204895,Mono_Continuous,RAT,C:\TCC\Reproduzir_artigo\data\GUITAR-FX\Mono_Continuous\Audio\RAT\G73-57212-RAT-D5.5F0.6-20852.wav,998
-2.6644049,-25.670954,Mono_Continuous,RAT,C:\TCC\Reproduzir_artigo\data\GUITAR-FX\Mono_Continuous\Audio\RAT\G73-57402-RAT-D2.3F1-20868.wav,998
-2.7059624,-25.725475,Mono_Continuous,RAT,C:\TCC\Reproduzir_artigo\data\GUITAR-FX\Mono_Continuous\Audio\RAT\G73-57402-RAT-D3.5F2.6-20868.wav,998
-0.77742916,-19.568508,Mono_Continuous,RAT,C:\TCC\Reproduzir_artigo\data\GUITAR-FX\Mono_Continuous\Audio\RAT\G73-58308-RAT-D5.5F9.3-20861.wav,998
-8.124712,-31.790583,Mono_Continuous,RAT,C:\TCC\Reproduzir_artigo\data\GUITAR-FX\Mono_Continuous\Audio\RAT\G73-59404-RAT-D5.2F1.2-20870.wav,998
8.096648,-35.135384,Mono_Continuous,RAT,C:\TCC\Reproduzir_artigo\data\GUITAR-FX\Mono_Continuous\Audio\RAT\G73-60310-RAT-D9.7F4.6-20863.wav,998
11.457332,-45.550713,Mono_Continuous,RAT,C:\TCC\Reproduzir_artigo\data\GUITAR-FX\Mono_Continuous\Audio\RAT\G73-60501-RAT-D7.3F1.3-20880.wav,998
11.643142,-44.478745,Mono_Continuous,RAT,C:\TCC\Reproduzir_artigo\data\GUITAR-FX\Mono_Continuous\Audio\RAT\G73-60501-RAT-D9F7.5-20880.wav,998
28.5418,-26.866283,Mono_Continuous,RAT,C:\TCC\Reproduzir_artigo\data\GUITAR-FX\Mono_Continuous\Audio\RAT\G73-62407-RAT-D3.1F0.6-20873.wav,998
18.370865,-52.818024,Mono_Continuous,RAT,C:\TCC\Reproduzir_artigo\data\GUITAR-FX\Mono_Continuous\Audio\RAT\G73-62503-RAT-D7F0.7-20882.wav,998
43.937958,-28.249054,Mono_Continuous,RAT,C:\TCC\Reproduzir_artigo\data\GUITAR-FX\Mono_Continuous\Audio\RAT\G73-63504-RAT-D7.9F3.6-20883.wav,998
37.42645,-14.633029,Mono_Continuous,RAT,C:\TCC\Reproduzir_artigo\data\GUITAR-FX\Mono_Continuous\Audio\RAT\G73-65410-RAT-D4.8F8.7-20876.wav,998
56.1803,-19.240948,Mono_Continuous,RAT,C:\TCC\Reproduzir_artigo\data\GUITAR-FX\Mono_Continuous\Audio\RAT\G73-65506-RAT-D9.9F2-20885.wav,998
69.10444,-15.862537,Mono_Continuous,RAT,C:\TCC\Reproduzir_artigo\data\GUITAR-FX\Mono_Continuous\Audio\RAT\G73-66507-RAT-D4.5F7-20886.wav,998
55.111458,3.8810215,Mono_Continuous,RAT,C:\TCC\Reproduzir_artigo\data\GUITAR-FX\Mono_Continuous\Audio\RAT\G73-67508-RAT-D8.1F9.7-20887.wav,998
55.238583,3.8253624,Mono_Continuous,RAT,C:\TCC\Reproduzir_artigo\data\GUITAR-FX\Mono_Continuous\Audio\RAT\G73-67508-RAT-D8.9F9-20887.wav,998
49.305748,13.039451,Mono_Continuous,RAT,C:\TCC\Reproduzir_artigo\data\GUITAR-FX\Mono_Continuous\Audio\RAT\G73-67603-RAT-D2.1F6.7-20895.wav,998
46.1656,56.205753,Mono_Continuous,RAT,C:\TCC\Reproduzir_artigo\data\GUITAR-FX\Mono_Continuous\Audio\RAT\G73-72608-RAT-D9F5.2-20900.wav,998
47.041702,55.362473,Mono_Continuous,RAT,C:\TCC\Reproduzir_artigo\data\GUITAR-FX\Mono_Continuous\Audio\RAT\G73-75611-RAT-D7F3.5-20903.wav,998
26.646648,61.606766,Mono_Continuous,RAT,C:\TCC\Reproduzir_artigo\data\GUITAR-FX\Mono_Continuous\Audio\RAT\G73-76612-RAT-D7.8F3.3-20904.wav,998
-70.28198,-17.908686,Mono_Continuous,RAT,C:\TCC\Reproduzir_artigo\data\GUITAR-FX\Mono_Continuous\Audio\RAT\G81-43103-RAT-D2.6F0.8-20908.wav,998
-74.65803,-19.973984,Mono_Continuous,RAT,C:\TCC\Reproduzir_artigo\data\GUITAR-FX\Mono_Continuous\Audio\RAT\G81-43103-RAT-D7.3F1.2-20908.wav,998
-50.731873,8.390011,Mono_Continuous,RAT,C:\TCC\Reproduzir_artigo\data\GUITAR-FX\Mono_Continuous\Audio\RAT\G81-45200-RAT-D5.9F9.4-20918.wav,998
-70.26986,-17.636885,Mono_Continuous,RAT,C:\TCC\Reproduzir_artigo\data\GUITAR-FX\Mono_Continuous\Audio\RAT\G81-47107-RAT-D3.1F2.9-20912.wav,998
-58.94572,10.578478,Mono_Continuous,RAT,C:\TCC\Reproduzir_artigo\data\GUITAR-FX\Mono_Continuous\Audio\RAT\G81-47202-RAT-D7.5F9-20920.wav,998
-69.488205,-17.824339,Mono_Continuous,RAT,C:\TCC\Reproduzir_artigo\data\GUITAR-FX\Mono_Continuous\Audio\RAT\G81-48108-RAT-D3.2F0.3-20913.wav,998
-64.13745,-38.924297,Mono_Continuous,RAT,C:\TCC\Reproduzir_artigo\data\GUITAR-FX\Mono_Continuous\Audio\RAT\G81-51111-RAT-D9.4F9.7-20916.wav,998
-30.873552,18.186308,Mono_Continuous,RAT,C:\TCC\Reproduzir_artigo\data\GUITAR-FX\Mono_Continuous\Audio\RAT\G81-51206-RAT-D3F6.8-20924.wav,998
-34.403522,-7.8436246,Mono_Continuous,RAT,C:\TCC\Reproduzir_artigo\data\GUITAR-FX\Mono_Continuous\Audio\RAT\G81-51301-RAT-D9F6.5-20932.wav,998
-28.342525,18.554865,Mono_Continuous,RAT,C:\TCC\Reproduzir_artigo\data\GUITAR-FX\Mono_Continuous\Audio\RAT\G81-52207-RAT-D4.3F3.7-20925.wav,998
-45.175587,-38.299374,Mono_Continuous,RAT,C:\TCC\Reproduzir_artigo\data\GUITAR-FX\Mono_Continuous\Audio\RAT\G81-52302-RAT-D7.9F8.5-20933.wav,998
-24.160845,19.013098,Mono_Continuous,RAT,C:\TCC\Reproduzir_artigo\data\GUITAR-FX\Mono_Continuous\Audio\RAT\G81-53208-RAT-D5.5F2.3-20926.wav,998
-15.560875,19.590178,Mono_Continuous,RAT,C:\TCC\Reproduzir_artigo\data\GUITAR-FX\Mono_Continuous\Audio\RAT\G81-54209-RAT-D3.6F6.9-20927.wav,998
-45.07044,-37.348377,Mono_Continuous,RAT,C:\TCC\Reproduzir_artigo\data\GUITAR-FX\Mono_Continuous\Audio\RAT\G81-55305-RAT-D8F6.1-20936.wav,998
-14.214101,-11.615442,Mono_Continuous,RAT,C:\TCC\Reproduzir_artigo\data\GUITAR-FX\Mono_Continuous\Audio\RAT\G81-56211-RAT-D5.2F6-20929.wav,998
-13.8517065,-12.385324,Mono_Continuous,RAT,C:\TCC\Reproduzir_artigo\data\GUITAR-FX\Mono_Continuous\Audio\RAT\G81-56211-RAT-D8.4F2.6-20929.wav,998
-3.3690047,-13.312904,Mono_Continuous,RAT,C:\TCC\Reproduzir_artigo\data\GUITAR-FX\Mono_Continuous\Audio\RAT\G81-56401-RAT-D5.7F5.4-20945.wav,998
-9.394192,19.683264,Mono_Continuous,RAT,C:\TCC\Reproduzir_artigo\data\GUITAR-FX\Mono_Continuous\Audio\RAT\G81-57212-RAT-D6.2F9.6-20930.wav,998
-16.269957,-34.08867,Mono_Continuous,RAT,C:\TCC\Reproduzir_artigo\data\GUITAR-FX\Mono_Continuous\Audio\RAT\G81-57402-RAT-D9.2F9.5-20946.wav,998
-1.004715,-37.25129,Mono_Continuous,RAT,C:\TCC\Reproduzir_artigo\data\GUITAR-FX\Mono_Continuous\Audio\RAT\G81-58403-RAT-D4.9F8.6-20947.wav,998
10.377369,-44.484985,Mono_Continuous,RAT,C:\TCC\Reproduzir_artigo\data\GUITAR-FX\Mono_Continuous\Audio\RAT\G81-59500-RAT-D9.7F3.3-20957.wav,998
-0.13303325,-11.095401,Mono_Continuous,RAT,C:\TCC\Reproduzir_artigo\data\GUITAR-FX\Mono_Continuous\Audio\RAT\G81-60405-RAT-D3.9F3.9-20949.wav,998
-8.180107,-35.885525,Mono_Continuous,RAT,C:\TCC\Reproduzir_artigo\data\GUITAR-FX\Mono_Continuous\Audio\RAT\G81-60405-RAT-D5.7F0.6-20949.wav,998
31.93197,-11.67719,Mono_Continuous,RAT,C:\TCC\Reproduzir_artigo\data\GUITAR-FX\Mono_Continuous\Audio\RAT\G81-61406-RAT-D7.2F7.4-20950.wav,998
25.697607,-15.768398,Mono_Continuous,RAT,C:\TCC\Reproduzir_artigo\data\GUITAR-FX\Mono_Continuous\Audio\RAT\G81-62503-RAT-D2.9F8.1-20960.wav,998
34.99823,-16.561401,Mono_Continuous,RAT,C:\TCC\Reproduzir_artigo\data\GUITAR-FX\Mono_Continuous\Audio\RAT\G81-63408-RAT-D6.6F4.9-20952.wav,998
40.6115,-11.912873,Mono_Continuous,RAT,C:\TCC\Reproduzir_artigo\data\GUITAR-FX\Mono_Continuous\Audio\RAT\G81-64409-RAT-D6.1F7.4-20953.wav,998
40.615944,-12.706384,Mono_Continuous,RAT,C:\TCC\Reproduzir_artigo\data\GUITAR-FX\Mono_Continuous\Audio\RAT\G81-64409-RAT-D9.1F2-20953.wav,998
40.189724,-13.468002,Mono_Continuous,RAT,C:\TCC\Reproduzir_artigo\data\GUITAR-FX\Mono_Continuous\Audio\RAT\G81-66411-RAT-D8.5F9-20955.wav,998
49.91023,58.88125,Mono_Continuous,RAT,C:\TCC\Reproduzir_artigo\data\GUITAR-FX\Mono_Continuous\Audio\RAT\G81-73609-RAT-D4.9F4.9-20979.wav,998
49.86236,59.110214,Mono_Continuous,RAT,C:\TCC\Reproduzir_artigo\data\GUITAR-FX\Mono_Continuous\Audio\RAT\G81-73609-RAT-D8.2F2.8-20979.wav,998
51.469215,61.678795,Mono_Continuous,RAT,C:\TCC\Reproduzir_artigo\data\GUITAR-FX\Mono_Continuous\Audio\RAT\G81-74610-RAT-D9.6F9.2-20980.wav,998
49.50177,46.45097,Mono_Continuous,RAT,C:\TCC\Reproduzir_artigo\data\GUITAR-FX\Mono_Continuous\Audio\RAT\G81-75611-RAT-D2.6F7.9-20981.wav,998
-76.004005,8.177024,Mono_Continuous,RAT,C:\TCC\Reproduzir_artigo\data\GUITAR-FX\Mono_Continuous\Audio\RAT\G83-40100-RAT-D4.6F5.2-20983.wav,998
-77.95333,-0.870424,Mono_Continuous,RAT,C:\TCC\Reproduzir_artigo\data\GUITAR-FX\Mono_Continuous\Audio\RAT\G83-41101-RAT-D8.9F8-20984.wav,998
-75.37272,-4.606804,Mono_Continuous,RAT,C:\TCC\Reproduzir_artigo\data\GUITAR-FX\Mono_Continuous\Audio\RAT\G83-43103-RAT-D6.8F3.8-20986.wav,998
-75.41088,-4.513041,Mono_Continuous,RAT,C:\TCC\Reproduzir_artigo\data\GUITAR-FX\Mono_Continuous\Audio\RAT\G83-43103-RAT-D7.9F2.6-20986.wav,998
-50.0711,6.011719,Mono_Continuous,RAT,C:\TCC\Reproduzir_artigo\data\GUITAR-FX\Mono_Continuous\Audio\RAT\G83-45200-RAT-D8.4F4-20996.wav,998
-62.375862,-2.7417467,Mono_Continuous,RAT,C:\TCC\Reproduzir_artigo\data\GUITAR-FX\Mono_Continuous\Audio\RAT\G83-46106-RAT-D7.6F1.9-20989.wav,998
-47.26402,0.52115977,Mono_Continuous,RAT,C:\TCC\Reproduzir_artigo\data\GUITAR-FX\Mono_Continuous\Audio\RAT\G83-49204-RAT-D5.4F3.5-21000.wav,998
-48.093353,1.851598,Mono_Continuous,RAT,C:\TCC\Reproduzir_artigo\data\GUITAR-FX\Mono_Continuous\Audio\RAT\G83-50110-RAT-D8.1F3.3-20993.wav,998
-43.843544,5.6034994,Mono_Continuous,RAT,C:\TCC\Reproduzir_artigo\data\GUITAR-FX\Mono_Continuous\Audio\RAT\G83-50205-RAT-D3.6F2.5-21001.wav,998
-46.029404,-14.941811,Mono_Continuous,RAT,C:\TCC\Reproduzir_artigo\data\GUITAR-FX\Mono_Continuous\Audio\RAT\G83-50300-RAT-D3.1F0.3-21009.wav,998
-34.314217,-1.7313265,Mono_Continuous,RAT,C:\TCC\Reproduzir_artigo\data\GUITAR-FX\Mono_Continuous\Audio\RAT\G83-50300-RAT-D8.7F2.6-21009.wav,998
-39.606564,-13.761386,Mono_Continuous,RAT,C:\TCC\Reproduzir_artigo\data\GUITAR-FX\Mono_Continuous\Audio\RAT\G83-52302-RAT-D3.1F1.2-21011.wav,998
-35.679123,-5.5812683,Mono_Continuous,RAT,C:\TCC\Reproduzir_artigo\data\GUITAR-FX\Mono_Continuous\Audio\RAT\G83-53208-RAT-D8.2F8.4-21004.wav,998
-26.30296,-14.328029,Mono_Continuous,RAT,C:\TCC\Reproduzir_artigo\data\GUITAR-FX\Mono_Continuous\Audio\RAT\G83-55210-RAT-D5.6F1.3-21006.wav,998
-1.8092486,-29.349182,Mono_Continuous,RAT,C:\TCC\Reproduzir_artigo\data\GUITAR-FX\Mono_Continuous\Audio\RAT\G83-56401-RAT-D6F6.9-21023.wav,998
-2.2264504,2.6563768,Mono_Continuous,RAT,C:\TCC\Reproduzir_artigo\data\GUITAR-FX\Mono_Continuous\Audio\RAT\G83-57307-RAT-D3F4.3-21016.wav,998
7.334376,-5.6692505,Mono_Continuous,RAT,C:\TCC\Reproduzir_artigo\data\GUITAR-FX\Mono_Continuous\Audio\RAT\G83-57402-RAT-D2.2F6.1-21024.wav,998
-12.227594,-33.80926,Mono_Continuous,RAT,C:\TCC\Reproduzir_artigo\data\GUITAR-FX\Mono_Continuous\Audio\RAT\G83-57402-RAT-D6.7F9.4-21024.wav,998
-12.323487,-33.854687,Mono_Continuous,RAT,C:\TCC\Reproduzir_artigo\data\GUITAR-FX\Mono_Continuous\Audio\RAT\G83-57402-RAT-D7.4F6.7-21024.wav,998
-1.3541273,-31.65522,Mono_Continuous,RAT,C:\TCC\Reproduzir_artigo\data\GUITAR-FX\Mono_Continuous\Audio\RAT\G83-58403-RAT-D3.3F2.6-21025.wav,998
-1.1296359,-31.408684,Mono_Continuous,RAT,C:\TCC\Reproduzir_artigo\data\GUITAR-FX\Mono_Continuous\Audio\RAT\G83-58403-RAT-D4.9F8.8-21025.wav,998
8.152763,-44.965828,Mono_Continuous,RAT,C:\TCC\Reproduzir_artigo\data\GUITAR-FX\Mono_Continuous\Audio\RAT\G83-59500-RAT-D7.5F1.8-21035.wav,998
12.278477,-48.54562,Mono_Continuous,RAT,C:\TCC\Reproduzir_artigo\data\GUITAR-FX\Mono_Continuous\Audio\RAT\G83-60501-RAT-D4.3F1.2-21036.wav,998
11.546748,-35.505688,Mono_Continuous,RAT,C:\TCC\Reproduzir_artigo\data\GUITAR-FX\Mono_Continuous\Audio\RAT\G83-60501-RAT-D4.8F8.1-21036.wav,998
30.2573,-14.57695,Mono_Continuous,RAT,C:\TCC\Reproduzir_artigo\data\GUITAR-FX\Mono_Continuous\Audio\RAT\G83-62407-RAT-D4.8F5-21029.wav,998
40.734684,-27.66919,Mono_Continuous,RAT,C:\TCC\Reproduzir_artigo\data\GUITAR-FX\Mono_Continuous\Audio\RAT\G83-63504-RAT-D4.7F9.9-21039.wav,998
40.97263,-27.783306,Mono_Continuous,RAT,C:\TCC\Reproduzir_artigo\data\GUITAR-FX\Mono_Continuous\Audio\RAT\G83-63504-RAT-D5.9F7.9-21039.wav,998
43.710182,-8.113767,Mono_Continuous,RAT,C:\TCC\Reproduzir_artigo\data\GUITAR-FX\Mono_Continuous\Audio\RAT\G83-64505-RAT-D5.1F4.7-21040.wav,998
67.838066,-31.412838,Mono_Continuous,RAT,C:\TCC\Reproduzir_artigo\data\GUITAR-FX\Mono_Continuous\Audio\RAT\G83-66411-RAT-D6.3F1.8-21033.wav,998
56.081512,-0.15986992,Mono_Continuous,RAT,C:\TCC\Reproduzir_artigo\data\GUITAR-FX\Mono_Continuous\Audio\RAT\G83-67412-RAT-D10F4.1-21034.wav,998
58.564617,7.9297123,Mono_Continuous,RAT,C:\TCC\Reproduzir_artigo\data\GUITAR-FX\Mono_Continuous\Audio\RAT\G83-67508-RAT-D6.8F1.2-21043.wav,998
71.25484,13.299804,Mono_Continuous,RAT,C:\TCC\Reproduzir_artigo\data\GUITAR-FX\Mono_Continuous\Audio\RAT\G83-68509-RAT-D5F7.8-21044.wav,998
56.360237,42.085716,Mono_Continuous,RAT,C:\TCC\Reproduzir_artigo\data\GUITAR-FX\Mono_Continuous\Audio\RAT\G83-70606-RAT-D7.6F7.9-21054.wav,998
58.36221,52.854027,Mono_Continuous,RAT,C:\TCC\Reproduzir_artigo\data\GUITAR-FX\Mono_Continuous\Audio\RAT\G83-71512-RAT-D2F7.9-21047.wav,998
57.704704,52.13573,Mono_Continuous,RAT,C:\TCC\Reproduzir_artigo\data\GUITAR-FX\Mono_Continuous\Audio\RAT\G83-71512-RAT-D3.9F1.6-21047.wav,998
43.389156,62.31582,Mono_Continuous,RAT,C:\TCC\Reproduzir_artigo\data\GUITAR-FX\Mono_Continuous\Audio\RAT\G83-72608-RAT-D7.3F1.9-21056.wav,998
43.368484,62.293835,Mono_Continuous,RAT,C:\TCC\Reproduzir_artigo\data\GUITAR-FX\Mono_Continuous\Audio\RAT\G83-72608-RAT-D7.7F6.8-21056.wav,998
48.109665,55.371464,Mono_Continuous,RAT,C:\TCC\Reproduzir_artigo\data\GUITAR-FX\Mono_Continuous\Audio\RAT\G83-75611-RAT-D7.4F2.5-21059.wav,998
27.460623,59.166443,Mono_Continuous,RAT,C:\TCC\Reproduzir_artigo\data\GUITAR-FX\Mono_Continuous\Audio\RAT\G83-76612-RAT-D3.2F1.7-21060.wav,998
-49.63354,8.22256,Mono_Continuous,RAT,C:\TCC\Reproduzir_artigo\data\GUITAR-FX\Mono_Continuous\Audio\RAT\G91-45105-RAT-D8.8F2.9-21066.wav,998
-50.018044,-30.888182,Mono_Continuous,RAT,C:\TCC\Reproduzir_artigo\data\GUITAR-FX\Mono_Continuous\Audio\RAT\G91-50110-RAT-D7.8F0.5-21071.wav,998
-42.60126,12.330206,Mono_Continuous,RAT,C:\TCC\Reproduzir_artigo\data\GUITAR-FX\Mono_Continuous\Audio\RAT\G91-50205-RAT-D4.5F1.8-21079.wav,998
-41.03228,12.0478,Mono_Continuous,RAT,C:\TCC\Reproduzir_artigo\data\GUITAR-FX\Mono_Continuous\Audio\RAT\G91-50300-RAT-D3.5F7.5-21087.wav,998
-34.4188,-8.353608,Mono_Continuous,RAT,C:\TCC\Reproduzir_artigo\data\GUITAR-FX\Mono_Continuous\Audio\RAT\G91-52302-RAT-D9.5F9.5-21089.wav,998
-32.27361,-7.499562,Mono_Continuous,RAT,C:\TCC\Reproduzir_artigo\data\GUITAR-FX\Mono_Continuous\Audio\RAT\G91-53208-RAT-D8.4F3.5-21082.wav,998
-38.338295,-36.007248,Mono_Continuous,RAT,C:\TCC\Reproduzir_artigo\data\GUITAR-FX\Mono_Continuous\Audio\RAT\G91-54304-RAT-D6.6F7.8-21091.wav,998
-22.588816,22.249533,Mono_Continuous,RAT,C:\TCC\Reproduzir_artigo\data\GUITAR-FX\Mono_Continuous\Audio\RAT\G91-55210-RAT-D4.1F3.7-21084.wav,998
-27.020906,-18.188755,Mono_Continuous,RAT,C:\TCC\Reproduzir_artigo\data\GUITAR-FX\Mono_Continuous\Audio\RAT\G91-55305-RAT-D5.8F1.6-21092.wav,998
-15.391435,-8.656561,Mono_Continuous,RAT,C:\TCC\Reproduzir_artigo\data\GUITAR-FX\Mono_Continuous\Audio\RAT\G91-56211-RAT-D5.5F3.9-21085.wav,998
-15.361778,-7.2688847,Mono_Continuous,RAT,C:\TCC\Reproduzir_artigo\data\GUITAR-FX\Mono_Continuous\Audio\RAT\G91-56306-RAT-D3.8F6.5-21093.wav,998
7.4135246,-43.659218,Mono_Continuous,RAT,C:\TCC\Reproduzir_artigo\data\GUITAR-FX\Mono_Continuous\Audio\RAT\G91-59500-RAT-D8.1F7.8-21113.wav,998
17.056906,-21.684435,Mono_Continuous,RAT,C:\TCC\Reproduzir_artigo\data\GUITAR-FX\Mono_Continuous\Audio\RAT\G91-62312-RAT-D8.7F9.6-21099.wav,998
38.89225,-10.752572,Mono_Continuous,RAT,C:\TCC\Reproduzir_artigo\data\GUITAR-FX\Mono_Continuous\Audio\RAT\G91-64409-RAT-D6.2F7.8-21109.wav,998
38.962555,-10.882494,Mono_Continuous,RAT,C:\TCC\Reproduzir_artigo\data\GUITAR-FX\Mono_Continuous\Audio\RAT\G91-64409-RAT-D7.5F4-21109.wav,998
70.13786,-22.895552,Mono_Continuous,RAT,C:\TCC\Reproduzir_artigo\data\GUITAR-FX\Mono_Continuous\Audio\RAT\G91-66507-RAT-D8.8F3-21120.wav,998
49.83768,5.3152075,Mono_Continuous,RAT,C:\TCC\Reproduzir_artigo\data\GUITAR-FX\Mono_Continuous\Audio\RAT\G91-67508-RAT-D3.7F7.7-21121.wav,998
59.209866,6.260742,Mono_Continuous,RAT,C:\TCC\Reproduzir_artigo\data\GUITAR-FX\Mono_Continuous\Audio\RAT\G91-67603-RAT-D8.4F4.3-21129.wav,998
59.148815,6.2763953,Mono_Continuous,RAT,C:\TCC\Reproduzir_artigo\data\GUITAR-FX\Mono_Continuous\Audio\RAT\G91-67603-RAT-D9F3.7-21129.wav,998
63.452724,34.247627,Mono_Continuous,RAT,C:\TCC\Reproduzir_artigo\data\GUITAR-FX\Mono_Continuous\Audio\RAT\G91-70511-RAT-D4.9F1.1-21124.wav,998
67.17084,60.19243,Mono_Continuous,RAT,C:\TCC\Reproduzir_artigo\data\GUITAR-FX\Mono_Continuous\Audio\RAT\G91-71512-RAT-D2.6F5-21125.wav,998
45.701702,39.782906,Mono_Continuous,RAT,C:\TCC\Reproduzir_artigo\data\GUITAR-FX\Mono_Continuous\Audio\RAT\G91-72608-RAT-D2.1F9.1-21134.wav,998
28.62379,58.70668,Mono_Continuous,RAT,C:\TCC\Reproduzir_artigo\data\GUITAR-FX\Mono_Continuous\Audio\RAT\G91-76612-RAT-D4.6F7.5-21138.wav,998
-54.77784,6.2699747,Mono_Continuous,RAT,C:\TCC\Reproduzir_artigo\data\GUITAR-FX\Mono_Continuous\Audio\RAT\G93-44104-RAT-D5.8F6-21143.wav,998
-53.32464,-6.076167,Mono_Continuous,RAT,C:\TCC\Reproduzir_artigo\data\GUITAR-FX\Mono_Continuous\Audio\RAT\G93-45200-RAT-D5.3F2.1-21152.wav,998
-52.630363,-10.9115505,Mono_Continuous,RAT,C:\TCC\Reproduzir_artigo\data\GUITAR-FX\Mono_Continuous\Audio\RAT\G93-46201-RAT-D5F0.6-21153.wav,998
-44.13352,3.1646037,Mono_Continuous,RAT,C:\TCC\Reproduzir_artigo\data\GUITAR-FX\Mono_Continuous\Audio\RAT\G93-50205-RAT-D5.9F4.7-21157.wav,998
-42.999615,-14.565004,Mono_Continuous,RAT,C:\TCC\Reproduzir_artigo\data\GUITAR-FX\Mono_Continuous\Audio\RAT\G93-51301-RAT-D3F0.6-21166.wav,998
-31.713493,-34.618202,Mono_Continuous,RAT,C:\TCC\Reproduzir_artigo\data\GUITAR-FX\Mono_Continuous\Audio\RAT\G93-51301-RAT-D9.6F4.2-21166.wav,998
-31.046402,31.205133,Mono_Continuous,RAT,C:\TCC\Reproduzir_artigo\data\GUITAR-FX\Mono_Continuous\Audio\RAT\G93-52112-RAT-D2.2F9.3-21151.wav,998
-31.007555,31.220972,Mono_Continuous,RAT,C:\TCC\Reproduzir_artigo\data\GUITAR-FX\Mono_Continuous\Audio\RAT\G93-52112-RAT-D2.5F4.1-21151.wav,998
-45.40581,-28.743568,Mono_Continuous,RAT,C:\TCC\Reproduzir_artigo\data\GUITAR-FX\Mono_Continuous\Audio\RAT\G93-52112-RAT-D6.2F3.4-21151.wav,998
-37.6629,-7.163483,Mono_Continuous,RAT,C:\TCC\Reproduzir_artigo\data\GUITAR-FX\Mono_Continuous\Audio\RAT\G93-52207-RAT-D6.9F6.9-21159.wav,998
-31.140509,-15.689935,Mono_Continuous,RAT,C:\TCC\Reproduzir_artigo\data\GUITAR-FX\Mono_Continuous\Audio\RAT\G93-54209-RAT-D5.3F4.2-21161.wav,998
-25.048187,-16.199635,Mono_Continuous,RAT,C:\TCC\Reproduzir_artigo\data\GUITAR-FX\Mono_Continuous\Audio\RAT\G93-55305-RAT-D9.2F4-21170.wav,998
-13.218583,-3.360914,Mono_Continuous,RAT,C:\TCC\Reproduzir_artigo\data\GUITAR-FX\Mono_Continuous\Audio\RAT\G93-56306-RAT-D5.3F9.2-21171.wav,998
-0.573091,-29.64644,Mono_Continuous,RAT,C:\TCC\Reproduzir_artigo\data\GUITAR-FX\Mono_Continuous\Audio\RAT\G93-57402-RAT-D5F6.2-21180.wav,998
0.74694216,-30.46345,Mono_Continuous,RAT,C:\TCC\Reproduzir_artigo\data\GUITAR-FX\Mono_Continuous\Audio\RAT\G93-58403-RAT-D7.1F3.8-21181.wav,998
3.0693574,-13.001149,Mono_Continuous,RAT,C:\TCC\Reproduzir_artigo\data\GUITAR-FX\Mono_Continuous\Audio\RAT\G93-59404-RAT-D3.7F5-21182.wav,998
12.001928,-44.03836,Mono_Continuous,RAT,C:\TCC\Reproduzir_artigo\data\GUITAR-FX\Mono_Continuous\Audio\RAT\G93-60501-RAT-D9.5F5.5-21192.wav,998
32.047935,-23.55162,Mono_Continuous,RAT,C:\TCC\Reproduzir_artigo\data\GUITAR-FX\Mono_Continuous\Audio\RAT\G93-62503-RAT-D3F6.7-21194.wav,998
44.27768,-37.49704,Mono_Continuous,RAT,C:\TCC\Reproduzir_artigo\data\GUITAR-FX\Mono_Continuous\Audio\RAT\G93-63408-RAT-D3F0.2-21186.wav,998
35.38107,-4.261417,Mono_Continuous,RAT,C:\TCC\Reproduzir_artigo\data\GUITAR-FX\Mono_Continuous\Audio\RAT\G93-65410-RAT-D7.2F6.4-21188.wav,998
44.357353,-2.8594744,Mono_Continuous,RAT,C:\TCC\Reproduzir_artigo\data\GUITAR-FX\Mono_Continuous\Audio\RAT\G93-65506-RAT-D4.9F4.2-21197.wav,998
66.294395,-30.178427,Mono_Continuous,RAT,C:\TCC\Reproduzir_artigo\data\GUITAR-FX\Mono_Continuous\Audio\RAT\G93-66411-RAT-D4.9F8.4-21189.wav,998
58.856747,9.177657,Mono_Continuous,RAT,C:\TCC\Reproduzir_artigo\data\GUITAR-FX\Mono_Continuous\Audio\RAT\G93-67508-RAT-D10F0.1-21199.wav,998
46.026253,31.380247,Mono_Continuous,RAT,C:\TCC\Reproduzir_artigo\data\GUITAR-FX\Mono_Continuous\Audio\RAT\G93-69510-RAT-D8.6F8.3-21201.wav,998
57.051926,39.95616,Mono_Continuous,RAT,C:\TCC\Reproduzir_artigo\data\GUITAR-FX\Mono_Continuous\Audio\RAT\G93-70606-RAT-D7.5F7.9-21210.wav,998
57.144882,40.033905,Mono_Continuous,RAT,C:\TCC\Reproduzir_artigo\data\GUITAR-FX\Mono_Continuous\Audio\RAT\G93-70606-RAT-D7F1.1-21210.wav,998
52.774868,41.53165,Mono_Continuous,RAT,C:\TCC\Reproduzir_artigo\data\GUITAR-FX\Mono_Continuous\Audio\RAT\G93-72608-RAT-D8.1F4.2-21212.wav,998
49.01741,59.27015,Mono_Continuous,RAT,C:\TCC\Reproduzir_artigo\data\GUITAR-FX\Mono_Continuous\Audio\RAT\G93-73609-RAT-D8.9F7.7-21213.wav,998
49.607933,64.05208,Mono_Continuous,RAT,C:\TCC\Reproduzir_artigo\data\GUITAR-FX\Mono_Continuous\Audio\RAT\G93-74610-RAT-D8.4F9.2-21214.wav,998
-78.14761,-19.163412,Mono_Continuous,RBM,C:\TCC\Reproduzir_artigo\data\GUITAR-FX\Mono_Continuous\Audio\RBM\G61-41101-RBM-T4S9.5-20594.wav,998
-77.925964,-18.941795,Mono_Continuous,RBM,C:\TCC\Reproduzir_artigo\data\GUITAR-FX\Mono_Continuous\Audio\RBM\G61-41101-RBM-T8.7S9.2-20594.wav,998
-78.86914,-22.590715,Mono_Continuous,RBM,C:\TCC\Reproduzir_artigo\data\GUITAR-FX\Mono_Continuous\Audio\RBM\G61-43103-RBM-T2.7S6.4-20596.wav,998
-78.39853,-22.214241,Mono_Continuous,RBM,C:\TCC\Reproduzir_artigo\data\GUITAR-FX\Mono_Continuous\Audio\RBM\G61-44104-RBM-T2.8S4.5-20597.wav,998
-71.85884,-27.897429,Mono_Continuous,RBM,C:\TCC\Reproduzir_artigo\data\GUITAR-FX\Mono_Continuous\Audio\RBM\G61-48108-RBM-T6.9S9.1-20601.wav,998
-71.703804,-27.779898,Mono_Continuous,RBM,C:\TCC\Reproduzir_artigo\data\GUITAR-FX\Mono_Continuous\Audio\RBM\G61-48108-RBM-T7.6S3-20601.wav,998
-71.19518,-26.687992,Mono_Continuous,RBM,C:\TCC\Reproduzir_artigo\data\GUITAR-FX\Mono_Continuous\Audio\RBM\G61-48203-RBM-T9.7S7.3-20609.wav,998
-70.97741,-29.186832,Mono_Continuous,RBM,C:\TCC\Reproduzir_artigo\data\GUITAR-FX\Mono_Continuous\Audio\RBM\G61-49109-RBM-T5.9S4.7-20602.wav,998
-69.52,-30.268553,Mono_Continuous,RBM,C:\TCC\Reproduzir_artigo\data\GUITAR-FX\Mono_Continuous\Audio\RBM\G61-49204-RBM-T3.6S9.4-20610.wav,998
-67.03972,-30.02309,Mono_Continuous,RBM,C:\TCC\Reproduzir_artigo\data\GUITAR-FX\Mono_Continuous\Audio\RBM\G61-50205-RBM-T0S6.1-20611.wav,998
-67.9956,-29.114223,Mono_Continuous,RBM,C:\TCC\Reproduzir_artigo\data\GUITAR-FX\Mono_Continuous\Audio\RBM\G61-50205-RBM-T6S5.6-20611.wav,998
-53.089344,-39.517227,Mono_Continuous,RBM,C:\TCC\Reproduzir_artigo\data\GUITAR-FX\Mono_Continuous\Audio\RBM\G61-53303-RBM-T8.6S6.7-20622.wav,998
-63.10963,-33.831493,Mono_Continuous,RBM,C:\TCC\Reproduzir_artigo\data\GUITAR-FX\Mono_Continuous\Audio\RBM\G61-54304-RBM-T0.6S8.1-20623.wav,998
-62.249195,-35.711555,Mono_Continuous,RBM,C:\TCC\Reproduzir_artigo\data\GUITAR-FX\Mono_Continuous\Audio\RBM\G61-55305-RBM-T0.3S2-20624.wav,998
-23.640535,-43.83984,Mono_Continuous,RBM,C:\TCC\Reproduzir_artigo\data\GUITAR-FX\Mono_Continuous\Audio\RBM\G61-56306-RBM-T6.7S8.4-20625.wav,998
-23.709457,-43.916405,Mono_Continuous,RBM,C:\TCC\Reproduzir_artigo\data\GUITAR-FX\Mono_Continuous\Audio\RBM\G61-56401-RBM-T2.3S5.4-20633.wav,998
-18.332693,-51.313236,Mono_Continuous,RBM,C:\TCC\Reproduzir_artigo\data\GUITAR-FX\Mono_Continuous\Audio\RBM\G61-58308-RBM-T1S4.5-20627.wav,998
-18.37108,-50.64953,Mono_Continuous,RBM,C:\TCC\Reproduzir_artigo\data\GUITAR-FX\Mono_Continuous\Audio\RBM\G61-58308-RBM-T6.3S8.6-20627.wav,998
-4.675019,-47.23701,Mono_Continuous,RBM,C:\TCC\Reproduzir_artigo\data\GUITAR-FX\Mono_Continuous\Audio\RBM\G61-59309-RBM-T9.1S2.6-20628.wav,998
-16.850523,-53.228615,Mono_Continuous,RBM,C:\TCC\Reproduzir_artigo\data\GUITAR-FX\Mono_Continuous\Audio\RBM\G61-59500-RBM-T0.5S4.2-20645.wav,998
-18.216581,-55.68327,Mono_Continuous,RBM,C:\TCC\Reproduzir_artigo\data\GUITAR-FX\Mono_Continuous\Audio\RBM\G61-60405-RBM-T1.4S7.7-20637.wav,998
14.588184,-25.677317,Mono_Continuous,RBM,C:\TCC\Reproduzir_artigo\data\GUITAR-FX\Mono_Continuous\Audio\RBM\G61-62503-RBM-T1S7.3-20648.wav,998
45.59511,-15.94482,Mono_Continuous,RBM,C:\TCC\Reproduzir_artigo\data\GUITAR-FX\Mono_Continuous\Audio\RBM\G61-63408-RBM-T0.8S9.5-20640.wav,998
49.84942,-10.184207,Mono_Continuous,RBM,C:\TCC\Reproduzir_artigo\data\GUITAR-FX\Mono_Continuous\Audio\RBM\G61-64409-RBM-T7.1S6-20641.wav,998
56.84841,-15.325754,Mono_Continuous,RBM,C:\TCC\Reproduzir_artigo\data\GUITAR-FX\Mono_Continuous\Audio\RBM\G61-64600-RBM-T9.3S3.9-20658.wav,998
50.543816,-16.307594,Mono_Continuous,RBM,C:\TCC\Reproduzir_artigo\data\GUITAR-FX\Mono_Continuous\Audio\RBM\G61-65506-RBM-T3.8S8-20651.wav,998
50.637104,-16.285303,Mono_Continuous,RBM,C:\TCC\Reproduzir_artigo\data\GUITAR-FX\Mono_Continuous\Audio\RBM\G61-65601-RBM-T8.2S3.4-20659.wav,998
66.0572,-9.8203535,Mono_Continuous,RBM,C:\TCC\Reproduzir_artigo\data\GUITAR-FX\Mono_Continuous\Audio\RBM\G61-66507-RBM-T6.9S6.8-20652.wav,998
64.54275,-9.7252245,Mono_Continuous,RBM,C:\TCC\Reproduzir_artigo\data\GUITAR-FX\Mono_Continuous\Audio\RBM\G61-66602-RBM-T3.3S9-20660.wav,998
73.517105,15.470362,Mono_Continuous,RBM,C:\TCC\Reproduzir_artigo\data\GUITAR-FX\Mono_Continuous\Audio\RBM\G61-68509-RBM-T4.1S5.6-20654.wav,998
43.03249,27.577679,Mono_Continuous,RBM,C:\TCC\Reproduzir_artigo\data\GUITAR-FX\Mono_Continuous\Audio\RBM\G61-69510-RBM-T8.7S2.3-20655.wav,998
54.901985,24.788662,Mono_Continuous,RBM,C:\TCC\Reproduzir_artigo\data\GUITAR-FX\Mono_Continuous\Audio\RBM\G61-69605-RBM-T0S6.9-20663.wav,998
65.02654,55.07277,Mono_Continuous,RBM,C:\TCC\Reproduzir_artigo\data\GUITAR-FX\Mono_Continuous\Audio\RBM\G61-71512-RBM-T9.7S9-20657.wav,998
47.14518,51.444893,Mono_Continuous,RBM,C:\TCC\Reproduzir_artigo\data\GUITAR-FX\Mono_Continuous\Audio\RBM\G61-75611-RBM-T2.8S4.7-20669.wav,998
-77.81011,-16.297169,Mono_Continuous,RBM,C:\TCC\Reproduzir_artigo\data\GUITAR-FX\Mono_Continuous\Audio\RBM\G63-41101-RBM-T8.6S7.8-20672.wav,998
-77.08519,-7.978779,Mono_Continuous,RBM,C:\TCC\Reproduzir_artigo\data\GUITAR-FX\Mono_Continuous\Audio\RBM\G63-43103-RBM-T6.3S9.1-20674.wav,998
-76.51082,-8.195209,Mono_Continuous,RBM,C:\TCC\Reproduzir_artigo\data\GUITAR-FX\Mono_Continuous\Audio\RBM\G63-45105-RBM-T6.6S8.4-20676.wav,998
-76.413864,-8.46172,Mono_Continuous,RBM,C:\TCC\Reproduzir_artigo\data\GUITAR-FX\Mono_Continuous\Audio\RBM\G63-45105-RBM-T8.3S2.7-20676.wav,998
-73.41399,-11.966734,Mono_Continuous,RBM,C:\TCC\Reproduzir_artigo\data\GUITAR-FX\Mono_Continuous\Audio\RBM\G63-46201-RBM-T6S6.2-20685.wav,998
-68.618576,-30.41428,Mono_Continuous,RBM,C:\TCC\Reproduzir_artigo\data\GUITAR-FX\Mono_Continuous\Audio\RBM\G63-49109-RBM-T2.1S9.8-20680.wav,998
-58.969814,-37.399857,Mono_Continuous,RBM,C:\TCC\Reproduzir_artigo\data\GUITAR-FX\Mono_Continuous\Audio\RBM\G63-52207-RBM-T8.1S2.5-20691.wav,998
-31.650555,-7.425194,Mono_Continuous,RBM,C:\TCC\Reproduzir_artigo\data\GUITAR-FX\Mono_Continuous\Audio\RBM\G63-53303-RBM-T9.1S3.6-20700.wav,998
-62.167324,-35.87688,Mono_Continuous,RBM,C:\TCC\Reproduzir_artigo\data\GUITAR-FX\Mono_Continuous\Audio\RBM\G63-55305-RBM-T0.9S2.9-20702.wav,998
-21.032682,-53.237133,Mono_Continuous,RBM,C:\TCC\Reproduzir_artigo\data\GUITAR-FX\Mono_Continuous\Audio\RBM\G63-57307-RBM-T3.5S8.7-20704.wav,998
-18.310234,-46.96853,Mono_Continuous,RBM,C:\TCC\Reproduzir_artigo\data\GUITAR-FX\Mono_Continuous\Audio\RBM\G63-58308-RBM-T1.9S4.9-20705.wav,998
-3.6599684,-35.72278,Mono_Continuous,RBM,C:\TCC\Reproduzir_artigo\data\GUITAR-FX\Mono_Continuous\Audio\RBM\G63-58403-RBM-T8.9S8.9-20713.wav,998
-12.40742,-45.707348,Mono_Continuous,RBM,C:\TCC\Reproduzir_artigo\data\GUITAR-FX\Mono_Continuous\Audio\RBM\G63-59404-RBM-T2.4S7.5-20714.wav,998
-1.9765434,-46.632988,Mono_Continuous,RBM,C:\TCC\Reproduzir_artigo\data\GUITAR-FX\Mono_Continuous\Audio\RBM\G63-59500-RBM-T7.5S7.2-20723.wav,998
18.675652,-38.892292,Mono_Continuous,RBM,C:\TCC\Reproduzir_artigo\data\GUITAR-FX\Mono_Continuous\Audio\RBM\G63-61311-RBM-T4.6S7.4-20708.wav,998
20.486052,-37.296803,Mono_Continuous,RBM,C:\TCC\Reproduzir_artigo\data\GUITAR-FX\Mono_Continuous\Audio\RBM\G63-61406-RBM-T0.4S4.7-20716.wav,998
20.598732,-40.65833,Mono_Continuous,RBM,C:\TCC\Reproduzir_artigo\data\GUITAR-FX\Mono_Continuous\Audio\RBM\G63-61406-RBM-T8.3S4.5-20716.wav,998
21.41012,-38.39974,Mono_Continuous,RBM,C:\TCC\Reproduzir_artigo\data\GUITAR-FX\Mono_Continuous\Audio\RBM\G63-61502-RBM-T3.1S2.3-20725.wav,998
22.554543,-42.5005,Mono_Continuous,RBM,C:\TCC\Reproduzir_artigo\data\GUITAR-FX\Mono_Continuous\Audio\RBM\G63-61502-RBM-T9S5.6-20725.wav,998
14.602357,-24.872156,Mono_Continuous,RBM,C:\TCC\Reproduzir_artigo\data\GUITAR-FX\Mono_Continuous\Audio\RBM\G63-62407-RBM-T3.5S8.7-20717.wav,998
45.618305,-15.35631,Mono_Continuous,RBM,C:\TCC\Reproduzir_artigo\data\GUITAR-FX\Mono_Continuous\Audio\RBM\G63-63408-RBM-T0.8S3.2-20718.wav,998
45.589523,-15.51597,Mono_Continuous,RBM,C:\TCC\Reproduzir_artigo\data\GUITAR-FX\Mono_Continuous\Audio\RBM\G63-63408-RBM-T1.9S8.7-20718.wav,998
50.25897,-10.207272,Mono_Continuous,RBM,C:\TCC\Reproduzir_artigo\data\GUITAR-FX\Mono_Continuous\Audio\RBM\G63-64409-RBM-T5.5S9.9-20719.wav,998
50.8165,-10.847491,Mono_Continuous,RBM,C:\TCC\Reproduzir_artigo\data\GUITAR-FX\Mono_Continuous\Audio\RBM\G63-64505-RBM-T3.8S6-20728.wav,998
57.00373,-14.5727,Mono_Continuous,RBM,C:\TCC\Reproduzir_artigo\data\GUITAR-FX\Mono_Continuous\Audio\RBM\G63-64600-RBM-T7.3S4-20736.wav,998
44.06211,14.995994,Mono_Continuous,RBM,C:\TCC\Reproduzir_artigo\data\GUITAR-FX\Mono_Continuous\Audio\RBM\G63-67603-RBM-T6S4.7-20739.wav,998
44.152363,15.122149,Mono_Continuous,RBM,C:\TCC\Reproduzir_artigo\data\GUITAR-FX\Mono_Continuous\Audio\RBM\G63-67603-RBM-T9.1S3.9-20739.wav,998
-76.41577,-16.405169,Mono_Continuous,RBM,C:\TCC\Reproduzir_artigo\data\GUITAR-FX\Mono_Continuous\Audio\RBM\G71-40100-RBM-T8.7S6.3-20749.wav,998
-79.02625,-20.815205,Mono_Continuous,RBM,C:\TCC\Reproduzir_artigo\data\GUITAR-FX\Mono_Continuous\Audio\RBM\G71-42102-RBM-T0.8S4-20751.wav,998
-79.11494,-20.712196,Mono_Continuous,RBM,C:\TCC\Reproduzir_artigo\data\GUITAR-FX\Mono_Continuous\Audio\RBM\G71-45105-RBM-T2.4S2.2-20754.wav,998
-63.879093,-25.047148,Mono_Continuous,RBM,C:\TCC\Reproduzir_artigo\data\GUITAR-FX\Mono_Continuous\Audio\RBM\G71-45200-RBM-T0.8S7.3-20762.wav,998
-63.747818,-23.047356,Mono_Continuous,RBM,C:\TCC\Reproduzir_artigo\data\GUITAR-FX\Mono_Continuous\Audio\RBM\G71-48203-RBM-T1.5S3.7-20765.wav,998
-63.574787,-22.38349,Mono_Continuous,RBM,C:\TCC\Reproduzir_artigo\data\GUITAR-FX\Mono_Continuous\Audio\RBM\G71-48203-RBM-T6.5S6.1-20765.wav,998
-63.263737,-22.25623,Mono_Continuous,RBM,C:\TCC\Reproduzir_artigo\data\GUITAR-FX\Mono_Continuous\Audio\RBM\G71-49204-RBM-T4.2S6.5-20766.wav,998
-57.795853,-25.994205,Mono_Continuous,RBM,C:\TCC\Reproduzir_artigo\data\GUITAR-FX\Mono_Continuous\Audio\RBM\G71-50300-RBM-T1.1S2.6-20775.wav,998
-57.166294,-27.68269,Mono_Continuous,RBM,C:\TCC\Reproduzir_artigo\data\GUITAR-FX\Mono_Continuous\Audio\RBM\G71-51206-RBM-T6.1S3.9-20768.wav,998
-57.120716,-27.718939,Mono_Continuous,RBM,C:\TCC\Reproduzir_artigo\data\GUITAR-FX\Mono_Continuous\Audio\RBM\G71-51206-RBM-T7.8S3.1-20768.wav,998
-57.151806,-28.518034,Mono_Continuous,RBM,C:\TCC\Reproduzir_artigo\data\GUITAR-FX\Mono_Continuous\Audio\RBM\G71-51301-RBM-T9.8S5-20776.wav,998
-33.98933,-10.096139,Mono_Continuous,RBM,C:\TCC\Reproduzir_artigo\data\GUITAR-FX\Mono_Continuous\Audio\RBM\G71-52207-RBM-T6S9.4-20769.wav,998
-34.135418,-10.538101,Mono_Continuous,RBM,C:\TCC\Reproduzir_artigo\data\GUITAR-FX\Mono_Continuous\Audio\RBM\G71-52207-RBM-T9.5S5-20769.wav,998
-64.43034,-33.19504,Mono_Continuous,RBM,C:\TCC\Reproduzir_artigo\data\GUITAR-FX\Mono_Continuous\Audio\RBM\G71-52302-RBM-T0.8S6.2-20777.wav,998
-38.74861,-38.722828,Mono_Continuous,RBM,C:\TCC\Reproduzir_artigo\data\GUITAR-FX\Mono_Continuous\Audio\RBM\G71-55305-RBM-T5.5S10-20780.wav,998
-24.070116,-25.562117,Mono_Continuous,RBM,C:\TCC\Reproduzir_artigo\data\GUITAR-FX\Mono_Continuous\Audio\RBM\G71-55400-RBM-T4.1S2.3-20788.wav,998
-24.412008,-26.554995,Mono_Continuous,RBM,C:\TCC\Reproduzir_artigo\data\GUITAR-FX\Mono_Continuous\Audio\RBM\G71-55400-RBM-T9.9S8.8-20788.wav,998
-21.460016,-53.877354,Mono_Continuous,RBM,C:\TCC\Reproduzir_artigo\data\GUITAR-FX\Mono_Continuous\Audio\RBM\G71-57307-RBM-T1.1S7.8-20782.wav,998
-15.48823,-37.162136,Mono_Continuous,RBM,C:\TCC\Reproduzir_artigo\data\GUITAR-FX\Mono_Continuous\Audio\RBM\G71-57402-RBM-T2.2S5.3-20790.wav,998
1.6991981,-40.52583,Mono_Continuous,RBM,C:\TCC\Reproduzir_artigo\data\GUITAR-FX\Mono_Continuous\Audio\RBM\G71-58403-RBM-T1.6S8.2-20791.wav,998
-18.54308,-53.145714,Mono_Continuous,RBM,C:\TCC\Reproduzir_artigo\data\GUITAR-FX\Mono_Continuous\Audio\RBM\G71-59309-RBM-T3.1S4.7-20784.wav,998
7.2141347,-37.59049,Mono_Continuous,RBM,C:\TCC\Reproduzir_artigo\data\GUITAR-FX\Mono_Continuous\Audio\RBM\G71-60405-RBM-T5.1S5.1-20793.wav,998
20.307568,-39.43339,Mono_Continuous,RBM,C:\TCC\Reproduzir_artigo\data\GUITAR-FX\Mono_Continuous\Audio\RBM\G71-61406-RBM-T5.4S2.5-20794.wav,998
17.933077,-23.601591,Mono_Continuous,RBM,C:\TCC\Reproduzir_artigo\data\GUITAR-FX\Mono_Continuous\Audio\RBM\G71-62407-RBM-T6.6S8-20795.wav,998
44.82072,-22.747984,Mono_Continuous,RBM,C:\TCC\Reproduzir_artigo\data\GUITAR-FX\Mono_Continuous\Audio\RBM\G71-63504-RBM-T4.5S3.8-20805.wav,998
51.669037,-10.497248,Mono_Continuous,RBM,C:\TCC\Reproduzir_artigo\data\GUITAR-FX\Mono_Continuous\Audio\RBM\G71-64409-RBM-T1.4S5.6-20797.wav,998
52.8014,-10.3781805,Mono_Continuous,RBM,C:\TCC\Reproduzir_artigo\data\GUITAR-FX\Mono_Continuous\Audio\RBM\G71-64505-RBM-T0.8S4.2-20806.wav,998
56.2794,-14.874609,Mono_Continuous,RBM,C:\TCC\Reproduzir_artigo\data\GUITAR-FX\Mono_Continuous\Audio\RBM\G71-64600-RBM-T7.5S5.4-20814.wav,998
59.237206,-22.065058,Mono_Continuous,RBM,C:\TCC\Reproduzir_artigo\data\GUITAR-FX\Mono_Continuous\Audio\RBM\G71-65601-RBM-T8.2S6.7-20815.wav,998
65.78154,-9.358531,Mono_Continuous,RBM,C:\TCC\Reproduzir_artigo\data\GUITAR-FX\Mono_Continuous\Audio\RBM\G71-66411-RBM-T3.3S5.7-20799.wav,998
52.77438,9.511676,Mono_Continuous,RBM,C:\TCC\Reproduzir_artigo\data\GUITAR-FX\Mono_Continuous\Audio\RBM\G71-67603-RBM-T8.9S6.7-20817.wav,998
52.79113,9.492041,Mono_Continuous,RBM,C:\TCC\Reproduzir_artigo\data\GUITAR-FX\Mono_Continuous\Audio\RBM\G71-67603-RBM-T9.7S8.8-20817.wav,998
42.06624,29.211935,Mono_Continuous,RBM,C:\TCC\Reproduzir_artigo\data\GUITAR-FX\Mono_Continuous\Audio\RBM\G71-69605-RBM-T7.3S5.3-20819.wav,998
60.285862,37.24811,Mono_Continuous,RBM,C:\TCC\Reproduzir_artigo\data\GUITAR-FX\Mono_Continuous\Audio\RBM\G71-70606-RBM-T9.4S5.4-20820.wav,998
59.65418,59.766766,Mono_Continuous,RBM,C:\TCC\Reproduzir_artigo\data\GUITAR-FX\Mono_Continuous\Audio\RBM\G71-71512-RBM-T3.1S8.1-20813.wav,998
58.95091,59.61347,Mono_Continuous,RBM,C:\TCC\Reproduzir_artigo\data\GUITAR-FX\Mono_Continuous\Audio\RBM\G71-71607-RBM-T3.7S2.6-20821.wav,998
39.60246,45.46602,Mono_Continuous,RBM,C:\TCC\Reproduzir_artigo\data\GUITAR-FX\Mono_Continuous\Audio\RBM\G71-73609-RBM-T1.5S8.3-20823.wav,998
42.387363,56.03018,Mono_Continuous,RBM,C:\TCC\Reproduzir_artigo\data\GUITAR-FX\Mono_Continuous\Audio\RBM\G71-74610-RBM-T2.6S8.3-20824.wav,998
33.725357,62.133446,Mono_Continuous,RBM,C:\TCC\Reproduzir_artigo\data\GUITAR-FX\Mono_Continuous\Audio\RBM\G71-76612-RBM-T7.3S9.3-20826.wav,998
33.74131,61.9884,Mono_Continuous,RBM,C:\TCC\Reproduzir_artigo\data\GUITAR-FX\Mono_Continuous\Audio\RBM\G71-76612-RBM-T9.6S4.2-20826.wav,998
-62.173035,-20.132675,Mono_Continuous,RBM,C:\TCC\Reproduzir_artigo\data\GUITAR-FX\Mono_Continuous\Audio\RBM\G73-48108-RBM-T3.1S6.5-20835.wav,998
-44.36926,-1.3496411,Mono_Continuous,RBM,C:\TCC\Reproduzir_artigo\data\GUITAR-FX\Mono_Continuous\Audio\RBM\G73-50205-RBM-T5.6S7.8-20845.wav,998
-57.606846,-25.74248,Mono_Continuous,RBM,C:\TCC\Reproduzir_artigo\data\GUITAR-FX\Mono_Continuous\Audio\RBM\G73-50300-RBM-T0.7S2.2-20853.wav,998
-43.858177,-2.0098553,Mono_Continuous,RBM,C:\TCC\Reproduzir_artigo\data\GUITAR-FX\Mono_Continuous\Audio\RBM\G73-51206-RBM-T7.3S8.4-20846.wav,998
-43.63777,-1.9916803,Mono_Continuous,RBM,C:\TCC\Reproduzir_artigo\data\GUITAR-FX\Mono_Continuous\Audio\RBM\G73-51206-RBM-T7.6S2.5-20846.wav,998
-33.705387,-5.230172,Mono_Continuous,RBM,C:\TCC\Reproduzir_artigo\data\GUITAR-FX\Mono_Continuous\Audio\RBM\G73-52302-RBM-T0.2S4.8-20855.wav,998
-31.167452,-6.805447,Mono_Continuous,RBM,C:\TCC\Reproduzir_artigo\data\GUITAR-FX\Mono_Continuous\Audio\RBM\G73-53208-RBM-T9.3S7-20848.wav,998
-33.13776,-5.3169847,Mono_Continuous,RBM,C:\TCC\Reproduzir_artigo\data\GUITAR-FX\Mono_Continuous\Audio\RBM\G73-53303-RBM-T2.1S7.7-20856.wav,998
-30.55743,-13.367973,Mono_Continuous,RBM,C:\TCC\Reproduzir_artigo\data\GUITAR-FX\Mono_Continuous\Audio\RBM\G73-54304-RBM-T8.5S5.3-20857.wav,998
-14.923347,-36.349064,Mono_Continuous,RBM,C:\TCC\Reproduzir_artigo\data\GUITAR-FX\Mono_Continuous\Audio\RBM\G73-57402-RBM-T1.4S3.4-20868.wav,998
-18.388416,-46.629745,Mono_Continuous,RBM,C:\TCC\Reproduzir_artigo\data\GUITAR-FX\Mono_Continuous\Audio\RBM\G73-58308-RBM-T1.8S6.1-20861.wav,998
-13.345894,-41.59572,Mono_Continuous,RBM,C:\TCC\Reproduzir_artigo\data\GUITAR-FX\Mono_Continuous\Audio\RBM\G73-59500-RBM-T1S9.7-20879.wav,998
-12.550534,-41.45959,Mono_Continuous,RBM,C:\TCC\Reproduzir_artigo\data\GUITAR-FX\Mono_Continuous\Audio\RBM\G73-59500-RBM-T6.4S2.8-20879.wav,998
20.400225,-39.01708,Mono_Continuous,RBM,C:\TCC\Reproduzir_artigo\data\GUITAR-FX\Mono_Continuous\Audio\RBM\G73-61406-RBM-T5.1S3.9-20872.wav,998
21.855387,-38.66283,Mono_Continuous,RBM,C:\TCC\Reproduzir_artigo\data\GUITAR-FX\Mono_Continuous\Audio\RBM\G73-61502-RBM-T2.8S5.2-20881.wav,998
20.297865,-28.886265,Mono_Continuous,RBM,C:\TCC\Reproduzir_artigo\data\GUITAR-FX\Mono_Continuous\Audio\RBM\G73-62503-RBM-T7.7S4-20882.wav,998
49.291824,-11.557304,Mono_Continuous,RBM,C:\TCC\Reproduzir_artigo\data\GUITAR-FX\Mono_Continuous\Audio\RBM\G73-64409-RBM-T5.9S7.7-20875.wav,998
49.165802,-11.700428,Mono_Continuous,RBM,C:\TCC\Reproduzir_artigo\data\GUITAR-FX\Mono_Continuous\Audio\RBM\G73-64409-RBM-T8.5S3.6-20875.wav,998
65.44687,-8.895336,Mono_Continuous,RBM,C:\TCC\Reproduzir_artigo\data\GUITAR-FX\Mono_Continuous\Audio\RBM\G73-66411-RBM-T6.7S4.2-20877.wav,998
67.50637,-16.945734,Mono_Continuous,RBM,C:\TCC\Reproduzir_artigo\data\GUITAR-FX\Mono_Continuous\Audio\RBM\G73-66602-RBM-T8S4.2-20894.wav,998
43.785847,14.353054,Mono_Continuous,RBM,C:\TCC\Reproduzir_artigo\data\GUITAR-FX\Mono_Continuous\Audio\RBM\G73-67603-RBM-T3.1S3.1-20895.wav,998
66.99202,15.708114,Mono_Continuous,RBM,C:\TCC\Reproduzir_artigo\data\GUITAR-FX\Mono_Continuous\Audio\RBM\G73-68509-RBM-T7.5S4.1-20888.wav,998
54.821903,24.693771,Mono_Continuous,RBM,C:\TCC\Reproduzir_artigo\data\GUITAR-FX\Mono_Continuous\Audio\RBM\G73-69605-RBM-T2S8-20897.wav,998
63.82015,54.35626,Mono_Continuous,RBM,C:\TCC\Reproduzir_artigo\data\GUITAR-FX\Mono_Continuous\Audio\RBM\G73-71512-RBM-T7.3S2.4-20891.wav,998
33.951344,61.40088,Mono_Continuous,RBM,C:\TCC\Reproduzir_artigo\data\GUITAR-FX\Mono_Continuous\Audio\RBM\G73-76612-RBM-T6.7S8-20904.wav,998
-78.39003,-22.005665,Mono_Continuous,RBM,C:\TCC\Reproduzir_artigo\data\GUITAR-FX\Mono_Continuous\Audio\RBM\G81-44104-RBM-T1.6S3.6-20909.wav,998
-76.44026,-21.333406,Mono_Continuous,RBM,C:\TCC\Reproduzir_artigo\data\GUITAR-FX\Mono_Continuous\Audio\RBM\G81-44104-RBM-T6.8S7.1-20909.wav,998
-76.01088,-21.210798,Mono_Continuous,RBM,C:\TCC\Reproduzir_artigo\data\GUITAR-FX\Mono_Continuous\Audio\RBM\G81-45105-RBM-T8.5S5.2-20910.wav,998
-71.72954,-30.886782,Mono_Continuous,RBM,C:\TCC\Reproduzir_artigo\data\GUITAR-FX\Mono_Continuous\Audio\RBM\G81-47107-RBM-T5.9S4.6-20912.wav,998
-66.62574,-31.2261,Mono_Continuous,RBM,C:\TCC\Reproduzir_artigo\data\GUITAR-FX\Mono_Continuous\Audio\RBM\G81-50300-RBM-T2.1S5.7-20931.wav,998
-68.17594,-27.810135,Mono_Continuous,RBM,C:\TCC\Reproduzir_artigo\data\GUITAR-FX\Mono_Continuous\Audio\RBM\G81-50300-RBM-T8.3S7.8-20931.wav,998
-66.05199,-31.93046,Mono_Continuous,RBM,C:\TCC\Reproduzir_artigo\data\GUITAR-FX\Mono_Continuous\Audio\RBM\G81-51206-RBM-T1.4S3.4-20924.wav,998
-65.63873,-31.93325,Mono_Continuous,RBM,C:\TCC\Reproduzir_artigo\data\GUITAR-FX\Mono_Continuous\Audio\RBM\G81-51301-RBM-T4.5S2.8-20932.wav,998
-62.992104,-34.290955,Mono_Continuous,RBM,C:\TCC\Reproduzir_artigo\data\GUITAR-FX\Mono_Continuous\Audio\RBM\G81-54209-RBM-T0.7S2.7-20927.wav,998
-6.569579,-42.62626,Mono_Continuous,RBM,C:\TCC\Reproduzir_artigo\data\GUITAR-FX\Mono_Continuous\Audio\RBM\G81-56211-RBM-T9.9S7.3-20929.wav,998
-24.524662,-37.407608,Mono_Continuous,RBM,C:\TCC\Reproduzir_artigo\data\GUITAR-FX\Mono_Continuous\Audio\RBM\G81-56401-RBM-T8.8S2.4-20945.wav,998
-20.93087,-53.077732,Mono_Continuous,RBM,C:\TCC\Reproduzir_artigo\data\GUITAR-FX\Mono_Continuous\Audio\RBM\G81-57307-RBM-T6.2S6.4-20938.wav,998
-15.442423,-37.31118,Mono_Continuous,RBM,C:\TCC\Reproduzir_artigo\data\GUITAR-FX\Mono_Continuous\Audio\RBM\G81-57402-RBM-T3.7S8.6-20946.wav,998
-18.788378,-53.321117,Mono_Continuous,RBM,C:\TCC\Reproduzir_artigo\data\GUITAR-FX\Mono_Continuous\Audio\RBM\G81-59309-RBM-T0.2S3.2-20940.wav,998
-18.114088,-55.536648,Mono_Continuous,RBM,C:\TCC\Reproduzir_artigo\data\GUITAR-FX\Mono_Continuous\Audio\RBM\G81-60310-RBM-T0.2S8-20941.wav,998
-5.5488315,-43.052193,Mono_Continuous,RBM,C:\TCC\Reproduzir_artigo\data\GUITAR-FX\Mono_Continuous\Audio\RBM\G81-60310-RBM-T9.2S8.7-20941.wav,998
8.892506,-36.89996,Mono_Continuous,RBM,C:\TCC\Reproduzir_artigo\data\GUITAR-FX\Mono_Continuous\Audio\RBM\G81-60501-RBM-T1S9.7-20958.wav,998
9.1178055,-37.115765,Mono_Continuous,RBM,C:\TCC\Reproduzir_artigo\data\GUITAR-FX\Mono_Continuous\Audio\RBM\G81-60501-RBM-T4.4S6.5-20958.wav,998
9.173788,-37.11866,Mono_Continuous,RBM,C:\TCC\Reproduzir_artigo\data\GUITAR-FX\Mono_Continuous\Audio\RBM\G81-60501-RBM-T4.5S5.8-20958.wav,998
17.482744,-24.526466,Mono_Continuous,RBM,C:\TCC\Reproduzir_artigo\data\GUITAR-FX\Mono_Continuous\Audio\RBM\G81-62407-RBM-T4.6S7.5-20951.wav,998
45.50021,-17.100899,Mono_Continuous,RBM,C:\TCC\Reproduzir_artigo\data\GUITAR-FX\Mono_Continuous\Audio\RBM\G81-63504-RBM-T2.3S3.9-20961.wav,998
45.738487,-10.883427,Mono_Continuous,RBM,C:\TCC\Reproduzir_artigo\data\GUITAR-FX\Mono_Continuous\Audio\RBM\G81-64505-RBM-T7.1S3.8-20962.wav,998
54.44446,-13.841412,Mono_Continuous,RBM,C:\TCC\Reproduzir_artigo\data\GUITAR-FX\Mono_Continuous\Audio\RBM\G81-64600-RBM-T3S7.1-20970.wav,998
55.210575,-14.600867,Mono_Continuous,RBM,C:\TCC\Reproduzir_artigo\data\GUITAR-FX\Mono_Continuous\Audio\RBM\G81-64600-RBM-T7.7S2.9-20970.wav,998
49.84656,-4.749257,Mono_Continuous,RBM,C:\TCC\Reproduzir_artigo\data\GUITAR-FX\Mono_Continuous\Audio\RBM\G81-65410-RBM-T0.2S2.2-20954.wav,998
49.93853,-4.8758497,Mono_Continuous,RBM,C:\TCC\Reproduzir_artigo\data\GUITAR-FX\Mono_Continuous\Audio\RBM\G81-65410-RBM-T3.5S3-20954.wav,998
56.11391,-19.197342,Mono_Continuous,RBM,C:\TCC\Reproduzir_artigo\data\GUITAR-FX\Mono_Continuous\Audio\RBM\G81-65601-RBM-T8.2S9.3-20971.wav,998
69.40004,-23.10693,Mono_Continuous,RBM,C:\TCC\Reproduzir_artigo\data\GUITAR-FX\Mono_Continuous\Audio\RBM\G81-66507-RBM-T9.6S8.7-20964.wav,998
50.7823,-3.4302607,Mono_Continuous,RBM,C:\TCC\Reproduzir_artigo\data\GUITAR-FX\Mono_Continuous\Audio\RBM\G81-67412-RBM-T0.1S4.8-20956.wav,998
54.971878,-0.4144026,Mono_Continuous,RBM,C:\TCC\Reproduzir_artigo\data\GUITAR-FX\Mono_Continuous\Audio\RBM\G81-67412-RBM-T9.8S9.2-20956.wav,998
51.22944,-2.3611317,Mono_Continuous,RBM,C:\TCC\Reproduzir_artigo\data\GUITAR-FX\Mono_Continuous\Audio\RBM\G81-67603-RBM-T1.1S7.1-20973.wav,998
54.979027,24.92082,Mono_Continuous,RBM,C:\TCC\Reproduzir_artigo\data\GUITAR-FX\Mono_Continuous\Audio\RBM\G81-69605-RBM-T2.1S6-20975.wav,998
56.154015,27.127659,Mono_Continuous,RBM,C:\TCC\Reproduzir_artigo\data\GUITAR-FX\Mono_Continuous\Audio\RBM\G81-70606-RBM-T1.3S9.6-20976.wav,998
59.496952,59.077503,Mono_Continuous,RBM,C:\TCC\Reproduzir_artigo\data\GUITAR-FX\Mono_Continuous\Audio\RBM\G81-71607-RBM-T2.8S2.8-20977.wav,998
53.2074,57.411797,Mono_Continuous,RBM,C:\TCC\Reproduzir_artigo\data\GUITAR-FX\Mono_Continuous\Audio\RBM\G81-74610-RBM-T7.3S4-20980.wav,998
-83.495056,-15.237896,Mono_Continuous,RBM,C:\TCC\Reproduzir_artigo\data\GUITAR-FX\Mono_Continuous\Audio\RBM\G83-41101-RBM-T9.8S9.5-20984.wav,998
-83.32625,-18.135319,Mono_Continuous,RBM,C:\TCC\Reproduzir_artigo\data\GUITAR-FX\Mono_Continuous\Audio\RBM\G83-42102-RBM-T1.6S5.6-20985.wav,998
-66.520226,-29.502811,Mono_Continuous,RBM,C:\TCC\Reproduzir_artigo\data\GUITAR-FX\Mono_Continuous\Audio\RBM\G83-49204-RBM-T0.8S8.5-21000.wav,998
-62.67604,-39.241196,Mono_Continuous,RBM,C:\TCC\Reproduzir_artigo\data\GUITAR-FX\Mono_Continuous\Audio\RBM\G83-51111-RBM-T9.3S4.4-20994.wav,998
-63.915733,-29.908684,Mono_Continuous,RBM,C:\TCC\Reproduzir_artigo\data\GUITAR-FX\Mono_Continuous\Audio\RBM\G83-51206-RBM-T1S8.1-21002.wav,998
-64.92736,-33.95108,Mono_Continuous,RBM,C:\TCC\Reproduzir_artigo\data\GUITAR-FX\Mono_Continuous\Audio\RBM\G83-52112-RBM-T0.5S2.2-20995.wav,998
-63.56948,-39.133537,Mono_Continuous,RBM,C:\TCC\Reproduzir_artigo\data\GUITAR-FX\Mono_Continuous\Audio\RBM\G83-52112-RBM-T6.9S6.3-20995.wav,998
-39.44463,-33.939865,Mono_Continuous,RBM,C:\TCC\Reproduzir_artigo\data\GUITAR-FX\Mono_Continuous\Audio\RBM\G83-53303-RBM-T4.1S9.2-21012.wav,998
-30.45491,-10.546529,Mono_Continuous,RBM,C:\TCC\Reproduzir_artigo\data\GUITAR-FX\Mono_Continuous\Audio\RBM\G83-54304-RBM-T3.1S3.5-21013.wav,998
-22.004164,-46.76786,Mono_Continuous,RBM,C:\TCC\Reproduzir_artigo\data\GUITAR-FX\Mono_Continuous\Audio\RBM\G83-56306-RBM-T2.9S8.5-21015.wav,998
-10.848904,-44.07955,Mono_Continuous,RBM,C:\TCC\Reproduzir_artigo\data\GUITAR-FX\Mono_Continuous\Audio\RBM\G83-59309-RBM-T6.6S5.8-21018.wav,998
-11.693011,-43.623188,Mono_Continuous,RBM,C:\TCC\Reproduzir_artigo\data\GUITAR-FX\Mono_Continuous\Audio\RBM\G83-59404-RBM-T5.3S8.4-21026.wav,998
-17.593004,-55.27676,Mono_Continuous,RBM,C:\TCC\Reproduzir_artigo\data\GUITAR-FX\Mono_Continuous\Audio\RBM\G83-60310-RBM-T1.9S7.3-21019.wav,998
18.593834,-42.06884,Mono_Continuous,RBM,C:\TCC\Reproduzir_artigo\data\GUITAR-FX\Mono_Continuous\Audio\RBM\G83-61311-RBM-T9.3S4.3-21020.wav,998
17.11787,-40.940956,Mono_Continuous,RBM,C:\TCC\Reproduzir_artigo\data\GUITAR-FX\Mono_Continuous\Audio\RBM\G83-61406-RBM-T5.8S2.9-21028.wav,998
17.045885,-41.072372,Mono_Continuous,RBM,C:\TCC\Reproduzir_artigo\data\GUITAR-FX\Mono_Continuous\Audio\RBM\G83-61406-RBM-T6.2S8-21028.wav,998
22.57386,-43.263977,Mono_Continuous,RBM,C:\TCC\Reproduzir_artigo\data\GUITAR-FX\Mono_Continuous\Audio\RBM\G83-61502-RBM-T9.2S9.7-21037.wav,998
18.169432,-24.2976,Mono_Continuous,RBM,C:\TCC\Reproduzir_artigo\data\GUITAR-FX\Mono_Continuous\Audio\RBM\G83-62312-RBM-T7.9S8.5-21021.wav,998
50.50566,-12.317172,Mono_Continuous,RBM,C:\TCC\Reproduzir_artigo\data\GUITAR-FX\Mono_Continuous\Audio\RBM\G83-64600-RBM-T3.4S6.4-21048.wav,998
49.65431,-18.689075,Mono_Continuous,RBM,C:\TCC\Reproduzir_artigo\data\GUITAR-FX\Mono_Continuous\Audio\RBM\G83-65506-RBM-T7.7S6.9-21041.wav,998
48.491604,-16.477335,Mono_Continuous,RBM,C:\TCC\Reproduzir_artigo\data\GUITAR-FX\Mono_Continuous\Audio\RBM\G83-65601-RBM-T2S9.1-21049.wav,998
48.54354,-16.658745,Mono_Continuous,RBM,C:\TCC\Reproduzir_artigo\data\GUITAR-FX\Mono_Continuous\Audio\RBM\G83-65601-RBM-T6S9.3-21049.wav,998
45.929108,-14.012273,Mono_Continuous,RBM,C:\TCC\Reproduzir_artigo\data\GUITAR-FX\Mono_Continuous\Audio\RBM\G83-66507-RBM-T1.5S6.2-21042.wav,998
55.09187,-0.38013723,Mono_Continuous,RBM,C:\TCC\Reproduzir_artigo\data\GUITAR-FX\Mono_Continuous\Audio\RBM\G83-67412-RBM-T8.6S3-21034.wav,998
52.454803,56.45365,Mono_Continuous,RBM,C:\TCC\Reproduzir_artigo\data\GUITAR-FX\Mono_Continuous\Audio\RBM\G83-73609-RBM-T8.9S7.3-21057.wav,998
47.070415,51.313538,Mono_Continuous,RBM,C:\TCC\Reproduzir_artigo\data\GUITAR-FX\Mono_Continuous\Audio\RBM\G83-75611-RBM-T3.8S3.2-21059.wav,998
-75.56742,-17.561321,Mono_Continuous,RBM,C:\TCC\Reproduzir_artigo\data\GUITAR-FX\Mono_Continuous\Audio\RBM\G91-40100-RBM-T9.4S3.4-21061.wav,998
-70.925316,-24.194931,Mono_Continuous,RBM,C:\TCC\Reproduzir_artigo\data\GUITAR-FX\Mono_Continuous\Audio\RBM\G91-46201-RBM-T7.2S8.7-21075.wav,998
-72.433815,-24.766403,Mono_Continuous,RBM,C:\TCC\Reproduzir_artigo\data\GUITAR-FX\Mono_Continuous\Audio\RBM\G91-47107-RBM-T5.1S9.9-21068.wav,998
-71.59474,-25.336504,Mono_Continuous,RBM,C:\TCC\Reproduzir_artigo\data\GUITAR-FX\Mono_Continuous\Audio\RBM\G91-47202-RBM-T5.1S9.6-21076.wav,998
-71.466415,-25.217888,Mono_Continuous,RBM,C:\TCC\Reproduzir_artigo\data\GUITAR-FX\Mono_Continuous\Audio\RBM\G91-47202-RBM-T7.7S6.6-21076.wav,998
-70.15427,-29.836077,Mono_Continuous,RBM,C:\TCC\Reproduzir_artigo\data\GUITAR-FX\Mono_Continuous\Audio\RBM\G91-49109-RBM-T6.3S7.6-21070.wav,998
-67.157906,-31.177847,Mono_Continuous,RBM,C:\TCC\Reproduzir_artigo\data\GUITAR-FX\Mono_Continuous\Audio\RBM\G91-49204-RBM-T4.1S3.6-21078.wav,998
-66.13381,-34.574055,Mono_Continuous,RBM,C:\TCC\Reproduzir_artigo\data\GUITAR-FX\Mono_Continuous\Audio\RBM\G91-51111-RBM-T5S8.1-21072.wav,998
-64.94558,-31.084347,Mono_Continuous,RBM,C:\TCC\Reproduzir_artigo\data\GUITAR-FX\Mono_Continuous\Audio\RBM\G91-51301-RBM-T3.7S6.9-21088.wav,998
-64.84907,-31.048948,Mono_Continuous,RBM,C:\TCC\Reproduzir_artigo\data\GUITAR-FX\Mono_Continuous\Audio\RBM\G91-51301-RBM-T4.5S5.6-21088.wav,998
-65.31243,-35.26536,Mono_Continuous,RBM,C:\TCC\Reproduzir_artigo\data\GUITAR-FX\Mono_Continuous\Audio\RBM\G91-52112-RBM-T3.4S8.2-21073.wav,998
-64.06742,-32.941933,Mono_Continuous,RBM,C:\TCC\Reproduzir_artigo\data\GUITAR-FX\Mono_Continuous\Audio\RBM\G91-52302-RBM-T2.7S2.9-21089.wav,998
-63.100456,-33.90312,Mono_Continuous,RBM,C:\TCC\Reproduzir_artigo\data\GUITAR-FX\Mono_Continuous\Audio\RBM\G91-54209-RBM-T2.4S5.1-21083.wav,998
-45.510372,-36.928726,Mono_Continuous,RBM,C:\TCC\Reproduzir_artigo\data\GUITAR-FX\Mono_Continuous\Audio\RBM\G91-55210-RBM-T5.6S9.4-21084.wav,998
-20.76921,-53.675934,Mono_Continuous,RBM,C:\TCC\Reproduzir_artigo\data\GUITAR-FX\Mono_Continuous\Audio\RBM\G91-57307-RBM-T0.8S8.3-21094.wav,998
0.80731887,-40.16126,Mono_Continuous,RBM,C:\TCC\Reproduzir_artigo\data\GUITAR-FX\Mono_Continuous\Audio\RBM\G91-58403-RBM-T2.9S2.7-21103.wav,998
0.5064377,-40.0108,Mono_Continuous,RBM,C:\TCC\Reproduzir_artigo\data\GUITAR-FX\Mono_Continuous\Audio\RBM\G91-58403-RBM-T5.8S9.6-21103.wav,998
-11.794646,-43.4624,Mono_Continuous,RBM,C:\TCC\Reproduzir_artigo\data\GUITAR-FX\Mono_Continuous\Audio\RBM\G91-59404-RBM-T4S5.5-21104.wav,998
7.813474,-43.598183,Mono_Continuous,RBM,C:\TCC\Reproduzir_artigo\data\GUITAR-FX\Mono_Continuous\Audio\RBM\G91-59500-RBM-T8.2S5.5-21113.wav,998
-5.763477,-43.057144,Mono_Continuous,RBM,C:\TCC\Reproduzir_artigo\data\GUITAR-FX\Mono_Continuous\Audio\RBM\G91-60310-RBM-T6.9S8-21097.wav,998
8.528583,-38.265316,Mono_Continuous,RBM,C:\TCC\Reproduzir_artigo\data\GUITAR-FX\Mono_Continuous\Audio\RBM\G91-60405-RBM-T4.6S9.6-21105.wav,998
19.19379,-40.602932,Mono_Continuous,RBM,C:\TCC\Reproduzir_artigo\data\GUITAR-FX\Mono_Continuous\Audio\RBM\G91-61311-RBM-T5.1S8.7-21098.wav,998
19.320942,-40.983856,Mono_Continuous,RBM,C:\TCC\Reproduzir_artigo\data\GUITAR-FX\Mono_Continuous\Audio\RBM\G91-61311-RBM-T9.8S9.7-21098.wav,998
16.714285,-25.113798,Mono_Continuous,RBM,C:\TCC\Reproduzir_artigo\data\GUITAR-FX\Mono_Continuous\Audio\RBM\G91-62407-RBM-T5.9S7.5-21107.wav,998
52.449203,-14.012833,Mono_Continuous,RBM,C:\TCC\Reproduzir_artigo\data\GUITAR-FX\Mono_Continuous\Audio\RBM\G91-64505-RBM-T5.8S6.1-21118.wav,998
54.216965,-12.963249,Mono_Continuous,RBM,C:\TCC\Reproduzir_artigo\data\GUITAR-FX\Mono_Continuous\Audio\RBM\G91-64600-RBM-T1.7S8.4-21126.wav,998
55.71607,-12.928108,Mono_Continuous,RBM,C:\TCC\Reproduzir_artigo\data\GUITAR-FX\Mono_Continuous\Audio\RBM\G91-64600-RBM-T6.3S4.6-21126.wav,998
49.27397,-4.765015,Mono_Continuous,RBM,C:\TCC\Reproduzir_artigo\data\GUITAR-FX\Mono_Continuous\Audio\RBM\G91-65410-RBM-T1.7S2.8-21110.wav,998
68.76761,-22.807827,Mono_Continuous,RBM,C:\TCC\Reproduzir_artigo\data\GUITAR-FX\Mono_Continuous\Audio\RBM\G91-66507-RBM-T9.8S8.8-21120.wav,998
66.25274,15.226295,Mono_Continuous,RBM,C:\TCC\Reproduzir_artigo\data\GUITAR-FX\Mono_Continuous\Audio\RBM\G91-68509-RBM-T2.9S2.7-21122.wav,998
66.44393,5.4907584,Mono_Continuous,RBM,C:\TCC\Reproduzir_artigo\data\GUITAR-FX\Mono_Continuous\Audio\RBM\G91-68604-RBM-T0.9S8.3-21130.wav,998
66.45716,5.5315127,Mono_Continuous,RBM,C:\TCC\Reproduzir_artigo\data\GUITAR-FX\Mono_Continuous\Audio\RBM\G91-68604-RBM-T2.3S6.4-21130.wav,998
42.1822,27.70929,Mono_Continuous,RBM,C:\TCC\Reproduzir_artigo\data\GUITAR-FX\Mono_Continuous\Audio\RBM\G91-69510-RBM-T7.9S5.2-21123.wav,998
57.07887,36.569866,Mono_Continuous,RBM,C:\TCC\Reproduzir_artigo\data\GUITAR-FX\Mono_Continuous\Audio\RBM\G91-70511-RBM-T6.3S7-21124.wav,998
56.190254,27.266186,Mono_Continuous,RBM,C:\TCC\Reproduzir_artigo\data\GUITAR-FX\Mono_Continuous\Audio\RBM\G91-70606-RBM-T0.3S5.5-21132.wav,998
59.256863,60.352974,Mono_Continuous,RBM,C:\TCC\Reproduzir_artigo\data\GUITAR-FX\Mono_Continuous\Audio\RBM\G91-71512-RBM-T1.8S7.6-21125.wav,998
-83.472015,-15.388011,Mono_Continuous,RBM,C:\TCC\Reproduzir_artigo\data\GUITAR-FX\Mono_Continuous\Audio\RBM\G93-41101-RBM-T4.9S8.2-21140.wav,998
-64.89195,-25.326,Mono_Continuous,RBM,C:\TCC\Reproduzir_artigo\data\GUITAR-FX\Mono_Continuous\Audio\RBM\G93-46106-RBM-T1.3S5.7-21145.wav,998
-65.51331,-26.605497,Mono_Continuous,RBM,C:\TCC\Reproduzir_artigo\data\GUITAR-FX\Mono_Continuous\Audio\RBM\G93-48108-RBM-T1.1S8.5-21147.wav,998
-65.55993,-26.485619,Mono_Continuous,RBM,C:\TCC\Reproduzir_artigo\data\GUITAR-FX\Mono_Continuous\Audio\RBM\G93-48108-RBM-T4.4S8.6-21147.wav,998
-60.068687,-23.017237,Mono_Continuous,RBM,C:\TCC\Reproduzir_artigo\data\GUITAR-FX\Mono_Continuous\Audio\RBM\G93-49204-RBM-T3.8S2.9-21156.wav,998
-60.11456,-23.051367,Mono_Continuous,RBM,C:\TCC\Reproduzir_artigo\data\GUITAR-FX\Mono_Continuous\Audio\RBM\G93-49204-RBM-T3S2.5-21156.wav,998
-65.892136,-29.905872,Mono_Continuous,RBM,C:\TCC\Reproduzir_artigo\data\GUITAR-FX\Mono_Continuous\Audio\RBM\G93-50205-RBM-T3.3S9.8-21157.wav,998
-62.024113,-30.692598,Mono_Continuous,RBM,C:\TCC\Reproduzir_artigo\data\GUITAR-FX\Mono_Continuous\Audio\RBM\G93-51111-RBM-T4S6.6-21150.wav,998
-61.931267,-30.695723,Mono_Continuous,RBM,C:\TCC\Reproduzir_artigo\data\GUITAR-FX\Mono_Continuous\Audio\RBM\G93-51111-RBM-T5.3S6.4-21150.wav,998
-31.503185,-34.57906,Mono_Continuous,RBM,C:\TCC\Reproduzir_artigo\data\GUITAR-FX\Mono_Continuous\Audio\RBM\G93-51301-RBM-T10S3.1-21166.wav,998
-30.239458,-13.817119,Mono_Continuous,RBM,C:\TCC\Reproduzir_artigo\data\GUITAR-FX\Mono_Continuous\Audio\RBM\G93-54209-RBM-T8.1S2.3-21161.wav,998
-25.844568,-8.725695,Mono_Continuous,RBM,C:\TCC\Reproduzir_artigo\data\GUITAR-FX\Mono_Continuous\Audio\RBM\G93-55305-RBM-T4.1S6.2-21170.wav,998
-21.990238,-46.846962,Mono_Continuous,RBM,C:\TCC\Reproduzir_artigo\data\GUITAR-FX\Mono_Continuous\Audio\RBM\G93-56306-RBM-T3.3S8.2-21171.wav,998
-13.280975,-20.07075,Mono_Continuous,RBM,C:\TCC\Reproduzir_artigo\data\GUITAR-FX\Mono_Continuous\Audio\RBM\G93-57212-RBM-T8.7S6-21164.wav,998
-14.491855,-37.19409,Mono_Continuous,RBM,C:\TCC\Reproduzir_artigo\data\GUITAR-FX\Mono_Continuous\Audio\RBM\G93-57402-RBM-T3.9S5.1-21180.wav,998
-13.500564,-41.77074,Mono_Continuous,RBM,C:\TCC\Reproduzir_artigo\data\GUITAR-FX\Mono_Continuous\Audio\RBM\G93-59500-RBM-T5.1S8.7-21191.wav,998
22.111536,-38.163204,Mono_Continuous,RBM,C:\TCC\Reproduzir_artigo\data\GUITAR-FX\Mono_Continuous\Audio\RBM\G93-61502-RBM-T2.5S3.3-21193.wav,998
14.862246,-25.306807,Mono_Continuous,RBM,C:\TCC\Reproduzir_artigo\data\GUITAR-FX\Mono_Continuous\Audio\RBM\G93-62312-RBM-T3.2S8.8-21177.wav,998
15.776512,-24.516218,Mono_Continuous,RBM,C:\TCC\Reproduzir_artigo\data\GUITAR-FX\Mono_Continuous\Audio\RBM\G93-62407-RBM-T0.5S5.3-21185.wav,998
17.611464,-22.725082,Mono_Continuous,RBM,C:\TCC\Reproduzir_artigo\data\GUITAR-FX\Mono_Continuous\Audio\RBM\G93-62503-RBM-T5.2S9.2-21194.wav,998
45.30595,-12.595242,Mono_Continuous,RBM,C:\TCC\Reproduzir_artigo\data\GUITAR-FX\Mono_Continuous\Audio\RBM\G93-64409-RBM-T0.1S9.9-21187.wav,998
48.738167,-14.920128,Mono_Continuous,RBM,C:\TCC\Reproduzir_artigo\data\GUITAR-FX\Mono_Continuous\Audio\RBM\G93-65601-RBM-T1.4S9.6-21205.wav,998
48.904488,-14.969297,Mono_Continuous,RBM,C:\TCC\Reproduzir_artigo\data\GUITAR-FX\Mono_Continuous\Audio\RBM\G93-65601-RBM-T3.6S5.7-21205.wav,998
48.89991,-15.000724,Mono_Continuous,RBM,C:\TCC\Reproduzir_artigo\data\GUITAR-FX\Mono_Continuous\Audio\RBM\G93-65601-RBM-T3.9S8.5-21205.wav,998
51.12172,-2.7193058,Mono_Continuous,RBM,C:\TCC\Reproduzir_artigo\data\GUITAR-FX\Mono_Continuous\Audio\RBM\G93-67508-RBM-T0.5S6.9-21199.wav,998
65.84191,3.9503763,Mono_Continuous,RBM,C:\TCC\Reproduzir_artigo\data\GUITAR-FX\Mono_Continuous\Audio\RBM\G93-68509-RBM-T1.6S7.8-21200.wav,998
65.8384,3.9147525,Mono_Continuous,RBM,C:\TCC\Reproduzir_artigo\data\GUITAR-FX\Mono_Continuous\Audio\RBM\G93-68509-RBM-T4.9S4.6-21200.wav,998
-77.95802,-12.911306,Mono_Continuous,SD1,C:\TCC\Reproduzir_artigo\data\GUITAR-FX\Mono_Continuous\Audio\SD1\G61-41101-SD1-D8.4T3.7-20594.wav,998
-70.82448,26.642748,Mono_Continuous,SD1,C:\TCC\Reproduzir_artigo\data\GUITAR-FX\Mono_Continuous\Audio\SD1\G61-43103-SD1-D4.1T3.4-20596.wav,998
-71.34746,27.320116,Mono_Continuous,SD1,C:\TCC\Reproduzir_artigo\data\GUITAR-FX\Mono_Continuous\Audio\SD1\G61-44104-SD1-D3.3T6.3-20597.wav,998
-57.860764,6.017633,Mono_Continuous,SD1,C:\TCC\Reproduzir_artigo\data\GUITAR-FX\Mono_Continuous\Audio\SD1\G61-46201-SD1-D7.8T8.8-20607.wav,998
-63.342243,16.462425,Mono_Continuous,SD1,C:\TCC\Reproduzir_artigo\data\GUITAR-FX\Mono_Continuous\Audio\SD1\G61-47202-SD1-D4.7T7.2-20608.wav,998
-61.514313,18.415482,Mono_Continuous,SD1,C:\TCC\Reproduzir_artigo\data\GUITAR-FX\Mono_Continuous\Audio\SD1\G61-48203-SD1-D7.5T6.7-20609.wav,998
-64.89855,27.601114,Mono_Continuous,SD1,C:\TCC\Reproduzir_artigo\data\GUITAR-FX\Mono_Continuous\Audio\SD1\G61-49109-SD1-D3T8.6-20602.wav,998
-68.70489,30.8962,Mono_Continuous,SD1,C:\TCC\Reproduzir_artigo\data\GUITAR-FX\Mono_Continuous\Audio\SD1\G61-50110-SD1-D10T2.8-20603.wav,998
-68.6613,30.862862,Mono_Continuous,SD1,C:\TCC\Reproduzir_artigo\data\GUITAR-FX\Mono_Continuous\Audio\SD1\G61-50110-SD1-D9.5T7-20603.wav,998
-31.84978,37.5071,Mono_Continuous,SD1,C:\TCC\Reproduzir_artigo\data\GUITAR-FX\Mono_Continuous\Audio\SD1\G61-52112-SD1-D2.4T6.4-20605.wav,998
-27.981026,16.189314,Mono_Continuous,SD1,C:\TCC\Reproduzir_artigo\data\GUITAR-FX\Mono_Continuous\Audio\SD1\G61-52207-SD1-D7.1T3.2-20613.wav,998
-27.87454,16.083538,Mono_Continuous,SD1,C:\TCC\Reproduzir_artigo\data\GUITAR-FX\Mono_Continuous\Audio\SD1\G61-52207-SD1-D7.8T7.5-20613.wav,998
-27.83332,16.160091,Mono_Continuous,SD1,C:\TCC\Reproduzir_artigo\data\GUITAR-FX\Mono_Continuous\Audio\SD1\G61-52207-SD1-D9.1T2.5-20613.wav,998
-14.898715,14.163373,Mono_Continuous,SD1,C:\TCC\Reproduzir_artigo\data\GUITAR-FX\Mono_Continuous\Audio\SD1\G61-54304-SD1-D3T4.6-20623.wav,998
-16.917212,9.755302,Mono_Continuous,SD1,C:\TCC\Reproduzir_artigo\data\GUITAR-FX\Mono_Continuous\Audio\SD1\G61-55400-SD1-D3.5T4.7-20632.wav,998
-6.4622664,4.617867,Mono_Continuous,SD1,C:\TCC\Reproduzir_artigo\data\GUITAR-FX\Mono_Continuous\Audio\SD1\G61-56211-SD1-D3.5T0.5-20617.wav,998
-9.840135,-6.246536,Mono_Continuous,SD1,C:\TCC\Reproduzir_artigo\data\GUITAR-FX\Mono_Continuous\Audio\SD1\G61-56401-SD1-D5T9.4-20633.wav,998
2.0869625,-3.6606798,Mono_Continuous,SD1,C:\TCC\Reproduzir_artigo\data\GUITAR-FX\Mono_Continuous\Audio\SD1\G61-59309-SD1-D2.6T7.9-20628.wav,998
-11.034774,-46.9841,Mono_Continuous,SD1,C:\TCC\Reproduzir_artigo\data\GUITAR-FX\Mono_Continuous\Audio\SD1\G61-59309-SD1-D9.5T9-20628.wav,998
8.388903,-33.17985,Mono_Continuous,SD1,C:\TCC\Reproduzir_artigo\data\GUITAR-FX\Mono_Continuous\Audio\SD1\G61-60501-SD1-D9.3T6.1-20646.wav,998
39.36756,0.75154555,Mono_Continuous,SD1,C:\TCC\Reproduzir_artigo\data\GUITAR-FX\Mono_Continuous\Audio\SD1\G61-65410-SD1-D2.6T1.8-20642.wav,998
47.264687,-20.346777,Mono_Continuous,SD1,C:\TCC\Reproduzir_artigo\data\GUITAR-FX\Mono_Continuous\Audio\SD1\G61-65410-SD1-D7.9T6.8-20642.wav,998
47.067905,-20.095612,Mono_Continuous,SD1,C:\TCC\Reproduzir_artigo\data\GUITAR-FX\Mono_Continuous\Audio\SD1\G61-65410-SD1-D9.7T6.1-20642.wav,998
69.52887,-6.3687344,Mono_Continuous,SD1,C:\TCC\Reproduzir_artigo\data\GUITAR-FX\Mono_Continuous\Audio\SD1\G61-66411-SD1-D4.7T1.4-20643.wav,998
42.15481,8.778164,Mono_Continuous,SD1,C:\TCC\Reproduzir_artigo\data\GUITAR-FX\Mono_Continuous\Audio\SD1\G61-67508-SD1-D3.5T0.1-20653.wav,998
65.55677,19.59282,Mono_Continuous,SD1,C:\TCC\Reproduzir_artigo\data\GUITAR-FX\Mono_Continuous\Audio\SD1\G61-68604-SD1-D7.6T4.5-20662.wav,998
38.116028,26.141912,Mono_Continuous,SD1,C:\TCC\Reproduzir_artigo\data\GUITAR-FX\Mono_Continuous\Audio\SD1\G61-69510-SD1-D9.7T9-20655.wav,998
62.027863,53.557842,Mono_Continuous,SD1,C:\TCC\Reproduzir_artigo\data\GUITAR-FX\Mono_Continuous\Audio\SD1\G61-71607-SD1-D4.3T4.1-20665.wav,998
33.643364,46.852394,Mono_Continuous,SD1,C:\TCC\Reproduzir_artigo\data\GUITAR-FX\Mono_Continuous\Audio\SD1\G61-72608-SD1-D4.9T3.3-20666.wav,998
46.193157,49.052856,Mono_Continuous,SD1,C:\TCC\Reproduzir_artigo\data\GUITAR-FX\Mono_Continuous\Audio\SD1\G61-75611-SD1-D4.8T2.3-20669.wav,998
-74.38818,23.841656,Mono_Continuous,SD1,C:\TCC\Reproduzir_artigo\data\GUITAR-FX\Mono_Continuous\Audio\SD1\G63-41101-SD1-D3.1T1.3-20672.wav,998
-74.371544,22.641277,Mono_Continuous,SD1,C:\TCC\Reproduzir_artigo\data\GUITAR-FX\Mono_Continuous\Audio\SD1\G63-41101-SD1-D6.3T3.8-20672.wav,998
-74.494,22.40247,Mono_Continuous,SD1,C:\TCC\Reproduzir_artigo\data\GUITAR-FX\Mono_Continuous\Audio\SD1\G63-41101-SD1-D8T3.1-20672.wav,998
-68.40843,26.283146,Mono_Continuous,SD1,C:\TCC\Reproduzir_artigo\data\GUITAR-FX\Mono_Continuous\Audio\SD1\G63-43103-SD1-D3.7T8.3-20674.wav,998
-68.6111,26.210571,Mono_Continuous,SD1,C:\TCC\Reproduzir_artigo\data\GUITAR-FX\Mono_Continuous\Audio\SD1\G63-43103-SD1-D3.8T3.5-20674.wav,998
-58.920864,21.054691,Mono_Continuous,SD1,C:\TCC\Reproduzir_artigo\data\GUITAR-FX\Mono_Continuous\Audio\SD1\G63-48108-SD1-D5.8T2.6-20679.wav,998
-62.65117,24.626635,Mono_Continuous,SD1,C:\TCC\Reproduzir_artigo\data\GUITAR-FX\Mono_Continuous\Audio\SD1\G63-49109-SD1-D3.5T0.4-20680.wav,998
-59.503796,23.45234,Mono_Continuous,SD1,C:\TCC\Reproduzir_artigo\data\GUITAR-FX\Mono_Continuous\Audio\SD1\G63-49204-SD1-D2.6T5.5-20688.wav,998
-24.718346,7.860641,Mono_Continuous,SD1,C:\TCC\Reproduzir_artigo\data\GUITAR-FX\Mono_Continuous\Audio\SD1\G63-52207-SD1-D4T4.8-20691.wav,998
-22.670477,5.8425207,Mono_Continuous,SD1,C:\TCC\Reproduzir_artigo\data\GUITAR-FX\Mono_Continuous\Audio\SD1\G63-53208-SD1-D6.1T6.3-20692.wav,998
-30.220207,-1.4771495,Mono_Continuous,SD1,C:\TCC\Reproduzir_artigo\data\GUITAR-FX\Mono_Continuous\Audio\SD1\G63-53303-SD1-D9.1T6.7-20700.wav,998
-14.4440365,5.260612,Mono_Continuous,SD1,C:\TCC\Reproduzir_artigo\data\GUITAR-FX\Mono_Continuous\Audio\SD1\G63-55305-SD1-D4.6T2.7-20702.wav,998
-9.4377365,-2.8966653,Mono_Continuous,SD1,C:\TCC\Reproduzir_artigo\data\GUITAR-FX\Mono_Continuous\Audio\SD1\G63-56306-SD1-D3.9T2.8-20703.wav,998
-8.317111,-0.5399644,Mono_Continuous,SD1,C:\TCC\Reproduzir_artigo\data\GUITAR-FX\Mono_Continuous\Audio\SD1\G63-56401-SD1-D2.8T1.3-20711.wav,998
-8.258171,-0.60061324,Mono_Continuous,SD1,C:\TCC\Reproduzir_artigo\data\GUITAR-FX\Mono_Continuous\Audio\SD1\G63-56401-SD1-D4.4T0.5-20711.wav,998
-2.4595387,-22.807823,Mono_Continuous,SD1,C:\TCC\Reproduzir_artigo\data\GUITAR-FX\Mono_Continuous\Audio\SD1\G63-57402-SD1-D9.9T8.6-20712.wav,998
-9.539782,25.745125,Mono_Continuous,SD1,C:\TCC\Reproduzir_artigo\data\GUITAR-FX\Mono_Continuous\Audio\SD1\G63-59309-SD1-D4.2T7.5-20706.wav,998
-9.464262,25.71127,Mono_Continuous,SD1,C:\TCC\Reproduzir_artigo\data\GUITAR-FX\Mono_Continuous\Audio\SD1\G63-59309-SD1-D5.7T1.7-20706.wav,998
0.53297913,-4.407956,Mono_Continuous,SD1,C:\TCC\Reproduzir_artigo\data\GUITAR-FX\Mono_Continuous\Audio\SD1\G63-59404-SD1-D3.7T7.1-20714.wav,998
3.411626,-16.015865,Mono_Continuous,SD1,C:\TCC\Reproduzir_artigo\data\GUITAR-FX\Mono_Continuous\Audio\SD1\G63-59404-SD1-D8.3T4.6-20714.wav,998
2.8104103,0.18804926,Mono_Continuous,SD1,C:\TCC\Reproduzir_artigo\data\GUITAR-FX\Mono_Continuous\Audio\SD1\G63-60405-SD1-D8.6T4.9-20715.wav,998
6.4704666,-26.890661,Mono_Continuous,SD1,C:\TCC\Reproduzir_artigo\data\GUITAR-FX\Mono_Continuous\Audio\SD1\G63-60501-SD1-D9.2T8.2-20724.wav,998
27.514914,-37.247017,Mono_Continuous,SD1,C:\TCC\Reproduzir_artigo\data\GUITAR-FX\Mono_Continuous\Audio\SD1\G63-61502-SD1-D3.8T5.6-20725.wav,998
23.427977,-9.979636,Mono_Continuous,SD1,C:\TCC\Reproduzir_artigo\data\GUITAR-FX\Mono_Continuous\Audio\SD1\G63-62503-SD1-D2.8T1.4-20726.wav,998
39.56714,-23.893187,Mono_Continuous,SD1,C:\TCC\Reproduzir_artigo\data\GUITAR-FX\Mono_Continuous\Audio\SD1\G63-63408-SD1-D3.7T9.8-20718.wav,998
39.741863,-24.189432,Mono_Continuous,SD1,C:\TCC\Reproduzir_artigo\data\GUITAR-FX\Mono_Continuous\Audio\SD1\G63-63408-SD1-D6.9T3.5-20718.wav,998
40.90255,-25.366146,Mono_Continuous,SD1,C:\TCC\Reproduzir_artigo\data\GUITAR-FX\Mono_Continuous\Audio\SD1\G63-63504-SD1-D8.7T8.6-20727.wav,998
59.86291,-7.748321,Mono_Continuous,SD1,C:\TCC\Reproduzir_artigo\data\GUITAR-FX\Mono_Continuous\Audio\SD1\G63-64600-SD1-D6.2T6.7-20736.wav,998
69.513115,-8.429347,Mono_Continuous,SD1,C:\TCC\Reproduzir_artigo\data\GUITAR-FX\Mono_Continuous\Audio\SD1\G63-66411-SD1-D4.8T2.7-20721.wav,998
70.24477,-10.525867,Mono_Continuous,SD1,C:\TCC\Reproduzir_artigo\data\GUITAR-FX\Mono_Continuous\Audio\SD1\G63-66507-SD1-D7.1T7.8-20730.wav,998
42.261837,6.6115894,Mono_Continuous,SD1,C:\TCC\Reproduzir_artigo\data\GUITAR-FX\Mono_Continuous\Audio\SD1\G63-67412-SD1-D4.9T1.7-20722.wav,998
40.387444,13.071003,Mono_Continuous,SD1,C:\TCC\Reproduzir_artigo\data\GUITAR-FX\Mono_Continuous\Audio\SD1\G63-67508-SD1-D4.5T1.1-20731.wav,998
69.19829,19.317972,Mono_Continuous,SD1,C:\TCC\Reproduzir_artigo\data\GUITAR-FX\Mono_Continuous\Audio\SD1\G63-68604-SD1-D9T7.3-20740.wav,998
50.4633,33.614258,Mono_Continuous,SD1,C:\TCC\Reproduzir_artigo\data\GUITAR-FX\Mono_Continuous\Audio\SD1\G63-70511-SD1-D5.9T7.6-20734.wav,998
57.812042,54.856014,Mono_Continuous,SD1,C:\TCC\Reproduzir_artigo\data\GUITAR-FX\Mono_Continuous\Audio\SD1\G63-71607-SD1-D7.1T1.1-20743.wav,998
37.92242,44.54882,Mono_Continuous,SD1,C:\TCC\Reproduzir_artigo\data\GUITAR-FX\Mono_Continuous\Audio\SD1\G63-73609-SD1-D3.2T0.4-20745.wav,998
38.125957,43.82941,Mono_Continuous,SD1,C:\TCC\Reproduzir_artigo\data\GUITAR-FX\Mono_Continuous\Audio\SD1\G63-73609-SD1-D4.4T6.8-20745.wav,998
39.42602,43.424847,Mono_Continuous,SD1,C:\TCC\Reproduzir_artigo\data\GUITAR-FX\Mono_Continuous\Audio\SD1\G63-73609-SD1-D8T3.9-20745.wav,998
39.63532,43.564926,Mono_Continuous,SD1,C:\TCC\Reproduzir_artigo\data\GUITAR-FX\Mono_Continuous\Audio\SD1\G63-73609-SD1-D9.8T7.2-20745.wav,998
35.095768,52.952778,Mono_Continuous,SD1,C:\TCC\Reproduzir_artigo\data\GUITAR-FX\Mono_Continuous\Audio\SD1\G63-74610-SD1-D5.5T1.4-20746.wav,998
-70.11908,7.4060264,Mono_Continuous,SD1,C:\TCC\Reproduzir_artigo\data\GUITAR-FX\Mono_Continuous\Audio\SD1\G71-41101-SD1-D4.3T6.2-20750.wav,998
-70.865944,6.8125677,Mono_Continuous,SD1,C:\TCC\Reproduzir_artigo\data\GUITAR-FX\Mono_Continuous\Audio\SD1\G71-41101-SD1-D9.6T6.2-20750.wav,998
-60.282227,6.04442,Mono_Continuous,SD1,C:\TCC\Reproduzir_artigo\data\GUITAR-FX\Mono_Continuous\Audio\SD1\G71-46201-SD1-D3.9T6.2-20763.wav,998
-60.22099,15.456369,Mono_Continuous,SD1,C:\TCC\Reproduzir_artigo\data\GUITAR-FX\Mono_Continuous\Audio\SD1\G71-47107-SD1-D6.4T1.4-20756.wav,998
-41.47616,8.606463,Mono_Continuous,SD1,C:\TCC\Reproduzir_artigo\data\GUITAR-FX\Mono_Continuous\Audio\SD1\G71-50205-SD1-D3.3T7.8-20767.wav,998
-41.603043,7.635513,Mono_Continuous,SD1,C:\TCC\Reproduzir_artigo\data\GUITAR-FX\Mono_Continuous\Audio\SD1\G71-50205-SD1-D4.6T8.9-20767.wav,998
-22.731539,3.4574454,Mono_Continuous,SD1,C:\TCC\Reproduzir_artigo\data\GUITAR-FX\Mono_Continuous\Audio\SD1\G71-52112-SD1-D8.7T9-20761.wav,998
-24.886477,10.067838,Mono_Continuous,SD1,C:\TCC\Reproduzir_artigo\data\GUITAR-FX\Mono_Continuous\Audio\SD1\G71-52207-SD1-D4.2T5.1-20769.wav,998
-34.095654,3.2710238,Mono_Continuous,SD1,C:\TCC\Reproduzir_artigo\data\GUITAR-FX\Mono_Continuous\Audio\SD1\G71-52302-SD1-D6.7T7.5-20777.wav,998
-25.899412,0.6649164,Mono_Continuous,SD1,C:\TCC\Reproduzir_artigo\data\GUITAR-FX\Mono_Continuous\Audio\SD1\G71-53208-SD1-D2.5T0.8-20770.wav,998
-27.065567,-0.93005395,Mono_Continuous,SD1,C:\TCC\Reproduzir_artigo\data\GUITAR-FX\Mono_Continuous\Audio\SD1\G71-53208-SD1-D9.2T1.6-20770.wav,998
-17.786753,4.160019,Mono_Continuous,SD1,C:\TCC\Reproduzir_artigo\data\GUITAR-FX\Mono_Continuous\Audio\SD1\G71-54209-SD1-D5.2T5-20771.wav,998
-17.885565,4.16449,Mono_Continuous,SD1,C:\TCC\Reproduzir_artigo\data\GUITAR-FX\Mono_Continuous\Audio\SD1\G71-54209-SD1-D5.8T3.9-20771.wav,998
-22.046885,-1.0891485,Mono_Continuous,SD1,C:\TCC\Reproduzir_artigo\data\GUITAR-FX\Mono_Continuous\Audio\SD1\G71-54304-SD1-D3.4T9.3-20779.wav,998
-22.233171,-1.4024009,Mono_Continuous,SD1,C:\TCC\Reproduzir_artigo\data\GUITAR-FX\Mono_Continuous\Audio\SD1\G71-54304-SD1-D6.4T7.4-20779.wav,998
-15.939377,6.0694776,Mono_Continuous,SD1,C:\TCC\Reproduzir_artigo\data\GUITAR-FX\Mono_Continuous\Audio\SD1\G71-55210-SD1-D4.1T2.8-20772.wav,998
-21.272902,0.3240457,Mono_Continuous,SD1,C:\TCC\Reproduzir_artigo\data\GUITAR-FX\Mono_Continuous\Audio\SD1\G71-55305-SD1-D2.2T9.2-20780.wav,998
-3.1545446,4.641725,Mono_Continuous,SD1,C:\TCC\Reproduzir_artigo\data\GUITAR-FX\Mono_Continuous\Audio\SD1\G71-57212-SD1-D7.2T2.9-20774.wav,998
4.26298,5.098508,Mono_Continuous,SD1,C:\TCC\Reproduzir_artigo\data\GUITAR-FX\Mono_Continuous\Audio\SD1\G71-57307-SD1-D5.5T3.1-20782.wav,998
1.2800072,-24.735397,Mono_Continuous,SD1,C:\TCC\Reproduzir_artigo\data\GUITAR-FX\Mono_Continuous\Audio\SD1\G71-57402-SD1-D3.4T7.2-20790.wav,998
3.3295546,-33.044655,Mono_Continuous,SD1,C:\TCC\Reproduzir_artigo\data\GUITAR-FX\Mono_Continuous\Audio\SD1\G71-58403-SD1-D5.7T2.1-20791.wav,998
10.930169,5.966237,Mono_Continuous,SD1,C:\TCC\Reproduzir_artigo\data\GUITAR-FX\Mono_Continuous\Audio\SD1\G71-60310-SD1-D7.9T8.2-20785.wav,998
4.5135245,-28.188011,Mono_Continuous,SD1,C:\TCC\Reproduzir_artigo\data\GUITAR-FX\Mono_Continuous\Audio\SD1\G71-60405-SD1-D6.3T3.3-20793.wav,998
21.540806,-12.328408,Mono_Continuous,SD1,C:\TCC\Reproduzir_artigo\data\GUITAR-FX\Mono_Continuous\Audio\SD1\G71-62407-SD1-D4.2T4.3-20795.wav,998
42.280727,-30.267883,Mono_Continuous,SD1,C:\TCC\Reproduzir_artigo\data\GUITAR-FX\Mono_Continuous\Audio\SD1\G71-63408-SD1-D9.2T5-20796.wav,998
42.728153,-24.002316,Mono_Continuous,SD1,C:\TCC\Reproduzir_artigo\data\GUITAR-FX\Mono_Continuous\Audio\SD1\G71-63504-SD1-D3.1T7.7-20805.wav,998
48.559113,-20.368515,Mono_Continuous,SD1,C:\TCC\Reproduzir_artigo\data\GUITAR-FX\Mono_Continuous\Audio\SD1\G71-65410-SD1-D9.1T8.6-20798.wav,998
58.359562,-21.738018,Mono_Continuous,SD1,C:\TCC\Reproduzir_artigo\data\GUITAR-FX\Mono_Continuous\Audio\SD1\G71-65601-SD1-D7.8T2.9-20815.wav,998
49.610546,11.268755,Mono_Continuous,SD1,C:\TCC\Reproduzir_artigo\data\GUITAR-FX\Mono_Continuous\Audio\SD1\G71-67603-SD1-D3.3T8.7-20817.wav,998
63.47041,21.36029,Mono_Continuous,SD1,C:\TCC\Reproduzir_artigo\data\GUITAR-FX\Mono_Continuous\Audio\SD1\G71-68604-SD1-D2.6T5.9-20818.wav,998
64.86568,22.438948,Mono_Continuous,SD1,C:\TCC\Reproduzir_artigo\data\GUITAR-FX\Mono_Continuous\Audio\SD1\G71-68604-SD1-D8.9T4.2-20818.wav,998
64.11365,56.955994,Mono_Continuous,SD1,C:\TCC\Reproduzir_artigo\data\GUITAR-FX\Mono_Continuous\Audio\SD1\G71-71512-SD1-D7.5T0.4-20813.wav,998
45.53088,53.670822,Mono_Continuous,SD1,C:\TCC\Reproduzir_artigo\data\GUITAR-FX\Mono_Continuous\Audio\SD1\G71-75611-SD1-D8.7T7.5-20825.wav,998
-69.18844,11.572811,Mono_Continuous,SD1,C:\TCC\Reproduzir_artigo\data\GUITAR-FX\Mono_Continuous\Audio\SD1\G73-41101-SD1-D4.6T8.9-20828.wav,998
-49.909985,16.46365,Mono_Continuous,SD1,C:\TCC\Reproduzir_artigo\data\GUITAR-FX\Mono_Continuous\Audio\SD1\G73-45105-SD1-D2.7T9.7-20832.wav,998
-49.883747,16.200945,Mono_Continuous,SD1,C:\TCC\Reproduzir_artigo\data\GUITAR-FX\Mono_Continuous\Audio\SD1\G73-45105-SD1-D4.4T6.9-20832.wav,998
-50.162193,15.735782,Mono_Continuous,SD1,C:\TCC\Reproduzir_artigo\data\GUITAR-FX\Mono_Continuous\Audio\SD1\G73-45105-SD1-D5.9T7.7-20832.wav,998
-56.15448,18.465265,Mono_Continuous,SD1,C:\TCC\Reproduzir_artigo\data\GUITAR-FX\Mono_Continuous\Audio\SD1\G73-49109-SD1-D4.9T6.6-20836.wav,998
-47.275593,4.611297,Mono_Continuous,SD1,C:\TCC\Reproduzir_artigo\data\GUITAR-FX\Mono_Continuous\Audio\SD1\G73-50110-SD1-D8.1T1.6-20837.wav,998
-29.940691,2.8508463,Mono_Continuous,SD1,C:\TCC\Reproduzir_artigo\data\GUITAR-FX\Mono_Continuous\Audio\SD1\G73-52302-SD1-D2.9T4.9-20855.wav,998
-28.735106,-2.3011093,Mono_Continuous,SD1,C:\TCC\Reproduzir_artigo\data\GUITAR-FX\Mono_Continuous\Audio\SD1\G73-53208-SD1-D7.8T1.4-20848.wav,998
-20.457724,8.898445,Mono_Continuous,SD1,C:\TCC\Reproduzir_artigo\data\GUITAR-FX\Mono_Continuous\Audio\SD1\G73-55210-SD1-D7.3T4.2-20850.wav,998
-7.814218,-6.7341967,Mono_Continuous,SD1,C:\TCC\Reproduzir_artigo\data\GUITAR-FX\Mono_Continuous\Audio\SD1\G73-56401-SD1-D4.7T6-20867.wav,998
-3.1734235,0.9365578,Mono_Continuous,SD1,C:\TCC\Reproduzir_artigo\data\GUITAR-FX\Mono_Continuous\Audio\SD1\G73-57212-SD1-D6.6T7-20852.wav,998
-3.9318566,-21.852272,Mono_Continuous,SD1,C:\TCC\Reproduzir_artigo\data\GUITAR-FX\Mono_Continuous\Audio\SD1\G73-57307-SD1-D10T9.3-20860.wav,998
-3.775405,-21.624298,Mono_Continuous,SD1,C:\TCC\Reproduzir_artigo\data\GUITAR-FX\Mono_Continuous\Audio\SD1\G73-57307-SD1-D7.1T8.3-20860.wav,998
1.9059294,-21.091452,Mono_Continuous,SD1,C:\TCC\Reproduzir_artigo\data\GUITAR-FX\Mono_Continuous\Audio\SD1\G73-57402-SD1-D3.1T3.8-20868.wav,998
7.31684,-24.286133,Mono_Continuous,SD1,C:\TCC\Reproduzir_artigo\data\GUITAR-FX\Mono_Continuous\Audio\SD1\G73-59500-SD1-D6.7T1.1-20879.wav,998
7.1129646,-24.504253,Mono_Continuous,SD1,C:\TCC\Reproduzir_artigo\data\GUITAR-FX\Mono_Continuous\Audio\SD1\G73-59500-SD1-D9.7T6.8-20879.wav,998
6.815718,-0.09934115,Mono_Continuous,SD1,C:\TCC\Reproduzir_artigo\data\GUITAR-FX\Mono_Continuous\Audio\SD1\G73-60310-SD1-D6.4T9.6-20863.wav,998
4.5270247,-26.154852,Mono_Continuous,SD1,C:\TCC\Reproduzir_artigo\data\GUITAR-FX\Mono_Continuous\Audio\SD1\G73-60405-SD1-D3.8T7.2-20871.wav,998
10.917923,-33.822865,Mono_Continuous,SD1,C:\TCC\Reproduzir_artigo\data\GUITAR-FX\Mono_Continuous\Audio\SD1\G73-60501-SD1-D8.8T9-20880.wav,998
26.639986,-36.727757,Mono_Continuous,SD1,C:\TCC\Reproduzir_artigo\data\GUITAR-FX\Mono_Continuous\Audio\SD1\G73-61311-SD1-D2.3T0.6-20864.wav,998
25.925312,-38.186184,Mono_Continuous,SD1,C:\TCC\Reproduzir_artigo\data\GUITAR-FX\Mono_Continuous\Audio\SD1\G73-61311-SD1-D7.1T6.5-20864.wav,998
25.443216,-38.404137,Mono_Continuous,SD1,C:\TCC\Reproduzir_artigo\data\GUITAR-FX\Mono_Continuous\Audio\SD1\G73-61311-SD1-D8.9T1.4-20864.wav,998
27.661514,-39.91053,Mono_Continuous,SD1,C:\TCC\Reproduzir_artigo\data\GUITAR-FX\Mono_Continuous\Audio\SD1\G73-61502-SD1-D6.4T8.1-20881.wav,998
21.105028,-13.5945425,Mono_Continuous,SD1,C:\TCC\Reproduzir_artigo\data\GUITAR-FX\Mono_Continuous\Audio\SD1\G73-62312-SD1-D2.1T3.2-20865.wav,998
21.531057,-14.471826,Mono_Continuous,SD1,C:\TCC\Reproduzir_artigo\data\GUITAR-FX\Mono_Continuous\Audio\SD1\G73-62312-SD1-D5.9T3.5-20865.wav,998
20.135435,-14.835144,Mono_Continuous,SD1,C:\TCC\Reproduzir_artigo\data\GUITAR-FX\Mono_Continuous\Audio\SD1\G73-62503-SD1-D3.4T7.5-20882.wav,998
20.5833,-28.88568,Mono_Continuous,SD1,C:\TCC\Reproduzir_artigo\data\GUITAR-FX\Mono_Continuous\Audio\SD1\G73-62503-SD1-D9.7T2-20882.wav,998
42.20978,-25.52686,Mono_Continuous,SD1,C:\TCC\Reproduzir_artigo\data\GUITAR-FX\Mono_Continuous\Audio\SD1\G73-63504-SD1-D8.9T7.8-20883.wav,998
61.17463,-6.183914,Mono_Continuous,SD1,C:\TCC\Reproduzir_artigo\data\GUITAR-FX\Mono_Continuous\Audio\SD1\G73-64600-SD1-D2.8T5.7-20892.wav,998
61.145294,-6.1365013,Mono_Continuous,SD1,C:\TCC\Reproduzir_artigo\data\GUITAR-FX\Mono_Continuous\Audio\SD1\G73-64600-SD1-D3.7T7-20892.wav,998
52.636375,-23.10643,Mono_Continuous,SD1,C:\TCC\Reproduzir_artigo\data\GUITAR-FX\Mono_Continuous\Audio\SD1\G73-65601-SD1-D6.7T0.9-20893.wav,998
73.46889,-9.599271,Mono_Continuous,SD1,C:\TCC\Reproduzir_artigo\data\GUITAR-FX\Mono_Continuous\Audio\SD1\G73-66507-SD1-D3.3T8.1-20886.wav,998
46.424133,8.270456,Mono_Continuous,SD1,C:\TCC\Reproduzir_artigo\data\GUITAR-FX\Mono_Continuous\Audio\SD1\G73-67508-SD1-D5.8T0.7-20887.wav,998
57.050827,31.305874,Mono_Continuous,SD1,C:\TCC\Reproduzir_artigo\data\GUITAR-FX\Mono_Continuous\Audio\SD1\G73-70511-SD1-D7.9T5.4-20890.wav,998
34.743195,45.03694,Mono_Continuous,SD1,C:\TCC\Reproduzir_artigo\data\GUITAR-FX\Mono_Continuous\Audio\SD1\G73-72608-SD1-D4.2T6.6-20900.wav,998
32.745037,51.579067,Mono_Continuous,SD1,C:\TCC\Reproduzir_artigo\data\GUITAR-FX\Mono_Continuous\Audio\SD1\G73-74610-SD1-D4.1T6.2-20902.wav,998
32.720795,51.57356,Mono_Continuous,SD1,C:\TCC\Reproduzir_artigo\data\GUITAR-FX\Mono_Continuous\Audio\SD1\G73-74610-SD1-D4.1T7.3-20902.wav,998
-43.327236,24.091085,Mono_Continuous,SD1,C:\TCC\Reproduzir_artigo\data\GUITAR-FX\Mono_Continuous\Audio\SD1\G81-47202-SD1-D6.3T1.6-20920.wav,998
-36.560402,31.804468,Mono_Continuous,SD1,C:\TCC\Reproduzir_artigo\data\GUITAR-FX\Mono_Continuous\Audio\SD1\G81-49204-SD1-D2.5T8.1-20922.wav,998
-36.959667,31.288496,Mono_Continuous,SD1,C:\TCC\Reproduzir_artigo\data\GUITAR-FX\Mono_Continuous\Audio\SD1\G81-49204-SD1-D4.1T4.9-20922.wav,998
-32.76267,27.19717,Mono_Continuous,SD1,C:\TCC\Reproduzir_artigo\data\GUITAR-FX\Mono_Continuous\Audio\SD1\G81-51206-SD1-D2.6T8.5-20924.wav,998
-32.92982,26.18289,Mono_Continuous,SD1,C:\TCC\Reproduzir_artigo\data\GUITAR-FX\Mono_Continuous\Audio\SD1\G81-51206-SD1-D4.6T1.1-20924.wav,998
-33.560566,37.840004,Mono_Continuous,SD1,C:\TCC\Reproduzir_artigo\data\GUITAR-FX\Mono_Continuous\Audio\SD1\G81-52112-SD1-D2.8T4.5-20917.wav,998
-22.969496,19.2508,Mono_Continuous,SD1,C:\TCC\Reproduzir_artigo\data\GUITAR-FX\Mono_Continuous\Audio\SD1\G81-53208-SD1-D7.6T6.7-20926.wav,998
-21.720911,16.468697,Mono_Continuous,SD1,C:\TCC\Reproduzir_artigo\data\GUITAR-FX\Mono_Continuous\Audio\SD1\G81-53303-SD1-D8.3T8.7-20934.wav,998
-16.302305,21.33936,Mono_Continuous,SD1,C:\TCC\Reproduzir_artigo\data\GUITAR-FX\Mono_Continuous\Audio\SD1\G81-55210-SD1-D7.1T3.2-20928.wav,998
-17.449581,21.08261,Mono_Continuous,SD1,C:\TCC\Reproduzir_artigo\data\GUITAR-FX\Mono_Continuous\Audio\SD1\G81-55305-SD1-D6.2T2.3-20936.wav,998
-3.6329722,13.063642,Mono_Continuous,SD1,C:\TCC\Reproduzir_artigo\data\GUITAR-FX\Mono_Continuous\Audio\SD1\G81-57307-SD1-D4.3T0.1-20938.wav,998
1.3585075,8.429826,Mono_Continuous,SD1,C:\TCC\Reproduzir_artigo\data\GUITAR-FX\Mono_Continuous\Audio\SD1\G81-58308-SD1-D6.2T2.2-20939.wav,998
-1.3814397,-37.685314,Mono_Continuous,SD1,C:\TCC\Reproduzir_artigo\data\GUITAR-FX\Mono_Continuous\Audio\SD1\G81-58403-SD1-D7.6T4.3-20947.wav,998
-1.2916805,-37.797386,Mono_Continuous,SD1,C:\TCC\Reproduzir_artigo\data\GUITAR-FX\Mono_Continuous\Audio\SD1\G81-58403-SD1-D9.5T6.9-20947.wav,998
-5.0271254,25.080772,Mono_Continuous,SD1,C:\TCC\Reproduzir_artigo\data\GUITAR-FX\Mono_Continuous\Audio\SD1\G81-59404-SD1-D2.4T2.6-20948.wav,998
0.56010276,-10.788606,Mono_Continuous,SD1,C:\TCC\Reproduzir_artigo\data\GUITAR-FX\Mono_Continuous\Audio\SD1\G81-60405-SD1-D6.2T8.6-20949.wav,998
8.284398,-29.280151,Mono_Continuous,SD1,C:\TCC\Reproduzir_artigo\data\GUITAR-FX\Mono_Continuous\Audio\SD1\G81-60501-SD1-D2.6T3.6-20958.wav,998
32.20171,-36.385174,Mono_Continuous,SD1,C:\TCC\Reproduzir_artigo\data\GUITAR-FX\Mono_Continuous\Audio\SD1\G81-61502-SD1-D4.4T2.9-20959.wav,998
20.504763,-20.875141,Mono_Continuous,SD1,C:\TCC\Reproduzir_artigo\data\GUITAR-FX\Mono_Continuous\Audio\SD1\G81-62312-SD1-D8.1T2.5-20943.wav,998
36.052883,-18.297657,Mono_Continuous,SD1,C:\TCC\Reproduzir_artigo\data\GUITAR-FX\Mono_Continuous\Audio\SD1\G81-63408-SD1-D6.2T4.5-20952.wav,998
36.168697,-18.265156,Mono_Continuous,SD1,C:\TCC\Reproduzir_artigo\data\GUITAR-FX\Mono_Continuous\Audio\SD1\G81-63408-SD1-D6.3T8.7-20952.wav,998
35.501904,-17.872044,Mono_Continuous,SD1,C:\TCC\Reproduzir_artigo\data\GUITAR-FX\Mono_Continuous\Audio\SD1\G81-63408-SD1-D7.9T2.3-20952.wav,998
35.446083,-17.42627,Mono_Continuous,SD1,C:\TCC\Reproduzir_artigo\data\GUITAR-FX\Mono_Continuous\Audio\SD1\G81-63408-SD1-D9.3T9-20952.wav,998
71.04207,-15.489388,Mono_Continuous,SD1,C:\TCC\Reproduzir_artigo\data\GUITAR-FX\Mono_Continuous\Audio\SD1\G81-66602-SD1-D9.3T1.3-20972.wav,998
36.517803,3.492442,Mono_Continuous,SD1,C:\TCC\Reproduzir_artigo\data\GUITAR-FX\Mono_Continuous\Audio\SD1\G81-67412-SD1-D5.6T1.5-20956.wav,998
45.193253,7.7771034,Mono_Continuous,SD1,C:\TCC\Reproduzir_artigo\data\GUITAR-FX\Mono_Continuous\Audio\SD1\G81-67508-SD1-D5.7T8.2-20965.wav,998
45.98393,26.26171,Mono_Continuous,SD1,C:\TCC\Reproduzir_artigo\data\GUITAR-FX\Mono_Continuous\Audio\SD1\G81-69510-SD1-D9.6T7.6-20967.wav,998
37.50125,32.05373,Mono_Continuous,SD1,C:\TCC\Reproduzir_artigo\data\GUITAR-FX\Mono_Continuous\Audio\SD1\G81-69605-SD1-D6.9T2.3-20975.wav,998
65.81212,60.485153,Mono_Continuous,SD1,C:\TCC\Reproduzir_artigo\data\GUITAR-FX\Mono_Continuous\Audio\SD1\G81-71512-SD1-D3.6T8.6-20969.wav,998
46.80564,39.281204,Mono_Continuous,SD1,C:\TCC\Reproduzir_artigo\data\GUITAR-FX\Mono_Continuous\Audio\SD1\G81-72608-SD1-D7.9T9.4-20978.wav,998
37.638783,52.49809,Mono_Continuous,SD1,C:\TCC\Reproduzir_artigo\data\GUITAR-FX\Mono_Continuous\Audio\SD1\G81-74610-SD1-D5.2T3.6-20980.wav,998
-65.25011,9.65097,Mono_Continuous,SD1,C:\TCC\Reproduzir_artigo\data\GUITAR-FX\Mono_Continuous\Audio\SD1\G83-44104-SD1-D8.8T7.5-20987.wav,998
-50.439148,6.8182764,Mono_Continuous,SD1,C:\TCC\Reproduzir_artigo\data\GUITAR-FX\Mono_Continuous\Audio\SD1\G83-45200-SD1-D6.9T0.8-20996.wav,998
-50.4468,6.4935474,Mono_Continuous,SD1,C:\TCC\Reproduzir_artigo\data\GUITAR-FX\Mono_Continuous\Audio\SD1\G83-45200-SD1-D8.4T5-20996.wav,998
-56.801052,23.37168,Mono_Continuous,SD1,C:\TCC\Reproduzir_artigo\data\GUITAR-FX\Mono_Continuous\Audio\SD1\G83-47107-SD1-D6.1T7-20990.wav,998
-37.067936,34.618313,Mono_Continuous,SD1,C:\TCC\Reproduzir_artigo\data\GUITAR-FX\Mono_Continuous\Audio\SD1\G83-49109-SD1-D2.6T2.2-20992.wav,998
-38.201508,8.698097,Mono_Continuous,SD1,C:\TCC\Reproduzir_artigo\data\GUITAR-FX\Mono_Continuous\Audio\SD1\G83-50300-SD1-D5T3.3-21009.wav,998
-34.88488,17.596664,Mono_Continuous,SD1,C:\TCC\Reproduzir_artigo\data\GUITAR-FX\Mono_Continuous\Audio\SD1\G83-51206-SD1-D3.4T6.2-21002.wav,998
-42.319813,-14.112655,Mono_Continuous,SD1,C:\TCC\Reproduzir_artigo\data\GUITAR-FX\Mono_Continuous\Audio\SD1\G83-51301-SD1-D9.2T10-21010.wav,998
-30.761919,37.087242,Mono_Continuous,SD1,C:\TCC\Reproduzir_artigo\data\GUITAR-FX\Mono_Continuous\Audio\SD1\G83-52112-SD1-D4.4T9.3-20995.wav,998
-17.877378,19.413877,Mono_Continuous,SD1,C:\TCC\Reproduzir_artigo\data\GUITAR-FX\Mono_Continuous\Audio\SD1\G83-54209-SD1-D5T0.7-21005.wav,998
-12.441266,10.584465,Mono_Continuous,SD1,C:\TCC\Reproduzir_artigo\data\GUITAR-FX\Mono_Continuous\Audio\SD1\G83-55400-SD1-D3.9T1.7-21022.wav,998
6.917715,-5.363365,Mono_Continuous,SD1,C:\TCC\Reproduzir_artigo\data\GUITAR-FX\Mono_Continuous\Audio\SD1\G83-57402-SD1-D4.5T0.3-21024.wav,998
6.3736205,-21.504536,Mono_Continuous,SD1,C:\TCC\Reproduzir_artigo\data\GUITAR-FX\Mono_Continuous\Audio\SD1\G83-59500-SD1-D3.9T9.5-21035.wav,998
3.0024889,15.997634,Mono_Continuous,SD1,C:\TCC\Reproduzir_artigo\data\GUITAR-FX\Mono_Continuous\Audio\SD1\G83-60405-SD1-D2T6.4-21027.wav,998
14.198645,-12.673258,Mono_Continuous,SD1,C:\TCC\Reproduzir_artigo\data\GUITAR-FX\Mono_Continuous\Audio\SD1\G83-61311-SD1-D6.4T2-21020.wav,998
31.694416,1.3332703,Mono_Continuous,SD1,C:\TCC\Reproduzir_artigo\data\GUITAR-FX\Mono_Continuous\Audio\SD1\G83-64409-SD1-D4.6T5.2-21031.wav,998
30.167318,1.2082762,Mono_Continuous,SD1,C:\TCC\Reproduzir_artigo\data\GUITAR-FX\Mono_Continuous\Audio\SD1\G83-64505-SD1-D4.7T0.5-21040.wav,998
31.440712,-5.7167864,Mono_Continuous,SD1,C:\TCC\Reproduzir_artigo\data\GUITAR-FX\Mono_Continuous\Audio\SD1\G83-65410-SD1-D6.3T0.7-21032.wav,998
51.225098,-21.780472,Mono_Continuous,SD1,C:\TCC\Reproduzir_artigo\data\GUITAR-FX\Mono_Continuous\Audio\SD1\G83-65601-SD1-D4.7T0.1-21049.wav,998
67.60342,-29.654858,Mono_Continuous,SD1,C:\TCC\Reproduzir_artigo\data\GUITAR-FX\Mono_Continuous\Audio\SD1\G83-66411-SD1-D7.4T0.6-21033.wav,998
39.37524,28.490982,Mono_Continuous,SD1,C:\TCC\Reproduzir_artigo\data\GUITAR-FX\Mono_Continuous\Audio\SD1\G83-69510-SD1-D7T0.3-21045.wav,998
43.806953,57.333397,Mono_Continuous,SD1,C:\TCC\Reproduzir_artigo\data\GUITAR-FX\Mono_Continuous\Audio\SD1\G83-74610-SD1-D8.8T6.7-21058.wav,998
24.78066,56.27133,Mono_Continuous,SD1,C:\TCC\Reproduzir_artigo\data\GUITAR-FX\Mono_Continuous\Audio\SD1\G83-76612-SD1-D3.3T0.6-21060.wav,998
26.409128,59.250835,Mono_Continuous,SD1,C:\TCC\Reproduzir_artigo\data\GUITAR-FX\Mono_Continuous\Audio\SD1\G83-76612-SD1-D8.8T1-21060.wav,998
-49.16251,28.2708,Mono_Continuous,SD1,C:\TCC\Reproduzir_artigo\data\GUITAR-FX\Mono_Continuous\Audio\SD1\G91-40100-SD1-D3.2T3.6-21061.wav,998
-49.28454,28.005508,Mono_Continuous,SD1,C:\TCC\Reproduzir_artigo\data\GUITAR-FX\Mono_Continuous\Audio\SD1\G91-40100-SD1-D4.3T8-21061.wav,998
-71.88254,14.801111,Mono_Continuous,SD1,C:\TCC\Reproduzir_artigo\data\GUITAR-FX\Mono_Continuous\Audio\SD1\G91-42102-SD1-D7.2T6.8-21063.wav,998
-46.615948,26.865648,Mono_Continuous,SD1,C:\TCC\Reproduzir_artigo\data\GUITAR-FX\Mono_Continuous\Audio\SD1\G91-43103-SD1-D4.6T7.3-21064.wav,998
-46.484116,29.11096,Mono_Continuous,SD1,C:\TCC\Reproduzir_artigo\data\GUITAR-FX\Mono_Continuous\Audio\SD1\G91-44104-SD1-D6.4T2-21065.wav,998
-45.976746,28.743752,Mono_Continuous,SD1,C:\TCC\Reproduzir_artigo\data\GUITAR-FX\Mono_Continuous\Audio\SD1\G91-44104-SD1-D6.9T9.7-21065.wav,998
-48.478535,31.993252,Mono_Continuous,SD1,C:\TCC\Reproduzir_artigo\data\GUITAR-FX\Mono_Continuous\Audio\SD1\G91-45105-SD1-D2.1T1.9-21066.wav,998
-45.272774,27.308405,Mono_Continuous,SD1,C:\TCC\Reproduzir_artigo\data\GUITAR-FX\Mono_Continuous\Audio\SD1\G91-45200-SD1-D3.4T8.6-21074.wav,998
-39.182457,34.12019,Mono_Continuous,SD1,C:\TCC\Reproduzir_artigo\data\GUITAR-FX\Mono_Continuous\Audio\SD1\G91-46106-SD1-D2.6T9.4-21067.wav,998
-40.634342,25.716196,Mono_Continuous,SD1,C:\TCC\Reproduzir_artigo\data\GUITAR-FX\Mono_Continuous\Audio\SD1\G91-46201-SD1-D3.9T6.8-21075.wav,998
-40.81299,25.134989,Mono_Continuous,SD1,C:\TCC\Reproduzir_artigo\data\GUITAR-FX\Mono_Continuous\Audio\SD1\G91-46201-SD1-D7.4T7.3-21075.wav,998
-59.21238,12.198754,Mono_Continuous,SD1,C:\TCC\Reproduzir_artigo\data\GUITAR-FX\Mono_Continuous\Audio\SD1\G91-48108-SD1-D7.9T2.2-21069.wav,998
-36.891865,33.71925,Mono_Continuous,SD1,C:\TCC\Reproduzir_artigo\data\GUITAR-FX\Mono_Continuous\Audio\SD1\G91-49109-SD1-D2.2T8.8-21070.wav,998
-40.127613,20.386284,Mono_Continuous,SD1,C:\TCC\Reproduzir_artigo\data\GUITAR-FX\Mono_Continuous\Audio\SD1\G91-49109-SD1-D8T4.4-21070.wav,998
-38.82612,27.464602,Mono_Continuous,SD1,C:\TCC\Reproduzir_artigo\data\GUITAR-FX\Mono_Continuous\Audio\SD1\G91-49204-SD1-D3.7T1.7-21078.wav,998
-38.318813,19.906015,Mono_Continuous,SD1,C:\TCC\Reproduzir_artigo\data\GUITAR-FX\Mono_Continuous\Audio\SD1\G91-50205-SD1-D7.5T3.2-21079.wav,998
-38.2399,10.329913,Mono_Continuous,SD1,C:\TCC\Reproduzir_artigo\data\GUITAR-FX\Mono_Continuous\Audio\SD1\G91-50300-SD1-D4.4T8.6-21087.wav,998
-32.15425,20.366283,Mono_Continuous,SD1,C:\TCC\Reproduzir_artigo\data\GUITAR-FX\Mono_Continuous\Audio\SD1\G91-51111-SD1-D2.9T6.9-21072.wav,998
-17.219418,17.752062,Mono_Continuous,SD1,C:\TCC\Reproduzir_artigo\data\GUITAR-FX\Mono_Continuous\Audio\SD1\G91-54304-SD1-D3.1T6.1-21091.wav,998
-22.274395,22.220894,Mono_Continuous,SD1,C:\TCC\Reproduzir_artigo\data\GUITAR-FX\Mono_Continuous\Audio\SD1\G91-55210-SD1-D7.8T5.7-21084.wav,998
-15.149086,9.863997,Mono_Continuous,SD1,C:\TCC\Reproduzir_artigo\data\GUITAR-FX\Mono_Continuous\Audio\SD1\G91-55305-SD1-D6.4T8-21092.wav,998
-5.6870713,18.616785,Mono_Continuous,SD1,C:\TCC\Reproduzir_artigo\data\GUITAR-FX\Mono_Continuous\Audio\SD1\G91-57212-SD1-D2.8T4.7-21086.wav,998
-3.0962622,16.382618,Mono_Continuous,SD1,C:\TCC\Reproduzir_artigo\data\GUITAR-FX\Mono_Continuous\Audio\SD1\G91-57307-SD1-D6T4.9-21094.wav,998
7.630281,6.0805283,Mono_Continuous,SD1,C:\TCC\Reproduzir_artigo\data\GUITAR-FX\Mono_Continuous\Audio\SD1\G91-59309-SD1-D6.8T4.1-21096.wav,998
-0.0017534499,-8.02232,Mono_Continuous,SD1,C:\TCC\Reproduzir_artigo\data\GUITAR-FX\Mono_Continuous\Audio\SD1\G91-59404-SD1-D3.7T7-21104.wav,998
-1.5100995,-11.261047,Mono_Continuous,SD1,C:\TCC\Reproduzir_artigo\data\GUITAR-FX\Mono_Continuous\Audio\SD1\G91-60405-SD1-D9.6T0.8-21105.wav,998
21.498165,-3.7247443,Mono_Continuous,SD1,C:\TCC\Reproduzir_artigo\data\GUITAR-FX\Mono_Continuous\Audio\SD1\G91-62312-SD1-D7T6.1-21099.wav,998
33.685585,-0.36104724,Mono_Continuous,SD1,C:\TCC\Reproduzir_artigo\data\GUITAR-FX\Mono_Continuous\Audio\SD1\G91-64409-SD1-D6.5T0-21109.wav,998
54.89037,-4.813012,Mono_Continuous,SD1,C:\TCC\Reproduzir_artigo\data\GUITAR-FX\Mono_Continuous\Audio\SD1\G91-64505-SD1-D4.8T9.7-21118.wav,998
66.02877,-34.478756,Mono_Continuous,SD1,C:\TCC\Reproduzir_artigo\data\GUITAR-FX\Mono_Continuous\Audio\SD1\G91-66411-SD1-D9T7.5-21111.wav,998
71.929634,-15.495136,Mono_Continuous,SD1,C:\TCC\Reproduzir_artigo\data\GUITAR-FX\Mono_Continuous\Audio\SD1\G91-66602-SD1-D8.8T2.4-21128.wav,998
41.622173,24.749517,Mono_Continuous,SD1,C:\TCC\Reproduzir_artigo\data\GUITAR-FX\Mono_Continuous\Audio\SD1\G91-69510-SD1-D4.8T9.6-21123.wav,998
61.111134,33.294235,Mono_Continuous,SD1,C:\TCC\Reproduzir_artigo\data\GUITAR-FX\Mono_Continuous\Audio\SD1\G91-70511-SD1-D7.7T8.7-21124.wav,998
57.915062,34.822742,Mono_Continuous,SD1,C:\TCC\Reproduzir_artigo\data\GUITAR-FX\Mono_Continuous\Audio\SD1\G91-70606-SD1-D7.2T2.8-21132.wav,998
67.19211,60.258663,Mono_Continuous,SD1,C:\TCC\Reproduzir_artigo\data\GUITAR-FX\Mono_Continuous\Audio\SD1\G91-71512-SD1-D8.4T5.5-21125.wav,998
54.082054,58.074677,Mono_Continuous,SD1,C:\TCC\Reproduzir_artigo\data\GUITAR-FX\Mono_Continuous\Audio\SD1\G91-74610-SD1-D9.3T9.1-21136.wav,998
-73.409134,12.541817,Mono_Continuous,SD1,C:\TCC\Reproduzir_artigo\data\GUITAR-FX\Mono_Continuous\Audio\SD1\G93-41101-SD1-D6.4T3.2-21140.wav,998
-46.689293,19.386423,Mono_Continuous,SD1,C:\TCC\Reproduzir_artigo\data\GUITAR-FX\Mono_Continuous\Audio\SD1\G93-47107-SD1-D7.8T2-21146.wav,998
-36.0405,16.92117,Mono_Continuous,SD1,C:\TCC\Reproduzir_artigo\data\GUITAR-FX\Mono_Continuous\Audio\SD1\G93-51206-SD1-D3.7T8.7-21158.wav,998
-32.770603,30.032162,Mono_Continuous,SD1,C:\TCC\Reproduzir_artigo\data\GUITAR-FX\Mono_Continuous\Audio\SD1\G93-52112-SD1-D3.2T4.3-21151.wav,998
-31.102783,-15.673253,Mono_Continuous,SD1,C:\TCC\Reproduzir_artigo\data\GUITAR-FX\Mono_Continuous\Audio\SD1\G93-54209-SD1-D8.6T9.5-21161.wav,998
-18.652637,1.4093535,Mono_Continuous,SD1,C:\TCC\Reproduzir_artigo\data\GUITAR-FX\Mono_Continuous\Audio\SD1\G93-54304-SD1-D4.9T1.1-21169.wav,998
-10.114594,12.737569,Mono_Continuous,SD1,C:\TCC\Reproduzir_artigo\data\GUITAR-FX\Mono_Continuous\Audio\SD1\G93-56306-SD1-D2T4.7-21171.wav,998
9.401238,-12.224011,Mono_Continuous,SD1,C:\TCC\Reproduzir_artigo\data\GUITAR-FX\Mono_Continuous\Audio\SD1\G93-56401-SD1-D6.3T2-21179.wav,998
8.054355,-21.657545,Mono_Continuous,SD1,C:\TCC\Reproduzir_artigo\data\GUITAR-FX\Mono_Continuous\Audio\SD1\G93-59500-SD1-D4.6T8.9-21191.wav,998
14.688448,-6.0298767,Mono_Continuous,SD1,C:\TCC\Reproduzir_artigo\data\GUITAR-FX\Mono_Continuous\Audio\SD1\G93-60405-SD1-D3.7T6.9-21183.wav,998
15.319379,-7.8029094,Mono_Continuous,SD1,C:\TCC\Reproduzir_artigo\data\GUITAR-FX\Mono_Continuous\Audio\SD1\G93-61406-SD1-D3.9T2.2-21184.wav,998
20.36698,-9.768107,Mono_Continuous,SD1,C:\TCC\Reproduzir_artigo\data\GUITAR-FX\Mono_Continuous\Audio\SD1\G93-62312-SD1-D9T5.1-21177.wav,998
36.89891,-25.325348,Mono_Continuous,SD1,C:\TCC\Reproduzir_artigo\data\GUITAR-FX\Mono_Continuous\Audio\SD1\G93-63504-SD1-D5.3T9.2-21195.wav,998
66.1355,-30.25555,Mono_Continuous,SD1,C:\TCC\Reproduzir_artigo\data\GUITAR-FX\Mono_Continuous\Audio\SD1\G93-66411-SD1-D9.9T8.6-21189.wav,998
48.39916,8.061815,Mono_Continuous,SD1,C:\TCC\Reproduzir_artigo\data\GUITAR-FX\Mono_Continuous\Audio\SD1\G93-67508-SD1-D5.6T5-21199.wav,998
67.75421,21.345692,Mono_Continuous,SD1,C:\TCC\Reproduzir_artigo\data\GUITAR-FX\Mono_Continuous\Audio\SD1\G93-68604-SD1-D8.5T1.9-21208.wav,998
49.977573,25.382095,Mono_Continuous,SD1,C:\TCC\Reproduzir_artigo\data\GUITAR-FX\Mono_Continuous\Audio\SD1\G93-70511-SD1-D6T2.7-21202.wav,998
50.58817,26.544664,Mono_Continuous,SD1,C:\TCC\Reproduzir_artigo\data\GUITAR-FX\Mono_Continuous\Audio\SD1\G93-70511-SD1-D9.6T7.8-21202.wav,998
58.474464,32.723682,Mono_Continuous,SD1,C:\TCC\Reproduzir_artigo\data\GUITAR-FX\Mono_Continuous\Audio\SD1\G93-70606-SD1-D6.3T7.1-21210.wav,998
-71.85819,22.72583,Mono_Continuous,TS9,C:\TCC\Reproduzir_artigo\data\GUITAR-FX\Mono_Continuous\Audio\TS9\G61-40100-TS9-D2.2T9.8-20593.wav,998
-71.72762,20.316118,Mono_Continuous,TS9,C:\TCC\Reproduzir_artigo\data\GUITAR-FX\Mono_Continuous\Audio\TS9\G61-44104-TS9-D8.7T4.2-20597.wav,998
-69.91359,22.469608,Mono_Continuous,TS9,C:\TCC\Reproduzir_artigo\data\GUITAR-FX\Mono_Continuous\Audio\TS9\G61-45105-TS9-D4.3T6.8-20598.wav,998
-70.180275,20.70187,Mono_Continuous,TS9,C:\TCC\Reproduzir_artigo\data\GUITAR-FX\Mono_Continuous\Audio\TS9\G61-45105-TS9-D8.4T6.1-20598.wav,998
-64.736206,16.397018,Mono_Continuous,TS9,C:\TCC\Reproduzir_artigo\data\GUITAR-FX\Mono_Continuous\Audio\TS9\G61-45200-TS9-D3.1T2.5-20606.wav,998
-68.60017,19.82069,Mono_Continuous,TS9,C:\TCC\Reproduzir_artigo\data\GUITAR-FX\Mono_Continuous\Audio\TS9\G61-46106-TS9-D10T4.7-20599.wav,998
-66.29044,26.803404,Mono_Continuous,TS9,C:\TCC\Reproduzir_artigo\data\GUITAR-FX\Mono_Continuous\Audio\TS9\G61-46106-TS9-D2.2T6.5-20599.wav,998
-58.200768,6.812772,Mono_Continuous,TS9,C:\TCC\Reproduzir_artigo\data\GUITAR-FX\Mono_Continuous\Audio\TS9\G61-46201-TS9-D6.2T2.1-20607.wav,998
-65.619125,18.71551,Mono_Continuous,TS9,C:\TCC\Reproduzir_artigo\data\GUITAR-FX\Mono_Continuous\Audio\TS9\G61-48108-TS9-D10T9.6-20601.wav,998
-54.594727,27.51824,Mono_Continuous,TS9,C:\TCC\Reproduzir_artigo\data\GUITAR-FX\Mono_Continuous\Audio\TS9\G61-49204-TS9-D9.9T0.8-20610.wav,998
-66.782814,29.34618,Mono_Continuous,TS9,C:\TCC\Reproduzir_artigo\data\GUITAR-FX\Mono_Continuous\Audio\TS9\G61-50110-TS9-D2.8T8-20603.wav,998
-66.8844,29.368923,Mono_Continuous,TS9,C:\TCC\Reproduzir_artigo\data\GUITAR-FX\Mono_Continuous\Audio\TS9\G61-50110-TS9-D4T2.5-20603.wav,998
-44.928894,34.57373,Mono_Continuous,TS9,C:\TCC\Reproduzir_artigo\data\GUITAR-FX\Mono_Continuous\Audio\TS9\G61-50205-TS9-D2.4T1.8-20611.wav,998
-29.478523,14.384892,Mono_Continuous,TS9,C:\TCC\Reproduzir_artigo\data\GUITAR-FX\Mono_Continuous\Audio\TS9\G61-51111-TS9-D9.4T8.9-20604.wav,998
-30.537792,15.86013,Mono_Continuous,TS9,C:\TCC\Reproduzir_artigo\data\GUITAR-FX\Mono_Continuous\Audio\TS9\G61-51206-TS9-D3.2T5-20612.wav,998
-35.147224,11.751295,Mono_Continuous,TS9,C:\TCC\Reproduzir_artigo\data\GUITAR-FX\Mono_Continuous\Audio\TS9\G61-51301-TS9-D5.4T8.6-20620.wav,998
-35.167744,11.712469,Mono_Continuous,TS9,C:\TCC\Reproduzir_artigo\data\GUITAR-FX\Mono_Continuous\Audio\TS9\G61-51301-TS9-D7T6.6-20620.wav,998
-46.728664,35.803234,Mono_Continuous,TS9,C:\TCC\Reproduzir_artigo\data\GUITAR-FX\Mono_Continuous\Audio\TS9\G61-52112-TS9-D5.1T0.1-20605.wav,998
-46.6949,35.821342,Mono_Continuous,TS9,C:\TCC\Reproduzir_artigo\data\GUITAR-FX\Mono_Continuous\Audio\TS9\G61-52112-TS9-D9.2T7.2-20605.wav,998
-7.4708714,3.816395,Mono_Continuous,TS9,C:\TCC\Reproduzir_artigo\data\GUITAR-FX\Mono_Continuous\Audio\TS9\G61-56211-TS9-D5.9T8.2-20617.wav,998
-7.5290866,3.75965,Mono_Continuous,TS9,C:\TCC\Reproduzir_artigo\data\GUITAR-FX\Mono_Continuous\Audio\TS9\G61-56211-TS9-D6.4T9.3-20617.wav,998
-3.8727884,8.673551,Mono_Continuous,TS9,C:\TCC\Reproduzir_artigo\data\GUITAR-FX\Mono_Continuous\Audio\TS9\G61-57212-TS9-D7.1T5-20618.wav,998
-3.864053,8.70966,Mono_Continuous,TS9,C:\TCC\Reproduzir_artigo\data\GUITAR-FX\Mono_Continuous\Audio\TS9\G61-57212-TS9-D7.2T0.9-20618.wav,998
3.0763524,-8.527996,Mono_Continuous,TS9,C:\TCC\Reproduzir_artigo\data\GUITAR-FX\Mono_Continuous\Audio\TS9\G61-59404-TS9-D3.5T8.2-20636.wav,998
8.329215,-32.470005,Mono_Continuous,TS9,C:\TCC\Reproduzir_artigo\data\GUITAR-FX\Mono_Continuous\Audio\TS9\G61-60501-TS9-D9.5T7.1-20646.wav,998
24.282923,-17.15725,Mono_Continuous,TS9,C:\TCC\Reproduzir_artigo\data\GUITAR-FX\Mono_Continuous\Audio\TS9\G61-62503-TS9-D7.2T2.1-20648.wav,998
24.31168,-17.144394,Mono_Continuous,TS9,C:\TCC\Reproduzir_artigo\data\GUITAR-FX\Mono_Continuous\Audio\TS9\G61-62503-TS9-D7.6T4.5-20648.wav,998
57.678093,-6.644337,Mono_Continuous,TS9,C:\TCC\Reproduzir_artigo\data\GUITAR-FX\Mono_Continuous\Audio\TS9\G61-64505-TS9-D5T0.9-20650.wav,998
58.214985,-9.109543,Mono_Continuous,TS9,C:\TCC\Reproduzir_artigo\data\GUITAR-FX\Mono_Continuous\Audio\TS9\G61-64600-TS9-D4.9T3.9-20658.wav,998
52.492527,-20.960009,Mono_Continuous,TS9,C:\TCC\Reproduzir_artigo\data\GUITAR-FX\Mono_Continuous\Audio\TS9\G61-65601-TS9-D3.8T9.9-20659.wav,998
52.391357,-20.877747,Mono_Continuous,TS9,C:\TCC\Reproduzir_artigo\data\GUITAR-FX\Mono_Continuous\Audio\TS9\G61-65601-TS9-D5.9T4.6-20659.wav,998
42.588913,9.144132,Mono_Continuous,TS9,C:\TCC\Reproduzir_artigo\data\GUITAR-FX\Mono_Continuous\Audio\TS9\G61-67508-TS9-D6.5T1.7-20653.wav,998
65.30529,19.311573,Mono_Continuous,TS9,C:\TCC\Reproduzir_artigo\data\GUITAR-FX\Mono_Continuous\Audio\TS9\G61-68604-TS9-D9.4T1.8-20662.wav,998
37.0144,26.771755,Mono_Continuous,TS9,C:\TCC\Reproduzir_artigo\data\GUITAR-FX\Mono_Continuous\Audio\TS9\G61-69510-TS9-D8T9-20655.wav,998
36.099705,33.194687,Mono_Continuous,TS9,C:\TCC\Reproduzir_artigo\data\GUITAR-FX\Mono_Continuous\Audio\TS9\G61-69605-TS9-D8T3.7-20663.wav,998
61.401077,58.93984,Mono_Continuous,TS9,C:\TCC\Reproduzir_artigo\data\GUITAR-FX\Mono_Continuous\Audio\TS9\G61-71512-TS9-D5.3T8.3-20657.wav,998
62.011192,54.15433,Mono_Continuous,TS9,C:\TCC\Reproduzir_artigo\data\GUITAR-FX\Mono_Continuous\Audio\TS9\G61-71607-TS9-D7T7.8-20665.wav,998
-72.65223,23.400482,Mono_Continuous,TS9,C:\TCC\Reproduzir_artigo\data\GUITAR-FX\Mono_Continuous\Audio\TS9\G63-40100-TS9-D3.4T9.3-20671.wav,998
-67.62448,25.355305,Mono_Continuous,TS9,C:\TCC\Reproduzir_artigo\data\GUITAR-FX\Mono_Continuous\Audio\TS9\G63-44104-TS9-D5.6T4.7-20675.wav,998
-62.148632,3.4029562,Mono_Continuous,TS9,C:\TCC\Reproduzir_artigo\data\GUITAR-FX\Mono_Continuous\Audio\TS9\G63-45200-TS9-D6T0.7-20684.wav,998
-66.28982,25.04719,Mono_Continuous,TS9,C:\TCC\Reproduzir_artigo\data\GUITAR-FX\Mono_Continuous\Audio\TS9\G63-46106-TS9-D6.2T8.9-20677.wav,998
-66.73172,20.821285,Mono_Continuous,TS9,C:\TCC\Reproduzir_artigo\data\GUITAR-FX\Mono_Continuous\Audio\TS9\G63-47107-TS9-D7.2T9.5-20678.wav,998
-62.725597,24.48327,Mono_Continuous,TS9,C:\TCC\Reproduzir_artigo\data\GUITAR-FX\Mono_Continuous\Audio\TS9\G63-49109-TS9-D2.7T4.7-20680.wav,998
-59.31152,23.578756,Mono_Continuous,TS9,C:\TCC\Reproduzir_artigo\data\GUITAR-FX\Mono_Continuous\Audio\TS9\G63-49204-TS9-D4.2T7.6-20688.wav,998
-40.028667,7.4643283,Mono_Continuous,TS9,C:\TCC\Reproduzir_artigo\data\GUITAR-FX\Mono_Continuous\Audio\TS9\G63-50300-TS9-D4.5T2.9-20697.wav,998
-61.798485,27.187239,Mono_Continuous,TS9,C:\TCC\Reproduzir_artigo\data\GUITAR-FX\Mono_Continuous\Audio\TS9\G63-51111-TS9-D4.5T1.6-20682.wav,998
-35.475693,6.080213,Mono_Continuous,TS9,C:\TCC\Reproduzir_artigo\data\GUITAR-FX\Mono_Continuous\Audio\TS9\G63-51206-TS9-D9.2T4.2-20690.wav,998
-22.623549,6.245424,Mono_Continuous,TS9,C:\TCC\Reproduzir_artigo\data\GUITAR-FX\Mono_Continuous\Audio\TS9\G63-53208-TS9-D3.8T2.1-20692.wav,998
-15.835588,3.3484366,Mono_Continuous,TS9,C:\TCC\Reproduzir_artigo\data\GUITAR-FX\Mono_Continuous\Audio\TS9\G63-54304-TS9-D7.4T3.3-20701.wav,998
-8.260911,2.341037,Mono_Continuous,TS9,C:\TCC\Reproduzir_artigo\data\GUITAR-FX\Mono_Continuous\Audio\TS9\G63-56211-TS9-D6.7T4-20695.wav,998
11.074748,7.564091,Mono_Continuous,TS9,C:\TCC\Reproduzir_artigo\data\GUITAR-FX\Mono_Continuous\Audio\TS9\G63-60310-TS9-D9.3T7.9-20707.wav,998
2.925692,0.32311514,Mono_Continuous,TS9,C:\TCC\Reproduzir_artigo\data\GUITAR-FX\Mono_Continuous\Audio\TS9\G63-60405-TS9-D8.9T9.9-20715.wav,998
16.622496,-20.261526,Mono_Continuous,TS9,C:\TCC\Reproduzir_artigo\data\GUITAR-FX\Mono_Continuous\Audio\TS9\G63-62312-TS9-D9.5T7.3-20709.wav,998
38.893867,-0.013731922,Mono_Continuous,TS9,C:\TCC\Reproduzir_artigo\data\GUITAR-FX\Mono_Continuous\Audio\TS9\G63-65410-TS9-D6.9T4.3-20720.wav,998
40.91505,0.7512105,Mono_Continuous,TS9,C:\TCC\Reproduzir_artigo\data\GUITAR-FX\Mono_Continuous\Audio\TS9\G63-65506-TS9-D2.8T7.9-20729.wav,998
69.09044,-8.871535,Mono_Continuous,TS9,C:\TCC\Reproduzir_artigo\data\GUITAR-FX\Mono_Continuous\Audio\TS9\G63-66411-TS9-D7.9T9.4-20721.wav,998
41.59167,6.538024,Mono_Continuous,TS9,C:\TCC\Reproduzir_artigo\data\GUITAR-FX\Mono_Continuous\Audio\TS9\G63-67412-TS9-D6T7.4-20722.wav,998
47.190834,13.297734,Mono_Continuous,TS9,C:\TCC\Reproduzir_artigo\data\GUITAR-FX\Mono_Continuous\Audio\TS9\G63-67603-TS9-D2.4T6.7-20739.wav,998
38.232956,43.979,Mono_Continuous,TS9,C:\TCC\Reproduzir_artigo\data\GUITAR-FX\Mono_Continuous\Audio\TS9\G63-73609-TS9-D4.3T7.9-20745.wav,998
45.031754,51.537613,Mono_Continuous,TS9,C:\TCC\Reproduzir_artigo\data\GUITAR-FX\Mono_Continuous\Audio\TS9\G63-75611-TS9-D3T9.8-20747.wav,998
45.170532,52.06401,Mono_Continuous,TS9,C:\TCC\Reproduzir_artigo\data\GUITAR-FX\Mono_Continuous\Audio\TS9\G63-75611-TS9-D8.1T7.7-20747.wav,998
-65.117325,12.015123,Mono_Continuous,TS9,C:\TCC\Reproduzir_artigo\data\GUITAR-FX\Mono_Continuous\Audio\TS9\G71-43103-TS9-D5.2T4.5-20752.wav,998
-63.799572,7.467233,Mono_Continuous,TS9,C:\TCC\Reproduzir_artigo\data\GUITAR-FX\Mono_Continuous\Audio\TS9\G71-45105-TS9-D8.3T0.7-20754.wav,998
-60.335613,5.215347,Mono_Continuous,TS9,C:\TCC\Reproduzir_artigo\data\GUITAR-FX\Mono_Continuous\Audio\TS9\G71-46201-TS9-D8.5T8.4-20763.wav,998
-58.95186,2.1888864,Mono_Continuous,TS9,C:\TCC\Reproduzir_artigo\data\GUITAR-FX\Mono_Continuous\Audio\TS9\G71-48203-TS9-D4.4T0.1-20765.wav,998
-58.970573,2.081723,Mono_Continuous,TS9,C:\TCC\Reproduzir_artigo\data\GUITAR-FX\Mono_Continuous\Audio\TS9\G71-48203-TS9-D4.4T9.5-20765.wav,998
-56.1649,16.19315,Mono_Continuous,TS9,C:\TCC\Reproduzir_artigo\data\GUITAR-FX\Mono_Continuous\Audio\TS9\G71-50110-TS9-D3.3T2.8-20759.wav,998
-40.750397,7.940157,Mono_Continuous,TS9,C:\TCC\Reproduzir_artigo\data\GUITAR-FX\Mono_Continuous\Audio\TS9\G71-50205-TS9-D8.7T7-20767.wav,998
-37.358597,5.7788577,Mono_Continuous,TS9,C:\TCC\Reproduzir_artigo\data\GUITAR-FX\Mono_Continuous\Audio\TS9\G71-50300-TS9-D8.8T2.3-20775.wav,998
-36.170742,5.868382,Mono_Continuous,TS9,C:\TCC\Reproduzir_artigo\data\GUITAR-FX\Mono_Continuous\Audio\TS9\G71-51301-TS9-D8.7T2.3-20776.wav,998
-25.000257,10.761493,Mono_Continuous,TS9,C:\TCC\Reproduzir_artigo\data\GUITAR-FX\Mono_Continuous\Audio\TS9\G71-52207-TS9-D6.4T7-20769.wav,998
-33.96648,3.7307649,Mono_Continuous,TS9,C:\TCC\Reproduzir_artigo\data\GUITAR-FX\Mono_Continuous\Audio\TS9\G71-52302-TS9-D2.6T3.7-20777.wav,998
-26.394764,0.26615125,Mono_Continuous,TS9,C:\TCC\Reproduzir_artigo\data\GUITAR-FX\Mono_Continuous\Audio\TS9\G71-53208-TS9-D5.6T6.8-20770.wav,998
-18.413834,4.8390083,Mono_Continuous,TS9,C:\TCC\Reproduzir_artigo\data\GUITAR-FX\Mono_Continuous\Audio\TS9\G71-54209-TS9-D6.6T5.6-20771.wav,998
-18.457687,4.8449287,Mono_Continuous,TS9,C:\TCC\Reproduzir_artigo\data\GUITAR-FX\Mono_Continuous\Audio\TS9\G71-54209-TS9-D7.7T5.9-20771.wav,998
-9.720723,2.82016,Mono_Continuous,TS9,C:\TCC\Reproduzir_artigo\data\GUITAR-FX\Mono_Continuous\Audio\TS9\G71-56211-TS9-D9.8T0.1-20773.wav,998
3.5286822,-32.73783,Mono_Continuous,TS9,C:\TCC\Reproduzir_artigo\data\GUITAR-FX\Mono_Continuous\Audio\TS9\G71-58403-TS9-D4.3T5.2-20791.wav,998
5.0333824,-18.577879,Mono_Continuous,TS9,C:\TCC\Reproduzir_artigo\data\GUITAR-FX\Mono_Continuous\Audio\TS9\G71-59404-TS9-D6.9T3.1-20792.wav,998
10.762116,7.0121837,Mono_Continuous,TS9,C:\TCC\Reproduzir_artigo\data\GUITAR-FX\Mono_Continuous\Audio\TS9\G71-60310-TS9-D8.6T3.6-20785.wav,998
7.6467237,-30.672712,Mono_Continuous,TS9,C:\TCC\Reproduzir_artigo\data\GUITAR-FX\Mono_Continuous\Audio\TS9\G71-60501-TS9-D7.5T2.4-20802.wav,998
31.119595,-40.570427,Mono_Continuous,TS9,C:\TCC\Reproduzir_artigo\data\GUITAR-FX\Mono_Continuous\Audio\TS9\G71-61502-TS9-D8.5T8.5-20803.wav,998
31.15361,-40.60471,Mono_Continuous,TS9,C:\TCC\Reproduzir_artigo\data\GUITAR-FX\Mono_Continuous\Audio\TS9\G71-61502-TS9-D9.2T1.5-20803.wav,998
18.005075,-4.704436,Mono_Continuous,TS9,C:\TCC\Reproduzir_artigo\data\GUITAR-FX\Mono_Continuous\Audio\TS9\G71-62312-TS9-D4.8T5.1-20787.wav,998
21.520786,-30.035095,Mono_Continuous,TS9,C:\TCC\Reproduzir_artigo\data\GUITAR-FX\Mono_Continuous\Audio\TS9\G71-62503-TS9-D9.7T8.6-20804.wav,998
43.889645,-24.194307,Mono_Continuous,TS9,C:\TCC\Reproduzir_artigo\data\GUITAR-FX\Mono_Continuous\Audio\TS9\G71-63504-TS9-D9.2T1.5-20805.wav,998
57.321003,-7.8955626,Mono_Continuous,TS9,C:\TCC\Reproduzir_artigo\data\GUITAR-FX\Mono_Continuous\Audio\TS9\G71-64409-TS9-D5.7T8.8-20797.wav,998
57.952705,-8.777032,Mono_Continuous,TS9,C:\TCC\Reproduzir_artigo\data\GUITAR-FX\Mono_Continuous\Audio\TS9\G71-64505-TS9-D5.5T7.9-20806.wav,998
42.57555,7.6501822,Mono_Continuous,TS9,C:\TCC\Reproduzir_artigo\data\GUITAR-FX\Mono_Continuous\Audio\TS9\G71-67412-TS9-D4.6T2-20800.wav,998
63.442932,21.754507,Mono_Continuous,TS9,C:\TCC\Reproduzir_artigo\data\GUITAR-FX\Mono_Continuous\Audio\TS9\G71-68604-TS9-D2.4T9.1-20818.wav,998
64.12142,21.918425,Mono_Continuous,TS9,C:\TCC\Reproduzir_artigo\data\GUITAR-FX\Mono_Continuous\Audio\TS9\G71-68604-TS9-D7.5T5.4-20818.wav,998
64.27125,21.993324,Mono_Continuous,TS9,C:\TCC\Reproduzir_artigo\data\GUITAR-FX\Mono_Continuous\Audio\TS9\G71-68604-TS9-D8.6T6-20818.wav,998
38.3557,31.294191,Mono_Continuous,TS9,C:\TCC\Reproduzir_artigo\data\GUITAR-FX\Mono_Continuous\Audio\TS9\G71-69510-TS9-D2.2T0.7-20811.wav,998
39.379925,31.8502,Mono_Continuous,TS9,C:\TCC\Reproduzir_artigo\data\GUITAR-FX\Mono_Continuous\Audio\TS9\G71-69605-TS9-D2.7T6.6-20819.wav,998
34.744766,43.003883,Mono_Continuous,TS9,C:\TCC\Reproduzir_artigo\data\GUITAR-FX\Mono_Continuous\Audio\TS9\G71-72608-TS9-D4.4T8.1-20822.wav,998
-68.11769,8.741697,Mono_Continuous,TS9,C:\TCC\Reproduzir_artigo\data\GUITAR-FX\Mono_Continuous\Audio\TS9\G73-40100-TS9-D5.6T4.3-20827.wav,998
-69.659996,9.826294,Mono_Continuous,TS9,C:\TCC\Reproduzir_artigo\data\GUITAR-FX\Mono_Continuous\Audio\TS9\G73-41101-TS9-D8.4T9.7-20828.wav,998
-65.81229,13.540136,Mono_Continuous,TS9,C:\TCC\Reproduzir_artigo\data\GUITAR-FX\Mono_Continuous\Audio\TS9\G73-43103-TS9-D3.6T6.1-20830.wav,998
-42.906384,8.354235,Mono_Continuous,TS9,C:\TCC\Reproduzir_artigo\data\GUITAR-FX\Mono_Continuous\Audio\TS9\G73-50205-TS9-D6.5T9.8-20845.wav,998
-53.749607,17.280766,Mono_Continuous,TS9,C:\TCC\Reproduzir_artigo\data\GUITAR-FX\Mono_Continuous\Audio\TS9\G73-51206-TS9-D9.5T1.8-20846.wav,998
-24.993721,11.69833,Mono_Continuous,TS9,C:\TCC\Reproduzir_artigo\data\GUITAR-FX\Mono_Continuous\Audio\TS9\G73-52112-TS9-D7.3T3.7-20839.wav,998
-28.452196,-1.843823,Mono_Continuous,TS9,C:\TCC\Reproduzir_artigo\data\GUITAR-FX\Mono_Continuous\Audio\TS9\G73-53208-TS9-D5.2T3.7-20848.wav,998
-13.640893,2.1438146,Mono_Continuous,TS9,C:\TCC\Reproduzir_artigo\data\GUITAR-FX\Mono_Continuous\Audio\TS9\G73-54209-TS9-D2.2T8-20849.wav,998
-13.626517,1.8817976,Mono_Continuous,TS9,C:\TCC\Reproduzir_artigo\data\GUITAR-FX\Mono_Continuous\Audio\TS9\G73-54209-TS9-D6.3T8.7-20849.wav,998
-20.43266,10.194573,Mono_Continuous,TS9,C:\TCC\Reproduzir_artigo\data\GUITAR-FX\Mono_Continuous\Audio\TS9\G73-55210-TS9-D2.6T0.9-20850.wav,998
-20.400616,10.149079,Mono_Continuous,TS9,C:\TCC\Reproduzir_artigo\data\GUITAR-FX\Mono_Continuous\Audio\TS9\G73-55210-TS9-D3.5T4.4-20850.wav,998
-15.608855,7.6840024,Mono_Continuous,TS9,C:\TCC\Reproduzir_artigo\data\GUITAR-FX\Mono_Continuous\Audio\TS9\G73-55305-TS9-D4.5T5.1-20858.wav,998
-10.647536,0.6504179,Mono_Continuous,TS9,C:\TCC\Reproduzir_artigo\data\GUITAR-FX\Mono_Continuous\Audio\TS9\G73-56211-TS9-D2.3T1.5-20851.wav,998
-10.637219,0.65184206,Mono_Continuous,TS9,C:\TCC\Reproduzir_artigo\data\GUITAR-FX\Mono_Continuous\Audio\TS9\G73-56211-TS9-D2.6T3.4-20851.wav,998
-11.484176,-0.6670359,Mono_Continuous,TS9,C:\TCC\Reproduzir_artigo\data\GUITAR-FX\Mono_Continuous\Audio\TS9\G73-56211-TS9-D5.9T0.7-20851.wav,998
-11.436188,-0.6225228,Mono_Continuous,TS9,C:\TCC\Reproduzir_artigo\data\GUITAR-FX\Mono_Continuous\Audio\TS9\G73-56211-TS9-D6T1.9-20851.wav,998
-12.087159,-1.594156,Mono_Continuous,TS9,C:\TCC\Reproduzir_artigo\data\GUITAR-FX\Mono_Continuous\Audio\TS9\G73-56211-TS9-D9.7T0.7-20851.wav,998
-3.6099129,0.79509634,Mono_Continuous,TS9,C:\TCC\Reproduzir_artigo\data\GUITAR-FX\Mono_Continuous\Audio\TS9\G73-57212-TS9-D9.7T8.1-20852.wav,998
-0.3223164,-18.502867,Mono_Continuous,TS9,C:\TCC\Reproduzir_artigo\data\GUITAR-FX\Mono_Continuous\Audio\TS9\G73-58308-TS9-D6.5T7.8-20861.wav,998
8.770057,-16.763977,Mono_Continuous,TS9,C:\TCC\Reproduzir_artigo\data\GUITAR-FX\Mono_Continuous\Audio\TS9\G73-58403-TS9-D8.1T2.6-20869.wav,998
3.4701319,-16.24534,Mono_Continuous,TS9,C:\TCC\Reproduzir_artigo\data\GUITAR-FX\Mono_Continuous\Audio\TS9\G73-59309-TS9-D8.6T2.8-20862.wav,998
7.1150403,-23.939466,Mono_Continuous,TS9,C:\TCC\Reproduzir_artigo\data\GUITAR-FX\Mono_Continuous\Audio\TS9\G73-59500-TS9-D3.5T8.3-20879.wav,998
6.9882135,0.084826946,Mono_Continuous,TS9,C:\TCC\Reproduzir_artigo\data\GUITAR-FX\Mono_Continuous\Audio\TS9\G73-60310-TS9-D3.1T7.4-20863.wav,998
27.883911,-33.595264,Mono_Continuous,TS9,C:\TCC\Reproduzir_artigo\data\GUITAR-FX\Mono_Continuous\Audio\TS9\G73-60501-TS9-D5.4T7.9-20880.wav,998
25.89782,-37.63547,Mono_Continuous,TS9,C:\TCC\Reproduzir_artigo\data\GUITAR-FX\Mono_Continuous\Audio\TS9\G73-61311-TS9-D7.7T3.6-20864.wav,998
21.709414,-14.604927,Mono_Continuous,TS9,C:\TCC\Reproduzir_artigo\data\GUITAR-FX\Mono_Continuous\Audio\TS9\G73-62312-TS9-D7.3T5.7-20865.wav,998
30.30757,-26.298685,Mono_Continuous,TS9,C:\TCC\Reproduzir_artigo\data\GUITAR-FX\Mono_Continuous\Audio\TS9\G73-62407-TS9-D3.1T9.9-20873.wav,998
34.841732,-27.178638,Mono_Continuous,TS9,C:\TCC\Reproduzir_artigo\data\GUITAR-FX\Mono_Continuous\Audio\TS9\G73-63408-TS9-D9.8T8.8-20874.wav,998
55.94309,-7.3418303,Mono_Continuous,TS9,C:\TCC\Reproduzir_artigo\data\GUITAR-FX\Mono_Continuous\Audio\TS9\G73-64505-TS9-D4.6T2.9-20884.wav,998
38.353886,34.93074,Mono_Continuous,TS9,C:\TCC\Reproduzir_artigo\data\GUITAR-FX\Mono_Continuous\Audio\TS9\G73-69605-TS9-D7.6T2.9-20897.wav,998
56.94814,31.50627,Mono_Continuous,TS9,C:\TCC\Reproduzir_artigo\data\GUITAR-FX\Mono_Continuous\Audio\TS9\G73-70511-TS9-D5.6T0.7-20890.wav,998
43.660027,51.473236,Mono_Continuous,TS9,C:\TCC\Reproduzir_artigo\data\GUITAR-FX\Mono_Continuous\Audio\TS9\G73-75611-TS9-D6.4T2.2-20903.wav,998
-49.978596,31.70457,Mono_Continuous,TS9,C:\TCC\Reproduzir_artigo\data\GUITAR-FX\Mono_Continuous\Audio\TS9\G81-42102-TS9-D2.7T6.7-20907.wav,998
-50.00504,31.637926,Mono_Continuous,TS9,C:\TCC\Reproduzir_artigo\data\GUITAR-FX\Mono_Continuous\Audio\TS9\G81-42102-TS9-D3.9T0.4-20907.wav,998
-52.111984,30.729347,Mono_Continuous,TS9,C:\TCC\Reproduzir_artigo\data\GUITAR-FX\Mono_Continuous\Audio\TS9\G81-44104-TS9-D4.2T5.4-20909.wav,998
-44.135826,26.937597,Mono_Continuous,TS9,C:\TCC\Reproduzir_artigo\data\GUITAR-FX\Mono_Continuous\Audio\TS9\G81-45200-TS9-D8.2T2.5-20918.wav,998
-42.772003,25.432142,Mono_Continuous,TS9,C:\TCC\Reproduzir_artigo\data\GUITAR-FX\Mono_Continuous\Audio\TS9\G81-46201-TS9-D4.2T6.1-20919.wav,998
-38.023674,22.647587,Mono_Continuous,TS9,C:\TCC\Reproduzir_artigo\data\GUITAR-FX\Mono_Continuous\Audio\TS9\G81-48203-TS9-D6.1T2.6-20921.wav,998
-54.646652,28.705631,Mono_Continuous,TS9,C:\TCC\Reproduzir_artigo\data\GUITAR-FX\Mono_Continuous\Audio\TS9\G81-49109-TS9-D6.8T0.8-20914.wav,998
-35.446976,22.58392,Mono_Continuous,TS9,C:\TCC\Reproduzir_artigo\data\GUITAR-FX\Mono_Continuous\Audio\TS9\G81-50205-TS9-D8.2T1.3-20923.wav,998
-38.69644,14.060213,Mono_Continuous,TS9,C:\TCC\Reproduzir_artigo\data\GUITAR-FX\Mono_Continuous\Audio\TS9\G81-50300-TS9-D2.9T8.5-20931.wav,998
-32.913174,25.998957,Mono_Continuous,TS9,C:\TCC\Reproduzir_artigo\data\GUITAR-FX\Mono_Continuous\Audio\TS9\G81-51206-TS9-D3.2T8.3-20924.wav,998
-33.472668,22.3944,Mono_Continuous,TS9,C:\TCC\Reproduzir_artigo\data\GUITAR-FX\Mono_Continuous\Audio\TS9\G81-51301-TS9-D7.7T8-20932.wav,998
-33.38872,22.427511,Mono_Continuous,TS9,C:\TCC\Reproduzir_artigo\data\GUITAR-FX\Mono_Continuous\Audio\TS9\G81-51301-TS9-D8.3T4.1-20932.wav,998
-29.16695,20.1224,Mono_Continuous,TS9,C:\TCC\Reproduzir_artigo\data\GUITAR-FX\Mono_Continuous\Audio\TS9\G81-52207-TS9-D8.8T7.3-20925.wav,998
-21.601002,16.712276,Mono_Continuous,TS9,C:\TCC\Reproduzir_artigo\data\GUITAR-FX\Mono_Continuous\Audio\TS9\G81-53303-TS9-D8.5T3.1-20934.wav,998
-15.841483,19.587719,Mono_Continuous,TS9,C:\TCC\Reproduzir_artigo\data\GUITAR-FX\Mono_Continuous\Audio\TS9\G81-54209-TS9-D7.6T6.5-20927.wav,998
-19.26386,18.069351,Mono_Continuous,TS9,C:\TCC\Reproduzir_artigo\data\GUITAR-FX\Mono_Continuous\Audio\TS9\G81-54304-TS9-D5.4T4.2-20935.wav,998
-3.6451352,-7.401175,Mono_Continuous,TS9,C:\TCC\Reproduzir_artigo\data\GUITAR-FX\Mono_Continuous\Audio\TS9\G81-55400-TS9-D3.9T9-20944.wav,998
-3.7931466,-7.6369987,Mono_Continuous,TS9,C:\TCC\Reproduzir_artigo\data\GUITAR-FX\Mono_Continuous\Audio\TS9\G81-55400-TS9-D8.5T10-20944.wav,998
-5.1767545,12.604671,Mono_Continuous,TS9,C:\TCC\Reproduzir_artigo\data\GUITAR-FX\Mono_Continuous\Audio\TS9\G81-56306-TS9-D2.9T6.9-20937.wav,998
-8.731305,19.212858,Mono_Continuous,TS9,C:\TCC\Reproduzir_artigo\data\GUITAR-FX\Mono_Continuous\Audio\TS9\G81-57212-TS9-D4.5T9-20930.wav,998
-4.020557,12.926828,Mono_Continuous,TS9,C:\TCC\Reproduzir_artigo\data\GUITAR-FX\Mono_Continuous\Audio\TS9\G81-57307-TS9-D5.6T7-20938.wav,998
4.943664,-5.6875467,Mono_Continuous,TS9,C:\TCC\Reproduzir_artigo\data\GUITAR-FX\Mono_Continuous\Audio\TS9\G81-57402-TS9-D3.6T0.7-20946.wav,998
-0.012366084,16.752321,Mono_Continuous,TS9,C:\TCC\Reproduzir_artigo\data\GUITAR-FX\Mono_Continuous\Audio\TS9\G81-60310-TS9-D3T8.5-20941.wav,998
18.139952,0.26397854,Mono_Continuous,TS9,C:\TCC\Reproduzir_artigo\data\GUITAR-FX\Mono_Continuous\Audio\TS9\G81-61311-TS9-D3.2T2.2-20942.wav,998
18.17116,0.26592204,Mono_Continuous,TS9,C:\TCC\Reproduzir_artigo\data\GUITAR-FX\Mono_Continuous\Audio\TS9\G81-61311-TS9-D5.5T5.2-20942.wav,998
33.496082,1.8541797,Mono_Continuous,TS9,C:\TCC\Reproduzir_artigo\data\GUITAR-FX\Mono_Continuous\Audio\TS9\G81-64409-TS9-D4.1T9.4-20953.wav,998
31.856699,-2.9001737,Mono_Continuous,TS9,C:\TCC\Reproduzir_artigo\data\GUITAR-FX\Mono_Continuous\Audio\TS9\G81-65410-TS9-D3.5T3.8-20954.wav,998
31.982275,-3.3581128,Mono_Continuous,TS9,C:\TCC\Reproduzir_artigo\data\GUITAR-FX\Mono_Continuous\Audio\TS9\G81-65410-TS9-D6.7T1.2-20954.wav,998
32.038097,-3.7103875,Mono_Continuous,TS9,C:\TCC\Reproduzir_artigo\data\GUITAR-FX\Mono_Continuous\Audio\TS9\G81-65410-TS9-D9.7T2.3-20954.wav,998
49.109055,-23.157524,Mono_Continuous,TS9,C:\TCC\Reproduzir_artigo\data\GUITAR-FX\Mono_Continuous\Audio\TS9\G81-65506-TS9-D2.7T9-20963.wav,998
34.870102,3.655695,Mono_Continuous,TS9,C:\TCC\Reproduzir_artigo\data\GUITAR-FX\Mono_Continuous\Audio\TS9\G81-66411-TS9-D5.9T5.1-20955.wav,998
36.631626,3.3673654,Mono_Continuous,TS9,C:\TCC\Reproduzir_artigo\data\GUITAR-FX\Mono_Continuous\Audio\TS9\G81-67412-TS9-D7.8T7.4-20956.wav,998
44.239944,8.637816,Mono_Continuous,TS9,C:\TCC\Reproduzir_artigo\data\GUITAR-FX\Mono_Continuous\Audio\TS9\G81-67508-TS9-D3T1-20965.wav,998
49.907784,8.500708,Mono_Continuous,TS9,C:\TCC\Reproduzir_artigo\data\GUITAR-FX\Mono_Continuous\Audio\TS9\G81-67603-TS9-D6.8T6.1-20973.wav,998
64.16942,15.051536,Mono_Continuous,TS9,C:\TCC\Reproduzir_artigo\data\GUITAR-FX\Mono_Continuous\Audio\TS9\G81-68509-TS9-D3.6T3.7-20966.wav,998
36.690033,32.229557,Mono_Continuous,TS9,C:\TCC\Reproduzir_artigo\data\GUITAR-FX\Mono_Continuous\Audio\TS9\G81-69605-TS9-D2.1T6.3-20975.wav,998
36.782684,32.214493,Mono_Continuous,TS9,C:\TCC\Reproduzir_artigo\data\GUITAR-FX\Mono_Continuous\Audio\TS9\G81-69605-TS9-D4.6T2.7-20975.wav,998
48.34233,46.465916,Mono_Continuous,TS9,C:\TCC\Reproduzir_artigo\data\GUITAR-FX\Mono_Continuous\Audio\TS9\G81-75611-TS9-D8.6T3.1-20981.wav,998
-39.826614,32.103836,Mono_Continuous,TS9,C:\TCC\Reproduzir_artigo\data\GUITAR-FX\Mono_Continuous\Audio\TS9\G83-44104-TS9-D3T2.8-20987.wav,998
-65.00088,9.264694,Mono_Continuous,TS9,C:\TCC\Reproduzir_artigo\data\GUITAR-FX\Mono_Continuous\Audio\TS9\G83-45105-TS9-D9.9T1.2-20988.wav,998
-56.244804,24.155716,Mono_Continuous,TS9,C:\TCC\Reproduzir_artigo\data\GUITAR-FX\Mono_Continuous\Audio\TS9\G83-48108-TS9-D2.4T9.8-20991.wav,998
-40.962517,16.627247,Mono_Continuous,TS9,C:\TCC\Reproduzir_artigo\data\GUITAR-FX\Mono_Continuous\Audio\TS9\G83-49204-TS9-D3.3T7.2-21000.wav,998
-41.319725,16.297619,Mono_Continuous,TS9,C:\TCC\Reproduzir_artigo\data\GUITAR-FX\Mono_Continuous\Audio\TS9\G83-49204-TS9-D9.3T3.7-21000.wav,998
-44.373756,10.530051,Mono_Continuous,TS9,C:\TCC\Reproduzir_artigo\data\GUITAR-FX\Mono_Continuous\Audio\TS9\G83-50205-TS9-D9.5T2.5-21001.wav,998
-37.867386,7.1646075,Mono_Continuous,TS9,C:\TCC\Reproduzir_artigo\data\GUITAR-FX\Mono_Continuous\Audio\TS9\G83-50300-TS9-D6.8T9.9-21009.wav,998
-37.69948,6.827567,Mono_Continuous,TS9,C:\TCC\Reproduzir_artigo\data\GUITAR-FX\Mono_Continuous\Audio\TS9\G83-50300-TS9-D9T8.5-21009.wav,998
-16.677979,16.816034,Mono_Continuous,TS9,C:\TCC\Reproduzir_artigo\data\GUITAR-FX\Mono_Continuous\Audio\TS9\G83-54304-TS9-D4.1T1.1-21013.wav,998
-16.475483,0.78404826,Mono_Continuous,TS9,C:\TCC\Reproduzir_artigo\data\GUITAR-FX\Mono_Continuous\Audio\TS9\G83-54304-TS9-D9.8T7.3-21013.wav,998
-14.723733,8.796407,Mono_Continuous,TS9,C:\TCC\Reproduzir_artigo\data\GUITAR-FX\Mono_Continuous\Audio\TS9\G83-55305-TS9-D3T8.4-21014.wav,998
-13.397736,-2.655083,Mono_Continuous,TS9,C:\TCC\Reproduzir_artigo\data\GUITAR-FX\Mono_Continuous\Audio\TS9\G83-56306-TS9-D8.4T4-21015.wav,998
7.1609344,-11.858023,Mono_Continuous,TS9,C:\TCC\Reproduzir_artigo\data\GUITAR-FX\Mono_Continuous\Audio\TS9\G83-56401-TS9-D9T0.3-21023.wav,998
0.40853822,13.749146,Mono_Continuous,TS9,C:\TCC\Reproduzir_artigo\data\GUITAR-FX\Mono_Continuous\Audio\TS9\G83-58308-TS9-D8.5T8.7-21017.wav,998
-0.7195662,-31.291166,Mono_Continuous,TS9,C:\TCC\Reproduzir_artigo\data\GUITAR-FX\Mono_Continuous\Audio\TS9\G83-58403-TS9-D9T9.8-21025.wav,998
-2.865852,22.37941,Mono_Continuous,TS9,C:\TCC\Reproduzir_artigo\data\GUITAR-FX\Mono_Continuous\Audio\TS9\G83-59309-TS9-D10T8.8-21018.wav,998
-4.301767,22.722027,Mono_Continuous,TS9,C:\TCC\Reproduzir_artigo\data\GUITAR-FX\Mono_Continuous\Audio\TS9\G83-59309-TS9-D2.7T6.7-21018.wav,998
0.91413563,-14.1804085,Mono_Continuous,TS9,C:\TCC\Reproduzir_artigo\data\GUITAR-FX\Mono_Continuous\Audio\TS9\G83-59404-TS9-D7.4T8.7-21026.wav,998
3.007316,15.953933,Mono_Continuous,TS9,C:\TCC\Reproduzir_artigo\data\GUITAR-FX\Mono_Continuous\Audio\TS9\G83-60405-TS9-D2.8T2.8-21027.wav,998
21.733664,-2.3488872,Mono_Continuous,TS9,C:\TCC\Reproduzir_artigo\data\GUITAR-FX\Mono_Continuous\Audio\TS9\G83-62312-TS9-D3.9T5.4-21021.wav,998
28.493155,-4.4001217,Mono_Continuous,TS9,C:\TCC\Reproduzir_artigo\data\GUITAR-FX\Mono_Continuous\Audio\TS9\G83-63408-TS9-D4.5T4.7-21030.wav,998
28.54485,-4.7752366,Mono_Continuous,TS9,C:\TCC\Reproduzir_artigo\data\GUITAR-FX\Mono_Continuous\Audio\TS9\G83-63408-TS9-D6.1T2.4-21030.wav,998
29.688324,1.1747712,Mono_Continuous,TS9,C:\TCC\Reproduzir_artigo\data\GUITAR-FX\Mono_Continuous\Audio\TS9\G83-64505-TS9-D2.3T6.2-21040.wav,998
59.129433,-7.384107,Mono_Continuous,TS9,C:\TCC\Reproduzir_artigo\data\GUITAR-FX\Mono_Continuous\Audio\TS9\G83-64600-TS9-D7.7T8.9-21048.wav,998
31.297132,-6.6388836,Mono_Continuous,TS9,C:\TCC\Reproduzir_artigo\data\GUITAR-FX\Mono_Continuous\Audio\TS9\G83-65410-TS9-D9.7T8.4-21032.wav,998
31.287046,-6.628626,Mono_Continuous,TS9,C:\TCC\Reproduzir_artigo\data\GUITAR-FX\Mono_Continuous\Audio\TS9\G83-65410-TS9-D9T0.3-21032.wav,998
41.30223,-0.8742599,Mono_Continuous,TS9,C:\TCC\Reproduzir_artigo\data\GUITAR-FX\Mono_Continuous\Audio\TS9\G83-65506-TS9-D3.3T3.9-21041.wav,998
51.339214,-22.055136,Mono_Continuous,TS9,C:\TCC\Reproduzir_artigo\data\GUITAR-FX\Mono_Continuous\Audio\TS9\G83-65601-TS9-D8.1T4.1-21049.wav,998
70.32031,-5.2234893,Mono_Continuous,TS9,C:\TCC\Reproduzir_artigo\data\GUITAR-FX\Mono_Continuous\Audio\TS9\G83-66507-TS9-D4.3T6.9-21042.wav,998
72.04175,-12.098712,Mono_Continuous,TS9,C:\TCC\Reproduzir_artigo\data\GUITAR-FX\Mono_Continuous\Audio\TS9\G83-66602-TS9-D4.4T9.7-21050.wav,998
60.066357,21.336477,Mono_Continuous,TS9,C:\TCC\Reproduzir_artigo\data\GUITAR-FX\Mono_Continuous\Audio\TS9\G83-68604-TS9-D7.5T4-21052.wav,998
50.519382,36.46197,Mono_Continuous,TS9,C:\TCC\Reproduzir_artigo\data\GUITAR-FX\Mono_Continuous\Audio\TS9\G83-70606-TS9-D9.1T7.8-21054.wav,998
60.211353,54.798008,Mono_Continuous,TS9,C:\TCC\Reproduzir_artigo\data\GUITAR-FX\Mono_Continuous\Audio\TS9\G83-71607-TS9-D5.8T5.3-21055.wav,998
26.119799,57.78026,Mono_Continuous,TS9,C:\TCC\Reproduzir_artigo\data\GUITAR-FX\Mono_Continuous\Audio\TS9\G83-76612-TS9-D8.2T4.4-21060.wav,998
-46.85769,28.584908,Mono_Continuous,TS9,C:\TCC\Reproduzir_artigo\data\GUITAR-FX\Mono_Continuous\Audio\TS9\G91-44104-TS9-D8.6T4.9-21065.wav,998
-44.997753,24.68661,Mono_Continuous,TS9,C:\TCC\Reproduzir_artigo\data\GUITAR-FX\Mono_Continuous\Audio\TS9\G91-47107-TS9-D9.7T5.2-21068.wav,998
-39.004578,24.873701,Mono_Continuous,TS9,C:\TCC\Reproduzir_artigo\data\GUITAR-FX\Mono_Continuous\Audio\TS9\G91-49204-TS9-D9.2T7.2-21078.wav,998
-32.61089,23.005127,Mono_Continuous,TS9,C:\TCC\Reproduzir_artigo\data\GUITAR-FX\Mono_Continuous\Audio\TS9\G91-51301-TS9-D9.8T6.6-21088.wav,998
-29.744057,21.723196,Mono_Continuous,TS9,C:\TCC\Reproduzir_artigo\data\GUITAR-FX\Mono_Continuous\Audio\TS9\G91-52112-TS9-D6.1T6.3-21073.wav,998
-19.569168,19.851755,Mono_Continuous,TS9,C:\TCC\Reproduzir_artigo\data\GUITAR-FX\Mono_Continuous\Audio\TS9\G91-54209-TS9-D5.2T2.1-21083.wav,998
-18.153399,17.508286,Mono_Continuous,TS9,C:\TCC\Reproduzir_artigo\data\GUITAR-FX\Mono_Continuous\Audio\TS9\G91-54304-TS9-D4.6T3.4-21091.wav,998
-18.31573,17.283588,Mono_Continuous,TS9,C:\TCC\Reproduzir_artigo\data\GUITAR-FX\Mono_Continuous\Audio\TS9\G91-54304-TS9-D6.6T4.7-21091.wav,998
-14.831643,-6.3186736,Mono_Continuous,TS9,C:\TCC\Reproduzir_artigo\data\GUITAR-FX\Mono_Continuous\Audio\TS9\G91-56306-TS9-D8T8.8-21093.wav,998
7.809428,-12.517238,Mono_Continuous,TS9,C:\TCC\Reproduzir_artigo\data\GUITAR-FX\Mono_Continuous\Audio\TS9\G91-56401-TS9-D4.2T1.1-21101.wav,998
7.83197,-12.581306,Mono_Continuous,TS9,C:\TCC\Reproduzir_artigo\data\GUITAR-FX\Mono_Continuous\Audio\TS9\G91-56401-TS9-D6.6T5.1-21101.wav,998
10.357248,-28.946596,Mono_Continuous,TS9,C:\TCC\Reproduzir_artigo\data\GUITAR-FX\Mono_Continuous\Audio\TS9\G91-60501-TS9-D5T5.9-21114.wav,998
12.765188,-11.065788,Mono_Continuous,TS9,C:\TCC\Reproduzir_artigo\data\GUITAR-FX\Mono_Continuous\Audio\TS9\G91-61406-TS9-D3T5.9-21106.wav,998
23.23659,-5.219584,Mono_Continuous,TS9,C:\TCC\Reproduzir_artigo\data\GUITAR-FX\Mono_Continuous\Audio\TS9\G91-62407-TS9-D4T5.9-21107.wav,998
33.719757,-0.06324636,Mono_Continuous,TS9,C:\TCC\Reproduzir_artigo\data\GUITAR-FX\Mono_Continuous\Audio\TS9\G91-64409-TS9-D7.4T3.3-21109.wav,998
32.975338,-2.5065114,Mono_Continuous,TS9,C:\TCC\Reproduzir_artigo\data\GUITAR-FX\Mono_Continuous\Audio\TS9\G91-65410-TS9-D8.8T4.2-21110.wav,998
37.663754,4.34736,Mono_Continuous,TS9,C:\TCC\Reproduzir_artigo\data\GUITAR-FX\Mono_Continuous\Audio\TS9\G91-67412-TS9-D3.6T7.4-21112.wav,998
45.694252,39.93442,Mono_Continuous,TS9,C:\TCC\Reproduzir_artigo\data\GUITAR-FX\Mono_Continuous\Audio\TS9\G91-72608-TS9-D7.2T5.4-21134.wav,998
41.78536,46.579468,Mono_Continuous,TS9,C:\TCC\Reproduzir_artigo\data\GUITAR-FX\Mono_Continuous\Audio\TS9\G91-73609-TS9-D3.2T4.1-21135.wav,998
54.75248,58.07447,Mono_Continuous,TS9,C:\TCC\Reproduzir_artigo\data\GUITAR-FX\Mono_Continuous\Audio\TS9\G91-74610-TS9-D7.7T6.1-21136.wav,998
-75.1674,14.607379,Mono_Continuous,TS9,C:\TCC\Reproduzir_artigo\data\GUITAR-FX\Mono_Continuous\Audio\TS9\G93-42102-TS9-D2.2T1-21141.wav,998
-54.91156,7.078714,Mono_Continuous,TS9,C:\TCC\Reproduzir_artigo\data\GUITAR-FX\Mono_Continuous\Audio\TS9\G93-44104-TS9-D9.4T6.1-21143.wav,998
-43.031403,28.104204,Mono_Continuous,TS9,C:\TCC\Reproduzir_artigo\data\GUITAR-FX\Mono_Continuous\Audio\TS9\G93-45200-TS9-D2.1T3.2-21152.wav,998
-46.68596,19.385124,Mono_Continuous,TS9,C:\TCC\Reproduzir_artigo\data\GUITAR-FX\Mono_Continuous\Audio\TS9\G93-47107-TS9-D9T8.5-21146.wav,998
-37.811543,25.36001,Mono_Continuous,TS9,C:\TCC\Reproduzir_artigo\data\GUITAR-FX\Mono_Continuous\Audio\TS9\G93-48203-TS9-D2.8T8.3-21155.wav,998
-35.615597,28.134356,Mono_Continuous,TS9,C:\TCC\Reproduzir_artigo\data\GUITAR-FX\Mono_Continuous\Audio\TS9\G93-50110-TS9-D4.8T2.6-21149.wav,998
-40.60842,14.024235,Mono_Continuous,TS9,C:\TCC\Reproduzir_artigo\data\GUITAR-FX\Mono_Continuous\Audio\TS9\G93-50205-TS9-D10T3.9-21157.wav,998
-27.765112,24.003706,Mono_Continuous,TS9,C:\TCC\Reproduzir_artigo\data\GUITAR-FX\Mono_Continuous\Audio\TS9\G93-52207-TS9-D3.6T0.1-21159.wav,998
-28.419243,6.4497786,Mono_Continuous,TS9,C:\TCC\Reproduzir_artigo\data\GUITAR-FX\Mono_Continuous\Audio\TS9\G93-52302-TS9-D3.2T8.3-21167.wav,998
-19.977999,13.671613,Mono_Continuous,TS9,C:\TCC\Reproduzir_artigo\data\GUITAR-FX\Mono_Continuous\Audio\TS9\G93-54209-TS9-D3.9T6.7-21161.wav,998
-17.680286,0.73518133,Mono_Continuous,TS9,C:\TCC\Reproduzir_artigo\data\GUITAR-FX\Mono_Continuous\Audio\TS9\G93-54304-TS9-D8.7T0.1-21169.wav,998
-17.554827,7.389928,Mono_Continuous,TS9,C:\TCC\Reproduzir_artigo\data\GUITAR-FX\Mono_Continuous\Audio\TS9\G93-55210-TS9-D9.8T1.5-21162.wav,998
6.606374,12.847976,Mono_Continuous,TS9,C:\TCC\Reproduzir_artigo\data\GUITAR-FX\Mono_Continuous\Audio\TS9\G93-56211-TS9-D6.3T8.8-21163.wav,998
-5.0498734,14.986379,Mono_Continuous,TS9,C:\TCC\Reproduzir_artigo\data\GUITAR-FX\Mono_Continuous\Audio\TS9\G93-57212-TS9-D7.9T9.6-21164.wav,998
0.52440447,-30.410513,Mono_Continuous,TS9,C:\TCC\Reproduzir_artigo\data\GUITAR-FX\Mono_Continuous\Audio\TS9\G93-58403-TS9-D7.6T4.6-21181.wav,998
8.507578,-21.735455,Mono_Continuous,TS9,C:\TCC\Reproduzir_artigo\data\GUITAR-FX\Mono_Continuous\Audio\TS9\G93-59500-TS9-D7.5T6.1-21191.wav,998
11.104125,-30.639067,Mono_Continuous,TS9,C:\TCC\Reproduzir_artigo\data\GUITAR-FX\Mono_Continuous\Audio\TS9\G93-60501-TS9-D8T6.1-21192.wav,998
15.345975,-8.113847,Mono_Continuous,TS9,C:\TCC\Reproduzir_artigo\data\GUITAR-FX\Mono_Continuous\Audio\TS9\G93-61406-TS9-D8.6T6.2-21184.wav,998
31.056263,-35.520596,Mono_Continuous,TS9,C:\TCC\Reproduzir_artigo\data\GUITAR-FX\Mono_Continuous\Audio\TS9\G93-61502-TS9-D4.3T4.5-21193.wav,998
23.199675,-6.508001,Mono_Continuous,TS9,C:\TCC\Reproduzir_artigo\data\GUITAR-FX\Mono_Continuous\Audio\TS9\G93-62407-TS9-D8T7.5-21185.wav,998
23.795868,-13.145723,Mono_Continuous,TS9,C:\TCC\Reproduzir_artigo\data\GUITAR-FX\Mono_Continuous\Audio\TS9\G93-62503-TS9-D5.4T1.9-21194.wav,998
43.649883,-1.6018834,Mono_Continuous,TS9,C:\TCC\Reproduzir_artigo\data\GUITAR-FX\Mono_Continuous\Audio\TS9\G93-65506-TS9-D3.8T1.4-21197.wav,998
65.50278,-27.838928,Mono_Continuous,TS9,C:\TCC\Reproduzir_artigo\data\GUITAR-FX\Mono_Continuous\Audio\TS9\G93-66411-TS9-D5.3T6.7-21189.wav,998
48.248608,12.441815,Mono_Continuous,TS9,C:\TCC\Reproduzir_artigo\data\GUITAR-FX\Mono_Continuous\Audio\TS9\G93-67603-TS9-D8.6T2.3-21207.wav,998
69.19596,10.298737,Mono_Continuous,TS9,C:\TCC\Reproduzir_artigo\data\GUITAR-FX\Mono_Continuous\Audio\TS9\G93-68509-TS9-D10T1.7-21200.wav,998
69.15722,10.29106,Mono_Continuous,TS9,C:\TCC\Reproduzir_artigo\data\GUITAR-FX\Mono_Continuous\Audio\TS9\G93-68509-TS9-D10T7.8-21200.wav,998
68.84168,10.309886,Mono_Continuous,TS9,C:\TCC\Reproduzir_artigo\data\GUITAR-FX\Mono_Continuous\Audio\TS9\G93-68509-TS9-D8.1T3.4-21200.wav,998
39.65742,30.596743,Mono_Continuous,TS9,C:\TCC\Reproduzir_artigo\data\GUITAR-FX\Mono_Continuous\Audio\TS9\G93-69605-TS9-D4.4T3.8-21209.wav,998
40.18964,29.857302,Mono_Continuous,TS9,C:\TCC\Reproduzir_artigo\data\GUITAR-FX\Mono_Continuous\Audio\TS9\G93-69605-TS9-D9.8T7.3-21209.wav,998
50.243202,25.92261,Mono_Continuous,TS9,C:\TCC\Reproduzir_artigo\data\GUITAR-FX\Mono_Continuous\Audio\TS9\G93-70511-TS9-D7.6T2-21202.wav,998
57.94331,32.75611,Mono_Continuous,TS9,C:\TCC\Reproduzir_artigo\data\GUITAR-FX\Mono_Continuous\Audio\TS9\G93-70606-TS9-D5.6T4.2-21210.wav,998
61.205868,54.883507,Mono_Continuous,TS9,C:\TCC\Reproduzir_artigo\data\GUITAR-FX\Mono_Continuous\Audio\TS9\G93-71607-TS9-D3.4T1.2-21211.wav,998
-72.99851,-8.071087,Mono_Continuous,VTB,C:\TCC\Reproduzir_artigo\data\GUITAR-FX\Mono_Continuous\Audio\VTB\G61-40100-VTB-F6.3-20593.wav,998
-79.30128,-12.891679,Mono_Continuous,VTB,C:\TCC\Reproduzir_artigo\data\GUITAR-FX\Mono_Continuous\Audio\VTB\G61-41101-VTB-F5.7-20594.wav,998
-79.897934,-11.73067,Mono_Continuous,VTB,C:\TCC\Reproduzir_artigo\data\GUITAR-FX\Mono_Continuous\Audio\VTB\G61-43103-VTB-F4.2-20596.wav,998
-65.4904,-8.766427,Mono_Continuous,VTB,C:\TCC\Reproduzir_artigo\data\GUITAR-FX\Mono_Continuous\Audio\VTB\G61-45200-VTB-F2.2-20606.wav,998
-64.005295,-9.329142,Mono_Continuous,VTB,C:\TCC\Reproduzir_artigo\data\GUITAR-FX\Mono_Continuous\Audio\VTB\G61-47107-VTB-F5.1-20600.wav,998
-59.618343,-7.430748,Mono_Continuous,VTB,C:\TCC\Reproduzir_artigo\data\GUITAR-FX\Mono_Continuous\Audio\VTB\G61-47202-VTB-F9.2-20608.wav,998
-47.52593,-23.313246,Mono_Continuous,VTB,C:\TCC\Reproduzir_artigo\data\GUITAR-FX\Mono_Continuous\Audio\VTB\G61-48108-VTB-F6-20601.wav,998
-47.155815,-24.47215,Mono_Continuous,VTB,C:\TCC\Reproduzir_artigo\data\GUITAR-FX\Mono_Continuous\Audio\VTB\G61-49109-VTB-F4.9-20602.wav,998
-46.906948,-24.721409,Mono_Continuous,VTB,C:\TCC\Reproduzir_artigo\data\GUITAR-FX\Mono_Continuous\Audio\VTB\G61-51111-VTB-F3.3-20604.wav,998
-28.174967,-21.075403,Mono_Continuous,VTB,C:\TCC\Reproduzir_artigo\data\GUITAR-FX\Mono_Continuous\Audio\VTB\G61-55210-VTB-F7.7-20616.wav,998
-26.35882,-21.65847,Mono_Continuous,VTB,C:\TCC\Reproduzir_artigo\data\GUITAR-FX\Mono_Continuous\Audio\VTB\G61-55305-VTB-F7.4-20624.wav,998
-24.983597,-30.853964,Mono_Continuous,VTB,C:\TCC\Reproduzir_artigo\data\GUITAR-FX\Mono_Continuous\Audio\VTB\G61-55305-VTB-F9.7-20624.wav,998
-27.47642,-21.30039,Mono_Continuous,VTB,C:\TCC\Reproduzir_artigo\data\GUITAR-FX\Mono_Continuous\Audio\VTB\G61-55400-VTB-F1.9-20632.wav,998
-19.053778,-21.395025,Mono_Continuous,VTB,C:\TCC\Reproduzir_artigo\data\GUITAR-FX\Mono_Continuous\Audio\VTB\G61-56211-VTB-F4.7-20617.wav,998
-0.0395195,-33.261654,Mono_Continuous,VTB,C:\TCC\Reproduzir_artigo\data\GUITAR-FX\Mono_Continuous\Audio\VTB\G61-58308-VTB-F8.5-20627.wav,998
2.5558968,-51.18518,Mono_Continuous,VTB,C:\TCC\Reproduzir_artigo\data\GUITAR-FX\Mono_Continuous\Audio\VTB\G61-58403-VTB-F9.9-20635.wav,998
-10.172237,-29.470493,Mono_Continuous,VTB,C:\TCC\Reproduzir_artigo\data\GUITAR-FX\Mono_Continuous\Audio\VTB\G61-59309-VTB-F4.8-20628.wav,998
-11.411903,-26.973057,Mono_Continuous,VTB,C:\TCC\Reproduzir_artigo\data\GUITAR-FX\Mono_Continuous\Audio\VTB\G61-60310-VTB-F1.3-20629.wav,998
12.500198,-50.49216,Mono_Continuous,VTB,C:\TCC\Reproduzir_artigo\data\GUITAR-FX\Mono_Continuous\Audio\VTB\G61-60501-VTB-F4-20646.wav,998
32.39927,-46.371082,Mono_Continuous,VTB,C:\TCC\Reproduzir_artigo\data\GUITAR-FX\Mono_Continuous\Audio\VTB\G61-61311-VTB-F5.3-20630.wav,998
28.845402,-22.841246,Mono_Continuous,VTB,C:\TCC\Reproduzir_artigo\data\GUITAR-FX\Mono_Continuous\Audio\VTB\G61-62407-VTB-F5.7-20639.wav,998
22.15957,-24.626127,Mono_Continuous,VTB,C:\TCC\Reproduzir_artigo\data\GUITAR-FX\Mono_Continuous\Audio\VTB\G61-62407-VTB-F9-20639.wav,998
49.63104,-36.20969,Mono_Continuous,VTB,C:\TCC\Reproduzir_artigo\data\GUITAR-FX\Mono_Continuous\Audio\VTB\G61-63504-VTB-F5.1-20649.wav,998
55.919537,-34.8338,Mono_Continuous,VTB,C:\TCC\Reproduzir_artigo\data\GUITAR-FX\Mono_Continuous\Audio\VTB\G61-64409-VTB-F1.3-20641.wav,998
52.75319,-34.839027,Mono_Continuous,VTB,C:\TCC\Reproduzir_artigo\data\GUITAR-FX\Mono_Continuous\Audio\VTB\G61-65506-VTB-F2.9-20651.wav,998
61.17829,8.561303,Mono_Continuous,VTB,C:\TCC\Reproduzir_artigo\data\GUITAR-FX\Mono_Continuous\Audio\VTB\G61-67412-VTB-F9.4-20644.wav,998
71.62344,22.274023,Mono_Continuous,VTB,C:\TCC\Reproduzir_artigo\data\GUITAR-FX\Mono_Continuous\Audio\VTB\G61-68509-VTB-F1.3-20654.wav,998
73.754524,13.922081,Mono_Continuous,VTB,C:\TCC\Reproduzir_artigo\data\GUITAR-FX\Mono_Continuous\Audio\VTB\G61-68509-VTB-F10-20654.wav,998
64.908844,37.226925,Mono_Continuous,VTB,C:\TCC\Reproduzir_artigo\data\GUITAR-FX\Mono_Continuous\Audio\VTB\G61-70606-VTB-F5.6-20664.wav,998
32.070477,59.842857,Mono_Continuous,VTB,C:\TCC\Reproduzir_artigo\data\GUITAR-FX\Mono_Continuous\Audio\VTB\G61-76612-VTB-F6.9-20670.wav,998
32.202778,59.774036,Mono_Continuous,VTB,C:\TCC\Reproduzir_artigo\data\GUITAR-FX\Mono_Continuous\Audio\VTB\G61-76612-VTB-F8.9-20670.wav,998
-75.68348,3.943539,Mono_Continuous,VTB,C:\TCC\Reproduzir_artigo\data\GUITAR-FX\Mono_Continuous\Audio\VTB\G63-42102-VTB-F2.1-20673.wav,998
-73.42856,1.2652721,Mono_Continuous,VTB,C:\TCC\Reproduzir_artigo\data\GUITAR-FX\Mono_Continuous\Audio\VTB\G63-44104-VTB-F9.3-20675.wav,998
-63.354515,-9.060426,Mono_Continuous,VTB,C:\TCC\Reproduzir_artigo\data\GUITAR-FX\Mono_Continuous\Audio\VTB\G63-46106-VTB-F8.1-20677.wav,998
-60.873962,-8.43178,Mono_Continuous,VTB,C:\TCC\Reproduzir_artigo\data\GUITAR-FX\Mono_Continuous\Audio\VTB\G63-46201-VTB-F5.4-20685.wav,998
-40.28887,-18.011631,Mono_Continuous,VTB,C:\TCC\Reproduzir_artigo\data\GUITAR-FX\Mono_Continuous\Audio\VTB\G63-50205-VTB-F4.9-20689.wav,998
-30.981546,-26.974953,Mono_Continuous,VTB,C:\TCC\Reproduzir_artigo\data\GUITAR-FX\Mono_Continuous\Audio\VTB\G63-51301-VTB-F7.7-20698.wav,998
-42.765053,-25.503464,Mono_Continuous,VTB,C:\TCC\Reproduzir_artigo\data\GUITAR-FX\Mono_Continuous\Audio\VTB\G63-52112-VTB-F3.6-20683.wav,998
-32.08635,-19.441458,Mono_Continuous,VTB,C:\TCC\Reproduzir_artigo\data\GUITAR-FX\Mono_Continuous\Audio\VTB\G63-52207-VTB-F8.6-20691.wav,998
-32.38584,-23.113316,Mono_Continuous,VTB,C:\TCC\Reproduzir_artigo\data\GUITAR-FX\Mono_Continuous\Audio\VTB\G63-53208-VTB-F4.4-20692.wav,998
-31.497185,-24.348234,Mono_Continuous,VTB,C:\TCC\Reproduzir_artigo\data\GUITAR-FX\Mono_Continuous\Audio\VTB\G63-53303-VTB-F1.3-20700.wav,998
-28.195621,-21.770086,Mono_Continuous,VTB,C:\TCC\Reproduzir_artigo\data\GUITAR-FX\Mono_Continuous\Audio\VTB\G63-55210-VTB-F4.6-20694.wav,998
-25.854094,-22.467262,Mono_Continuous,VTB,C:\TCC\Reproduzir_artigo\data\GUITAR-FX\Mono_Continuous\Audio\VTB\G63-55305-VTB-F7.5-20702.wav,998
-19.036762,-17.948189,Mono_Continuous,VTB,C:\TCC\Reproduzir_artigo\data\GUITAR-FX\Mono_Continuous\Audio\VTB\G63-56211-VTB-F9.4-20695.wav,998
-10.041791,-29.827625,Mono_Continuous,VTB,C:\TCC\Reproduzir_artigo\data\GUITAR-FX\Mono_Continuous\Audio\VTB\G63-59404-VTB-F5.1-20714.wav,998
11.170144,-47.608044,Mono_Continuous,VTB,C:\TCC\Reproduzir_artigo\data\GUITAR-FX\Mono_Continuous\Audio\VTB\G63-60501-VTB-F9.7-20724.wav,998
32.340813,-46.30264,Mono_Continuous,VTB,C:\TCC\Reproduzir_artigo\data\GUITAR-FX\Mono_Continuous\Audio\VTB\G63-61311-VTB-F4.4-20708.wav,998
34.452057,-44.36136,Mono_Continuous,VTB,C:\TCC\Reproduzir_artigo\data\GUITAR-FX\Mono_Continuous\Audio\VTB\G63-61406-VTB-F3.1-20716.wav,998
22.962185,-21.790133,Mono_Continuous,VTB,C:\TCC\Reproduzir_artigo\data\GUITAR-FX\Mono_Continuous\Audio\VTB\G63-62312-VTB-F4.4-20709.wav,998
50.927242,-31.344479,Mono_Continuous,VTB,C:\TCC\Reproduzir_artigo\data\GUITAR-FX\Mono_Continuous\Audio\VTB\G63-65410-VTB-F5.1-20720.wav,998
52.64762,-34.706654,Mono_Continuous,VTB,C:\TCC\Reproduzir_artigo\data\GUITAR-FX\Mono_Continuous\Audio\VTB\G63-65506-VTB-F1.5-20729.wav,998
66.76343,-25.328808,Mono_Continuous,VTB,C:\TCC\Reproduzir_artigo\data\GUITAR-FX\Mono_Continuous\Audio\VTB\G63-66411-VTB-F3.2-20721.wav,998
69.32874,-20.854345,Mono_Continuous,VTB,C:\TCC\Reproduzir_artigo\data\GUITAR-FX\Mono_Continuous\Audio\VTB\G63-66507-VTB-F8.2-20730.wav,998
70.5205,-18.462042,Mono_Continuous,VTB,C:\TCC\Reproduzir_artigo\data\GUITAR-FX\Mono_Continuous\Audio\VTB\G63-66602-VTB-F7.8-20738.wav,998
48.34124,3.7101018,Mono_Continuous,VTB,C:\TCC\Reproduzir_artigo\data\GUITAR-FX\Mono_Continuous\Audio\VTB\G63-67412-VTB-F6-20722.wav,998
62.717937,36.677578,Mono_Continuous,VTB,C:\TCC\Reproduzir_artigo\data\GUITAR-FX\Mono_Continuous\Audio\VTB\G63-70511-VTB-F6-20734.wav,998
62.76911,36.708187,Mono_Continuous,VTB,C:\TCC\Reproduzir_artigo\data\GUITAR-FX\Mono_Continuous\Audio\VTB\G63-70511-VTB-F7.7-20734.wav,998
67.63762,48.939625,Mono_Continuous,VTB,C:\TCC\Reproduzir_artigo\data\GUITAR-FX\Mono_Continuous\Audio\VTB\G63-71512-VTB-F9.1-20735.wav,998
68.602486,48.724968,Mono_Continuous,VTB,C:\TCC\Reproduzir_artigo\data\GUITAR-FX\Mono_Continuous\Audio\VTB\G63-71607-VTB-F9.6-20743.wav,998
38.567116,57.618725,Mono_Continuous,VTB,C:\TCC\Reproduzir_artigo\data\GUITAR-FX\Mono_Continuous\Audio\VTB\G63-74610-VTB-F6.8-20746.wav,998
38.60219,57.630836,Mono_Continuous,VTB,C:\TCC\Reproduzir_artigo\data\GUITAR-FX\Mono_Continuous\Audio\VTB\G63-74610-VTB-F7.5-20746.wav,998
31.588652,59.845005,Mono_Continuous,VTB,C:\TCC\Reproduzir_artigo\data\GUITAR-FX\Mono_Continuous\Audio\VTB\G63-76612-VTB-F3-20748.wav,998
-74.08581,5.0548,Mono_Continuous,VTB,C:\TCC\Reproduzir_artigo\data\GUITAR-FX\Mono_Continuous\Audio\VTB\G71-43103-VTB-F3-20752.wav,998
-74.1948,5.1069593,Mono_Continuous,VTB,C:\TCC\Reproduzir_artigo\data\GUITAR-FX\Mono_Continuous\Audio\VTB\G71-44104-VTB-F2.5-20753.wav,998
-61.016144,-4.5938625,Mono_Continuous,VTB,C:\TCC\Reproduzir_artigo\data\GUITAR-FX\Mono_Continuous\Audio\VTB\G71-45200-VTB-F8.3-20762.wav,998
-60.912296,-4.681396,Mono_Continuous,VTB,C:\TCC\Reproduzir_artigo\data\GUITAR-FX\Mono_Continuous\Audio\VTB\G71-45200-VTB-F9.3-20762.wav,998
-40.022217,-24.359127,Mono_Continuous,VTB,C:\TCC\Reproduzir_artigo\data\GUITAR-FX\Mono_Continuous\Audio\VTB\G71-51206-VTB-F5.4-20768.wav,998
-31.532625,-25.561747,Mono_Continuous,VTB,C:\TCC\Reproduzir_artigo\data\GUITAR-FX\Mono_Continuous\Audio\VTB\G71-53208-VTB-F3.5-20770.wav,998
-31.452517,-25.679384,Mono_Continuous,VTB,C:\TCC\Reproduzir_artigo\data\GUITAR-FX\Mono_Continuous\Audio\VTB\G71-53208-VTB-F7.8-20770.wav,998
-27.820883,-23.201248,Mono_Continuous,VTB,C:\TCC\Reproduzir_artigo\data\GUITAR-FX\Mono_Continuous\Audio\VTB\G71-54209-VTB-F3.5-20771.wav,998
-27.687824,-27.64132,Mono_Continuous,VTB,C:\TCC\Reproduzir_artigo\data\GUITAR-FX\Mono_Continuous\Audio\VTB\G71-54304-VTB-F6.3-20779.wav,998
-27.514761,-28.13984,Mono_Continuous,VTB,C:\TCC\Reproduzir_artigo\data\GUITAR-FX\Mono_Continuous\Audio\VTB\G71-54304-VTB-F9.5-20779.wav,998
-26.49855,-25.171082,Mono_Continuous,VTB,C:\TCC\Reproduzir_artigo\data\GUITAR-FX\Mono_Continuous\Audio\VTB\G71-55305-VTB-F6.9-20780.wav,998
-19.38206,-18.284182,Mono_Continuous,VTB,C:\TCC\Reproduzir_artigo\data\GUITAR-FX\Mono_Continuous\Audio\VTB\G71-56211-VTB-F9-20773.wav,998
1.3524,-33.671444,Mono_Continuous,VTB,C:\TCC\Reproduzir_artigo\data\GUITAR-FX\Mono_Continuous\Audio\VTB\G71-58308-VTB-F2.1-20783.wav,998
6.5784655,-50.880054,Mono_Continuous,VTB,C:\TCC\Reproduzir_artigo\data\GUITAR-FX\Mono_Continuous\Audio\VTB\G71-58403-VTB-F7.4-20791.wav,998
32.56193,-46.81779,Mono_Continuous,VTB,C:\TCC\Reproduzir_artigo\data\GUITAR-FX\Mono_Continuous\Audio\VTB\G71-61406-VTB-F7.9-20794.wav,998
47.912594,-36.11425,Mono_Continuous,VTB,C:\TCC\Reproduzir_artigo\data\GUITAR-FX\Mono_Continuous\Audio\VTB\G71-63408-VTB-F5.8-20796.wav,998
55.48252,-32.985203,Mono_Continuous,VTB,C:\TCC\Reproduzir_artigo\data\GUITAR-FX\Mono_Continuous\Audio\VTB\G71-64409-VTB-F4.6-20797.wav,998
61.234604,-17.655975,Mono_Continuous,VTB,C:\TCC\Reproduzir_artigo\data\GUITAR-FX\Mono_Continuous\Audio\VTB\G71-64505-VTB-F7.2-20806.wav,998
54.26325,-34.372524,Mono_Continuous,VTB,C:\TCC\Reproduzir_artigo\data\GUITAR-FX\Mono_Continuous\Audio\VTB\G71-65410-VTB-F5.7-20798.wav,998
72.29288,-19.019985,Mono_Continuous,VTB,C:\TCC\Reproduzir_artigo\data\GUITAR-FX\Mono_Continuous\Audio\VTB\G71-66602-VTB-F4-20816.wav,998
72.378624,-19.067421,Mono_Continuous,VTB,C:\TCC\Reproduzir_artigo\data\GUITAR-FX\Mono_Continuous\Audio\VTB\G71-66602-VTB-F6.6-20816.wav,998
70.96912,24.0315,Mono_Continuous,VTB,C:\TCC\Reproduzir_artigo\data\GUITAR-FX\Mono_Continuous\Audio\VTB\G71-68509-VTB-F3.5-20810.wav,998
71.195984,24.010117,Mono_Continuous,VTB,C:\TCC\Reproduzir_artigo\data\GUITAR-FX\Mono_Continuous\Audio\VTB\G71-68509-VTB-F7.5-20810.wav,998
67.73835,34.832138,Mono_Continuous,VTB,C:\TCC\Reproduzir_artigo\data\GUITAR-FX\Mono_Continuous\Audio\VTB\G71-69605-VTB-F7.2-20819.wav,998
65.47769,37.341118,Mono_Continuous,VTB,C:\TCC\Reproduzir_artigo\data\GUITAR-FX\Mono_Continuous\Audio\VTB\G71-70606-VTB-F3.8-20820.wav,998
66.59203,46.15442,Mono_Continuous,VTB,C:\TCC\Reproduzir_artigo\data\GUITAR-FX\Mono_Continuous\Audio\VTB\G71-71512-VTB-F6.8-20813.wav,998
67.13047,38.15314,Mono_Continuous,VTB,C:\TCC\Reproduzir_artigo\data\GUITAR-FX\Mono_Continuous\Audio\VTB\G71-72608-VTB-F3.6-20822.wav,998
37.89585,57.85045,Mono_Continuous,VTB,C:\TCC\Reproduzir_artigo\data\GUITAR-FX\Mono_Continuous\Audio\VTB\G71-74610-VTB-F2.3-20824.wav,998
31.728678,62.489998,Mono_Continuous,VTB,C:\TCC\Reproduzir_artigo\data\GUITAR-FX\Mono_Continuous\Audio\VTB\G71-76612-VTB-F1.8-20826.wav,998
-73.35151,5.0729623,Mono_Continuous,VTB,C:\TCC\Reproduzir_artigo\data\GUITAR-FX\Mono_Continuous\Audio\VTB\G73-41101-VTB-F3.5-20828.wav,998
-74.91886,1.5231018,Mono_Continuous,VTB,C:\TCC\Reproduzir_artigo\data\GUITAR-FX\Mono_Continuous\Audio\VTB\G73-42102-VTB-F7.3-20829.wav,998
-58.271976,-3.6697671,Mono_Continuous,VTB,C:\TCC\Reproduzir_artigo\data\GUITAR-FX\Mono_Continuous\Audio\VTB\G73-47202-VTB-F7.8-20842.wav,998
-41.017742,-25.039103,Mono_Continuous,VTB,C:\TCC\Reproduzir_artigo\data\GUITAR-FX\Mono_Continuous\Audio\VTB\G73-48108-VTB-F2.7-20835.wav,998
-52.44065,-15.81185,Mono_Continuous,VTB,C:\TCC\Reproduzir_artigo\data\GUITAR-FX\Mono_Continuous\Audio\VTB\G73-48108-VTB-F8.5-20835.wav,998
-51.71505,-16.658674,Mono_Continuous,VTB,C:\TCC\Reproduzir_artigo\data\GUITAR-FX\Mono_Continuous\Audio\VTB\G73-49109-VTB-F4.9-20836.wav,998
-57.722416,-4.2500267,Mono_Continuous,VTB,C:\TCC\Reproduzir_artigo\data\GUITAR-FX\Mono_Continuous\Audio\VTB\G73-49204-VTB-F1.6-20844.wav,998
-47.823986,-15.912399,Mono_Continuous,VTB,C:\TCC\Reproduzir_artigo\data\GUITAR-FX\Mono_Continuous\Audio\VTB\G73-50205-VTB-F8.7-20845.wav,998
-41.569466,-24.82348,Mono_Continuous,VTB,C:\TCC\Reproduzir_artigo\data\GUITAR-FX\Mono_Continuous\Audio\VTB\G73-51111-VTB-F1.2-20838.wav,998
-40.178974,-25.430119,Mono_Continuous,VTB,C:\TCC\Reproduzir_artigo\data\GUITAR-FX\Mono_Continuous\Audio\VTB\G73-51206-VTB-F4.8-20846.wav,998
-42.84604,-25.492064,Mono_Continuous,VTB,C:\TCC\Reproduzir_artigo\data\GUITAR-FX\Mono_Continuous\Audio\VTB\G73-52112-VTB-F1.1-20839.wav,998
-29.53644,-25.63149,Mono_Continuous,VTB,C:\TCC\Reproduzir_artigo\data\GUITAR-FX\Mono_Continuous\Audio\VTB\G73-52302-VTB-F1.9-20855.wav,998
-33.92191,-21.586178,Mono_Continuous,VTB,C:\TCC\Reproduzir_artigo\data\GUITAR-FX\Mono_Continuous\Audio\VTB\G73-53208-VTB-F5.5-20848.wav,998
-30.489822,-25.029066,Mono_Continuous,VTB,C:\TCC\Reproduzir_artigo\data\GUITAR-FX\Mono_Continuous\Audio\VTB\G73-53303-VTB-F1.5-20856.wav,998
-26.476435,-24.066626,Mono_Continuous,VTB,C:\TCC\Reproduzir_artigo\data\GUITAR-FX\Mono_Continuous\Audio\VTB\G73-55305-VTB-F1.5-20858.wav,998
-26.409813,-24.099735,Mono_Continuous,VTB,C:\TCC\Reproduzir_artigo\data\GUITAR-FX\Mono_Continuous\Audio\VTB\G73-55305-VTB-F2.7-20858.wav,998
-26.39912,-24.094025,Mono_Continuous,VTB,C:\TCC\Reproduzir_artigo\data\GUITAR-FX\Mono_Continuous\Audio\VTB\G73-55305-VTB-F2.9-20858.wav,998
-19.892569,-28.522463,Mono_Continuous,VTB,C:\TCC\Reproduzir_artigo\data\GUITAR-FX\Mono_Continuous\Audio\VTB\G73-55400-VTB-F2.6-20866.wav,998
-19.877167,-28.546362,Mono_Continuous,VTB,C:\TCC\Reproduzir_artigo\data\GUITAR-FX\Mono_Continuous\Audio\VTB\G73-55400-VTB-F4.6-20866.wav,998
-19.965935,-28.624958,Mono_Continuous,VTB,C:\TCC\Reproduzir_artigo\data\GUITAR-FX\Mono_Continuous\Audio\VTB\G73-55400-VTB-F7.2-20866.wav,998
5.7945833,-50.366367,Mono_Continuous,VTB,C:\TCC\Reproduzir_artigo\data\GUITAR-FX\Mono_Continuous\Audio\VTB\G73-58308-VTB-F8.8-20861.wav,998
5.442861,-50.447063,Mono_Continuous,VTB,C:\TCC\Reproduzir_artigo\data\GUITAR-FX\Mono_Continuous\Audio\VTB\G73-58403-VTB-F9.5-20869.wav,998
-10.423812,-29.870354,Mono_Continuous,VTB,C:\TCC\Reproduzir_artigo\data\GUITAR-FX\Mono_Continuous\Audio\VTB\G73-59309-VTB-F3.7-20862.wav,998
-8.170305,-31.693647,Mono_Continuous,VTB,C:\TCC\Reproduzir_artigo\data\GUITAR-FX\Mono_Continuous\Audio\VTB\G73-59404-VTB-F3.1-20870.wav,998
11.136991,-48.55128,Mono_Continuous,VTB,C:\TCC\Reproduzir_artigo\data\GUITAR-FX\Mono_Continuous\Audio\VTB\G73-60501-VTB-F9.3-20880.wav,998
20.088516,-46.98185,Mono_Continuous,VTB,C:\TCC\Reproduzir_artigo\data\GUITAR-FX\Mono_Continuous\Audio\VTB\G73-61502-VTB-F2.4-20881.wav,998
47.479206,-36.39212,Mono_Continuous,VTB,C:\TCC\Reproduzir_artigo\data\GUITAR-FX\Mono_Continuous\Audio\VTB\G73-63408-VTB-F8.8-20874.wav,998
52.682487,-34.24083,Mono_Continuous,VTB,C:\TCC\Reproduzir_artigo\data\GUITAR-FX\Mono_Continuous\Audio\VTB\G73-65506-VTB-F3.6-20885.wav,998
48.350212,-43.01649,Mono_Continuous,VTB,C:\TCC\Reproduzir_artigo\data\GUITAR-FX\Mono_Continuous\Audio\VTB\G73-65506-VTB-F9.9-20885.wav,998
55.58658,-25.220839,Mono_Continuous,VTB,C:\TCC\Reproduzir_artigo\data\GUITAR-FX\Mono_Continuous\Audio\VTB\G73-65601-VTB-F4.5-20893.wav,998
71.606926,23.20777,Mono_Continuous,VTB,C:\TCC\Reproduzir_artigo\data\GUITAR-FX\Mono_Continuous\Audio\VTB\G73-68509-VTB-F7.7-20888.wav,998
62.743877,37.519,Mono_Continuous,VTB,C:\TCC\Reproduzir_artigo\data\GUITAR-FX\Mono_Continuous\Audio\VTB\G73-70606-VTB-F4-20898.wav,998
67.80257,48.354618,Mono_Continuous,VTB,C:\TCC\Reproduzir_artigo\data\GUITAR-FX\Mono_Continuous\Audio\VTB\G73-71512-VTB-F9.6-20891.wav,998
-80.28638,-12.879897,Mono_Continuous,VTB,C:\TCC\Reproduzir_artigo\data\GUITAR-FX\Mono_Continuous\Audio\VTB\G81-42102-VTB-F5.1-20907.wav,998
-43.646877,-21.625463,Mono_Continuous,VTB,C:\TCC\Reproduzir_artigo\data\GUITAR-FX\Mono_Continuous\Audio\VTB\G81-48203-VTB-F4-20921.wav,998
-44.588856,-23.007763,Mono_Continuous,VTB,C:\TCC\Reproduzir_artigo\data\GUITAR-FX\Mono_Continuous\Audio\VTB\G81-49109-VTB-F4.5-20914.wav,998
-44.78192,-21.890596,Mono_Continuous,VTB,C:\TCC\Reproduzir_artigo\data\GUITAR-FX\Mono_Continuous\Audio\VTB\G81-49204-VTB-F2.4-20922.wav,998
-42.558475,-18.46665,Mono_Continuous,VTB,C:\TCC\Reproduzir_artigo\data\GUITAR-FX\Mono_Continuous\Audio\VTB\G81-50110-VTB-F7.5-20915.wav,998
-42.78789,-18.085878,Mono_Continuous,VTB,C:\TCC\Reproduzir_artigo\data\GUITAR-FX\Mono_Continuous\Audio\VTB\G81-50110-VTB-F8.6-20915.wav,998
-44.481297,-23.62679,Mono_Continuous,VTB,C:\TCC\Reproduzir_artigo\data\GUITAR-FX\Mono_Continuous\Audio\VTB\G81-51111-VTB-F2.7-20916.wav,998
-37.541317,-24.088697,Mono_Continuous,VTB,C:\TCC\Reproduzir_artigo\data\GUITAR-FX\Mono_Continuous\Audio\VTB\G81-51301-VTB-F8.4-20932.wav,998
-40.995533,-20.556757,Mono_Continuous,VTB,C:\TCC\Reproduzir_artigo\data\GUITAR-FX\Mono_Continuous\Audio\VTB\G81-52112-VTB-F7.9-20917.wav,998
-41.834457,-21.683783,Mono_Continuous,VTB,C:\TCC\Reproduzir_artigo\data\GUITAR-FX\Mono_Continuous\Audio\VTB\G81-52207-VTB-F3.4-20925.wav,998
-36.451473,-27.291178,Mono_Continuous,VTB,C:\TCC\Reproduzir_artigo\data\GUITAR-FX\Mono_Continuous\Audio\VTB\G81-52302-VTB-F9.7-20933.wav,998
-36.468216,-23.187294,Mono_Continuous,VTB,C:\TCC\Reproduzir_artigo\data\GUITAR-FX\Mono_Continuous\Audio\VTB\G81-54304-VTB-F1.3-20935.wav,998
-36.516964,-23.30482,Mono_Continuous,VTB,C:\TCC\Reproduzir_artigo\data\GUITAR-FX\Mono_Continuous\Audio\VTB\G81-54304-VTB-F5.9-20935.wav,998
-29.31983,-22.20701,Mono_Continuous,VTB,C:\TCC\Reproduzir_artigo\data\GUITAR-FX\Mono_Continuous\Audio\VTB\G81-55210-VTB-F6.5-20928.wav,998
-6.1537395,1.4442155,Mono_Continuous,VTB,C:\TCC\Reproduzir_artigo\data\GUITAR-FX\Mono_Continuous\Audio\VTB\G81-56211-VTB-F2.5-20929.wav,998
-9.535455,-27.766006,Mono_Continuous,VTB,C:\TCC\Reproduzir_artigo\data\GUITAR-FX\Mono_Continuous\Audio\VTB\G81-59309-VTB-F8.2-20940.wav,998
34.104893,-45.434113,Mono_Continuous,VTB,C:\TCC\Reproduzir_artigo\data\GUITAR-FX\Mono_Continuous\Audio\VTB\G81-61311-VTB-F8.6-20942.wav,998
49.477695,-37.319588,Mono_Continuous,VTB,C:\TCC\Reproduzir_artigo\data\GUITAR-FX\Mono_Continuous\Audio\VTB\G81-62503-VTB-F7.7-20960.wav,998
60.26161,-35.057056,Mono_Continuous,VTB,C:\TCC\Reproduzir_artigo\data\GUITAR-FX\Mono_Continuous\Audio\VTB\G81-64409-VTB-F4.3-20953.wav,998
48.238388,-42.693783,Mono_Continuous,VTB,C:\TCC\Reproduzir_artigo\data\GUITAR-FX\Mono_Continuous\Audio\VTB\G81-65601-VTB-F8.5-20971.wav,998
57.03407,-36.446148,Mono_Continuous,VTB,C:\TCC\Reproduzir_artigo\data\GUITAR-FX\Mono_Continuous\Audio\VTB\G81-66507-VTB-F5.8-20964.wav,998
71.417625,-18.950235,Mono_Continuous,VTB,C:\TCC\Reproduzir_artigo\data\GUITAR-FX\Mono_Continuous\Audio\VTB\G81-66602-VTB-F1.1-20972.wav,998
66.57622,40.7986,Mono_Continuous,VTB,C:\TCC\Reproduzir_artigo\data\GUITAR-FX\Mono_Continuous\Audio\VTB\G81-72608-VTB-F3.1-20978.wav,998
51.287148,47.07974,Mono_Continuous,VTB,C:\TCC\Reproduzir_artigo\data\GUITAR-FX\Mono_Continuous\Audio\VTB\G81-75611-VTB-F4.9-20981.wav,998
-57.1729,-12.062424,Mono_Continuous,VTB,C:\TCC\Reproduzir_artigo\data\GUITAR-FX\Mono_Continuous\Audio\VTB\G83-46106-VTB-F5.7-20989.wav,998
-57.253487,-11.645102,Mono_Continuous,VTB,C:\TCC\Reproduzir_artigo\data\GUITAR-FX\Mono_Continuous\Audio\VTB\G83-46106-VTB-F8-20989.wav,998
-57.197083,-11.569406,Mono_Continuous,VTB,C:\TCC\Reproduzir_artigo\data\GUITAR-FX\Mono_Continuous\Audio\VTB\G83-46106-VTB-F8.2-20989.wav,998
-46.272865,-19.942924,Mono_Continuous,VTB,C:\TCC\Reproduzir_artigo\data\GUITAR-FX\Mono_Continuous\Audio\VTB\G83-47202-VTB-F3.2-20998.wav,998
-46.555096,-22.209631,Mono_Continuous,VTB,C:\TCC\Reproduzir_artigo\data\GUITAR-FX\Mono_Continuous\Audio\VTB\G83-48108-VTB-F5.4-20991.wav,998
-44.598415,-22.497965,Mono_Continuous,VTB,C:\TCC\Reproduzir_artigo\data\GUITAR-FX\Mono_Continuous\Audio\VTB\G83-49109-VTB-F1.4-20992.wav,998
-40.794537,-18.735065,Mono_Continuous,VTB,C:\TCC\Reproduzir_artigo\data\GUITAR-FX\Mono_Continuous\Audio\VTB\G83-50110-VTB-F7.9-20993.wav,998
-45.993668,-15.297449,Mono_Continuous,VTB,C:\TCC\Reproduzir_artigo\data\GUITAR-FX\Mono_Continuous\Audio\VTB\G83-50300-VTB-F6.2-21009.wav,998
-39.588512,-22.462374,Mono_Continuous,VTB,C:\TCC\Reproduzir_artigo\data\GUITAR-FX\Mono_Continuous\Audio\VTB\G83-51206-VTB-F2.3-21002.wav,998
-39.51159,-22.471128,Mono_Continuous,VTB,C:\TCC\Reproduzir_artigo\data\GUITAR-FX\Mono_Continuous\Audio\VTB\G83-51206-VTB-F4.3-21002.wav,998
-33.157955,-23.093817,Mono_Continuous,VTB,C:\TCC\Reproduzir_artigo\data\GUITAR-FX\Mono_Continuous\Audio\VTB\G83-53208-VTB-F5-21004.wav,998
-38.545345,-21.589506,Mono_Continuous,VTB,C:\TCC\Reproduzir_artigo\data\GUITAR-FX\Mono_Continuous\Audio\VTB\G83-54209-VTB-F4.8-21005.wav,998
-28.979204,-16.540207,Mono_Continuous,VTB,C:\TCC\Reproduzir_artigo\data\GUITAR-FX\Mono_Continuous\Audio\VTB\G83-54209-VTB-F8.8-21005.wav,998
-35.2209,-23.767242,Mono_Continuous,VTB,C:\TCC\Reproduzir_artigo\data\GUITAR-FX\Mono_Continuous\Audio\VTB\G83-54304-VTB-F2-21013.wav,998
-25.880117,-21.63312,Mono_Continuous,VTB,C:\TCC\Reproduzir_artigo\data\GUITAR-FX\Mono_Continuous\Audio\VTB\G83-55210-VTB-F6.9-21006.wav,998
-21.627232,-26.838854,Mono_Continuous,VTB,C:\TCC\Reproduzir_artigo\data\GUITAR-FX\Mono_Continuous\Audio\VTB\G83-55400-VTB-F5.3-21022.wav,998
-24.29974,-35.982727,Mono_Continuous,VTB,C:\TCC\Reproduzir_artigo\data\GUITAR-FX\Mono_Continuous\Audio\VTB\G83-56306-VTB-F9.9-21015.wav,998
-4.4691186,-31.852737,Mono_Continuous,VTB,C:\TCC\Reproduzir_artigo\data\GUITAR-FX\Mono_Continuous\Audio\VTB\G83-56401-VTB-F1.8-21023.wav,998
-11.960818,-24.51755,Mono_Continuous,VTB,C:\TCC\Reproduzir_artigo\data\GUITAR-FX\Mono_Continuous\Audio\VTB\G83-57212-VTB-F5-21008.wav,998
-10.514535,-23.595903,Mono_Continuous,VTB,C:\TCC\Reproduzir_artigo\data\GUITAR-FX\Mono_Continuous\Audio\VTB\G83-57307-VTB-F9-21016.wav,998
-3.2311156,-32.701996,Mono_Continuous,VTB,C:\TCC\Reproduzir_artigo\data\GUITAR-FX\Mono_Continuous\Audio\VTB\G83-58403-VTB-F1.4-21025.wav,998
-3.192511,-32.725414,Mono_Continuous,VTB,C:\TCC\Reproduzir_artigo\data\GUITAR-FX\Mono_Continuous\Audio\VTB\G83-58403-VTB-F6.1-21025.wav,998
-9.924301,-37.55522,Mono_Continuous,VTB,C:\TCC\Reproduzir_artigo\data\GUITAR-FX\Mono_Continuous\Audio\VTB\G83-60405-VTB-F9.8-21027.wav,998
13.429793,-51.68036,Mono_Continuous,VTB,C:\TCC\Reproduzir_artigo\data\GUITAR-FX\Mono_Continuous\Audio\VTB\G83-60501-VTB-F1.8-21036.wav,998
37.336483,-44.932793,Mono_Continuous,VTB,C:\TCC\Reproduzir_artigo\data\GUITAR-FX\Mono_Continuous\Audio\VTB\G83-61406-VTB-F8.4-21028.wav,998
39.03181,-27.951563,Mono_Continuous,VTB,C:\TCC\Reproduzir_artigo\data\GUITAR-FX\Mono_Continuous\Audio\VTB\G83-63504-VTB-F3.9-21039.wav,998
62.48531,-16.907078,Mono_Continuous,VTB,C:\TCC\Reproduzir_artigo\data\GUITAR-FX\Mono_Continuous\Audio\VTB\G83-64600-VTB-F6.7-21048.wav,998
63.505997,-34.0678,Mono_Continuous,VTB,C:\TCC\Reproduzir_artigo\data\GUITAR-FX\Mono_Continuous\Audio\VTB\G83-66411-VTB-F1.2-21033.wav,998
49.02401,-43.499546,Mono_Continuous,VTB,C:\TCC\Reproduzir_artigo\data\GUITAR-FX\Mono_Continuous\Audio\VTB\G83-66602-VTB-F9.8-21050.wav,998
61.900715,37.762722,Mono_Continuous,VTB,C:\TCC\Reproduzir_artigo\data\GUITAR-FX\Mono_Continuous\Audio\VTB\G83-70606-VTB-F2.4-21054.wav,998
48.59645,42.835064,Mono_Continuous,VTB,C:\TCC\Reproduzir_artigo\data\GUITAR-FX\Mono_Continuous\Audio\VTB\G83-72608-VTB-F2-21056.wav,998
-70.92547,14.412749,Mono_Continuous,VTB,C:\TCC\Reproduzir_artigo\data\GUITAR-FX\Mono_Continuous\Audio\VTB\G91-42102-VTB-F3.8-21063.wav,998
-44.519814,-20.402845,Mono_Continuous,VTB,C:\TCC\Reproduzir_artigo\data\GUITAR-FX\Mono_Continuous\Audio\VTB\G91-44104-VTB-F5.9-21065.wav,998
-59.17485,-9.638457,Mono_Continuous,VTB,C:\TCC\Reproduzir_artigo\data\GUITAR-FX\Mono_Continuous\Audio\VTB\G91-44104-VTB-F9.4-21065.wav,998
-58.354195,-7.8301225,Mono_Continuous,VTB,C:\TCC\Reproduzir_artigo\data\GUITAR-FX\Mono_Continuous\Audio\VTB\G91-46106-VTB-F9.3-21067.wav,998
-47.886505,-19.478333,Mono_Continuous,VTB,C:\TCC\Reproduzir_artigo\data\GUITAR-FX\Mono_Continuous\Audio\VTB\G91-46201-VTB-F4.4-21075.wav,998
-45.83288,-19.630136,Mono_Continuous,VTB,C:\TCC\Reproduzir_artigo\data\GUITAR-FX\Mono_Continuous\Audio\VTB\G91-47107-VTB-F6.6-21068.wav,998
-46.13919,-19.878029,Mono_Continuous,VTB,C:\TCC\Reproduzir_artigo\data\GUITAR-FX\Mono_Continuous\Audio\VTB\G91-47202-VTB-F3.9-21076.wav,998
-44.346664,-21.665932,Mono_Continuous,VTB,C:\TCC\Reproduzir_artigo\data\GUITAR-FX\Mono_Continuous\Audio\VTB\G91-48108-VTB-F3.3-21069.wav,998
-43.942444,-20.285635,Mono_Continuous,VTB,C:\TCC\Reproduzir_artigo\data\GUITAR-FX\Mono_Continuous\Audio\VTB\G91-50110-VTB-F1.9-21071.wav,998
-40.5049,-20.779675,Mono_Continuous,VTB,C:\TCC\Reproduzir_artigo\data\GUITAR-FX\Mono_Continuous\Audio\VTB\G91-52112-VTB-F7.5-21073.wav,998
-41.479954,-22.373346,Mono_Continuous,VTB,C:\TCC\Reproduzir_artigo\data\GUITAR-FX\Mono_Continuous\Audio\VTB\G91-52207-VTB-F2.5-21081.wav,998
-36.823994,-25.678417,Mono_Continuous,VTB,C:\TCC\Reproduzir_artigo\data\GUITAR-FX\Mono_Continuous\Audio\VTB\G91-52302-VTB-F2.6-21089.wav,998
-36.519527,-26.944286,Mono_Continuous,VTB,C:\TCC\Reproduzir_artigo\data\GUITAR-FX\Mono_Continuous\Audio\VTB\G91-52302-VTB-F9-21089.wav,998
-34.740917,-24.954609,Mono_Continuous,VTB,C:\TCC\Reproduzir_artigo\data\GUITAR-FX\Mono_Continuous\Audio\VTB\G91-53303-VTB-F6.6-21090.wav,998
-22.10398,-27.752043,Mono_Continuous,VTB,C:\TCC\Reproduzir_artigo\data\GUITAR-FX\Mono_Continuous\Audio\VTB\G91-55400-VTB-F5.5-21100.wav,998
-14.839387,-30.178143,Mono_Continuous,VTB,C:\TCC\Reproduzir_artigo\data\GUITAR-FX\Mono_Continuous\Audio\VTB\G91-57402-VTB-F7.9-21102.wav,998
-4.4627666,-32.512238,Mono_Continuous,VTB,C:\TCC\Reproduzir_artigo\data\GUITAR-FX\Mono_Continuous\Audio\VTB\G91-59404-VTB-F3.8-21104.wav,998
9.628956,-53.4523,Mono_Continuous,VTB,C:\TCC\Reproduzir_artigo\data\GUITAR-FX\Mono_Continuous\Audio\VTB\G91-59500-VTB-F7.9-21113.wav,998
11.462564,-49.984726,Mono_Continuous,VTB,C:\TCC\Reproduzir_artigo\data\GUITAR-FX\Mono_Continuous\Audio\VTB\G91-60501-VTB-F9.1-21114.wav,998
-4.1602116,-33.317413,Mono_Continuous,VTB,C:\TCC\Reproduzir_artigo\data\GUITAR-FX\Mono_Continuous\Audio\VTB\G91-62407-VTB-F4.7-21107.wav,998
45.878532,-38.838963,Mono_Continuous,VTB,C:\TCC\Reproduzir_artigo\data\GUITAR-FX\Mono_Continuous\Audio\VTB\G91-63408-VTB-F9.8-21108.wav,998
50.281715,-36.02745,Mono_Continuous,VTB,C:\TCC\Reproduzir_artigo\data\GUITAR-FX\Mono_Continuous\Audio\VTB\G91-63504-VTB-F2.6-21117.wav,998
59.336548,-35.030315,Mono_Continuous,VTB,C:\TCC\Reproduzir_artigo\data\GUITAR-FX\Mono_Continuous\Audio\VTB\G91-64409-VTB-F4.2-21109.wav,998
53.68133,-33.31111,Mono_Continuous,VTB,C:\TCC\Reproduzir_artigo\data\GUITAR-FX\Mono_Continuous\Audio\VTB\G91-65506-VTB-F5.2-21119.wav,998
53.65246,-33.133175,Mono_Continuous,VTB,C:\TCC\Reproduzir_artigo\data\GUITAR-FX\Mono_Continuous\Audio\VTB\G91-65506-VTB-F7.7-21119.wav,998
58.093895,-36.85449,Mono_Continuous,VTB,C:\TCC\Reproduzir_artigo\data\GUITAR-FX\Mono_Continuous\Audio\VTB\G91-66411-VTB-F6.6-21111.wav,998
56.538635,-36.632618,Mono_Continuous,VTB,C:\TCC\Reproduzir_artigo\data\GUITAR-FX\Mono_Continuous\Audio\VTB\G91-66507-VTB-F2.6-21120.wav,998
59.308884,-37.437195,Mono_Continuous,VTB,C:\TCC\Reproduzir_artigo\data\GUITAR-FX\Mono_Continuous\Audio\VTB\G91-67412-VTB-F5-21112.wav,998
60.289875,11.500754,Mono_Continuous,VTB,C:\TCC\Reproduzir_artigo\data\GUITAR-FX\Mono_Continuous\Audio\VTB\G91-67603-VTB-F8.5-21129.wav,998
73.426254,25.323391,Mono_Continuous,VTB,C:\TCC\Reproduzir_artigo\data\GUITAR-FX\Mono_Continuous\Audio\VTB\G91-68604-VTB-F6-21130.wav,998
64.751945,39.766193,Mono_Continuous,VTB,C:\TCC\Reproduzir_artigo\data\GUITAR-FX\Mono_Continuous\Audio\VTB\G91-69510-VTB-F2.4-21123.wav,998
68.05008,34.437588,Mono_Continuous,VTB,C:\TCC\Reproduzir_artigo\data\GUITAR-FX\Mono_Continuous\Audio\VTB\G91-69605-VTB-F9-21131.wav,998
64.04102,35.453915,Mono_Continuous,VTB,C:\TCC\Reproduzir_artigo\data\GUITAR-FX\Mono_Continuous\Audio\VTB\G91-70511-VTB-F7.2-21124.wav,998
64.60329,36.695683,Mono_Continuous,VTB,C:\TCC\Reproduzir_artigo\data\GUITAR-FX\Mono_Continuous\Audio\VTB\G91-70606-VTB-F2.1-21132.wav,998
66.27095,44.74341,Mono_Continuous,VTB,C:\TCC\Reproduzir_artigo\data\GUITAR-FX\Mono_Continuous\Audio\VTB\G91-71512-VTB-F1.8-21125.wav,998
66.95795,41.027348,Mono_Continuous,VTB,C:\TCC\Reproduzir_artigo\data\GUITAR-FX\Mono_Continuous\Audio\VTB\G91-72608-VTB-F7.4-21134.wav,998
-52.80196,-11.585475,Mono_Continuous,VTB,C:\TCC\Reproduzir_artigo\data\GUITAR-FX\Mono_Continuous\Audio\VTB\G93-43103-VTB-F8.4-21142.wav,998
-53.712875,-6.985638,Mono_Continuous,VTB,C:\TCC\Reproduzir_artigo\data\GUITAR-FX\Mono_Continuous\Audio\VTB\G93-45200-VTB-F9.8-21152.wav,998
-47.697643,-19.547155,Mono_Continuous,VTB,C:\TCC\Reproduzir_artigo\data\GUITAR-FX\Mono_Continuous\Audio\VTB\G93-46106-VTB-F1.4-21145.wav,998
-37.837048,-24.467125,Mono_Continuous,VTB,C:\TCC\Reproduzir_artigo\data\GUITAR-FX\Mono_Continuous\Audio\VTB\G93-48203-VTB-F5.4-21155.wav,998
-34.0939,-22.941343,Mono_Continuous,VTB,C:\TCC\Reproduzir_artigo\data\GUITAR-FX\Mono_Continuous\Audio\VTB\G93-53208-VTB-F4.2-21160.wav,998
-33.775337,-25.252073,Mono_Continuous,VTB,C:\TCC\Reproduzir_artigo\data\GUITAR-FX\Mono_Continuous\Audio\VTB\G93-53303-VTB-F3.2-21168.wav,998
-33.74651,-25.220438,Mono_Continuous,VTB,C:\TCC\Reproduzir_artigo\data\GUITAR-FX\Mono_Continuous\Audio\VTB\G93-53303-VTB-F3.8-21168.wav,998
-29.502876,-22.983603,Mono_Continuous,VTB,C:\TCC\Reproduzir_artigo\data\GUITAR-FX\Mono_Continuous\Audio\VTB\G93-55305-VTB-F1.4-21170.wav,998
-26.8163,-22.457157,Mono_Continuous,VTB,C:\TCC\Reproduzir_artigo\data\GUITAR-FX\Mono_Continuous\Audio\VTB\G93-55305-VTB-F9.1-21170.wav,998
-21.80576,-27.415384,Mono_Continuous,VTB,C:\TCC\Reproduzir_artigo\data\GUITAR-FX\Mono_Continuous\Audio\VTB\G93-55400-VTB-F1.2-21178.wav,998
-4.196144,-29.453186,Mono_Continuous,VTB,C:\TCC\Reproduzir_artigo\data\GUITAR-FX\Mono_Continuous\Audio\VTB\G93-56211-VTB-F7.5-21163.wav,998
-14.327099,-24.79604,Mono_Continuous,VTB,C:\TCC\Reproduzir_artigo\data\GUITAR-FX\Mono_Continuous\Audio\VTB\G93-56306-VTB-F2-21171.wav,998
9.917517,-3.1563041,Mono_Continuous,VTB,C:\TCC\Reproduzir_artigo\data\GUITAR-FX\Mono_Continuous\Audio\VTB\G93-57212-VTB-F1.3-21164.wav,998
-13.697964,-24.999575,Mono_Continuous,VTB,C:\TCC\Reproduzir_artigo\data\GUITAR-FX\Mono_Continuous\Audio\VTB\G93-57307-VTB-F3.6-21172.wav,998
-2.5018523,-34.07388,Mono_Continuous,VTB,C:\TCC\Reproduzir_artigo\data\GUITAR-FX\Mono_Continuous\Audio\VTB\G93-58308-VTB-F5.9-21173.wav,998
10.1273365,-54.361725,Mono_Continuous,VTB,C:\TCC\Reproduzir_artigo\data\GUITAR-FX\Mono_Continuous\Audio\VTB\G93-59500-VTB-F2.7-21191.wav,998
10.091576,-54.30993,Mono_Continuous,VTB,C:\TCC\Reproduzir_artigo\data\GUITAR-FX\Mono_Continuous\Audio\VTB\G93-59500-VTB-F4.8-21191.wav,998
12.88975,-50.808983,Mono_Continuous,VTB,C:\TCC\Reproduzir_artigo\data\GUITAR-FX\Mono_Continuous\Audio\VTB\G93-60310-VTB-F4.6-21175.wav,998
38.209446,-44.558754,Mono_Continuous,VTB,C:\TCC\Reproduzir_artigo\data\GUITAR-FX\Mono_Continuous\Audio\VTB\G93-61406-VTB-F3-21184.wav,998
12.439642,-54.424057,Mono_Continuous,VTB,C:\TCC\Reproduzir_artigo\data\GUITAR-FX\Mono_Continuous\Audio\VTB\G93-61502-VTB-F3.1-21193.wav,998
12.437929,-54.423443,Mono_Continuous,VTB,C:\TCC\Reproduzir_artigo\data\GUITAR-FX\Mono_Continuous\Audio\VTB\G93-61502-VTB-F3.2-21193.wav,998
12.413442,-54.425343,Mono_Continuous,VTB,C:\TCC\Reproduzir_artigo\data\GUITAR-FX\Mono_Continuous\Audio\VTB\G93-61502-VTB-F4.8-21193.wav,998
52.21866,-38.288673,Mono_Continuous,VTB,C:\TCC\Reproduzir_artigo\data\GUITAR-FX\Mono_Continuous\Audio\VTB\G93-62503-VTB-F1.2-21194.wav,998
62.19635,-31.552565,Mono_Continuous,VTB,C:\TCC\Reproduzir_artigo\data\GUITAR-FX\Mono_Continuous\Audio\VTB\G93-64409-VTB-F8.3-21187.wav,998
58.538033,-33.955673,Mono_Continuous,VTB,C:\TCC\Reproduzir_artigo\data\GUITAR-FX\Mono_Continuous\Audio\VTB\G93-64505-VTB-F4.2-21196.wav,998
64.10769,-31.101234,Mono_Continuous,VTB,C:\TCC\Reproduzir_artigo\data\GUITAR-FX\Mono_Continuous\Audio\VTB\G93-66411-VTB-F7.5-21189.wav,998
53.42879,5.4180145,Mono_Continuous,VTB,C:\TCC\Reproduzir_artigo\data\GUITAR-FX\Mono_Continuous\Audio\VTB\G93-67508-VTB-F8.9-21199.wav,998
63.164047,39.779327,Mono_Continuous,VTB,C:\TCC\Reproduzir_artigo\data\GUITAR-FX\Mono_Continuous\Audio\VTB\G93-70511-VTB-F1.1-21202.wav,998
65.752,46.869595,Mono_Continuous,VTB,C:\TCC\Reproduzir_artigo\data\GUITAR-FX\Mono_Continuous\Audio\VTB\G93-71512-VTB-F4-21203.wav,998
67.719315,45.105534,Mono_Continuous,VTB,C:\TCC\Reproduzir_artigo\data\GUITAR-FX\Mono_Continuous\Audio\VTB\G93-71607-VTB-F2.2-21211.wav,998
67.73203,45.11301,Mono_Continuous,VTB,C:\TCC\Reproduzir_artigo\data\GUITAR-FX\Mono_Continuous\Audio\VTB\G93-71607-VTB-F2.7-21211.wav,998
66.248924,40.60049,Mono_Continuous,VTB,C:\TCC\Reproduzir_artigo\data\GUITAR-FX\Mono_Continuous\Audio\VTB\G93-72608-VTB-F2.8-21212.wav,998
63.454525,41.591164,Mono_Continuous,VTB,C:\TCC\Reproduzir_artigo\data\GUITAR-FX\Mono_Continuous\Audio\VTB\G93-74610-VTB-F6.1-21214.wav,998
63.477478,41.598785,Mono_Continuous,VTB,C:\TCC\Reproduzir_artigo\data\GUITAR-FX\Mono_Continuous\Audio\VTB\G93-74610-VTB-F7.6-21214.wav,998
51.833176,47.696213,Mono_Continuous,VTB,C:\TCC\Reproduzir_artigo\data\GUITAR-FX\Mono_Continuous\Audio\VTB\G93-75611-VTB-F9.6-21215.wav,998
